"model","ablation_group","compound_id","CAS.No","Compound","observed","mu","residual","abs_error"
"selected_model","none","100-02-7","100-02-7","p-nitrophenol; 4-nitrophenol",-2.25,-2.15637977246728,-0.0936202275327211,0.0936202275327211
"selected_model","none","100-39-0","100-39-0","benzyl bromide",-1.54511979359646,-1.42764738293859,-0.117472410657872,0.117472410657872
"selected_model","none","100-39-0","100-39-0","benzyl bromide",-1.89202735976865,-1.42764738293859,-0.464379976830062,0.464379976830062
"selected_model","none","100-51-6","100-51-6","benzyl alcohol",-2.22205999132796,-2.1805029410248,-0.0415570503031635,0.0415570503031635
"selected_model","none","1002-62-6","1002-62-6","sodium caprate; decanoic acid soap (c10:0)",-2.95233580539844,-2.32127260648657,-0.631063198911867,0.631063198911867
"selected_model","none","103-11-7","103-11-7","2-ethylhexyl acrylate",-2.11289007326765,-1.33224015553996,-0.780649917727685,0.780649917727685
"selected_model","none","103-11-7","103-11-7","2-ethylhexyl acrylate",-1.82434537155519,-1.33224015553996,-0.492105216015225,0.492105216015225
"selected_model","none","104-54-1","104-54-1","cinnamyl alcohol",-1.54329916349423,-1.69269300077371,0.149393837279476,0.149393837279476
"selected_model","none","104-54-1","104-54-1","cinnamyl alcohol",-1.47890341621095,-1.69269300077371,0.213789584562756,0.213789584562756
"selected_model","none","104-85-8","104-85-8","p-tolunitrile",-1.34336049829281,-1.57289532091324,0.229534822620429,0.229534822620429
"selected_model","none","104-85-8","104-85-8","p-tolunitrile",-1.51076062352006,-1.57289532091324,0.0621346973931793,0.0621346973931793
"selected_model","none","10521-91-2","10521-91-2","5-phenylpentanol",-0.94692155651658,-1.3671031305649,0.42018157404832,0.42018157404832
"selected_model","none","106-24-1","106-24-1","geraniol",-0.986619380204979,-1.16374621074364,0.177126830538657,0.177126830538657
"selected_model","none","106-24-1","106-24-1","geraniol",-1.01401437058883,-1.16374621074364,0.149731840154806,0.149731840154806
"selected_model","none","106-41-3","106-41-3","p-bromophenol",-1.43951925261862,-1.94582252918194,0.506303276563322,0.506303276563322
"selected_model","none","106-44-5","106-44-5","p-cresol",-0.920818753952375,-1.67517712165152,0.754358367699142,0.754358367699142
"selected_model","none","106-44-5","106-44-5","p-cresol",-1.74875360095283,-1.89823708228052,0.149483481327689,0.149483481327689
"selected_model","none","106-48-9","106-48-9","p-chlorophenol",-1.44875360095283,-1.83347363836078,0.384720037407954,0.384720037407954
"selected_model","none","106-50-3","106-50-3","p-phenylenediamine",-3.61978875828839,-2.80542225505943,-0.81436650322896,0.81436650322896
"selected_model","none","108-39-4","108-39-4","m-cresol",-1.81172783601759,-1.8732003517278,0.061472515710205,0.061472515710205
"selected_model","none","108-46-3","108-46-3","resorcinol",-2.42023266087399,-2.73057015665995,0.310337495785956,0.310337495785956
"selected_model","none","108-46-3","108-46-3","resorcinol",-2.35642808060813,-2.73057015665995,0.374142076051816,0.374142076051816
"selected_model","none","108-46-3","108-46-3","resorcinol",-3.07,-2.64960765777654,-0.420392342223458,0.420392342223458
"selected_model","none","108-46-3","108-46-3","resorcinol; 1,3-benzenediol",-3.62291335664286,-2.85753272577599,-0.765380630866873,0.765380630866873
"selected_model","none","108-73-6","108-73-6","phloroglucinol",-2.51,-2.92799465198569,0.417994651985686,0.417994651985686
"selected_model","none","108-88-3","108-88-3","toluene",-0.0809219076239261,-1.22798306640332,1.1470611587794,1.1470611587794
"selected_model","none","108-95-2","108-95-2","phenol",-2.03,-1.95208161568471,-0.0779183843152877,0.0779183843152877
"selected_model","none","108-95-2","108-95-2","phenol",-2.08907809237607,-2.12327056985495,0.0341924774788787,0.0341924774788787
"selected_model","none","108-95-2","108-95-2","phenol",-1.70996538863748,-1.94618451065644,0.236219122018957,0.236219122018957
"selected_model","none","108-95-2","108-95-2","phenol",-3.82792274303052,-2.17884604833462,-1.6490766946959,1.6490766946959
"selected_model","none","110-80-5","110-80-5","2-ethoxy ethanol",-3.60205999132796,-2.93477164940437,-0.667288341923594,0.667288341923594
"selected_model","none","111-27-3","111-27-3","hexanol",-1.49485002168009,-1.4973875559039,0.00253753422381053,0.00253753422381053
"selected_model","none","111-27-3","111-27-3","hexanol",-1.88605664769316,-1.72619518309639,-0.159861464596768,0.159861464596768
"selected_model","none","111-27-3","111-27-3","n-hexanol",-1.88605664769316,-1.4784734796698,-0.40758316802336,0.40758316802336
"selected_model","none","111-76-2","111-76-2","butoxyethanol",-2.25698018593163,-2.44907006128278,0.19208987535115,0.19208987535115
"selected_model","none","111-87-5","111-87-5","n-octanol",-1.2839966563652,-1.12422340341303,-0.159773252952166,0.159773252952166
"selected_model","none","111-87-5","111-87-5","octanol",-1.0301183562535,-1.12282631321861,0.0927079569651057,0.0927079569651057
"selected_model","none","111-87-5","111-87-5","octanol",-1.15490195998574,-1.3380956802691,0.183193720283361,0.183193720283361
"selected_model","none","111-87-5","111-87-5","octanol",-1.2839966563652,-1.38170696138899,0.097710305023788,0.097710305023788
"selected_model","none","111-87-5","111-87-5","octanol",-1.21467016498923,-1.27318416260758,0.0585139976183497,0.0585139976183497
"selected_model","none","112-30-1","112-30-1","decanol",-1.833220851329,-0.952133803305275,-0.881087048023725,0.881087048023725
"selected_model","none","112-30-1","112-30-1","decanol",-1.95860731484178,-0.951886164521662,-1.00672115032012,1.00672115032012
"selected_model","none","112-30-1","112-30-1","decanol",-1.14508697769214,-0.899238068245933,-0.245848909446207,0.245848909446207
"selected_model","none","112-30-1","112-30-1","decanol",-1.04575749056068,-1.13043747334694,0.0846799827862619,0.0846799827862619
"selected_model","none","112-30-1","112-30-1","decanol",-1.09691001300806,-1.18250549553125,0.0855954825231897,0.0855954825231897
"selected_model","none","112-30-1","112-30-1","n-decanol",-1.09691001300806,-0.905851063664985,-0.191058949343075,0.191058949343075
"selected_model","none","112-34-5","112-34-5","diethylene glycol monobutyl ether",-2.23600035701585,-2.8482693483344,0.612268991318547,0.612268991318547
"selected_model","none","112-34-5","112-34-5","diethylene glycol monobutyl ether",-2.16688305055618,-2.8482693483344,0.681386297778217,0.681386297778217
"selected_model","none","112-80-1","112-80-1","oleic acid",-2.88605664769316,-1.30652483827863,-1.57953180941452,1.57953180941452
"selected_model","none","117-81-7","117-81-7","bis(2-ethylhexyl)phthalate",-4.09691001300806,-2.66151020715117,-1.43539980585689,1.43539980585689
"selected_model","none","119-34-6","119-34-6","4-amino-2-nitrophenol",-4.06550154875643,-2.3587603237446,-1.70674122501183,1.70674122501183
"selected_model","none","119-36-8","119-36-8","methyl salicylate",-1.44369749923271,-1.5766129495368,0.132915450304085,0.132915450304085
"selected_model","none","119-61-9","119-61-9","benzophenone",-1.24920613319746,-1.49170543223228,0.242499299034818,0.242499299034818
"selected_model","none","119-61-9","119-61-9","benzophenone",-1.13822159828622,-1.49170543223228,0.353483833946058,0.353483833946058
"selected_model","none","120-80-9","120-80-9","catechol",-2.51,-2.5500916877118,0.0400916877118052,0.0400916877118052
"selected_model","none","120-83-2","120-83-2","2,4-dichlorophenol",-1.14874021557127,-1.36933491718222,0.220594701610952,0.220594701610952
"selected_model","none","120-83-2","120-83-2","2,4-dichlorophenol",-1.22136169383427,-1.64718724701505,0.425825553180784,0.425825553180784
"selected_model","none","1219-38-1","1219-38-1","octylparaben",-1.90585161784792,-1.22617573419773,-0.679675883650186,0.679675883650186
"selected_model","none","122-57-6","122-57-6","benzylideneacetone",-1.40794873077454,-1.64013327166092,0.232184540886379,0.232184540886379
"selected_model","none","122-57-6","122-57-6","benzylideneacetone",-1.11863375864077,-1.64013327166092,0.521499513020149,0.521499513020149
"selected_model","none","123-07-9 ","123-07-9 ","p-ethylphenol",-1.46278385671974,-1.67873237343693,0.21594851671719,0.21594851671719
"selected_model","none","123-31-9","123-31-9","hydroquinone",-5.0301183562535,-2.54768669604696,-2.48243166020654,2.48243166020654
"selected_model","none","123-31-9","123-31-9","hydroquinone",-1.90385139213331,-2.5060731551359,0.602221763002591,0.602221763002591
"selected_model","none","123-31-9","123-31-9","hydroquinone",-2.41644259377425,-2.5060731551359,0.089630561361651,0.089630561361651
"selected_model","none","123-31-9","123-31-9","hydroquinone",-2.95,-2.66282658233404,-0.287173417665965,0.287173417665965
"selected_model","none","124-94-7","124-94-7","triamcinolone",-5.40011692792631,-4.52512264395988,-0.874994283966434,0.874994283966434
"selected_model","none","131-11-3","131-11-3","dimethyl phthalate",-1.55258483591006,-1.9461949920076,0.393610156097544,0.393610156097544
"selected_model","none","131-11-3","131-11-3","dimethyl phthalate",-1.64782103953418,-1.9461949920076,0.298373952473424,0.298373952473424
"selected_model","none","135-19-3","135-19-3","beta-naphthol; 2-naphthol",-1.5543957967264,-1.84655322182032,0.292157425093925,0.292157425093925
"selected_model","none","135-19-3","135-19-3","beta-naphthol; 2-naphthol",-1.20065945054642,-1.70156233118278,0.50090288063636,0.50090288063636
"selected_model","none","13523-86-9","13523-86-9","pindolol",-3.70333480973847,-3.21685700464755,-0.48647780509092,0.48647780509092
"selected_model","none","13655-52-2","13655-52-2","alprenolol",-2.78664164637561,-2.81148659786318,0.0248449514875708,0.0248449514875708
"selected_model","none","137-58-6","137-58-6","lidocaine",-2.40120949323688,-2.09134586696591,-0.30986362627097,0.30986362627097
"selected_model","none","137-58-6","137-58-6","lidocaine",-2.52287874528034,-2.09239596164061,-0.430482783639725,0.430482783639725
"selected_model","none","137-58-6","137-58-6","lidocaine",-2.52287874528034,-2.09239596164061,-0.430482783639725,0.430482783639725
"selected_model","none","141-05-9","141-05-9","diethyl maleate",-1.66740097646667,-1.9974562840506,0.330055307583934,0.330055307583934
"selected_model","none","141-05-9","141-05-9","diethyl maleate",-1.58608416024509,-1.9974562840506,0.411372123805514,0.411372123805514
"selected_model","none","14199-15-6","14199-15-6","methyl 4-hydroxyphenylacetate",-1.69897000433602,-1.8928158923403,0.193845888004279,0.193845888004279
"selected_model","none","143-08-8","143-08-8","n-nonanol",-1.22184874961636,-1.01135662139936,-0.210492128217,0.210492128217
"selected_model","none","143-08-8","143-08-8","nonanol",-1.22184874961636,-1.26581045367156,0.0439617040551996,0.0439617040551996
"selected_model","none","14371-10-9","14371-10-9","trans-cinnamaldehyde",-1.55307871254876,-1.53579788632666,-0.0172808262221,0.0172808262221
"selected_model","none","14371-10-9","14371-10-9","trans-cinnamaldehyde",-1.38433498624321,-1.53579788632666,0.15146290008345,0.15146290008345
"selected_model","none","145-13-1","145-13-1","hydroxypregnenolone",-3.22184874961636,-3.1058793024465,-0.11596944716986,0.11596944716986
"selected_model","none","145-13-1","145-13-1","pregnenolone",-2.82390874094432,-2.86049875014035,0.0365900091960283,0.0365900091960283
"selected_model","none","146-72-5","146-72-5","methylglucose",-3.68026950566978,-3.96197904918985,0.281709543520069,0.281709543520069
"selected_model","none","1638-22-8","1638-22-8","p-n-butylphenol; 4-butylphenol",-1.11463877996849,-1.17272932217171,0.0580905422032232,0.0580905422032232
"selected_model","none","16590-41-3","16590-41-3","naltrexone",-2.6664407795091,-2.92009080570181,0.253650026192709,0.253650026192709
"selected_model","none","17194-82-0","17194-82-0","alfa-(4-hydroxyphenyl) acetamide",-3.34678748622466,-2.82556022545096,-0.521227260773698,0.521227260773698
"selected_model","none","18979-50-5","18979-50-5","4-propoxyphenol",-1.82490330536304,-1.65213187352553,-0.172771431837514,0.172771431837514
"selected_model","none","2152-44-5","2152-44-5","betamethasone-17-valerate",-2.88041422503822,-4.11849840855214,1.23808418351392,1.23808418351392
"selected_model","none","2203-97-6","2203-97-6","hydrocortisone-21-hemisuccinate",-3.20065945054642,-3.80666788566221,0.60600843511579,0.60600843511579
"selected_model","none","2493-02-9","2493-02-9","4-bromophenyl isocyanate",-1.84100559902551,-1.44752897996257,-0.39347661906294,0.39347661906294
"selected_model","none","2493-02-9","2493-02-9","4-bromophenyl isocyanate",-1.75134980127003,-1.44752897996257,-0.30382082130746,0.30382082130746
"selected_model","none","26839-75-8","26839-75-8","timolol",-3.57016261901271,-2.56694579835125,-1.00321682066145,1.00321682066145
"selected_model","none","26839-75-8","26839-75-8","timolol",-3.53521248035406,-2.44745889751665,-1.08775358283741,1.08775358283741
"selected_model","none","2871-01-4","2871-01-4","hc red no. 3; 2-(4-amino-2-nitroanilino)-ethanol",-1.67058885168866,-2.57270089522959,0.902112043540932,0.902112043540932
"selected_model","none","2871-01-4","2871-01-4","hc red no. 3; 2-(4-amino-2-nitroanilino)-ethanol",-2.32271042397763,-2.57270089522959,0.249990471251961,0.249990471251961
"selected_model","none","29122-68-7","29122-68-7","atenolol",-3.96657624451305,-3.52760236270195,-0.438973881811099,0.438973881811099
"selected_model","none","31005-02-4","31005-02-4","7-ethoxycoumarin",-0.781780143112531,-2.17922904387525,1.39744890076272,1.39744890076272
"selected_model","none","31005-02-4","31005-02-4","7-ethoxycoumarin",-0.919153916982604,-2.17922904387525,1.26007512689264,1.26007512689264
"selected_model","none","333-41-5","333-41-5","diazinon",-2.06048074738138,-2.16148883195349,0.101008084572112,0.101008084572112
"selected_model","none","3360-41-6","3360-41-6","4-phenylbutanol",-1.08092190762393,-1.50449709400771,0.423575186383784,0.423575186383784
"selected_model","none","3593-96-2","3593-96-2","hydrocortisone-21-hexanoate; hydrocortisone caproate",-2,-3.57806567676154,1.57806567676154,1.57806567676154
"selected_model","none","3930-20-9","3930-20-9","sotalol",-4.31984585826563,-3.35628997546031,-0.963555882805322,0.963555882805322
"selected_model","none","3930-20-9","3930-20-9","sotalol",-3.88598470867013,-3.35628997546031,-0.529694733209822,0.529694733209822
"selected_model","none","3930-20-9","3930-20-9","sotalol",-4.17986287404271,-3.35628997546031,-0.823572898582402,0.823572898582402
"selected_model","none","42200-33-9","42200-33-9","nadolol",-4.10127481841051,-3.36632456505581,-0.734950253354703,0.734950253354703
"selected_model","none","437-38-7","437-38-7","fentanyl base",-1.96286612872332,-2.06116409583117,0.0982979671078512,0.0982979671078512
"selected_model","none","463-40-1","463-40-1","linolenic acid",-2.431798275933,-1.54095401180161,-0.890844264131395,0.890844264131395
"selected_model","none","499-75-2","499-75-2","iso-thymol; carvacrol",-1.25336580106242,-1.26524179693334,0.0118759958709242,0.0118759958709242
"selected_model","none","50-2-2","50-2-2","dexamethasone",-4.19382002601611,-4.16225263394399,-0.0315673920721222,0.0315673920721222
"selected_model","none","50-22-6","50-22-6","corticosterone",-2.24178591486039,-3.14065487435751,0.898868959497116,0.898868959497116
"selected_model","none","50-22-6","50-22-6","corticosterone",-2.35454840605954,-3.14065487435751,0.786106468297966,0.786106468297966
"selected_model","none","50-22-6","50-22-6","corticosterone",-3.16494389827988,-3.17581427289346,0.0108703746135848,0.0108703746135848
"selected_model","none","50-22-6","50-22-6","corticosterone",-4,-3.3542186717984,-0.645781328201597,0.645781328201597
"selected_model","none","50-22-6","50-22-6","corticosterone",-3.33468369530231,-3.17909348258238,-0.155590212719933,0.155590212719933
"selected_model","none","50-22-6","50-22-6","corticosterone",-3.52287874528034,-3.35575103281864,-0.167127712461702,0.167127712461702
"selected_model","none","50-22-6","50-22-6","corticosterone",-3.52287874528034,-3.36010037073972,-0.162778374540615,0.162778374540615
"selected_model","none","50-22-6","50-22-6","corticosterone",-4,-3.351682121422,-0.648317878578005,0.648317878578005
"selected_model","none","50-22-6","50-22-6","corticosterone",-3.26587485567249,-3.32357400520273,0.0576991495302379,0.0576991495302379
"selected_model","none","50-22-6","50-22-6","corticosterone",-2.58587485567249,-3.10459478884297,0.518719933170476,0.518719933170476
"selected_model","none","50-22-6","50-22-6","corticosterone",-4.22184874961636,-3.34371429147266,-0.878134458143703,0.878134458143703
"selected_model","none","50-22-6","50-22-6","corticosterone",-4.67571754470231,-3.36268746182787,-1.31303008287444,1.31303008287444
"selected_model","none","50-22-6","50-22-6","corticosterone",-3.23418248469008,-3.16699991121283,-0.0671825734772535,0.0671825734772535
"selected_model","none","50-23-7","50-23-7","hydrocortisone",-2.01894154396037,-3.59316948293568,1.57422793897531,1.57422793897531
"selected_model","none","50-23-7","50-23-7","hydrocortisone",-2.68163603566894,-3.59316948293568,0.911533447266737,0.911533447266737
"selected_model","none","50-23-7","50-23-7","hydrocortisone",-3.63827216398241,-3.42945815365118,-0.208814010331229,0.208814010331229
"selected_model","none","50-23-7","50-23-7","hydrocortisone",-3.63870046691906,-3.53070196884366,-0.107998498075402,0.107998498075402
"selected_model","none","50-23-7","50-23-7","hydrocortisone",-5.52287874528034,-3.71970074295503,-1.80317800232531,1.80317800232531
"selected_model","none","50-23-7","50-23-7","hydrocortisone",-5.52724355068279,-3.74181603018058,-1.78542752050221,1.78542752050221
"selected_model","none","50-24-8","50-24-8","prednisolone",-4.32790214206428,-3.85056872193989,-0.477333420124388,0.477333420124388
"selected_model","none","50-27-1","50-27-1","estriol",-4.39794000867204,-3.49216580670573,-0.905774201966308,0.905774201966308
"selected_model","none","50-28-2","50-28-2","beta-estradiol",-2.38721614328026,-2.6527613046293,0.265545161349043,0.265545161349043
"selected_model","none","50-28-2","50-28-2","beta-estradiol",-2.01233373507373,-2.34728585067828,0.334952115604551,0.334952115604551
"selected_model","none","50-28-2","50-28-2","beta-estradiol",-3.52287874528034,-2.62985471636607,-0.893024028914274,0.893024028914274
"selected_model","none","50-28-2","50-28-2","beta-estradiol",-2.28149831113273,-2.47128300244426,0.189784691311528,0.189784691311528
"selected_model","none","50-28-2","50-28-2","estradiol",-1.98581560249872,-2.47128300244426,0.485467399945538,0.485467399945538
"selected_model","none","50-28-2","50-28-2","estradiol",-4.69680394257951,-2.37943056900076,-2.31737337357875,2.31737337357875
"selected_model","none","50-28-2","50-28-2","estradiol",-2.36451625318509,-2.37943056900076,0.0149143158156733,0.0149143158156733
"selected_model","none","50-28-2","50-28-2","estradiol",-2.38090666937326,-2.6527613046293,0.271854635256044,0.271854635256044
"selected_model","none","50-28-2","50-28-2","estradiol",-2.21324857785444,-2.34715188624047,0.133903308386032,0.133903308386032
"selected_model","none","50-28-2","50-28-2","estradiol",-2.49485002168009,-2.65289784553941,0.158047823859315,0.158047823859315
"selected_model","none","50-28-2","50-28-2","estradiol",-2.52287874528034,-2.6527613046293,0.129882559348963,0.129882559348963
"selected_model","none","50-28-2","50-28-2","estradiol",-2.52287874528034,-2.65098034428433,0.128101599003992,0.128101599003992
"selected_model","none","50-28-2","50-28-2","estradiol",-2.52287874528034,-2.65098034428433,0.128101599003992,0.128101599003992
"selected_model","none","50-28-2","50-28-2","estradiol",-2.08008551934057,-2.37943056900076,0.299345049660193,0.299345049660193
"selected_model","none","50-28-2","50-28-2","estradiol",-2.34969247686806,-2.47128300244426,0.121590525576198,0.121590525576198
"selected_model","none","50-28-2","50-28-2","estradiol",-2.51173374958299,-2.47128300244426,-0.0404507471387316,0.0404507471387316
"selected_model","none","51-21-8","51-21-8","5-fluorouracil",-4.52574969288748,-3.53017247518546,-0.995577217702018,0.995577217702018
"selected_model","none","51-21-8","51-21-8","5-fluorouracil",-4.72894468964132,-3.5372968729947,-1.19164781664662,1.19164781664662
"selected_model","none","51-21-8","51-21-8","5-fluorouracil",-4.47108329972234,-3.53017247518546,-0.940910824536878,0.940910824536878
"selected_model","none","51-21-8","51-21-8","5-fluorouracil (+ - + -)",-4.46597389394386,-3.5372968729947,-0.928677020949162,0.928677020949162
"selected_model","none","512-69-6","512-69-6","raffinose",-4.85472588171206,-4.52587448012249,-0.328851401589565,0.328851401589565
"selected_model","none","512-69-6","512-69-6","raffinose",-4.29756946355447,-4.70947247646389,0.411903012909415,0.411903012909415
"selected_model","none","513-85-9","513-85-9","2,3-butanediol",-4.30102999566398,-3.0845648442014,-1.21646515146258,1.21646515146258
"selected_model","none","51384-51-1","51384-51-1","metoprolol",-3.52461940685664,-2.94034375505434,-0.584275651802297,0.584275651802297
"selected_model","none","52-39-1","52-39-1","aldosterone",-4.23657200643706,-3.65847745372436,-0.578094552712703,0.578094552712703
"selected_model","none","52-39-1","52-39-1","aldosterone",-4.74835790885864,-3.48554378840102,-1.26281412045762,1.26281412045762
"selected_model","none","52-39-1","52-39-1","aldosterone",-4.30102999566398,-3.75263418296831,-0.548395812695667,0.548395812695667
"selected_model","none","52-39-1","52-39-1","aldosterone",-4.52287874528034,-3.71769630290055,-0.805182442379785,0.805182442379785
"selected_model","none","52-39-1","52-39-1","aldosterone",-4.52287874528034,-3.53241435091803,-0.990464394362314,0.990464394362314
"selected_model","none","52-39-1","52-39-1","aldosterone",-4.01233373507373,-3.27156167671475,-0.740772058358983,0.740772058358983
"selected_model","none","53-06-5","53-06-5","cortisone",-3.82390874094432,-3.57699870087543,-0.246910040068891,0.246910040068891
"selected_model","none","53-06-5","53-06-5","cortisone",-5,-3.79865170938602,-1.20134829061398,1.20134829061398
"selected_model","none","53-16-7","53-16-7","estrone",-2.44369749923271,-3.0077711596139,0.564073660381195,0.564073660381195
"selected_model","none","53-96-3","53-96-3","2-(acetylamino)fluorene",-1.16052197602182,-2.52263156713607,1.36210959111425,1.36210959111425
"selected_model","none","53-96-3","53-96-3","2-(acetylamino)fluorene",-1.10756666442663,-2.52263156713607,1.41506490270944,1.41506490270944
"selected_model","none","533-73-3","533-73-3","1,2,4-benzenetriol",-3.9,-2.6714238341152,-1.2285761658848,1.2285761658848
"selected_model","none","53535-33-4","53535-33-4","heptanol",-1.42481215507234,-1.41765692005557,-0.00715523501676718,0.00715523501676718
"selected_model","none","53535-33-4","53535-33-4","heptanol",-1.49485002168009,-1.52562038319934,0.0307703615192481,0.0307703615192481
"selected_model","none","53535-33-4","53535-33-4","n-heptanol",-1.49485002168009,-1.24650914520682,-0.248340876473267,0.248340876473267
"selected_model","none","554-84-7","554-84-7","m-nitrophenol; 3-nitrophenol",-2.24848294855394,-2.08367370236634,-0.164809246187604,0.164809246187604
"selected_model","none","56-81-5","56-81-5","glycerol",-4.56863623584101,-3.45866441335173,-1.10997182248928,1.10997182248928
"selected_model","none","56-81-5","56-81-5","glycerol",-3.00594693641232,-3.50506685546262,0.499119919050299,0.499119919050299
"selected_model","none","56030-54-7","56030-54-7","sufentanil base",-1.81815641205523,-2.6382445095488,0.820088097493568,0.820088097493568
"selected_model","none","57-13-6","57-13-6","urea",-3.82973828460504,-3.54351024004457,-0.286228044560473,0.286228044560473
"selected_model","none","57-13-6","57-13-6","urea",-3.95233580539844,-3.4812993110079,-0.471036494390539,0.471036494390539
"selected_model","none","57-13-6","57-13-6","urea",-3.92564441915299,-3.55667294241533,-0.368971476737665,0.368971476737665
"selected_model","none","57-13-6","57-13-6","urea",-3.69494112531286,-3.70922680822579,0.0142856829129299,0.0142856829129299
"selected_model","none","57-13-6","57-13-6","urea",-3.55495653854982,-3.51377689405209,-0.0411796444977321,0.0411796444977321
"selected_model","none","57-13-6","57-13-6","urea",-3.5970511706556,-3.55667294241533,-0.0403782282402747,0.0403782282402747
"selected_model","none","57-13-6","57-13-6","urea",-3.55720677406023,-3.55667294241533,-0.000533831644904836,0.000533831644904836
"selected_model","none","57-50-1","57-50-1","sucrose",-5.0268721464003,-5.02014803617898,-0.00672411022131847,0.00672411022131847
"selected_model","none","57-50-1","57-50-1","sucrose",-5.2839966563652,-5.22640155278589,-0.0575951035793105,0.0575951035793105
"selected_model","none","57-50-1","57-50-1","sucrose",-4.76200316671127,-5.02014803617898,0.258144869467712,0.258144869467712
"selected_model","none","57-50-1","57-50-1","sucrose",-4.26905630657226,-5.02014803617898,0.751091729606721,0.751091729606721
"selected_model","none","57-50-1","57-50-1","sucrose",-4.36451625318509,-5.02014803617898,0.655631782993892,0.655631782993892
"selected_model","none","57-50-1","57-50-1","sucrose",-3.13406733180681,-5.02014803617898,1.88608070437217,1.88608070437217
"selected_model","none","57-83-0","57-83-0","progesterone",-1.52287874528034,-2.4581536371126,0.935274891832263,0.935274891832263
"selected_model","none","57-83-0","57-83-0","progesterone",-1.70344032687277,-2.39116356874148,0.687723241868712,0.687723241868712
"selected_model","none","57-83-0","57-83-0","progesterone",-1.88605664769316,-2.63639264008928,0.750335992396124,0.750335992396124
"selected_model","none","57-83-0","57-83-0","progesterone",-1.69897000433602,-2.71869702862965,1.01972702429363,1.01972702429363
"selected_model","none","57-83-0","57-83-0","progesterone",-2.82390874094432,-2.61465181140791,-0.20925692953641,0.20925692953641
"selected_model","none","58-08-2","58-08-2","caffeine",-3.80687540164554,-3.30673366772218,-0.500141733923358,0.500141733923358
"selected_model","none","58-08-2","58-08-2","caffeine",-4.58586563707645,-3.47507654253157,-1.11078909454488,1.11078909454488
"selected_model","none","58-08-2","58-08-2","caffeine",-1.60220380347052,-3.43288283386371,1.83067903039319,1.83067903039319
"selected_model","none","58-08-2","58-08-2","caffeine",-2.60631808276205,-3.43288283386371,0.826564751101665,0.826564751101665
"selected_model","none","58-08-2","58-08-2","caffeine",-4.15490195998574,-3.45606710126443,-0.698834858721307,0.698834858721307
"selected_model","none","58-08-2","58-08-2","caffeine",-3.69897000433602,-3.42819066263004,-0.270779341705979,0.270779341705979
"selected_model","none","58-22-0","58-22-0","testosterone",-2.0571655062299,-2.51486409991486,0.457698593684963,0.457698593684963
"selected_model","none","58-22-0","58-22-0","testosterone",-2.04694894237348,-2.39780536262904,0.350856420255556,0.350856420255556
"selected_model","none","58-22-0","58-22-0","testosterone",-1.64633962279966,-2.52549272640382,0.879153103604161,0.879153103604161
"selected_model","none","58-22-0","58-22-0","testosterone",-1.41570671752568,-2.47930366502274,1.06359694749706,1.06359694749706
"selected_model","none","58-22-0","58-22-0","testosterone",-2.27083521030723,-2.68709418867856,0.416258978371325,0.416258978371325
"selected_model","none","58-22-0","58-22-0","testosterone",-2.38875983135141,-2.41112618851146,0.0223663571600463,0.0223663571600463
"selected_model","none","58-22-0","58-22-0","testosterone",-2.65757731917779,-2.63646147454928,-0.0211158446285049,0.0211158446285049
"selected_model","none","58-22-0","58-22-0","testosterone",-2.65757731917779,-2.63070125101005,-0.0268760681677396,0.0268760681677396
"selected_model","none","58-22-0","58-22-0","testosterone",-2.65757731917779,-2.63070125101005,-0.0268760681677396,0.0268760681677396
"selected_model","none","58-22-0","58-22-0","testosterone",-3.39794000867204,-2.61315462402513,-0.784785384646907,0.784785384646907
"selected_model","none","58-22-0","58-22-0","testosterone",-3.06752623532285,-2.63646147454928,-0.431064760773565,0.431064760773565
"selected_model","none","58-22-0","58-22-0","testosterone",-2.13194363817696,-2.39525041682697,0.263306778650007,0.263306778650007
"selected_model","none","58-54-8","58-54-8","ethacrynic acid",-3.82390874094432,-2.51762097815599,-1.30628776278833,1.30628776278833
"selected_model","none","59-05-2","59-05-2","methotrexate",-3.40160112979023,-4.94861206407697,1.54701093428674,1.54701093428674
"selected_model","none","59-50-7","59-50-7","chlorocresol",-1.26406804435028,-1.6117425476436,0.347674503293317,0.347674503293317
"selected_model","none","59-50-7","59-50-7","chlorocresol",-1.65255620893436,-1.52266894631937,-0.12988726261499,0.12988726261499
"selected_model","none","60-12-8","60-12-8","2-phenylethanol",-1.25963731050576,-1.82207393799273,0.562436627486965,0.562436627486965
"selected_model","none","60-12-8","60-12-8","2-phenylethanol",-2.11527250510331,-2.05094167931466,-0.0643308257886464,0.0643308257886464
"selected_model","none","610-81-1","610-81-1","4-amino-3-nitrophenol",-2.1297393876227,-2.35720320061807,0.22746381299537,0.22746381299537
"selected_model","none","610-81-1","610-81-1","4-amino-3-nitrophenol",-2.26671923730847,-2.35720320061807,0.0904839633096,0.0904839633096
"selected_model","none","614-18-6","614-18-6","nicotinate, ethyl",-3.10790539730952,-1.90989044146818,-1.19801495584134,1.19801495584134
"selected_model","none","614-18-6","614-18-6","nicotinate, ethyl",-3.08618614761628,-1.93176314860407,-1.15442299901221,1.15442299901221
"selected_model","none","623-05-2","623-05-2","4-hydroxybenzyl alcohol",-2.69897000433602,-2.32572508837309,-0.373244915962929,0.373244915962929
"selected_model","none","63-36-5","63-36-5","salicylate",-3.96686900819185,-2.55691210911189,-1.40995689907996,1.40995689907996
"selected_model","none","64-17-5","64-17-5","ethanol",-2.72124639904717,-2.98323757736137,0.261991178314202,0.261991178314202
"selected_model","none","64-17-5","64-17-5","ethanol",-3.09691001300806,-2.94158151066088,-0.155328502347184,0.155328502347184
"selected_model","none","64-17-5","64-17-5","ethanol",-3.09691001300806,-3.19557506780952,0.0986650548014607,0.0986650548014607
"selected_model","none","64-19-7","64-19-7","acetic acid",-2.77786589964853,-2.75460325008483,-0.0232626495637014,0.0232626495637014
"selected_model","none","64-85-7","64-85-7","cortexone",-3.34678748622466,-2.76259966461044,-0.58418782161422,0.58418782161422
"selected_model","none","65-85-0","65-85-0","benzoic acid",-2.11918640771921,-1.9225387126989,-0.196647695020308,0.196647695020308
"selected_model","none","65-85-0","65-85-0","benzoic acid",-1.50863830616573,-1.86513703490186,0.356498728736125,0.356498728736125
"selected_model","none","65-85-0","65-85-0","benzoic acid",-1.50863830616573,-1.86513703490186,0.356498728736125,0.356498728736125
"selected_model","none","66-27-3","66-27-3","methyl methanesulfonate",-1.91205408690953,-2.62706227706299,0.715008190153463,0.715008190153463
"selected_model","none","66-27-3","66-27-3","methyl methanesulfonate",-2.06776764179179,-2.62706227706299,0.559294635271203,0.559294635271203
"selected_model","none","6677-98-1","6677-98-1","hydrocortisone-21-propionate",-2.46852108295775,-3.68255439171407,1.21403330875632,1.21403330875632
"selected_model","none","67-56-1","67-56-1","methanol",-3.30102999566398,-3.11835702584876,-0.182672969815225,0.182672969815225
"selected_model","none","67-56-1","67-56-1","methanol",-3.30102999566398,-3.3606759357619,0.0596459400979175,0.0596459400979175
"selected_model","none","67-56-1","67-56-1","methanol",-2.79588001734407,-3.25239951428875,0.456519496944685,0.456519496944685
"selected_model","none","68-96-2","68-96-2","17-alfa-hydroxyprogesterone",-3.22184874961636,-3.58516439713337,0.363315647517011,0.363315647517011
"selected_model","none","69-29-7","69-29-7","ethyl ether",-1.79588001734408,-2.30515035874908,0.509270341404995,0.509270341404995
"selected_model","none","69-65-8","69-65-8","mannitol",-4.72681868815271,-4.10691390524189,-0.61990478291082,0.61990478291082
"selected_model","none","69-65-8","69-65-8","mannitol",-4,-4.57642016742893,0.576420167428933,0.576420167428933
"selected_model","none","69-65-8","69-65-8","mannitol",-4.68257958814785,-3.99477022880481,-0.687809359343038,0.687809359343038
"selected_model","none","69-65-8","69-65-8","mannitol",-4.45692576496647,-3.99520956745957,-0.4617161975069,0.4617161975069
"selected_model","none","69-65-8","69-65-8","mannitol",-4.77257756999574,-4.55377198147024,-0.218805588525499,0.218805588525499
"selected_model","none","69-65-8","69-65-8","mannitol",-4.43830246734601,-3.99520956745957,-0.44309289988644,0.44309289988644
"selected_model","none","69-65-8","69-65-8","mannitol",-4.18810341360238,-4.62882065618841,0.440717242586026,0.440717242586026
"selected_model","none","69-65-8","69-65-8","mannitol",-4.00436480540245,-4.41256080286104,0.408195997458594,0.408195997458594
"selected_model","none","69-65-8","69-65-8","mannitol",-3.97265039222524,-4.66671811083877,0.694067718613535,0.694067718613535
"selected_model","none","69-65-8","69-65-8","mannitol",-3.1536628878702,-3.99477022880481,0.841107340934612,0.841107340934612
"selected_model","none","69-72-7","69-72-7","salicylic acid",-3.03151705144606,-1.93073886568508,-1.10077818576098,1.10077818576098
"selected_model","none","69-72-7","69-72-7","salicylic acid",-1.34678748622466,-1.95266388603487,0.605876399810211,0.605876399810211
"selected_model","none","71-23-8","71-23-8","n-propanol",-2.92081875395238,-2.77328264007926,-0.147536113873117,0.147536113873117
"selected_model","none","71-23-8","71-23-8","propanol",-2.76955107862173,-2.92138716921954,0.151836090597813,0.151836090597813
"selected_model","none","71-23-8","71-23-8","propanol",-2.92081875395238,-3.02937414215437,0.108555388201991,0.108555388201991
"selected_model","none","71-36-3","71-36-3","butanol",-2.52287874528034,-2.1659467484459,-0.356931996834441,0.356931996834441
"selected_model","none","71-36-3","71-36-3","butanol",-2.10237290870956,-2.06333836404764,-0.0390345446619182,0.0390345446619182
"selected_model","none","71-36-3","71-36-3","butanol",-2.65757731917779,-2.27026250523227,-0.387314813945523,0.387314813945523
"selected_model","none","71-36-3","71-36-3","butanol",-2.65757731917779,-2.27031134724212,-0.387265971935667,0.387265971935667
"selected_model","none","71-36-3","71-36-3","butanol",-2.60205999132796,-2.27026250523227,-0.331797486095693,0.331797486095693
"selected_model","none","71-36-3","71-36-3","n-butanol",-2.60205999132796,-2.02280950880898,-0.579250482518975,0.579250482518975
"selected_model","none","71-41-0","71-41-0","n-pentanol",-2.22184874961636,-1.7666735765855,-0.455175173030862,0.455175173030862
"selected_model","none","71-41-0","71-41-0","pentanol",-2.22184874961636,-2.02294968179682,-0.198899067819535,0.198899067819535
"selected_model","none","71-43-0","71-43-0","benzene",-0.954285941059132,-1.37409008364527,0.419804142586141,0.419804142586141
"selected_model","none","71-43-0","71-43-0","benzene",-0.795880017344075,-1.50592385932501,0.710043841980931,0.710043841980931
"selected_model","none","71-91-0","71-91-0","tetraethylammonium",-3.25387553642834,-5.16278578932675,1.90891025289841,1.90891025289841
"selected_model","none","71-91-0","71-91-0","tetraethylammonium bromide (+)",-3.36815053784018,-4.99100614388188,1.6228556060417,1.6228556060417
"selected_model","none","76-25-5","76-25-5","triamcinolone acetonide",-3.40230481407449,-4.54211781598617,1.13981300191168,1.13981300191168
"selected_model","none","76-25-5","76-25-5","triamcinolone acetonide",-4.70663744528855,-4.80020233603216,0.0935648907436128,0.0935648907436128
"selected_model","none","76180-96-6","76180-96-6","3-methyl-3h-imidazo[4,5-f]quinolin-2-amine",-2.07218350508968,-3.40362152188824,1.33143801679856,1.33143801679856
"selected_model","none","76180-96-6","76180-96-6","3-methyl-3h-imidazo[4,5-f]quinolin-2-amine",-2.43056359552234,-3.40362152188824,0.973057926365898,0.973057926365898
"selected_model","none","7732-18-5","7732-18-5","water",-2.80687540164554,-3.61380263485852,0.806927233212975,0.806927233212975
"selected_model","none","7732-18-5","7732-18-5","water",-2.98540960554622,-3.61380263485852,0.628393029312295,0.628393029312295
"selected_model","none","7732-18-5","7732-18-5","water",-2.80966830182971,-3.5688523871341,0.759184085304389,0.759184085304389
"selected_model","none","7732-18-5","7732-18-5","water",-3.14997431819434,-3.56885354517751,0.418879226983168,0.418879226983168
"selected_model","none","7732-18-5","7732-18-5","water",-3.07058107428571,-3.61380263485852,0.543221560572805,0.543221560572805
"selected_model","none","7732-18-5","7732-18-5","water",-3.24233473501217,-3.5688523871341,0.326517652121929,0.326517652121929
"selected_model","none","7732-18-5","7732-18-5","water",-3.45621525646938,-3.5688523871341,0.112637130664718,0.112637130664718
"selected_model","none","7732-18-5","7732-18-5","water",-3.27134965805094,-3.5688523871341,0.297502729083159,0.297502729083159
"selected_model","none","7732-18-5","7732-18-5","water",-3.15476521541715,-3.59129054526539,0.436525329848243,0.436525329848243
"selected_model","none","7732-18-5","7732-18-5","water",-3.52287874528034,-3.72748933450313,0.204610589222785,0.204610589222785
"selected_model","none","7732-18-5","7732-18-5","water",-3.5,-3.72748933450313,0.227489334503125,0.227489334503125
"selected_model","none","78-93-3","78-93-3","2-butanone",-2.34678748622466,-2.54156546305468,0.194777976830023,0.194777976830023
"selected_model","none","84-66-2","84-66-2","diethyl phthalate",-1.70509308939481,-1.69929472402201,-0.00579836537279821,0.00579836537279821
"selected_model","none","87-66-1","87-66-1","pyrogallol",-2.81,-2.61743264423924,-0.192567355760762,0.192567355760762
"selected_model","none","88-04-0","88-04-0","chloroxylenol",-1.22875360095283,-1.6654304518079,0.436676850855075,0.436676850855075
"selected_model","none","88-04-0","88-04-0","chloroxylenol",-1.09474395125155,-1.51252686431719,0.417782913065639,0.417782913065639
"selected_model","none","88-06-2","88-06-2","2,4,6-trichlorophenol",-1.23275783168158,-1.63867306144734,0.405915229765762,0.405915229765762
"selected_model","none","88-18-6","88-18-6","o-t-butylphenol",-1.12842706445412,-1.27141221027097,0.142985145816853,0.142985145816853
"selected_model","none","89-83-8","89-83-8","thymol; 2-isopropyl-5-methylphenol",-1.27607480270083,-1.48124488596662,0.205170083265786,0.205170083265786
"selected_model","none","89-83-8","89-83-8","thymol; 2-isopropyl-5-methylphenol",-1.21324857785444,-1.32872543115987,0.115476853305429,0.115476853305429
"selected_model","none","90-15-3","90-15-3","naphthol",-1.58502665202918,-1.69877132780725,0.113744675778071,0.113744675778071
"selected_model","none","90-15-3","90-15-3","naphthol",-1.52287874528034,-1.69877132780725,0.175892582526911,0.175892582526911
"selected_model","none","91-20-3","91-20-3","naphthalene",-1.55111528700206,-1.23074675975421,-0.320368527247848,0.320368527247848
"selected_model","none","91-20-3","91-20-3","naphthalene",-1.78220214249451,-1.23074675975421,-0.551455382740298,0.551455382740298
"selected_model","none","92-48-8","92-48-8","6-methylcoumarin",-1.18136926112576,-2.18573013505591,1.00436087393015,1.00436087393015
"selected_model","none","92-48-8","92-48-8","6-methylcoumarin",-1.331936361143,-2.18573013505591,0.853793773912915,0.853793773912915
"selected_model","none","93-60-7","93-60-7","nicotinate, methyl",-3.30980391997149,-2.09825613082223,-1.21154778914926,1.21154778914926
"selected_model","none","93-60-7","93-60-7","nicotinate, methyl",-3.27572413039921,-2.10961838550592,-1.16610574489329,1.16610574489329
"selected_model","none","937-20-2","937-20-2","2,4-dichloroacetophenone",-0.743772935647774,-2.19356569824529,1.44979276259752,1.44979276259752
"selected_model","none","937-20-2","937-20-2","2,4-dichloroacetophenone",-1.86052608660328,-2.19356569824529,0.333039611642014,0.333039611642014
"selected_model","none","94-13-3","94-13-3","propylparaben",-1.67615465544754,-1.59012700880816,-0.0860276466393759,0.0860276466393759
"selected_model","none","94-13-3","94-13-3","propylparaben",-1.26606734367858,-1.69306134034042,0.42699399666184,0.42699399666184
"selected_model","none","94-13-3","94-13-3","propylparaben",-1.20290590120029,-1.69306134034042,0.49015543914013,0.49015543914013
"selected_model","none","94-26-8","94-26-8","butylparaben",-0.981299501333757,-1.37632789288859,0.395028391554833,0.395028391554833
"selected_model","none","94-26-8","94-26-8","butylparaben",-1.15242734085789,-1.47906202631849,0.326634685460597,0.326634685460597
"selected_model","none","95-48-7","95-48-7","o-cresol",-1.80172783601759,-1.89954037081306,0.0978125347954735,0.0978125347954735
"selected_model","none","95-54-5","95-54-5","o-phenylenediamine",-3.34678748622466,-2.502886858071,-0.843900628153665,0.843900628153665
"selected_model","none","95-57-8","95-57-8","o-chlorophenol",-1.48044892137827,-1.85363632301409,0.373187401635823,0.373187401635823
"selected_model","none","95-65-8","95-65-8","3,4-xylenol",-1.44278385671974,-1.78533349234903,0.342549635629294,0.342549635629294
"selected_model","none","97-00-7","97-00-7","2,4-dinitrochlorobenzene",-1.57500847696703,-1.94695827809164,0.371949801124606,0.371949801124606
"selected_model","none","97-00-7","97-00-7","2,4-dinitrochlorobenzene",-1.50012264373278,-1.94695827809164,0.446835634358856,0.446835634358856
"selected_model","none","97-53-0","97-53-0","eugenol",-1.592980675785,-1.65575560855564,0.0627749327706375,0.0627749327706375
"selected_model","none","97-53-0","97-53-0","eugenol",-1.555243965633,-1.65575560855564,0.100511642922638,0.100511642922638
"selected_model","none","97-54-1","97-54-1","isoeugenol",-1.74568406057766,-1.57555574673498,-0.170128313842677,0.170128313842677
"selected_model","none","97-54-1","97-54-1","isoeugenol",-1.41300909711301,-1.57555574673498,0.162546649621973,0.162546649621973
"selected_model","none","98-86-2","98-86-2","acetophenone",-1.62740828480895,-1.76699296905664,0.139584684247689,0.139584684247689
"selected_model","none","98-86-2","98-86-2","acetophenone",-1.56017144166374,-1.76699296905664,0.206821527392899,0.206821527392899
"selected_model","none","99-76-3","99-76-3","methylparaben",-1.67358220444561,-1.91536081017711,0.241778605731505,0.241778605731505
"selected_model","none","99-76-3","99-76-3","methylparaben",-1.96257350205938,-1.99269040693088,0.0301169048715031,0.0301169048715031
"selected_model","none","99-76-3","99-76-3","methylparaben",-2.03394335230684,-2.15906037733609,0.125117025029253,0.125117025029253
"selected_model","none","99-76-3","99-76-3","methylparaben",-2.07572071393812,-2.02854749767413,-0.0471732162639866,0.0471732162639866
"remove_MWa_group","MWa","100-02-7","100-02-7","p-nitrophenol; 4-nitrophenol",-2.25,-2.17326042465763,-0.0767395753423723,0.0767395753423723
"remove_MWa_group","MWa","100-39-0","100-39-0","benzyl bromide",-1.54511979359646,-1.49859468078621,-0.0465251128102537,0.0465251128102537
"remove_MWa_group","MWa","100-39-0","100-39-0","benzyl bromide",-1.89202735976865,-1.49859468078621,-0.393432678982444,0.393432678982444
"remove_MWa_group","MWa","100-51-6","100-51-6","benzyl alcohol",-2.22205999132796,-2.130763625033,-0.0912963662949635,0.0912963662949635
"remove_MWa_group","MWa","1002-62-6","1002-62-6","sodium caprate; decanoic acid soap (c10:0)",-2.95233580539844,-2.07999518994226,-0.872340615456182,0.872340615456182
"remove_MWa_group","MWa","103-11-7","103-11-7","2-ethylhexyl acrylate",-2.11289007326765,-1.45562342626847,-0.657266646999183,0.657266646999183
"remove_MWa_group","MWa","103-11-7","103-11-7","2-ethylhexyl acrylate",-1.82434537155519,-1.45562342626847,-0.368721945286723,0.368721945286723
"remove_MWa_group","MWa","104-54-1","104-54-1","cinnamyl alcohol",-1.54329916349423,-1.8240717245643,0.280772561070074,0.280772561070074
"remove_MWa_group","MWa","104-54-1","104-54-1","cinnamyl alcohol",-1.47890341621095,-1.8240717245643,0.345168308353354,0.345168308353354
"remove_MWa_group","MWa","104-85-8","104-85-8","p-tolunitrile",-1.34336049829281,-1.81944798773685,0.47608748944404,0.47608748944404
"remove_MWa_group","MWa","104-85-8","104-85-8","p-tolunitrile",-1.51076062352006,-1.81944798773685,0.30868736421679,0.30868736421679
"remove_MWa_group","MWa","10521-91-2","10521-91-2","5-phenylpentanol",-0.94692155651658,-1.42494703931483,0.478025482798254,0.478025482798254
"remove_MWa_group","MWa","106-24-1","106-24-1","geraniol",-0.986619380204979,-1.4291713885974,0.442552008392423,0.442552008392423
"remove_MWa_group","MWa","106-24-1","106-24-1","geraniol",-1.01401437058883,-1.4291713885974,0.415157018008572,0.415157018008572
"remove_MWa_group","MWa","106-41-3","106-41-3","p-bromophenol",-1.43951925261862,-1.75723976348953,0.31772051087091,0.31772051087091
"remove_MWa_group","MWa","106-44-5","106-44-5","p-cresol",-0.920818753952375,-1.60744050530673,0.686621751354353,0.686621751354353
"remove_MWa_group","MWa","106-44-5","106-44-5","p-cresol",-1.74875360095283,-1.87244099543823,0.123687394485397,0.123687394485397
"remove_MWa_group","MWa","106-48-9","106-48-9","p-chlorophenol",-1.44875360095283,-1.71389615912185,0.265142558169022,0.265142558169022
"remove_MWa_group","MWa","106-50-3","106-50-3","p-phenylenediamine",-3.61978875828839,-2.99360746619171,-0.62618129209668,0.62618129209668
"remove_MWa_group","MWa","108-39-4","108-39-4","m-cresol",-1.81172783601759,-1.81285305747548,0.00112522145788652,0.00112522145788652
"remove_MWa_group","MWa","108-46-3","108-46-3","resorcinol",-2.42023266087399,-2.59907483112511,0.178842170251119,0.178842170251119
"remove_MWa_group","MWa","108-46-3","108-46-3","resorcinol",-2.35642808060813,-2.59907483112511,0.242646750516979,0.242646750516979
"remove_MWa_group","MWa","108-46-3","108-46-3","resorcinol",-3.07,-2.50560954204344,-0.564390457956559,0.564390457956559
"remove_MWa_group","MWa","108-46-3","108-46-3","resorcinol; 1,3-benzenediol",-3.62291335664286,-2.74767543476903,-0.875237921873834,0.875237921873834
"remove_MWa_group","MWa","108-73-6","108-73-6","phloroglucinol",-2.51,-3.24589869384074,0.735898693840743,0.735898693840743
"remove_MWa_group","MWa","108-88-3","108-88-3","toluene",-0.0809219076239261,-1.56904562936189,1.48812372173797,1.48812372173797
"remove_MWa_group","MWa","108-95-2","108-95-2","phenol",-2.03,-1.8362454884268,-0.193754511573201,0.193754511573201
"remove_MWa_group","MWa","108-95-2","108-95-2","phenol",-2.08907809237607,-2.04939415595026,-0.0396839364258064,0.0396839364258064
"remove_MWa_group","MWa","108-95-2","108-95-2","phenol",-1.70996538863748,-1.82884842348129,0.118883034843811,0.118883034843811
"remove_MWa_group","MWa","108-95-2","108-95-2","phenol",-3.82792274303052,-2.11006245835778,-1.71786028467274,1.71786028467274
"remove_MWa_group","MWa","110-80-5","110-80-5","2-ethoxy ethanol",-3.60205999132796,-2.80766438137658,-0.794395609951375,0.794395609951375
"remove_MWa_group","MWa","111-27-3","111-27-3","hexanol",-1.49485002168009,-1.55550887636496,0.0606588546848692,0.0606588546848692
"remove_MWa_group","MWa","111-27-3","111-27-3","hexanol",-1.88605664769316,-1.8012010013607,-0.0848556463324612,0.0848556463324612
"remove_MWa_group","MWa","111-27-3","111-27-3","n-hexanol",-1.88605664769316,-1.50501815804551,-0.381038489647647,0.381038489647647
"remove_MWa_group","MWa","111-76-2","111-76-2","butoxyethanol",-2.25698018593163,-2.19089946355786,-0.0660807223737736,0.0660807223737736
"remove_MWa_group","MWa","111-87-5","111-87-5","n-octanol",-1.2839966563652,-1.31614283981134,0.0321461834461416,0.0321461834461416
"remove_MWa_group","MWa","111-87-5","111-87-5","octanol",-1.0301183562535,-1.30635376278579,0.276235406532289,0.276235406532289
"remove_MWa_group","MWa","111-87-5","111-87-5","octanol",-1.15490195998574,-1.53637070988303,0.381468749897288,0.381468749897288
"remove_MWa_group","MWa","111-87-5","111-87-5","octanol",-1.2839966563652,-1.59126596924142,0.307269312876217,0.307269312876217
"remove_MWa_group","MWa","111-87-5","111-87-5","octanol",-1.21467016498923,-1.47530853782345,0.260638372834218,0.260638372834218
"remove_MWa_group","MWa","112-30-1","112-30-1","decanol",-1.833220851329,-1.38759308035636,-0.445627770972645,0.445627770972645
"remove_MWa_group","MWa","112-30-1","112-30-1","decanol",-1.95860731484178,-1.38472094325927,-0.573886371582514,0.573886371582514
"remove_MWa_group","MWa","112-30-1","112-30-1","decanol",-1.14508697769214,-1.31047167829707,0.165384700604925,0.165384700604925
"remove_MWa_group","MWa","112-30-1","112-30-1","decanol",-1.04575749056068,-1.55089965637971,0.505142165819034,0.505142165819034
"remove_MWa_group","MWa","112-30-1","112-30-1","decanol",-1.09691001300806,-1.6166891872671,0.51977917425904,0.51977917425904
"remove_MWa_group","MWa","112-30-1","112-30-1","n-decanol",-1.09691001300806,-1.329113430057,0.232203417048941,0.232203417048941
"remove_MWa_group","MWa","112-34-5","112-34-5","diethylene glycol monobutyl ether",-2.23600035701585,-2.51882142889733,0.282821071881478,0.282821071881478
"remove_MWa_group","MWa","112-34-5","112-34-5","diethylene glycol monobutyl ether",-2.16688305055618,-2.51882142889733,0.351938378341148,0.351938378341148
"remove_MWa_group","MWa","112-80-1","112-80-1","oleic acid",-2.88605664769316,-2.10098663412622,-0.785070013566939,0.785070013566939
"remove_MWa_group","MWa","117-81-7","117-81-7","bis(2-ethylhexyl)phthalate",-4.09691001300806,-2.10640255553688,-1.99050745747118,1.99050745747118
"remove_MWa_group","MWa","119-34-6","119-34-6","4-amino-2-nitrophenol",-4.06550154875643,-2.4147960798551,-1.65070546890133,1.65070546890133
"remove_MWa_group","MWa","119-36-8","119-36-8","methyl salicylate",-1.44369749923271,-1.63107701667428,0.187379517441565,0.187379517441565
"remove_MWa_group","MWa","119-61-9","119-61-9","benzophenone",-1.24920613319746,-1.6552845971468,0.406078463949336,0.406078463949336
"remove_MWa_group","MWa","119-61-9","119-61-9","benzophenone",-1.13822159828622,-1.6552845971468,0.517062998860576,0.517062998860576
"remove_MWa_group","MWa","120-80-9","120-80-9","catechol",-2.51,-2.4210976521321,-0.0889023478679039,0.0889023478679039
"remove_MWa_group","MWa","120-83-2","120-83-2","2,4-dichlorophenol",-1.14874021557127,-1.23009366179086,0.0813534462195948,0.0813534462195948
"remove_MWa_group","MWa","120-83-2","120-83-2","2,4-dichlorophenol",-1.22136169383427,-1.5186182759417,0.297256582107432,0.297256582107432
"remove_MWa_group","MWa","1219-38-1","1219-38-1","octylparaben",-1.90585161784792,-1.11918098488138,-0.786670632966539,0.786670632966539
"remove_MWa_group","MWa","122-57-6","122-57-6","benzylideneacetone",-1.40794873077454,-1.73843852036643,0.330489789591886,0.330489789591886
"remove_MWa_group","MWa","122-57-6","122-57-6","benzylideneacetone",-1.11863375864077,-1.73843852036643,0.619804761725656,0.619804761725656
"remove_MWa_group","MWa","123-07-9 ","123-07-9 ","p-ethylphenol",-1.46278385671974,-1.72181533376712,0.25903147704738,0.25903147704738
"remove_MWa_group","MWa","123-31-9","123-31-9","hydroquinone",-5.0301183562535,-2.87978921462306,-2.15032914163044,2.15032914163044
"remove_MWa_group","MWa","123-31-9","123-31-9","hydroquinone",-1.90385139213331,-2.83578631970358,0.931934927570269,0.931934927570269
"remove_MWa_group","MWa","123-31-9","123-31-9","hydroquinone",-2.41644259377425,-2.83578631970358,0.419343725929329,0.419343725929329
"remove_MWa_group","MWa","123-31-9","123-31-9","hydroquinone",-2.95,-2.77300759989982,-0.176992400100185,0.176992400100185
"remove_MWa_group","MWa","124-94-7","124-94-7","triamcinolone",-5.40011692792631,-4.18957938357457,-1.21053754435174,1.21053754435174
"remove_MWa_group","MWa","131-11-3","131-11-3","dimethyl phthalate",-1.55258483591006,-1.78731293161603,0.234728095705971,0.234728095705971
"remove_MWa_group","MWa","131-11-3","131-11-3","dimethyl phthalate",-1.64782103953418,-1.78731293161603,0.139491892081851,0.139491892081851
"remove_MWa_group","MWa","135-19-3","135-19-3","beta-naphthol; 2-naphthol",-1.5543957967264,-2.06746434897859,0.513068552252194,0.513068552252194
"remove_MWa_group","MWa","135-19-3","135-19-3","beta-naphthol; 2-naphthol",-1.20065945054642,-1.89167869000851,0.691019239462095,0.691019239462095
"remove_MWa_group","MWa","13523-86-9","13523-86-9","pindolol",-3.70333480973847,-3.61498712913576,-0.0883476806027113,0.0883476806027113
"remove_MWa_group","MWa","13655-52-2","13655-52-2","alprenolol",-2.78664164637561,-2.4664618122932,-0.320179834082411,0.320179834082411
"remove_MWa_group","MWa","137-58-6","137-58-6","lidocaine",-2.40120949323688,-1.8032577923635,-0.597951700873384,0.597951700873384
"remove_MWa_group","MWa","137-58-6","137-58-6","lidocaine",-2.52287874528034,-1.78821072119504,-0.7346680240853,0.7346680240853
"remove_MWa_group","MWa","137-58-6","137-58-6","lidocaine",-2.52287874528034,-1.78821072119504,-0.7346680240853,0.7346680240853
"remove_MWa_group","MWa","141-05-9","141-05-9","diethyl maleate",-1.66740097646667,-2.10523207674045,0.437831100273777,0.437831100273777
"remove_MWa_group","MWa","141-05-9","141-05-9","diethyl maleate",-1.58608416024509,-2.10523207674045,0.519147916495357,0.519147916495357
"remove_MWa_group","MWa","14199-15-6","14199-15-6","methyl 4-hydroxyphenylacetate",-1.69897000433602,-1.77430388103741,0.0753338767013911,0.0753338767013911
"remove_MWa_group","MWa","143-08-8","143-08-8","n-nonanol",-1.22184874961636,-1.29142890470471,0.0695801550883488,0.0695801550883488
"remove_MWa_group","MWa","143-08-8","143-08-8","nonanol",-1.22184874961636,-1.5639465871178,0.342097837501444,0.342097837501444
"remove_MWa_group","MWa","14371-10-9","14371-10-9","trans-cinnamaldehyde",-1.55307871254876,-1.65471566360224,0.10163695105348,0.10163695105348
"remove_MWa_group","MWa","14371-10-9","14371-10-9","trans-cinnamaldehyde",-1.38433498624321,-1.65471566360224,0.27038067735903,0.27038067735903
"remove_MWa_group","MWa","145-13-1","145-13-1","hydroxypregnenolone",-3.22184874961636,-2.6324722983338,-0.589376451282556,0.589376451282556
"remove_MWa_group","MWa","145-13-1","145-13-1","pregnenolone",-2.82390874094432,-2.83364584650149,0.00973710555717178,0.00973710555717178
"remove_MWa_group","MWa","146-72-5","146-72-5","methylglucose",-3.68026950566978,-4.02119220503257,0.34092269936279,0.34092269936279
"remove_MWa_group","MWa","1638-22-8","1638-22-8","p-n-butylphenol; 4-butylphenol",-1.11463877996849,-1.3678319751783,0.253193195209813,0.253193195209813
"remove_MWa_group","MWa","16590-41-3","16590-41-3","naltrexone",-2.6664407795091,-2.43018927860845,-0.23625150090065,0.23625150090065
"remove_MWa_group","MWa","17194-82-0","17194-82-0","alfa-(4-hydroxyphenyl) acetamide",-3.34678748622466,-3.00775918824309,-0.339028297981571,0.339028297981571
"remove_MWa_group","MWa","18979-50-5","18979-50-5","4-propoxyphenol",-1.82490330536304,-1.64927624933342,-0.175627056029615,0.175627056029615
"remove_MWa_group","MWa","2152-44-5","2152-44-5","betamethasone-17-valerate",-2.88041422503822,-2.94032505983534,0.0599108347971233,0.0599108347971233
"remove_MWa_group","MWa","2203-97-6","2203-97-6","hydrocortisone-21-hemisuccinate",-3.20065945054642,-2.76062462223642,-0.440034828310004,0.440034828310004
"remove_MWa_group","MWa","2493-02-9","2493-02-9","4-bromophenyl isocyanate",-1.84100559902551,-1.38623134927838,-0.454774249747126,0.454774249747126
"remove_MWa_group","MWa","2493-02-9","2493-02-9","4-bromophenyl isocyanate",-1.75134980127003,-1.38623134927838,-0.365118451991645,0.365118451991645
"remove_MWa_group","MWa","26839-75-8","26839-75-8","timolol",-3.57016261901271,-2.15696885831877,-1.41319376069394,1.41319376069394
"remove_MWa_group","MWa","26839-75-8","26839-75-8","timolol",-3.53521248035406,-2.01797260196125,-1.51723987839281,1.51723987839281
"remove_MWa_group","MWa","2871-01-4","2871-01-4","hc red no. 3; 2-(4-amino-2-nitroanilino)-ethanol",-1.67058885168866,-2.98247633142877,1.31188747974011,1.31188747974011
"remove_MWa_group","MWa","2871-01-4","2871-01-4","hc red no. 3; 2-(4-amino-2-nitroanilino)-ethanol",-2.32271042397763,-2.98247633142877,0.659765907451141,0.659765907451141
"remove_MWa_group","MWa","29122-68-7","29122-68-7","atenolol",-3.96657624451305,-3.55380689368155,-0.412769350831495,0.412769350831495
"remove_MWa_group","MWa","31005-02-4","31005-02-4","7-ethoxycoumarin",-0.781780143112531,-2.1222466505571,1.34046650744457,1.34046650744457
"remove_MWa_group","MWa","31005-02-4","31005-02-4","7-ethoxycoumarin",-0.919153916982604,-2.1222466505571,1.2030927335745,1.2030927335745
"remove_MWa_group","MWa","333-41-5","333-41-5","diazinon",-2.06048074738138,-1.85944319276025,-0.201037554621132,0.201037554621132
"remove_MWa_group","MWa","3360-41-6","3360-41-6","4-phenylbutanol",-1.08092190762393,-1.49068360688802,0.409761699264086,0.409761699264086
"remove_MWa_group","MWa","3593-96-2","3593-96-2","hydrocortisone-21-hexanoate; hydrocortisone caproate",-2,-2.39934537056058,0.399345370560579,0.399345370560579
"remove_MWa_group","MWa","3930-20-9","3930-20-9","sotalol",-4.31984585826563,-3.37730412858647,-0.94254172967916,0.94254172967916
"remove_MWa_group","MWa","3930-20-9","3930-20-9","sotalol",-3.88598470867013,-3.37730412858647,-0.50868058008366,0.50868058008366
"remove_MWa_group","MWa","3930-20-9","3930-20-9","sotalol",-4.17986287404271,-3.37730412858647,-0.802558745456241,0.802558745456241
"remove_MWa_group","MWa","42200-33-9","42200-33-9","nadolol",-4.10127481841051,-3.07347541369456,-1.02779940471595,1.02779940471595
"remove_MWa_group","MWa","437-38-7","437-38-7","fentanyl base",-1.96286612872332,-1.4027429514689,-0.560123177254416,0.560123177254416
"remove_MWa_group","MWa","463-40-1","463-40-1","linolenic acid",-2.431798275933,-2.01721479415921,-0.414583481773791,0.414583481773791
"remove_MWa_group","MWa","499-75-2","499-75-2","iso-thymol; carvacrol",-1.25336580106242,-1.26398097802423,0.010615176961813,0.010615176961813
"remove_MWa_group","MWa","50-2-2","50-2-2","dexamethasone",-4.19382002601611,-3.72189600821049,-0.471924017805621,0.471924017805621
"remove_MWa_group","MWa","50-22-6","50-22-6","corticosterone",-2.24178591486039,-2.70844680262775,0.466660887767357,0.466660887767357
"remove_MWa_group","MWa","50-22-6","50-22-6","corticosterone",-2.35454840605954,-2.70844680262775,0.353898396568207,0.353898396568207
"remove_MWa_group","MWa","50-22-6","50-22-6","corticosterone",-3.16494389827988,-2.79232465879663,-0.37261923948325,0.37261923948325
"remove_MWa_group","MWa","50-22-6","50-22-6","corticosterone",-4,-2.98108745294346,-1.01891254705654,1.01891254705654
"remove_MWa_group","MWa","50-22-6","50-22-6","corticosterone",-3.33468369530231,-2.75310765549282,-0.58157603980949,0.58157603980949
"remove_MWa_group","MWa","50-22-6","50-22-6","corticosterone",-3.52287874528034,-2.95598760892976,-0.56689113635058,0.56689113635058
"remove_MWa_group","MWa","50-22-6","50-22-6","corticosterone",-3.52287874528034,-2.96827588947633,-0.55460285580401,0.55460285580401
"remove_MWa_group","MWa","50-22-6","50-22-6","corticosterone",-4,-2.98127385579296,-1.01872614420704,1.01872614420704
"remove_MWa_group","MWa","50-22-6","50-22-6","corticosterone",-3.26587485567249,-2.92159115803871,-0.344283697633781,0.344283697633781
"remove_MWa_group","MWa","50-22-6","50-22-6","corticosterone",-2.58587485567249,-2.66633473068999,0.0804598750174987,0.0804598750174987
"remove_MWa_group","MWa","50-22-6","50-22-6","corticosterone",-4.22184874961636,-2.94598506751259,-1.27586368210377,1.27586368210377
"remove_MWa_group","MWa","50-22-6","50-22-6","corticosterone",-4.67571754470231,-2.96827588947633,-1.70744165522598,1.70744165522598
"remove_MWa_group","MWa","50-22-6","50-22-6","corticosterone",-3.23418248469008,-2.77809288356443,-0.456089601125651,0.456089601125651
"remove_MWa_group","MWa","50-23-7","50-23-7","hydrocortisone",-2.01894154396037,-3.17020959645423,1.15126805249386,1.15126805249386
"remove_MWa_group","MWa","50-23-7","50-23-7","hydrocortisone",-2.68163603566894,-3.17020959645423,0.488573560785286,0.488573560785286
"remove_MWa_group","MWa","50-23-7","50-23-7","hydrocortisone",-3.63827216398241,-2.98907574779702,-0.649196416185388,0.649196416185388
"remove_MWa_group","MWa","50-23-7","50-23-7","hydrocortisone",-3.63870046691906,-3.09763541266117,-0.541065054257892,0.541065054257892
"remove_MWa_group","MWa","50-23-7","50-23-7","hydrocortisone",-5.52287874528034,-3.31718958170912,-2.20568916357122,2.20568916357122
"remove_MWa_group","MWa","50-23-7","50-23-7","hydrocortisone",-5.52724355068279,-3.34327686052467,-2.18396669015812,2.18396669015812
"remove_MWa_group","MWa","50-24-8","50-24-8","prednisolone",-4.32790214206428,-3.52123050527931,-0.806671636784968,0.806671636784968
"remove_MWa_group","MWa","50-27-1","50-27-1","estriol",-4.39794000867204,-3.74442451820887,-0.653515490463167,0.653515490463167
"remove_MWa_group","MWa","50-28-2","50-28-2","beta-estradiol",-2.38721614328026,-3.09651027967939,0.709294136399128,0.709294136399128
"remove_MWa_group","MWa","50-28-2","50-28-2","beta-estradiol",-2.01233373507373,-2.70966013931959,0.697326404245863,0.697326404245863
"remove_MWa_group","MWa","50-28-2","50-28-2","beta-estradiol",-3.52287874528034,-3.0712783906949,-0.451600354585436,0.451600354585436
"remove_MWa_group","MWa","50-28-2","50-28-2","beta-estradiol",-2.28149831113273,-2.8641563298601,0.582658018727371,0.582658018727371
"remove_MWa_group","MWa","50-28-2","50-28-2","estradiol",-1.98581560249872,-2.8641563298601,0.878340727361381,0.878340727361381
"remove_MWa_group","MWa","50-28-2","50-28-2","estradiol",-4.69680394257951,-2.79415017890122,-1.90265376367829,1.90265376367829
"remove_MWa_group","MWa","50-28-2","50-28-2","estradiol",-2.36451625318509,-2.79415017890122,0.429633925716132,0.429633925716132
"remove_MWa_group","MWa","50-28-2","50-28-2","estradiol",-2.38090666937326,-3.09651027967939,0.715603610306129,0.715603610306129
"remove_MWa_group","MWa","50-28-2","50-28-2","estradiol",-2.21324857785444,-2.70966013931959,0.496411561465153,0.496411561465153
"remove_MWa_group","MWa","50-28-2","50-28-2","estradiol",-2.49485002168009,-3.09651027967939,0.601660257999298,0.601660257999298
"remove_MWa_group","MWa","50-28-2","50-28-2","estradiol",-2.52287874528034,-3.09651027967939,0.573631534399048,0.573631534399048
"remove_MWa_group","MWa","50-28-2","50-28-2","estradiol",-2.52287874528034,-3.09149320606456,0.568614460784223,0.568614460784223
"remove_MWa_group","MWa","50-28-2","50-28-2","estradiol",-2.52287874528034,-3.09149320606456,0.568614460784223,0.568614460784223
"remove_MWa_group","MWa","50-28-2","50-28-2","estradiol",-2.08008551934057,-2.79415017890122,0.714064659560652,0.714064659560652
"remove_MWa_group","MWa","50-28-2","50-28-2","estradiol",-2.34969247686806,-2.8641563298601,0.514463852992041,0.514463852992041
"remove_MWa_group","MWa","50-28-2","50-28-2","estradiol",-2.51173374958299,-2.8641563298601,0.352422580277111,0.352422580277111
"remove_MWa_group","MWa","51-21-8","51-21-8","5-fluorouracil",-4.52574969288748,-4.21292066992278,-0.312829022964702,0.312829022964702
"remove_MWa_group","MWa","51-21-8","51-21-8","5-fluorouracil",-4.72894468964132,-4.21255460001127,-0.516390089630051,0.516390089630051
"remove_MWa_group","MWa","51-21-8","51-21-8","5-fluorouracil",-4.47108329972234,-4.21292066992278,-0.258162629799562,0.258162629799562
"remove_MWa_group","MWa","51-21-8","51-21-8","5-fluorouracil (+ - + -)",-4.46597389394386,-4.21255460001127,-0.253419293932591,0.253419293932591
"remove_MWa_group","MWa","512-69-6","512-69-6","raffinose",-4.85472588171206,-3.74152235207546,-1.1132035296366,1.1132035296366
"remove_MWa_group","MWa","512-69-6","512-69-6","raffinose",-4.29756946355447,-3.96304314725792,-0.334526316296555,0.334526316296555
"remove_MWa_group","MWa","513-85-9","513-85-9","2,3-butanediol",-4.30102999566398,-3.03400887289532,-1.26702112276866,1.26702112276866
"remove_MWa_group","MWa","51384-51-1","51384-51-1","metoprolol",-3.52461940685664,-2.64691381430165,-0.877705592554987,0.877705592554987
"remove_MWa_group","MWa","52-39-1","52-39-1","aldosterone",-4.23657200643706,-3.36846085248989,-0.868111153947166,0.868111153947166
"remove_MWa_group","MWa","52-39-1","52-39-1","aldosterone",-4.74835790885864,-3.16827553037162,-1.58008237848702,1.58008237848702
"remove_MWa_group","MWa","52-39-1","52-39-1","aldosterone",-4.30102999566398,-3.4855265477356,-0.815503447928376,0.815503447928376
"remove_MWa_group","MWa","52-39-1","52-39-1","aldosterone",-4.52287874528034,-3.42482594154605,-1.09805280373429,1.09805280373429
"remove_MWa_group","MWa","52-39-1","52-39-1","aldosterone",-4.52287874528034,-3.10177406446376,-1.42110468081658,1.42110468081658
"remove_MWa_group","MWa","52-39-1","52-39-1","aldosterone",-4.01233373507373,-2.82227535475323,-1.1900583803205,1.1900583803205
"remove_MWa_group","MWa","53-06-5","53-06-5","cortisone",-3.82390874094432,-3.21695527333502,-0.606953467609304,0.606953467609304
"remove_MWa_group","MWa","53-06-5","53-06-5","cortisone",-5,-3.45139350884801,-1.54860649115199,1.54860649115199
"remove_MWa_group","MWa","53-16-7","53-16-7","estrone",-2.44369749923271,-3.21472882032731,0.771031321094596,0.771031321094596
"remove_MWa_group","MWa","53-96-3","53-96-3","2-(acetylamino)fluorene",-1.16052197602182,-3.06865401780198,1.90813204178016,1.90813204178016
"remove_MWa_group","MWa","53-96-3","53-96-3","2-(acetylamino)fluorene",-1.10756666442663,-3.06865401780198,1.96108735337535,1.96108735337535
"remove_MWa_group","MWa","533-73-3","533-73-3","1,2,4-benzenetriol",-3.9,-2.58147501090984,-1.31852498909016,1.31852498909016
"remove_MWa_group","MWa","53535-33-4","53535-33-4","heptanol",-1.42481215507234,-1.55682208696878,0.132009931896443,0.132009931896443
"remove_MWa_group","MWa","53535-33-4","53535-33-4","heptanol",-1.49485002168009,-1.67212926485509,0.177279243175004,0.177279243175004
"remove_MWa_group","MWa","53535-33-4","53535-33-4","n-heptanol",-1.49485002168009,-1.32315622986881,-0.171693791811284,0.171693791811284
"remove_MWa_group","MWa","554-84-7","554-84-7","m-nitrophenol; 3-nitrophenol",-2.24848294855394,-2.08395420885808,-0.164528739695864,0.164528739695864
"remove_MWa_group","MWa","56-81-5","56-81-5","glycerol",-4.56863623584101,-3.39384519158118,-1.17479104425983,1.17479104425983
"remove_MWa_group","MWa","56-81-5","56-81-5","glycerol",-3.00594693641232,-3.45231437190739,0.446367435495066,0.446367435495066
"remove_MWa_group","MWa","56030-54-7","56030-54-7","sufentanil base",-1.81815641205523,-1.81156680225747,-0.00658960979776468,0.00658960979776468
"remove_MWa_group","MWa","57-13-6","57-13-6","urea",-3.82973828460504,-3.75863580313002,-0.0711024814750219,0.0711024814750219
"remove_MWa_group","MWa","57-13-6","57-13-6","urea",-3.95233580539844,-3.71591438835322,-0.23642141704522,0.23642141704522
"remove_MWa_group","MWa","57-13-6","57-13-6","urea",-3.92564441915299,-3.7679525177233,-0.15769190142969,0.15769190142969
"remove_MWa_group","MWa","57-13-6","57-13-6","urea",-3.69494112531286,-3.94756473899351,0.252623613680652,0.252623613680652
"remove_MWa_group","MWa","57-13-6","57-13-6","urea",-3.55495653854982,-3.72373283695598,0.168776298406164,0.168776298406164
"remove_MWa_group","MWa","57-13-6","57-13-6","urea",-3.5970511706556,-3.7679525177233,0.1709013470677,0.1709013470677
"remove_MWa_group","MWa","57-13-6","57-13-6","urea",-3.55720677406023,-3.7679525177233,0.21074574366307,0.21074574366307
"remove_MWa_group","MWa","57-50-1","57-50-1","sucrose",-5.0268721464003,-4.73963243893798,-0.287239707462318,0.287239707462318
"remove_MWa_group","MWa","57-50-1","57-50-1","sucrose",-5.2839966563652,-4.94652301591578,-0.337473640449422,0.337473640449422
"remove_MWa_group","MWa","57-50-1","57-50-1","sucrose",-4.76200316671127,-4.73963243893798,-0.0223707277732874,0.0223707277732874
"remove_MWa_group","MWa","57-50-1","57-50-1","sucrose",-4.26905630657226,-4.73963243893798,0.470576132365722,0.470576132365722
"remove_MWa_group","MWa","57-50-1","57-50-1","sucrose",-4.36451625318509,-4.73963243893798,0.375116185752892,0.375116185752892
"remove_MWa_group","MWa","57-50-1","57-50-1","sucrose",-3.13406733180681,-4.73963243893798,1.60556510713117,1.60556510713117
"remove_MWa_group","MWa","57-83-0","57-83-0","progesterone",-1.52287874528034,-2.28600199294953,0.763123247669187,0.763123247669187
"remove_MWa_group","MWa","57-83-0","57-83-0","progesterone",-1.70344032687277,-2.17090328557569,0.467462958702924,0.467462958702924
"remove_MWa_group","MWa","57-83-0","57-83-0","progesterone",-1.88605664769316,-2.45871903879133,0.572662391098168,0.572662391098168
"remove_MWa_group","MWa","57-83-0","57-83-0","progesterone",-1.69897000433602,-2.56603919499198,0.867069190655964,0.867069190655964
"remove_MWa_group","MWa","57-83-0","57-83-0","progesterone",-2.82390874094432,-2.43567580793408,-0.388232933010245,0.388232933010245
"remove_MWa_group","MWa","58-08-2","58-08-2","caffeine",-3.80687540164554,-3.48417840602013,-0.32269699562541,0.32269699562541
"remove_MWa_group","MWa","58-08-2","58-08-2","caffeine",-4.58586563707645,-3.66008825780363,-0.925777379272823,0.925777379272823
"remove_MWa_group","MWa","58-08-2","58-08-2","caffeine",-1.60220380347052,-3.61548899285523,2.01328518938471,2.01328518938471
"remove_MWa_group","MWa","58-08-2","58-08-2","caffeine",-2.60631808276205,-3.61548899285523,1.00917091009318,1.00917091009318
"remove_MWa_group","MWa","58-08-2","58-08-2","caffeine",-4.15490195998574,-3.61769487549596,-0.537207084489779,0.537207084489779
"remove_MWa_group","MWa","58-08-2","58-08-2","caffeine",-3.69897000433602,-3.61553218051507,-0.083437823820955,0.083437823820955
"remove_MWa_group","MWa","58-22-0","58-22-0","testosterone",-2.0571655062299,-2.44817545524192,0.391009949012023,0.391009949012023
"remove_MWa_group","MWa","58-22-0","58-22-0","testosterone",-2.04694894237348,-2.34554064871657,0.298591706343085,0.298591706343085
"remove_MWa_group","MWa","58-22-0","58-22-0","testosterone",-1.64633962279966,-2.47273577129497,0.826396148495308,0.826396148495308
"remove_MWa_group","MWa","58-22-0","58-22-0","testosterone",-1.41570671752568,-2.41445854097473,0.998751823449052,0.998751823449052
"remove_MWa_group","MWa","58-22-0","58-22-0","testosterone",-2.27083521030723,-2.67068988944333,0.399854679136099,0.399854679136099
"remove_MWa_group","MWa","58-22-0","58-22-0","testosterone",-2.38875983135141,-2.32982870831228,-0.0589311230391334,0.0589311230391334
"remove_MWa_group","MWa","58-22-0","58-22-0","testosterone",-2.65757731917779,-2.60553168293766,-0.0520456362401296,0.0520456362401296
"remove_MWa_group","MWa","58-22-0","58-22-0","testosterone",-2.65757731917779,-2.59801606257238,-0.0595612566054049,0.0595612566054049
"remove_MWa_group","MWa","58-22-0","58-22-0","testosterone",-2.65757731917779,-2.59801606257238,-0.0595612566054049,0.0595612566054049
"remove_MWa_group","MWa","58-22-0","58-22-0","testosterone",-3.39794000867204,-2.57659154263494,-0.821348466037102,0.821348466037102
"remove_MWa_group","MWa","58-22-0","58-22-0","testosterone",-3.06752623532285,-2.60553168293766,-0.46199455238519,0.46199455238519
"remove_MWa_group","MWa","58-22-0","58-22-0","testosterone",-2.13194363817696,-2.34554064871657,0.213597010539605,0.213597010539605
"remove_MWa_group","MWa","58-54-8","58-54-8","ethacrynic acid",-3.82390874094432,-2.41694924845932,-1.406959492485,1.406959492485
"remove_MWa_group","MWa","59-05-2","59-05-2","methotrexate",-3.40160112979023,-4.22926497446166,0.827663844671425,0.827663844671425
"remove_MWa_group","MWa","59-50-7","59-50-7","chlorocresol",-1.26406804435028,-1.56670589670602,0.302637852355735,0.302637852355735
"remove_MWa_group","MWa","59-50-7","59-50-7","chlorocresol",-1.65255620893436,-1.48272518118014,-0.169831027754217,0.169831027754217
"remove_MWa_group","MWa","60-12-8","60-12-8","2-phenylethanol",-1.25963731050576,-1.74332431771813,0.48368700721237,0.48368700721237
"remove_MWa_group","MWa","60-12-8","60-12-8","2-phenylethanol",-2.11527250510331,-2.00195198771548,-0.113320517387826,0.113320517387826
"remove_MWa_group","MWa","610-81-1","610-81-1","4-amino-3-nitrophenol",-2.1297393876227,-2.46092076188537,0.331181374262673,0.331181374262673
"remove_MWa_group","MWa","610-81-1","610-81-1","4-amino-3-nitrophenol",-2.26671923730847,-2.46092076188537,0.194201524576903,0.194201524576903
"remove_MWa_group","MWa","614-18-6","614-18-6","nicotinate, ethyl",-3.10790539730952,-1.71541084544664,-1.39249455186288,1.39249455186288
"remove_MWa_group","MWa","614-18-6","614-18-6","nicotinate, ethyl",-3.08618614761628,-1.72231078461033,-1.36387536300595,1.36387536300595
"remove_MWa_group","MWa","623-05-2","623-05-2","4-hydroxybenzyl alcohol",-2.69897000433602,-2.51658007518466,-0.18238992915136,0.18238992915136
"remove_MWa_group","MWa","63-36-5","63-36-5","salicylate",-3.96686900819185,-2.368793824993,-1.59807518319885,1.59807518319885
"remove_MWa_group","MWa","64-17-5","64-17-5","ethanol",-2.72124639904717,-2.88529683249811,0.164050433450944,0.164050433450944
"remove_MWa_group","MWa","64-17-5","64-17-5","ethanol",-3.09691001300806,-2.84082682037637,-0.256083192631692,0.256083192631692
"remove_MWa_group","MWa","64-17-5","64-17-5","ethanol",-3.09691001300806,-3.11206965823059,0.0151596452225276,0.0151596452225276
"remove_MWa_group","MWa","64-19-7","64-19-7","acetic acid",-2.77786589964853,-2.64170853411997,-0.13615736552856,0.13615736552856
"remove_MWa_group","MWa","64-85-7","64-85-7","cortexone",-3.34678748622466,-2.41925157104041,-0.92753591518425,0.92753591518425
"remove_MWa_group","MWa","65-85-0","65-85-0","benzoic acid",-2.11918640771921,-2.10588918188119,-0.0132972258380195,0.0132972258380195
"remove_MWa_group","MWa","65-85-0","65-85-0","benzoic acid",-1.50863830616573,-2.02556337812421,0.516925071958482,0.516925071958482
"remove_MWa_group","MWa","65-85-0","65-85-0","benzoic acid",-1.50863830616573,-2.02556337812421,0.516925071958482,0.516925071958482
"remove_MWa_group","MWa","66-27-3","66-27-3","methyl methanesulfonate",-1.91205408690953,-2.40662451107943,0.494570424169901,0.494570424169901
"remove_MWa_group","MWa","66-27-3","66-27-3","methyl methanesulfonate",-2.06776764179179,-2.40662451107943,0.338856869287641,0.338856869287641
"remove_MWa_group","MWa","6677-98-1","6677-98-1","hydrocortisone-21-propionate",-2.46852108295775,-2.96683147912985,0.498310396172101,0.498310396172101
"remove_MWa_group","MWa","67-56-1","67-56-1","methanol",-3.30102999566398,-3.0296980642612,-0.271331931402784,0.271331931402784
"remove_MWa_group","MWa","67-56-1","67-56-1","methanol",-3.30102999566398,-3.28452699621826,-0.0165029994457182,0.0165029994457182
"remove_MWa_group","MWa","67-56-1","67-56-1","methanol",-2.79588001734407,-3.16941450418414,0.373534486840067,0.373534486840067
"remove_MWa_group","MWa","68-96-2","68-96-2","17-alfa-hydroxyprogesterone",-3.22184874961636,-3.62301311730861,0.40116436769225,0.40116436769225
"remove_MWa_group","MWa","69-29-7","69-29-7","ethyl ether",-1.79588001734408,-2.29199090321463,0.496110885870554,0.496110885870554
"remove_MWa_group","MWa","69-65-8","69-65-8","mannitol",-4.72681868815271,-4.41457847813054,-0.312240210022169,0.312240210022169
"remove_MWa_group","MWa","69-65-8","69-65-8","mannitol",-4,-5.03451569409357,1.03451569409357,1.03451569409357
"remove_MWa_group","MWa","69-65-8","69-65-8","mannitol",-4.68257958814785,-4.29238986455539,-0.390189723592463,0.390189723592463
"remove_MWa_group","MWa","69-65-8","69-65-8","mannitol",-4.45692576496647,-4.29238986455539,-0.164535900411082,0.164535900411082
"remove_MWa_group","MWa","69-65-8","69-65-8","mannitol",-4.77257756999574,-5.00975641579704,0.2371788458013,0.2371788458013
"remove_MWa_group","MWa","69-65-8","69-65-8","mannitol",-4.43830246734601,-4.29238986455539,-0.145912602790623,0.145912602790623
"remove_MWa_group","MWa","69-65-8","69-65-8","mannitol",-4.18810341360238,-5.10162598068019,0.913522567077814,0.913522567077814
"remove_MWa_group","MWa","69-65-8","69-65-8","mannitol",-4.00436480540245,-4.83483525334662,0.830470447944165,0.830470447944165
"remove_MWa_group","MWa","69-65-8","69-65-8","mannitol",-3.97265039222524,-5.14828109326367,1.17563070103843,1.17563070103843
"remove_MWa_group","MWa","69-65-8","69-65-8","mannitol",-3.1536628878702,-4.29238986455539,1.13872697668519,1.13872697668519
"remove_MWa_group","MWa","69-72-7","69-72-7","salicylic acid",-3.03151705144606,-2.17216762114575,-0.859349430300307,0.859349430300307
"remove_MWa_group","MWa","69-72-7","69-72-7","salicylic acid",-1.34678748622466,-2.14880662628627,0.802019140061609,0.802019140061609
"remove_MWa_group","MWa","71-23-8","71-23-8","n-propanol",-2.92081875395238,-2.61644883665111,-0.304369917301267,0.304369917301267
"remove_MWa_group","MWa","71-23-8","71-23-8","propanol",-2.76955107862173,-2.77410767912494,0.00455660050320761,0.00455660050320761
"remove_MWa_group","MWa","71-23-8","71-23-8","propanol",-2.92081875395238,-2.88896731686048,-0.0318514370919019,0.0318514370919019
"remove_MWa_group","MWa","71-36-3","71-36-3","butanol",-2.52287874528034,-2.14194135012335,-0.380937395156989,0.380937395156989
"remove_MWa_group","MWa","71-36-3","71-36-3","butanol",-2.10237290870956,-2.03290723775474,-0.0694656709548234,0.0694656709548234
"remove_MWa_group","MWa","71-36-3","71-36-3","butanol",-2.65757731917779,-2.25278975704413,-0.404787562133659,0.404787562133659
"remove_MWa_group","MWa","71-36-3","71-36-3","butanol",-2.65757731917779,-2.25278975704413,-0.404787562133659,0.404787562133659
"remove_MWa_group","MWa","71-36-3","71-36-3","butanol",-2.60205999132796,-2.25278975704413,-0.349270234283829,0.349270234283829
"remove_MWa_group","MWa","71-36-3","71-36-3","n-butanol",-2.60205999132796,-1.98978841050294,-0.612271580825016,0.612271580825016
"remove_MWa_group","MWa","71-41-0","71-41-0","n-pentanol",-2.22184874961636,-1.76425127680891,-0.457597472807449,0.457597472807449
"remove_MWa_group","MWa","71-41-0","71-41-0","pentanol",-2.22184874961636,-2.0367466909831,-0.185102058633257,0.185102058633257
"remove_MWa_group","MWa","71-43-0","71-43-0","benzene",-0.954285941059132,-1.63108911998883,0.676803178929702,0.676803178929702
"remove_MWa_group","MWa","71-43-0","71-43-0","benzene",-0.795880017344075,-1.77310975532465,0.977229737980572,0.977229737980572
"remove_MWa_group","MWa","71-91-0","71-91-0","tetraethylammonium",-3.25387553642834,-5.62411842629715,2.37024288986881,2.37024288986881
"remove_MWa_group","MWa","71-91-0","71-91-0","tetraethylammonium bromide (+)",-3.36815053784018,-5.42012075646747,2.05197021862729,2.05197021862729
"remove_MWa_group","MWa","76-25-5","76-25-5","triamcinolone acetonide",-3.40230481407449,-3.90190798331357,0.499603169239081,0.499603169239081
"remove_MWa_group","MWa","76-25-5","76-25-5","triamcinolone acetonide",-4.70663744528855,-4.19026642382314,-0.516371021465408,0.516371021465408
"remove_MWa_group","MWa","76180-96-6","76180-96-6","3-methyl-3h-imidazo[4,5-f]quinolin-2-amine",-2.07218350508968,-3.98413491785456,1.91195141276488,1.91195141276488
"remove_MWa_group","MWa","76180-96-6","76180-96-6","3-methyl-3h-imidazo[4,5-f]quinolin-2-amine",-2.43056359552234,-3.98413491785456,1.55357132233222,1.55357132233222
"remove_MWa_group","MWa","7732-18-5","7732-18-5","water",-2.80687540164554,-3.49667356315783,0.689798161512294,0.689798161512294
"remove_MWa_group","MWa","7732-18-5","7732-18-5","water",-2.98540960554622,-3.49667356315783,0.511263957611614,0.511263957611614
"remove_MWa_group","MWa","7732-18-5","7732-18-5","water",-2.80966830182971,-3.44855918655697,0.638890884727264,0.638890884727264
"remove_MWa_group","MWa","7732-18-5","7732-18-5","water",-3.14997431819434,-3.44855918655697,0.298584868362634,0.298584868362634
"remove_MWa_group","MWa","7732-18-5","7732-18-5","water",-3.07058107428571,-3.49667356315783,0.426092488872124,0.426092488872124
"remove_MWa_group","MWa","7732-18-5","7732-18-5","water",-3.24233473501217,-3.44855918655697,0.206224451544804,0.206224451544804
"remove_MWa_group","MWa","7732-18-5","7732-18-5","water",-3.45621525646938,-3.44855918655697,-0.00765606991240597,0.00765606991240597
"remove_MWa_group","MWa","7732-18-5","7732-18-5","water",-3.27134965805094,-3.44855918655697,0.177209528506034,0.177209528506034
"remove_MWa_group","MWa","7732-18-5","7732-18-5","water",-3.15476521541715,-3.47257680704213,0.317811591624979,0.317811591624979
"remove_MWa_group","MWa","7732-18-5","7732-18-5","water",-3.52287874528034,-3.61836287429901,0.0954841290186712,0.0954841290186712
"remove_MWa_group","MWa","7732-18-5","7732-18-5","water",-3.5,-3.61836287429901,0.118362874299011,0.118362874299011
"remove_MWa_group","MWa","78-93-3","78-93-3","2-butanone",-2.34678748622466,-2.46254939376745,0.115761907542788,0.115761907542788
"remove_MWa_group","MWa","84-66-2","84-66-2","diethyl phthalate",-1.70509308939481,-1.45187136701021,-0.253221722384602,0.253221722384602
"remove_MWa_group","MWa","87-66-1","87-66-1","pyrogallol",-2.81,-2.50276246220696,-0.307237537793038,0.307237537793038
"remove_MWa_group","MWa","88-04-0","88-04-0","chloroxylenol",-1.22875360095283,-1.92932449510646,0.700570894153635,0.700570894153635
"remove_MWa_group","MWa","88-04-0","88-04-0","chloroxylenol",-1.09474395125155,-1.71373352872265,0.618989577471104,0.618989577471104
"remove_MWa_group","MWa","88-06-2","88-06-2","2,4,6-trichlorophenol",-1.23275783168158,-1.53512713866346,0.302369306981876,0.302369306981876
"remove_MWa_group","MWa","88-18-6","88-18-6","o-t-butylphenol",-1.12842706445412,-1.36056416912727,0.232137104673152,0.232137104673152
"remove_MWa_group","MWa","89-83-8","89-83-8","thymol; 2-isopropyl-5-methylphenol",-1.27607480270083,-1.55579447149004,0.27971966878921,0.27971966878921
"remove_MWa_group","MWa","89-83-8","89-83-8","thymol; 2-isopropyl-5-methylphenol",-1.21324857785444,-1.40233052109261,0.189081943238173,0.189081943238173
"remove_MWa_group","MWa","90-15-3","90-15-3","naphthol",-1.58502665202918,-1.89345290032179,0.308426248292608,0.308426248292608
"remove_MWa_group","MWa","90-15-3","90-15-3","naphthol",-1.52287874528034,-1.89345290032179,0.370574155041448,0.370574155041448
"remove_MWa_group","MWa","91-20-3","91-20-3","naphthalene",-1.55111528700206,-1.89478525216594,0.343669965163877,0.343669965163877
"remove_MWa_group","MWa","91-20-3","91-20-3","naphthalene",-1.78220214249451,-1.89478525216594,0.112583109671427,0.112583109671427
"remove_MWa_group","MWa","92-48-8","92-48-8","6-methylcoumarin",-1.18136926112576,-2.04136684917956,0.8599975880538,0.8599975880538
"remove_MWa_group","MWa","92-48-8","92-48-8","6-methylcoumarin",-1.331936361143,-2.04136684917956,0.70943048803656,0.70943048803656
"remove_MWa_group","MWa","93-60-7","93-60-7","nicotinate, methyl",-3.30980391997149,-1.99024851704543,-1.31955540292606,1.31955540292606
"remove_MWa_group","MWa","93-60-7","93-60-7","nicotinate, methyl",-3.27572413039921,-1.99400485781039,-1.28171927258882,1.28171927258882
"remove_MWa_group","MWa","937-20-2","937-20-2","2,4-dichloroacetophenone",-0.743772935647774,-2.46019718819661,1.71642425254884,1.71642425254884
"remove_MWa_group","MWa","937-20-2","937-20-2","2,4-dichloroacetophenone",-1.86052608660328,-2.46019718819661,0.59967110159333,0.59967110159333
"remove_MWa_group","MWa","94-13-3","94-13-3","propylparaben",-1.67615465544754,-1.65401851324723,-0.0221361422003132,0.0221361422003132
"remove_MWa_group","MWa","94-13-3","94-13-3","propylparaben",-1.26606734367858,-1.77796070733017,0.511893363651595,0.511893363651595
"remove_MWa_group","MWa","94-13-3","94-13-3","propylparaben",-1.20290590120029,-1.77796070733017,0.575054806129885,0.575054806129885
"remove_MWa_group","MWa","94-26-8","94-26-8","butylparaben",-0.981299501333757,-1.40951406776494,0.428214566431183,0.428214566431183
"remove_MWa_group","MWa","94-26-8","94-26-8","butylparaben",-1.15242734085789,-1.5235068132694,0.371079472411515,0.371079472411515
"remove_MWa_group","MWa","95-48-7","95-48-7","o-cresol",-1.80172783601759,-1.85192057251984,0.0501927365022454,0.0501927365022454
"remove_MWa_group","MWa","95-54-5","95-54-5","o-phenylenediamine",-3.34678748622466,-2.61566680989932,-0.731120676325342,0.731120676325342
"remove_MWa_group","MWa","95-57-8","95-57-8","o-chlorophenol",-1.48044892137827,-1.74038258289924,0.259933661520971,0.259933661520971
"remove_MWa_group","MWa","95-65-8","95-65-8","3,4-xylenol",-1.44278385671974,-1.86107123979288,0.418287383073144,0.418287383073144
"remove_MWa_group","MWa","97-00-7","97-00-7","2,4-dinitrochlorobenzene",-1.57500847696703,-2.17321020919012,0.598201732223092,0.598201732223092
"remove_MWa_group","MWa","97-00-7","97-00-7","2,4-dinitrochlorobenzene",-1.50012264373278,-2.17321020919012,0.673087565457342,0.673087565457342
"remove_MWa_group","MWa","97-53-0","97-53-0","eugenol",-1.592980675785,-1.60163979680743,0.00865912102243072,0.00865912102243072
"remove_MWa_group","MWa","97-53-0","97-53-0","eugenol",-1.555243965633,-1.60163979680743,0.0463958311744308,0.0463958311744308
"remove_MWa_group","MWa","97-54-1","97-54-1","isoeugenol",-1.74568406057766,-1.62706832167758,-0.11861573890008,0.11861573890008
"remove_MWa_group","MWa","97-54-1","97-54-1","isoeugenol",-1.41300909711301,-1.62706832167758,0.21405922456457,0.21405922456457
"remove_MWa_group","MWa","98-86-2","98-86-2","acetophenone",-1.62740828480895,-1.81865526154924,0.191246976740287,0.191246976740287
"remove_MWa_group","MWa","98-86-2","98-86-2","acetophenone",-1.56017144166374,-1.81865526154924,0.258483819885497,0.258483819885497
"remove_MWa_group","MWa","99-76-3","99-76-3","methylparaben",-1.67358220444561,-2.06604465902289,0.39246245457728,0.39246245457728
"remove_MWa_group","MWa","99-76-3","99-76-3","methylparaben",-1.96257350205938,-2.14522311695676,0.182649614897379,0.182649614897379
"remove_MWa_group","MWa","99-76-3","99-76-3","methylparaben",-2.03394335230684,-2.34815462837576,0.31421127606892,0.31421127606892
"remove_MWa_group","MWa","99-76-3","99-76-3","methylparaben",-2.07572071393812,-2.20549127700016,0.129770563062045,0.129770563062045
"remove_Mptc_group","Mptc","100-02-7","100-02-7","p-nitrophenol; 4-nitrophenol",-2.25,-2.08841509333748,-0.161584906662516,0.161584906662516
"remove_Mptc_group","Mptc","100-39-0","100-39-0","benzyl bromide",-1.54511979359646,-1.63786679713314,0.0927470035366806,0.0927470035366806
"remove_Mptc_group","Mptc","100-39-0","100-39-0","benzyl bromide",-1.89202735976865,-1.63786679713314,-0.254160562635509,0.254160562635509
"remove_Mptc_group","Mptc","100-51-6","100-51-6","benzyl alcohol",-2.22205999132796,-2.38832327143076,0.166263280102799,0.166263280102799
"remove_Mptc_group","Mptc","1002-62-6","1002-62-6","sodium caprate; decanoic acid soap (c10:0)",-2.95233580539844,-1.31202296588977,-1.64031283950867,1.64031283950867
"remove_Mptc_group","Mptc","103-11-7","103-11-7","2-ethylhexyl acrylate",-2.11289007326765,-1.46556124390565,-0.647328829361997,0.647328829361997
"remove_Mptc_group","Mptc","103-11-7","103-11-7","2-ethylhexyl acrylate",-1.82434537155519,-1.46556124390565,-0.358784127649537,0.358784127649537
"remove_Mptc_group","Mptc","104-54-1","104-54-1","cinnamyl alcohol",-1.54329916349423,-1.87775336356571,0.334454200071477,0.334454200071477
"remove_Mptc_group","Mptc","104-54-1","104-54-1","cinnamyl alcohol",-1.47890341621095,-1.87775336356571,0.398849947354757,0.398849947354757
"remove_Mptc_group","Mptc","104-85-8","104-85-8","p-tolunitrile",-1.34336049829281,-1.74750545085288,0.404144952560074,0.404144952560074
"remove_Mptc_group","Mptc","104-85-8","104-85-8","p-tolunitrile",-1.51076062352006,-1.74750545085288,0.236744827332824,0.236744827332824
"remove_Mptc_group","Mptc","10521-91-2","10521-91-2","5-phenylpentanol",-0.94692155651658,-1.49201983381601,0.545098277299433,0.545098277299433
"remove_Mptc_group","Mptc","106-24-1","106-24-1","geraniol",-0.986619380204979,-1.32066838154475,0.334049001339774,0.334049001339774
"remove_Mptc_group","Mptc","106-24-1","106-24-1","geraniol",-1.01401437058883,-1.32066838154475,0.306654010955923,0.306654010955923
"remove_Mptc_group","Mptc","106-41-3","106-41-3","p-bromophenol",-1.43951925261862,-2.02058722251234,0.581067969893716,0.581067969893716
"remove_Mptc_group","Mptc","106-44-5","106-44-5","p-cresol",-0.920818753952375,-1.72685946881517,0.80604071486279,0.80604071486279
"remove_Mptc_group","Mptc","106-44-5","106-44-5","p-cresol",-1.74875360095283,-1.99906046332736,0.250306862374533,0.250306862374533
"remove_Mptc_group","Mptc","106-48-9","106-48-9","p-chlorophenol",-1.44875360095283,-1.89523985689444,0.446486255941611,0.446486255941611
"remove_Mptc_group","Mptc","106-50-3","106-50-3","p-phenylenediamine",-3.61978875828839,-2.69960954313636,-0.920179215152025,0.920179215152025
"remove_Mptc_group","Mptc","108-39-4","108-39-4","m-cresol",-1.81172783601759,-2.0016429491138,0.189915113096215,0.189915113096215
"remove_Mptc_group","Mptc","108-46-3","108-46-3","resorcinol",-2.42023266087399,-2.57506991683239,0.154837255958399,0.154837255958399
"remove_Mptc_group","Mptc","108-46-3","108-46-3","resorcinol",-2.35642808060813,-2.57506991683239,0.218641836224259,0.218641836224259
"remove_Mptc_group","Mptc","108-46-3","108-46-3","resorcinol",-3.07,-2.47192956101956,-0.598070438980439,0.598070438980439
"remove_Mptc_group","Mptc","108-46-3","108-46-3","resorcinol; 1,3-benzenediol",-3.62291335664286,-2.73731507144891,-0.885598285193953,0.885598285193953
"remove_Mptc_group","Mptc","108-73-6","108-73-6","phloroglucinol",-2.51,-2.41646964159773,-0.0935303584022651,0.0935303584022651
"remove_Mptc_group","Mptc","108-88-3","108-88-3","toluene",-0.0809219076239261,-1.18079073213648,1.09986882451256,1.09986882451256
"remove_Mptc_group","Mptc","108-95-2","108-95-2","phenol",-2.03,-1.98814031193708,-0.0418596880629187,0.0418596880629187
"remove_Mptc_group","Mptc","108-95-2","108-95-2","phenol",-2.08907809237607,-2.21190101318345,0.122822920807375,0.122822920807375
"remove_Mptc_group","Mptc","108-95-2","108-95-2","phenol",-1.70996538863748,-1.98054499163957,0.270579603002093,0.270579603002093
"remove_Mptc_group","Mptc","108-95-2","108-95-2","phenol",-3.82792274303052,-2.27899141296101,-1.54893133006951,1.54893133006951
"remove_Mptc_group","Mptc","110-80-5","110-80-5","2-ethoxy ethanol",-3.60205999132796,-3.03336244225137,-0.568697549076592,0.568697549076592
"remove_Mptc_group","Mptc","111-27-3","111-27-3","hexanol",-1.49485002168009,-1.62613359691835,0.131283575238261,0.131283575238261
"remove_Mptc_group","Mptc","111-27-3","111-27-3","hexanol",-1.88605664769316,-1.89229685772036,0.00624021002719566,0.00624021002719566
"remove_Mptc_group","Mptc","111-27-3","111-27-3","n-hexanol",-1.88605664769316,-1.59421401343213,-0.291842634261026,0.291842634261026
"remove_Mptc_group","Mptc","111-76-2","111-76-2","butoxyethanol",-2.25698018593163,-2.47904187317122,0.222061687239591,0.222061687239591
"remove_Mptc_group","Mptc","111-87-5","111-87-5","n-octanol",-1.2839966563652,-1.2552370977225,-0.0287595586427014,0.0287595586427014
"remove_Mptc_group","Mptc","111-87-5","111-87-5","octanol",-1.0301183562535,-1.24807628626779,0.217957930014286,0.217957930014286
"remove_Mptc_group","Mptc","111-87-5","111-87-5","octanol",-1.15490195998574,-1.49881003959144,0.343908079605701,0.343908079605701
"remove_Mptc_group","Mptc","111-87-5","111-87-5","octanol",-1.2839966563652,-1.55513958638126,0.27114293001606,0.27114293001606
"remove_Mptc_group","Mptc","111-87-5","111-87-5","octanol",-1.21467016498923,-1.4287382825986,0.214068117609371,0.214068117609371
"remove_Mptc_group","Mptc","112-30-1","112-30-1","decanol",-1.833220851329,-1.09038042811628,-0.742840423212718,0.742840423212718
"remove_Mptc_group","Mptc","112-30-1","112-30-1","decanol",-1.95860731484178,-1.08988216362311,-0.868725151218669,0.868725151218669
"remove_Mptc_group","Mptc","112-30-1","112-30-1","decanol",-1.14508697769214,-1.01464398864841,-0.130442989043733,0.130442989043733
"remove_Mptc_group","Mptc","112-30-1","112-30-1","decanol",-1.04575749056068,-1.27927179924745,0.233514308686775,0.233514308686775
"remove_Mptc_group","Mptc","112-30-1","112-30-1","decanol",-1.09691001300806,-1.34691822507016,0.250008212062103,0.250008212062103
"remove_Mptc_group","Mptc","112-30-1","112-30-1","n-decanol",-1.09691001300806,-1.03025020264188,-0.0666598103661811,0.0666598103661811
"remove_Mptc_group","Mptc","112-34-5","112-34-5","diethylene glycol monobutyl ether",-2.23600035701585,-2.78581278874975,0.549812431733899,0.549812431733899
"remove_Mptc_group","Mptc","112-34-5","112-34-5","diethylene glycol monobutyl ether",-2.16688305055618,-2.78581278874975,0.618929738193569,0.618929738193569
"remove_Mptc_group","Mptc","112-80-1","112-80-1","oleic acid",-2.88605664769316,-1.41765771751571,-1.46839893017745,1.46839893017745
"remove_Mptc_group","Mptc","117-81-7","117-81-7","bis(2-ethylhexyl)phthalate",-4.09691001300806,-3.27012696736429,-0.826783045643773,0.826783045643773
"remove_Mptc_group","Mptc","119-34-6","119-34-6","4-amino-2-nitrophenol",-4.06550154875643,-2.32255549592956,-1.74294605282687,1.74294605282687
"remove_Mptc_group","Mptc","119-36-8","119-36-8","methyl salicylate",-1.44369749923271,-1.79268437598597,0.348986876753259,0.348986876753259
"remove_Mptc_group","Mptc","119-61-9","119-61-9","benzophenone",-1.24920613319746,-1.64226242538217,0.393056292184713,0.393056292184713
"remove_Mptc_group","Mptc","119-61-9","119-61-9","benzophenone",-1.13822159828622,-1.64226242538217,0.504040827095953,0.504040827095953
"remove_Mptc_group","Mptc","120-80-9","120-80-9","catechol",-2.51,-2.40795438343987,-0.102045616560126,0.102045616560126
"remove_Mptc_group","Mptc","120-83-2","120-83-2","2,4-dichlorophenol",-1.14874021557127,-1.42257464785145,0.273834432280184,0.273834432280184
"remove_Mptc_group","Mptc","120-83-2","120-83-2","2,4-dichlorophenol",-1.22136169383427,-1.73671594646328,0.515354252629006,0.515354252629006
"remove_Mptc_group","Mptc","1219-38-1","1219-38-1","octylparaben",-1.90585161784792,-1.32068383397857,-0.585167783869348,0.585167783869348
"remove_Mptc_group","Mptc","122-57-6","122-57-6","benzylideneacetone",-1.40794873077454,-1.79993393722013,0.391985206445591,0.391985206445591
"remove_Mptc_group","Mptc","122-57-6","122-57-6","benzylideneacetone",-1.11863375864077,-1.79993393722013,0.681300178579361,0.681300178579361
"remove_Mptc_group","Mptc","123-07-9 ","123-07-9 ","p-ethylphenol",-1.46278385671974,-1.77007978597795,0.307295929258209,0.307295929258209
"remove_Mptc_group","Mptc","123-31-9","123-31-9","hydroquinone",-5.0301183562535,-2.2897192612558,-2.74039909499771,2.74039909499771
"remove_Mptc_group","Mptc","123-31-9","123-31-9","hydroquinone",-1.90385139213331,-2.24085813667226,0.337006744538953,0.337006744538953
"remove_Mptc_group","Mptc","123-31-9","123-31-9","hydroquinone",-2.41644259377425,-2.24085813667226,-0.175584457101987,0.175584457101987
"remove_Mptc_group","Mptc","123-31-9","123-31-9","hydroquinone",-2.95,-2.32594779142086,-0.624052208579137,0.624052208579137
"remove_Mptc_group","Mptc","124-94-7","124-94-7","triamcinolone",-5.40011692792631,-4.18316582003273,-1.21695110789358,1.21695110789358
"remove_Mptc_group","Mptc","131-11-3","131-11-3","dimethyl phthalate",-1.55258483591006,-2.222549024896,0.669964188985943,0.669964188985943
"remove_Mptc_group","Mptc","131-11-3","131-11-3","dimethyl phthalate",-1.64782103953418,-2.222549024896,0.574727985361823,0.574727985361823
"remove_Mptc_group","Mptc","135-19-3","135-19-3","beta-naphthol; 2-naphthol",-1.5543957967264,-1.74144029530635,0.187044498579948,0.187044498579948
"remove_Mptc_group","Mptc","135-19-3","135-19-3","beta-naphthol; 2-naphthol",-1.20065945054642,-1.56909745956586,0.368438009019439,0.368438009019439
"remove_Mptc_group","Mptc","13523-86-9","13523-86-9","pindolol",-3.70333480973847,-3.34899177627404,-0.354343033464431,0.354343033464431
"remove_Mptc_group","Mptc","13655-52-2","13655-52-2","alprenolol",-2.78664164637561,-2.76982181647776,-0.0168198298978468,0.0168198298978468
"remove_Mptc_group","Mptc","137-58-6","137-58-6","lidocaine",-2.40120949323688,-2.28301242313399,-0.118197070102887,0.118197070102887
"remove_Mptc_group","Mptc","137-58-6","137-58-6","lidocaine",-2.52287874528034,-2.27543071313232,-0.24744803214802,0.24744803214802
"remove_Mptc_group","Mptc","137-58-6","137-58-6","lidocaine",-2.52287874528034,-2.27543071313232,-0.24744803214802,0.24744803214802
"remove_Mptc_group","Mptc","141-05-9","141-05-9","diethyl maleate",-1.66740097646667,-2.34733053689751,0.679929560430844,0.679929560430844
"remove_Mptc_group","Mptc","141-05-9","141-05-9","diethyl maleate",-1.58608416024509,-2.34733053689751,0.761246376652424,0.761246376652424
"remove_Mptc_group","Mptc","14199-15-6","14199-15-6","methyl 4-hydroxyphenylacetate",-1.69897000433602,-2.01268005229004,0.313710047954024,0.313710047954024
"remove_Mptc_group","Mptc","143-08-8","143-08-8","n-nonanol",-1.22184874961636,-1.13365203169494,-0.0881967179214163,0.0881967179214163
"remove_Mptc_group","Mptc","143-08-8","143-08-8","nonanol",-1.22184874961636,-1.42901742538423,0.207168675767871,0.207168675767871
"remove_Mptc_group","Mptc","14371-10-9","14371-10-9","trans-cinnamaldehyde",-1.55307871254876,-1.73477070714443,0.181691994595669,0.181691994595669
"remove_Mptc_group","Mptc","14371-10-9","14371-10-9","trans-cinnamaldehyde",-1.38433498624321,-1.73477070714443,0.350435720901219,0.350435720901219
"remove_Mptc_group","Mptc","145-13-1","145-13-1","hydroxypregnenolone",-3.22184874961636,-2.23888058022914,-0.982968169387224,0.982968169387224
"remove_Mptc_group","Mptc","145-13-1","145-13-1","pregnenolone",-2.82390874094432,-2.6448826177598,-0.17902612318452,0.17902612318452
"remove_Mptc_group","Mptc","146-72-5","146-72-5","methylglucose",-3.68026950566978,-3.90127325385379,0.221003748184013,0.221003748184013
"remove_Mptc_group","Mptc","1638-22-8","1638-22-8","p-n-butylphenol; 4-butylphenol",-1.11463877996849,-1.28412715238295,0.169488372414461,0.169488372414461
"remove_Mptc_group","Mptc","16590-41-3","16590-41-3","naltrexone",-2.6664407795091,-2.90896300098617,0.242522221477073,0.242522221477073
"remove_Mptc_group","Mptc","17194-82-0","17194-82-0","alfa-(4-hydroxyphenyl) acetamide",-3.34678748622466,-2.60420326449493,-0.742584221729733,0.742584221729733
"remove_Mptc_group","Mptc","18979-50-5","18979-50-5","4-propoxyphenol",-1.82490330536304,-1.7526496391973,-0.0722536661657391,0.0722536661657391
"remove_Mptc_group","Mptc","2152-44-5","2152-44-5","betamethasone-17-valerate",-2.88041422503822,-4.31441312781844,1.43399890278022,1.43399890278022
"remove_Mptc_group","Mptc","2203-97-6","2203-97-6","hydrocortisone-21-hemisuccinate",-3.20065945054642,-4.06891987202154,0.868260421475116,0.868260421475116
"remove_Mptc_group","Mptc","2493-02-9","2493-02-9","4-bromophenyl isocyanate",-1.84100559902551,-1.58898761900843,-0.252017980017077,0.252017980017077
"remove_Mptc_group","Mptc","2493-02-9","2493-02-9","4-bromophenyl isocyanate",-1.75134980127003,-1.58898761900843,-0.162362182261597,0.162362182261597
"remove_Mptc_group","Mptc","26839-75-8","26839-75-8","timolol",-3.57016261901271,-2.98553011568582,-0.584632503326891,0.584632503326891
"remove_Mptc_group","Mptc","26839-75-8","26839-75-8","timolol",-3.53521248035406,-2.84475409193617,-0.690458388417885,0.690458388417885
"remove_Mptc_group","Mptc","2871-01-4","2871-01-4","hc red no. 3; 2-(4-amino-2-nitroanilino)-ethanol",-1.67058885168866,-2.726614617928,1.05602576623934,1.05602576623934
"remove_Mptc_group","Mptc","2871-01-4","2871-01-4","hc red no. 3; 2-(4-amino-2-nitroanilino)-ethanol",-2.32271042397763,-2.726614617928,0.403904193950371,0.403904193950371
"remove_Mptc_group","Mptc","29122-68-7","29122-68-7","atenolol",-3.96657624451305,-3.76444277572152,-0.202133468791532,0.202133468791532
"remove_Mptc_group","Mptc","31005-02-4","31005-02-4","7-ethoxycoumarin",-0.781780143112531,-2.29383161749962,1.51205147438709,1.51205147438709
"remove_Mptc_group","Mptc","31005-02-4","31005-02-4","7-ethoxycoumarin",-0.919153916982604,-2.29383161749962,1.37467770051702,1.37467770051702
"remove_Mptc_group","Mptc","333-41-5","333-41-5","diazinon",-2.06048074738138,-2.25204452582968,0.191563778448304,0.191563778448304
"remove_Mptc_group","Mptc","3360-41-6","3360-41-6","4-phenylbutanol",-1.08092190762393,-1.64267334943129,0.561751441807363,0.561751441807363
"remove_Mptc_group","Mptc","3593-96-2","3593-96-2","hydrocortisone-21-hexanoate; hydrocortisone caproate",-2,-4.03228536463495,2.03228536463495,2.03228536463495
"remove_Mptc_group","Mptc","3930-20-9","3930-20-9","sotalol",-4.31984585826563,-3.19937226021642,-1.12047359804921,1.12047359804921
"remove_Mptc_group","Mptc","3930-20-9","3930-20-9","sotalol",-3.88598470867013,-3.19937226021642,-0.686612448453706,0.686612448453706
"remove_Mptc_group","Mptc","3930-20-9","3930-20-9","sotalol",-4.17986287404271,-3.19937226021642,-0.980490613826286,0.980490613826286
"remove_Mptc_group","Mptc","42200-33-9","42200-33-9","nadolol",-4.10127481841051,-3.6478763322784,-0.453398486132106,0.453398486132106
"remove_Mptc_group","Mptc","437-38-7","437-38-7","fentanyl base",-1.96286612872332,-2.25689249854697,0.294026369823654,0.294026369823654
"remove_Mptc_group","Mptc","463-40-1","463-40-1","linolenic acid",-2.431798275933,-1.76022207128314,-0.671576204649862,0.671576204649862
"remove_Mptc_group","Mptc","499-75-2","499-75-2","iso-thymol; carvacrol",-1.25336580106242,-1.38513494577948,0.131769144717059,0.131769144717059
"remove_Mptc_group","Mptc","50-2-2","50-2-2","dexamethasone",-4.19382002601611,-3.76976139608442,-0.424058629931686,0.424058629931686
"remove_Mptc_group","Mptc","50-22-6","50-22-6","corticosterone",-2.24178591486039,-3.13758220827701,0.895796293416619,0.895796293416619
"remove_Mptc_group","Mptc","50-22-6","50-22-6","corticosterone",-2.35454840605954,-3.13758220827701,0.783033802217469,0.783033802217469
"remove_Mptc_group","Mptc","50-22-6","50-22-6","corticosterone",-3.16494389827988,-3.19231670502727,0.0273728067473917,0.0273728067473917
"remove_Mptc_group","Mptc","50-22-6","50-22-6","corticosterone",-4,-3.41205643736728,-0.587943562632725,0.587943562632725
"remove_Mptc_group","Mptc","50-22-6","50-22-6","corticosterone",-3.33468369530231,-3.18630921988668,-0.148374475415633,0.148374475415633
"remove_Mptc_group","Mptc","50-22-6","50-22-6","corticosterone",-3.52287874528034,-3.40889873690993,-0.113980008370413,0.113980008370413
"remove_Mptc_group","Mptc","50-22-6","50-22-6","corticosterone",-3.52287874528034,-3.41547685818329,-0.107401887097053,0.107401887097053
"remove_Mptc_group","Mptc","50-22-6","50-22-6","corticosterone",-4,-3.40878296454881,-0.591217035451187,0.591217035451187
"remove_Mptc_group","Mptc","50-22-6","50-22-6","corticosterone",-3.26587485567249,-3.3691337001211,0.103258844448612,0.103258844448612
"remove_Mptc_group","Mptc","50-22-6","50-22-6","corticosterone",-2.58587485567249,-3.09177266876122,0.505897813088731,0.505897813088731
"remove_Mptc_group","Mptc","50-22-6","50-22-6","corticosterone",-4.22184874961636,-3.39482337909384,-0.827025370522516,0.827025370522516
"remove_Mptc_group","Mptc","50-22-6","50-22-6","corticosterone",-4.67571754470231,-3.41881735777739,-1.25690018692492,1.25690018692492
"remove_Mptc_group","Mptc","50-22-6","50-22-6","corticosterone",-3.23418248469008,-3.18083756731174,-0.0533449173783422,0.0533449173783422
"remove_Mptc_group","Mptc","50-23-7","50-23-7","hydrocortisone",-2.01894154396037,-3.4010374459973,1.38209590203693,1.38209590203693
"remove_Mptc_group","Mptc","50-23-7","50-23-7","hydrocortisone",-2.68163603566894,-3.4010374459973,0.719401410328361,0.719401410328361
"remove_Mptc_group","Mptc","50-23-7","50-23-7","hydrocortisone",-3.63827216398241,-3.20196449901916,-0.436307664963254,0.436307664963254
"remove_Mptc_group","Mptc","50-23-7","50-23-7","hydrocortisone",-3.63870046691906,-3.3238678174042,-0.314832649514863,0.314832649514863
"remove_Mptc_group","Mptc","50-23-7","50-23-7","hydrocortisone",-5.52287874528034,-3.55693662851922,-1.96594211676112,1.96594211676112
"remove_Mptc_group","Mptc","50-23-7","50-23-7","hydrocortisone",-5.52724355068279,-3.58431769460781,-1.94292585607498,1.94292585607498
"remove_Mptc_group","Mptc","50-24-8","50-24-8","prednisolone",-4.32790214206428,-3.55907942489791,-0.76882271716637,0.76882271716637
"remove_Mptc_group","Mptc","50-27-1","50-27-1","estriol",-4.39794000867204,-2.76758743257862,-1.63035257609342,1.63035257609342
"remove_Mptc_group","Mptc","50-28-2","50-28-2","beta-estradiol",-2.38721614328026,-2.42203706339348,0.0348209201132166,0.0348209201132166
"remove_Mptc_group","Mptc","50-28-2","50-28-2","beta-estradiol",-2.01233373507373,-2.08320242632264,0.0708686912489065,0.0708686912489065
"remove_Mptc_group","Mptc","50-28-2","50-28-2","beta-estradiol",-3.52287874528034,-2.39614396274442,-1.12673478253592,1.12673478253592
"remove_Mptc_group","Mptc","50-28-2","50-28-2","beta-estradiol",-2.28149831113273,-2.22113946674192,-0.0603588443908101,0.0603588443908101
"remove_Mptc_group","Mptc","50-28-2","50-28-2","estradiol",-1.98581560249872,-2.22113946674192,0.2353238642432,0.2353238642432
"remove_Mptc_group","Mptc","50-28-2","50-28-2","estradiol",-4.69680394257951,-2.1131888258039,-2.58361511677561,2.58361511677561
"remove_Mptc_group","Mptc","50-28-2","50-28-2","estradiol",-2.36451625318509,-2.1131888258039,-0.251327427381191,0.251327427381191
"remove_Mptc_group","Mptc","50-28-2","50-28-2","estradiol",-2.38090666937326,-2.42203706339348,0.0411303940202168,0.0411303940202168
"remove_Mptc_group","Mptc","50-28-2","50-28-2","estradiol",-2.21324857785444,-2.08302619662836,-0.130222381226075,0.130222381226075
"remove_Mptc_group","Mptc","50-28-2","50-28-2","estradiol",-2.49485002168009,-2.42221673787544,-0.0726332838046462,0.0726332838046462
"remove_Mptc_group","Mptc","50-28-2","50-28-2","estradiol",-2.52287874528034,-2.42203706339348,-0.100841681886863,0.100841681886863
"remove_Mptc_group","Mptc","50-28-2","50-28-2","estradiol",-2.52287874528034,-2.42044120349048,-0.102437541789858,0.102437541789858
"remove_Mptc_group","Mptc","50-28-2","50-28-2","estradiol",-2.52287874528034,-2.42044120349048,-0.102437541789858,0.102437541789858
"remove_Mptc_group","Mptc","50-28-2","50-28-2","estradiol",-2.08008551934057,-2.1131888258039,0.0331033064633286,0.0331033064633286
"remove_Mptc_group","Mptc","50-28-2","50-28-2","estradiol",-2.34969247686806,-2.22113946674192,-0.12855301012614,0.12855301012614
"remove_Mptc_group","Mptc","50-28-2","50-28-2","estradiol",-2.51173374958299,-2.22113946674192,-0.29059428284107,0.29059428284107
"remove_Mptc_group","Mptc","51-21-8","51-21-8","5-fluorouracil",-4.52574969288748,-2.79408699101082,-1.73166270187666,1.73166270187666
"remove_Mptc_group","Mptc","51-21-8","51-21-8","5-fluorouracil",-4.72894468964132,-2.79995408033894,-1.92899060930238,1.92899060930238
"remove_Mptc_group","Mptc","51-21-8","51-21-8","5-fluorouracil",-4.47108329972234,-2.79408699101082,-1.67699630871152,1.67699630871152
"remove_Mptc_group","Mptc","51-21-8","51-21-8","5-fluorouracil (+ - + -)",-4.46597389394386,-2.79995408033894,-1.66601981360492,1.66601981360492
"remove_Mptc_group","Mptc","512-69-6","512-69-6","raffinose",-4.85472588171206,-5.4071575202335,0.55243163852144,0.55243163852144
"remove_Mptc_group","Mptc","512-69-6","512-69-6","raffinose",-4.29756946355447,-5.64476338592447,1.34719392237,1.34719392237
"remove_Mptc_group","Mptc","513-85-9","513-85-9","2,3-butanediol",-4.30102999566398,-3.30453106422177,-0.996498931442205,0.996498931442205
"remove_Mptc_group","Mptc","51384-51-1","51384-51-1","metoprolol",-3.52461940685664,-3.01062117911467,-0.513998227741967,0.513998227741967
"remove_Mptc_group","Mptc","52-39-1","52-39-1","aldosterone",-4.23657200643706,-3.99017449002722,-0.246397516409835,0.246397516409835
"remove_Mptc_group","Mptc","52-39-1","52-39-1","aldosterone",-4.74835790885864,-3.7818075102205,-0.966550398638142,0.966550398638142
"remove_Mptc_group","Mptc","52-39-1","52-39-1","aldosterone",-4.30102999566398,-4.11814117776722,-0.182888817896759,0.182888817896759
"remove_Mptc_group","Mptc","52-39-1","52-39-1","aldosterone",-4.52287874528034,-4.07085404390285,-0.452024701377495,0.452024701377495
"remove_Mptc_group","Mptc","52-39-1","52-39-1","aldosterone",-4.52287874528034,-3.79232244593778,-0.73055629934256,0.73055629934256
"remove_Mptc_group","Mptc","52-39-1","52-39-1","aldosterone",-4.01233373507373,-3.46098573533969,-0.551347999734045,0.551347999734045
"remove_Mptc_group","Mptc","53-06-5","53-06-5","cortisone",-3.82390874094432,-3.39794091947701,-0.425967821467313,0.425967821467313
"remove_Mptc_group","Mptc","53-06-5","53-06-5","cortisone",-5,-3.65543494463543,-1.34456505536457,1.34456505536457
"remove_Mptc_group","Mptc","53-16-7","53-16-7","estrone",-2.44369749923271,-2.34073913809523,-0.102958361137481,0.102958361137481
"remove_Mptc_group","Mptc","53-96-3","53-96-3","2-(acetylamino)fluorene",-1.16052197602182,-2.20170959679631,1.04118762077449,1.04118762077449
"remove_Mptc_group","Mptc","53-96-3","53-96-3","2-(acetylamino)fluorene",-1.10756666442663,-2.20170959679631,1.09414293236968,1.09414293236968
"remove_Mptc_group","Mptc","533-73-3","533-73-3","1,2,4-benzenetriol",-3.9,-2.4219980182936,-1.4780019817064,1.4780019817064
"remove_Mptc_group","Mptc","53535-33-4","53535-33-4","heptanol",-1.42481215507234,-1.57249763449741,0.147685479425073,0.147685479425073
"remove_Mptc_group","Mptc","53535-33-4","53535-33-4","heptanol",-1.49485002168009,-1.69799993997714,0.203149918297054,0.203149918297054
"remove_Mptc_group","Mptc","53535-33-4","53535-33-4","n-heptanol",-1.49485002168009,-1.35668731478203,-0.13816270689806,0.13816270689806
"remove_Mptc_group","Mptc","554-84-7","554-84-7","m-nitrophenol; 3-nitrophenol",-2.24848294855394,-2.07743958406936,-0.171043364484579,0.171043364484579
"remove_Mptc_group","Mptc","56-81-5","56-81-5","glycerol",-4.56863623584101,-3.67585443677618,-0.892781799064835,0.892781799064835
"remove_Mptc_group","Mptc","56-81-5","56-81-5","glycerol",-3.00594693641232,-3.7359374532475,0.729990516835182,0.729990516835182
"remove_Mptc_group","Mptc","56030-54-7","56030-54-7","sufentanil base",-1.81815641205523,-2.96388463886177,1.14572822680654,1.14572822680654
"remove_Mptc_group","Mptc","57-13-6","57-13-6","urea",-3.82973828460504,-3.50320345305633,-0.326534831548708,0.326534831548708
"remove_Mptc_group","Mptc","57-13-6","57-13-6","urea",-3.95233580539844,-3.45254075465238,-0.499795050746064,0.499795050746064
"remove_Mptc_group","Mptc","57-13-6","57-13-6","urea",-3.92564441915299,-3.51391955647208,-0.411724862680906,0.411724862680906
"remove_Mptc_group","Mptc","57-13-6","57-13-6","urea",-3.69494112531286,-3.71491194983505,0.0199708245221886,0.0199708245221886
"remove_Mptc_group","Mptc","57-13-6","57-13-6","urea",-3.55495653854982,-3.4639332976566,-0.0910232408932239,0.0910232408932239
"remove_Mptc_group","Mptc","57-13-6","57-13-6","urea",-3.5970511706556,-3.51391955647208,-0.0831316141835159,0.0831316141835159
"remove_Mptc_group","Mptc","57-13-6","57-13-6","urea",-3.55720677406023,-3.51391955647208,-0.043287217588146,0.043287217588146
"remove_Mptc_group","Mptc","57-50-1","57-50-1","sucrose",-5.0268721464003,-4.9826886951969,-0.044183451203395,0.044183451203395
"remove_Mptc_group","Mptc","57-50-1","57-50-1","sucrose",-5.2839966563652,-5.25758765799785,-0.0264089983673479,0.0264089983673479
"remove_Mptc_group","Mptc","57-50-1","57-50-1","sucrose",-4.76200316671127,-4.9826886951969,0.220685528485635,0.220685528485635
"remove_Mptc_group","Mptc","57-50-1","57-50-1","sucrose",-4.26905630657226,-4.9826886951969,0.713632388624645,0.713632388624645
"remove_Mptc_group","Mptc","57-50-1","57-50-1","sucrose",-4.36451625318509,-4.9826886951969,0.618172442011815,0.618172442011815
"remove_Mptc_group","Mptc","57-50-1","57-50-1","sucrose",-3.13406733180681,-4.9826886951969,1.8486213633901,1.8486213633901
"remove_Mptc_group","Mptc","57-83-0","57-83-0","progesterone",-1.52287874528034,-2.61140742482568,1.08852867954534,1.08852867954534
"remove_Mptc_group","Mptc","57-83-0","57-83-0","progesterone",-1.70344032687277,-2.5225708379283,0.819130511055535,0.819130511055535
"remove_Mptc_group","Mptc","57-83-0","57-83-0","progesterone",-1.88605664769316,-2.80903428577864,0.922977638085483,0.922977638085483
"remove_Mptc_group","Mptc","57-83-0","57-83-0","progesterone",-1.69897000433602,-2.91459042936371,1.21562042502769,1.21562042502769
"remove_Mptc_group","Mptc","57-83-0","57-83-0","progesterone",-2.82390874094432,-2.78374742805574,-0.0401613128885772,0.0401613128885772
"remove_Mptc_group","Mptc","58-08-2","58-08-2","caffeine",-3.80687540164554,-2.75227061198269,-1.05460478966285,1.05460478966285
"remove_Mptc_group","Mptc","58-08-2","58-08-2","caffeine",-4.58586563707645,-2.92988460812774,-1.65598102894871,1.65598102894871
"remove_Mptc_group","Mptc","58-08-2","58-08-2","caffeine",-1.60220380347052,-2.8804772622968,1.27827345882628,1.27827345882628
"remove_Mptc_group","Mptc","58-08-2","58-08-2","caffeine",-2.60631808276205,-2.8804772622968,0.274159179534746,0.274159179534746
"remove_Mptc_group","Mptc","58-08-2","58-08-2","caffeine",-4.15490195998574,-2.89047015994569,-1.26443180004005,1.26443180004005
"remove_Mptc_group","Mptc","58-08-2","58-08-2","caffeine",-3.69897000433602,-2.87856736518087,-0.820402639155154,0.820402639155154
"remove_Mptc_group","Mptc","58-22-0","58-22-0","testosterone",-2.0571655062299,-2.48716876178877,0.430003255558868,0.430003255558868
"remove_Mptc_group","Mptc","58-22-0","58-22-0","testosterone",-2.04694894237348,-2.35097122685661,0.304022284483131,0.304022284483131
"remove_Mptc_group","Mptc","58-22-0","58-22-0","testosterone",-1.64633962279966,-2.50561687020278,0.859277247403117,0.859277247403117
"remove_Mptc_group","Mptc","58-22-0","58-22-0","testosterone",-1.41570671752568,-2.44563917427362,1.02993245674794,1.02993245674794
"remove_Mptc_group","Mptc","58-22-0","58-22-0","testosterone",-2.27083521030723,-2.6978351227932,0.426999912485966,0.426999912485966
"remove_Mptc_group","Mptc","58-22-0","58-22-0","testosterone",-2.38875983135141,-2.36446302631728,-0.0242968050341328,0.0242968050341328
"remove_Mptc_group","Mptc","58-22-0","58-22-0","testosterone",-2.65757731917779,-2.63215998229083,-0.0254173368869566,0.0254173368869566
"remove_Mptc_group","Mptc","58-22-0","58-22-0","testosterone",-2.65757731917779,-2.62489275124309,-0.0326845679347043,0.0326845679347043
"remove_Mptc_group","Mptc","58-22-0","58-22-0","testosterone",-2.65757731917779,-2.62489275124309,-0.0326845679347043,0.0326845679347043
"remove_Mptc_group","Mptc","58-22-0","58-22-0","testosterone",-3.39794000867204,-2.60447466141565,-0.793465347256393,0.793465347256393
"remove_Mptc_group","Mptc","58-22-0","58-22-0","testosterone",-3.06752623532285,-2.63215998229083,-0.435366253032017,0.435366253032017
"remove_Mptc_group","Mptc","58-22-0","58-22-0","testosterone",-2.13194363817696,-2.34771324476488,0.215769606587924,0.215769606587924
"remove_Mptc_group","Mptc","58-54-8","58-54-8","ethacrynic acid",-3.82390874094432,-2.69666462620311,-1.12724411474121,1.12724411474121
"remove_Mptc_group","Mptc","59-05-2","59-05-2","methotrexate",-3.40160112979023,-5.27756904464829,1.87596791485806,1.87596791485806
"remove_Mptc_group","Mptc","59-50-7","59-50-7","chlorocresol",-1.26406804435028,-1.62263643459333,0.358568390243053,0.358568390243053
"remove_Mptc_group","Mptc","59-50-7","59-50-7","chlorocresol",-1.65255620893436,-1.52800468629878,-0.12455152263558,0.12455152263558
"remove_Mptc_group","Mptc","60-12-8","60-12-8","2-phenylethanol",-1.25963731050576,-1.99104228496017,0.731404974454408,0.731404974454408
"remove_Mptc_group","Mptc","60-12-8","60-12-8","2-phenylethanol",-2.11527250510331,-2.26414937124984,0.148876866146533,0.148876866146533
"remove_Mptc_group","Mptc","610-81-1","610-81-1","4-amino-3-nitrophenol",-2.1297393876227,-2.18261367779048,0.0528742901677801,0.0528742901677801
"remove_Mptc_group","Mptc","610-81-1","610-81-1","4-amino-3-nitrophenol",-2.26671923730847,-2.18261367779048,-0.0841055595179898,0.0841055595179898
"remove_Mptc_group","Mptc","614-18-6","614-18-6","nicotinate, ethyl",-3.10790539730952,-2.07214396002254,-1.03576143728698,1.03576143728698
"remove_Mptc_group","Mptc","614-18-6","614-18-6","nicotinate, ethyl",-3.08618614761628,-2.08566376252398,-1.0005223850923,1.0005223850923
"remove_Mptc_group","Mptc","623-05-2","623-05-2","4-hydroxybenzyl alcohol",-2.69897000433602,-2.32057765436679,-0.378392349969229,0.378392349969229
"remove_Mptc_group","Mptc","63-36-5","63-36-5","salicylate",-3.96686900819185,-2.10933837613309,-1.85753063205876,1.85753063205876
"remove_Mptc_group","Mptc","64-17-5","64-17-5","ethanol",-2.72124639904717,-2.92877070304945,0.207524304002282,0.207524304002282
"remove_Mptc_group","Mptc","64-17-5","64-17-5","ethanol",-3.09691001300806,-2.88031354620508,-0.216596466802978,0.216596466802978
"remove_Mptc_group","Mptc","64-17-5","64-17-5","ethanol",-3.09691001300806,-3.17576574143957,0.0788557284315092,0.0788557284315092
"remove_Mptc_group","Mptc","64-19-7","64-19-7","acetic acid",-2.77786589964853,-2.85760112518933,0.0797352255407988,0.0797352255407988
"remove_Mptc_group","Mptc","64-85-7","64-85-7","cortexone",-3.34678748622466,-2.882569046935,-0.464218439289658,0.464218439289658
"remove_Mptc_group","Mptc","65-85-0","65-85-0","benzoic acid",-2.11918640771921,-1.81445524668731,-0.304731161031901,0.304731161031901
"remove_Mptc_group","Mptc","65-85-0","65-85-0","benzoic acid",-1.50863830616573,-1.73495915425288,0.226320848087146,0.226320848087146
"remove_Mptc_group","Mptc","65-85-0","65-85-0","benzoic acid",-1.50863830616573,-1.73495915425288,0.226320848087146,0.226320848087146
"remove_Mptc_group","Mptc","66-27-3","66-27-3","methyl methanesulfonate",-1.91205408690953,-2.70608701697943,0.794032930069899,0.794032930069899
"remove_Mptc_group","Mptc","66-27-3","66-27-3","methyl methanesulfonate",-2.06776764179179,-2.70608701697943,0.638319375187639,0.638319375187639
"remove_Mptc_group","Mptc","6677-98-1","6677-98-1","hydrocortisone-21-propionate",-2.46852108295775,-3.71517876369133,1.24665768073358,1.24665768073358
"remove_Mptc_group","Mptc","67-56-1","67-56-1","methanol",-3.30102999566398,-3.13906329081551,-0.161966704848467,0.161966704848467
"remove_Mptc_group","Mptc","67-56-1","67-56-1","methanol",-3.30102999566398,-3.41864802934859,0.117618033684608,0.117618033684608
"remove_Mptc_group","Mptc","67-56-1","67-56-1","methanol",-2.79588001734407,-3.29286966827967,0.496989650935602,0.496989650935602
"remove_Mptc_group","Mptc","68-96-2","68-96-2","17-alfa-hydroxyprogesterone",-3.22184874961636,-3.35723946556381,0.135390715947447,0.135390715947447
"remove_Mptc_group","Mptc","69-29-7","69-29-7","ethyl ether",-1.79588001734408,-2.24306453713787,0.447184519793792,0.447184519793792
"remove_Mptc_group","Mptc","69-65-8","69-65-8","mannitol",-4.72681868815271,-4.23106843881191,-0.495750249340795,0.495750249340795
"remove_Mptc_group","Mptc","69-65-8","69-65-8","mannitol",-4,-4.8519245730165,0.851924573016501,0.851924573016501
"remove_Mptc_group","Mptc","69-65-8","69-65-8","mannitol",-4.68257958814785,-4.09993465041201,-0.582644937735841,0.582644937735841
"remove_Mptc_group","Mptc","69-65-8","69-65-8","mannitol",-4.45692576496647,-4.10047675553218,-0.35644900943429,0.35644900943429
"remove_Mptc_group","Mptc","69-65-8","69-65-8","mannitol",-4.77257756999574,-4.82544608983709,0.052868519841347,0.052868519841347
"remove_Mptc_group","Mptc","69-65-8","69-65-8","mannitol",-4.43830246734601,-4.10047675553218,-0.337825711813831,0.337825711813831
"remove_Mptc_group","Mptc","69-65-8","69-65-8","mannitol",-4.18810341360238,-4.92430510525948,0.736201691657102,0.736201691657102
"remove_Mptc_group","Mptc","69-65-8","69-65-8","mannitol",-4.00436480540245,-4.6349773489696,0.630612543567153,0.630612543567153
"remove_Mptc_group","Mptc","69-65-8","69-65-8","mannitol",-3.97265039222524,-4.97429171588699,1.00164132366175,1.00164132366175
"remove_Mptc_group","Mptc","69-65-8","69-65-8","mannitol",-3.1536628878702,-4.09993465041201,0.946271762541809,0.946271762541809
"remove_Mptc_group","Mptc","69-72-7","69-72-7","salicylic acid",-3.03151705144606,-1.65721287335644,-1.37430417808962,1.37430417808962
"remove_Mptc_group","Mptc","69-72-7","69-72-7","salicylic acid",-1.34678748622466,-1.66943690123972,0.322649415015057,0.322649415015057
"remove_Mptc_group","Mptc","71-23-8","71-23-8","n-propanol",-2.92081875395238,-2.61190461602771,-0.308914137924668,0.308914137924668
"remove_Mptc_group","Mptc","71-23-8","71-23-8","propanol",-2.76955107862173,-2.78324076267328,0.0136896840515468,0.0136896840515468
"remove_Mptc_group","Mptc","71-23-8","71-23-8","propanol",-2.92081875395238,-2.90817765962095,-0.012641094331431,0.012641094331431
"remove_Mptc_group","Mptc","71-36-3","71-36-3","butanol",-2.52287874528034,-2.26693043102778,-0.255948314252563,0.255948314252563
"remove_Mptc_group","Mptc","71-36-3","71-36-3","butanol",-2.10237290870956,-2.14690824876069,0.0445353400511337,0.0445353400511337
"remove_Mptc_group","Mptc","71-36-3","71-36-3","butanol",-2.65757731917779,-2.38894974599669,-0.268627573181101,0.268627573181101
"remove_Mptc_group","Mptc","71-36-3","71-36-3","butanol",-2.65757731917779,-2.38901258965117,-0.268564729526617,0.268564729526617
"remove_Mptc_group","Mptc","71-36-3","71-36-3","butanol",-2.60205999132796,-2.38894974599669,-0.213110245331271,0.213110245331271
"remove_Mptc_group","Mptc","71-36-3","71-36-3","n-butanol",-2.60205999132796,-2.09950690317079,-0.502553088157169,0.502553088157169
"remove_Mptc_group","Mptc","71-41-0","71-41-0","n-pentanol",-2.22184874961636,-1.83880032697257,-0.383048422643788,0.383048422643788
"remove_Mptc_group","Mptc","71-41-0","71-41-0","pentanol",-2.22184874961636,-2.13581517169204,-0.08603357792432,0.08603357792432
"remove_Mptc_group","Mptc","71-43-0","71-43-0","benzene",-0.954285941059132,-1.48816251301813,0.533876571959001,0.533876571959001
"remove_Mptc_group","Mptc","71-43-0","71-43-0","benzene",-0.795880017344075,-1.64107261698286,0.845192599638787,0.845192599638787
"remove_Mptc_group","Mptc","71-91-0","71-91-0","tetraethylammonium",-3.25387553642834,-4.20034301278115,0.946467476352813,0.946467476352813
"remove_Mptc_group","Mptc","71-91-0","71-91-0","tetraethylammonium bromide (+)",-3.36815053784018,-3.96044586484886,0.592295327008679,0.592295327008679
"remove_Mptc_group","Mptc","76-25-5","76-25-5","triamcinolone acetonide",-3.40230481407449,-3.89663479510983,0.494329981035341,0.494329981035341
"remove_Mptc_group","Mptc","76-25-5","76-25-5","triamcinolone acetonide",-4.70663744528855,-4.20540695283258,-0.501230492455973,0.501230492455973
"remove_Mptc_group","Mptc","76180-96-6","76180-96-6","3-methyl-3h-imidazo[4,5-f]quinolin-2-amine",-2.07218350508968,-2.26465675995223,0.192473254862549,0.192473254862549
"remove_Mptc_group","Mptc","76180-96-6","76180-96-6","3-methyl-3h-imidazo[4,5-f]quinolin-2-amine",-2.43056359552234,-2.26465675995223,-0.165906835570111,0.165906835570111
"remove_Mptc_group","Mptc","7732-18-5","7732-18-5","water",-2.80687540164554,-3.8885139790327,1.08163857738716,1.08163857738716
"remove_Mptc_group","Mptc","7732-18-5","7732-18-5","water",-2.98540960554622,-3.8885139790327,0.903104373486484,0.903104373486484
"remove_Mptc_group","Mptc","7732-18-5","7732-18-5","water",-2.80966830182971,-3.83560654473329,1.02593824290358,1.02593824290358
"remove_Mptc_group","Mptc","7732-18-5","7732-18-5","water",-3.14997431819434,-3.83560518543268,0.685630867238343,0.685630867238343
"remove_Mptc_group","Mptc","7732-18-5","7732-18-5","water",-3.07058107428571,-3.8885139790327,0.817932904746994,0.817932904746994
"remove_Mptc_group","Mptc","7732-18-5","7732-18-5","water",-3.24233473501217,-3.83560654473329,0.593271809721116,0.593271809721116
"remove_Mptc_group","Mptc","7732-18-5","7732-18-5","water",-3.45621525646938,-3.83560654473329,0.379391288263906,0.379391288263906
"remove_Mptc_group","Mptc","7732-18-5","7732-18-5","water",-3.27134965805094,-3.83560654473329,0.564256886682347,0.564256886682347
"remove_Mptc_group","Mptc","7732-18-5","7732-18-5","water",-3.15476521541715,-3.86201675240132,0.707251536984169,0.707251536984169
"remove_Mptc_group","Mptc","7732-18-5","7732-18-5","water",-3.52287874528034,-4.02232573528911,0.499446990008772,0.499446990008772
"remove_Mptc_group","Mptc","7732-18-5","7732-18-5","water",-3.5,-4.02232573528911,0.522325735289112,0.522325735289112
"remove_Mptc_group","Mptc","78-93-3","78-93-3","2-butanone",-2.34678748622466,-2.61507997610523,0.268292489880572,0.268292489880572
"remove_Mptc_group","Mptc","84-66-2","84-66-2","diethyl phthalate",-1.70509308939481,-1.96556179416578,0.260468704770973,0.260468704770973
"remove_Mptc_group","Mptc","87-66-1","87-66-1","pyrogallol",-2.81,-2.376059069291,-0.433940930708999,0.433940930708999
"remove_Mptc_group","Mptc","88-04-0","88-04-0","chloroxylenol",-1.22875360095283,-1.57380085195016,0.345047250997332,0.345047250997332
"remove_Mptc_group","Mptc","88-04-0","88-04-0","chloroxylenol",-1.09474395125155,-1.39241386047629,0.297669909224736,0.297669909224736
"remove_Mptc_group","Mptc","88-06-2","88-06-2","2,4,6-trichlorophenol",-1.23275783168158,-1.71739463781027,0.484636806128689,0.484636806128689
"remove_Mptc_group","Mptc","88-18-6","88-18-6","o-t-butylphenol",-1.12842706445412,-1.42197588928195,0.293548824827827,0.293548824827827
"remove_Mptc_group","Mptc","89-83-8","89-83-8","thymol; 2-isopropyl-5-methylphenol",-1.27607480270083,-1.5605385491977,0.284463746496867,0.284463746496867
"remove_Mptc_group","Mptc","89-83-8","89-83-8","thymol; 2-isopropyl-5-methylphenol",-1.21324857785444,-1.3853972803727,0.172148702518258,0.172148702518258
"remove_Mptc_group","Mptc","90-15-3","90-15-3","naphthol",-1.58502665202918,-1.68941871023603,0.104392058206851,0.104392058206851
"remove_Mptc_group","Mptc","90-15-3","90-15-3","naphthol",-1.52287874528034,-1.68941871023603,0.166539964955691,0.166539964955691
"remove_Mptc_group","Mptc","91-20-3","91-20-3","naphthalene",-1.55111528700206,-1.22775008022337,-0.323365206778691,0.323365206778691
"remove_Mptc_group","Mptc","91-20-3","91-20-3","naphthalene",-1.78220214249451,-1.22775008022337,-0.554452062271141,0.554452062271141
"remove_Mptc_group","Mptc","92-48-8","92-48-8","6-methylcoumarin",-1.18136926112576,-2.24962122557843,1.06825196445267,1.06825196445267
"remove_Mptc_group","Mptc","92-48-8","92-48-8","6-methylcoumarin",-1.331936361143,-2.24962122557843,0.917684864435435,0.917684864435435
"remove_Mptc_group","Mptc","93-60-7","93-60-7","nicotinate, methyl",-3.30980391997149,-2.2406834242106,-1.06912049576089,1.06912049576089
"remove_Mptc_group","Mptc","93-60-7","93-60-7","nicotinate, methyl",-3.27572413039921,-2.24828182142914,-1.02744230897007,1.02744230897007
"remove_Mptc_group","Mptc","937-20-2","937-20-2","2,4-dichloroacetophenone",-0.743772935647774,-2.35193978815452,1.60816685250675,1.60816685250675
"remove_Mptc_group","Mptc","937-20-2","937-20-2","2,4-dichloroacetophenone",-1.86052608660328,-2.35193978815452,0.491413701551243,0.491413701551243
"remove_Mptc_group","Mptc","94-13-3","94-13-3","propylparaben",-1.67615465544754,-1.58051678966353,-0.0956378657840129,0.0956378657840129
"remove_Mptc_group","Mptc","94-13-3","94-13-3","propylparaben",-1.26606734367858,-1.70314158000619,0.43707423632761,0.43707423632761
"remove_Mptc_group","Mptc","94-13-3","94-13-3","propylparaben",-1.20290590120029,-1.70314158000619,0.5002356788059,0.5002356788059
"remove_Mptc_group","Mptc","94-26-8","94-26-8","butylparaben",-0.981299501333757,-1.44123639018472,0.459936888850959,0.459936888850959
"remove_Mptc_group","Mptc","94-26-8","94-26-8","butylparaben",-1.15242734085789,-1.56105414670083,0.408626805842937,0.408626805842937
"remove_Mptc_group","Mptc","95-48-7","95-48-7","o-cresol",-1.80172783601759,-2.00559887047278,0.203871034455188,0.203871034455188
"remove_Mptc_group","Mptc","95-54-5","95-54-5","o-phenylenediamine",-3.34678748622466,-2.5378277221653,-0.808959764059357,0.808959764059357
"remove_Mptc_group","Mptc","95-57-8","95-57-8","o-chlorophenol",-1.48044892137827,-1.99398900397234,0.513540082594073,0.513540082594073
"remove_Mptc_group","Mptc","95-65-8","95-65-8","3,4-xylenol",-1.44278385671974,-1.86158362978491,0.418799773065167,0.418799773065167
"remove_Mptc_group","Mptc","97-00-7","97-00-7","2,4-dinitrochlorobenzene",-1.57500847696703,-2.23691646840781,0.66190799144078,0.66190799144078
"remove_Mptc_group","Mptc","97-00-7","97-00-7","2,4-dinitrochlorobenzene",-1.50012264373278,-2.23691646840781,0.73679382467503,0.73679382467503
"remove_Mptc_group","Mptc","97-53-0","97-53-0","eugenol",-1.592980675785,-1.87603204452683,0.28305136874183,0.28305136874183
"remove_Mptc_group","Mptc","97-53-0","97-53-0","eugenol",-1.555243965633,-1.87603204452683,0.32078807889383,0.32078807889383
"remove_Mptc_group","Mptc","97-54-1","97-54-1","isoeugenol",-1.74568406057766,-1.81021960990724,0.0645355493295785,0.0645355493295785
"remove_Mptc_group","Mptc","97-54-1","97-54-1","isoeugenol",-1.41300909711301,-1.81021960990724,0.397210512794228,0.397210512794228
"remove_Mptc_group","Mptc","98-86-2","98-86-2","acetophenone",-1.62740828480895,-1.94065691731906,0.313248632510106,0.313248632510106
"remove_Mptc_group","Mptc","98-86-2","98-86-2","acetophenone",-1.56017144166374,-1.94065691731906,0.380485475655316,0.380485475655316
"remove_Mptc_group","Mptc","99-76-3","99-76-3","methylparaben",-1.67358220444561,-1.81289650287311,0.139314298427498,0.139314298427498
"remove_Mptc_group","Mptc","99-76-3","99-76-3","methylparaben",-1.96257350205938,-1.9000777553272,-0.0624957467321814,0.0624957467321814
"remove_Mptc_group","Mptc","99-76-3","99-76-3","methylparaben",-2.03394335230684,-2.10274954782744,0.0688061955206005,0.0688061955206005
"remove_Mptc_group","Mptc","99-76-3","99-76-3","methylparaben",-2.07572071393812,-1.93461259060848,-0.141108123329643,0.141108123329643
"remove_LogSaqd_group","LogSaqd","100-02-7","100-02-7","p-nitrophenol; 4-nitrophenol",-2.25,-2.03907382119748,-0.21092617880252,0.21092617880252
"remove_LogSaqd_group","LogSaqd","100-39-0","100-39-0","benzyl bromide",-1.54511979359646,-2.00406131991998,0.45894152632352,0.45894152632352
"remove_LogSaqd_group","LogSaqd","100-39-0","100-39-0","benzyl bromide",-1.89202735976865,-2.00406131991998,0.112033960151329,0.112033960151329
"remove_LogSaqd_group","LogSaqd","100-51-6","100-51-6","benzyl alcohol",-2.22205999132796,-2.00016598807252,-0.221894003255438,0.221894003255438
"remove_LogSaqd_group","LogSaqd","1002-62-6","1002-62-6","sodium caprate; decanoic acid soap (c10:0)",-2.95233580539844,-1.55181139004127,-1.40052441535717,1.40052441535717
"remove_LogSaqd_group","LogSaqd","103-11-7","103-11-7","2-ethylhexyl acrylate",-2.11289007326765,-2.3666371533184,0.253747080050745,0.253747080050745
"remove_LogSaqd_group","LogSaqd","103-11-7","103-11-7","2-ethylhexyl acrylate",-1.82434537155519,-2.3666371533184,0.542291781763205,0.542291781763205
"remove_LogSaqd_group","LogSaqd","104-54-1","104-54-1","cinnamyl alcohol",-1.54329916349423,-2.15820946751811,0.614910304023882,0.614910304023882
"remove_LogSaqd_group","LogSaqd","104-54-1","104-54-1","cinnamyl alcohol",-1.47890341621095,-2.15820946751811,0.679306051307162,0.679306051307162
"remove_LogSaqd_group","LogSaqd","104-85-8","104-85-8","p-tolunitrile",-1.34336049829281,-2.2219924570111,0.878631958718294,0.878631958718294
"remove_LogSaqd_group","LogSaqd","104-85-8","104-85-8","p-tolunitrile",-1.51076062352006,-2.2219924570111,0.711231833491044,0.711231833491044
"remove_LogSaqd_group","LogSaqd","10521-91-2","10521-91-2","5-phenylpentanol",-0.94692155651658,-1.8912710919965,0.944349535479917,0.944349535479917
"remove_LogSaqd_group","LogSaqd","106-24-1","106-24-1","geraniol",-0.986619380204979,-2.01604094017494,1.02942155996996,1.02942155996996
"remove_LogSaqd_group","LogSaqd","106-24-1","106-24-1","geraniol",-1.01401437058883,-2.01604094017494,1.00202656958611,1.00202656958611
"remove_LogSaqd_group","LogSaqd","106-41-3","106-41-3","p-bromophenol",-1.43951925261862,-1.64290218193072,0.203382929312102,0.203382929312102
"remove_LogSaqd_group","LogSaqd","106-44-5","106-44-5","p-cresol",-0.920818753952375,-1.63110884620599,0.710290092253611,0.710290092253611
"remove_LogSaqd_group","LogSaqd","106-44-5","106-44-5","p-cresol",-1.74875360095283,-1.74289348987329,-0.00586011107954487,0.00586011107954487
"remove_LogSaqd_group","LogSaqd","106-48-9","106-48-9","p-chlorophenol",-1.44875360095283,-1.54066675317012,0.0919131522172871,0.0919131522172871
"remove_LogSaqd_group","LogSaqd","106-50-3","106-50-3","p-phenylenediamine",-3.61978875828839,-2.77405868766519,-0.845730070623204,0.845730070623204
"remove_LogSaqd_group","LogSaqd","108-39-4","108-39-4","m-cresol",-1.81172783601759,-1.69800837353632,-0.113719462481273,0.113719462481273
"remove_LogSaqd_group","LogSaqd","108-46-3","108-46-3","resorcinol",-2.42023266087399,-1.63015203854702,-0.790080622326972,0.790080622326972
"remove_LogSaqd_group","LogSaqd","108-46-3","108-46-3","resorcinol",-2.35642808060813,-1.63015203854702,-0.726276042061112,0.726276042061112
"remove_LogSaqd_group","LogSaqd","108-46-3","108-46-3","resorcinol",-3.07,-1.57902506170511,-1.49097493829489,1.49097493829489
"remove_LogSaqd_group","LogSaqd","108-46-3","108-46-3","resorcinol; 1,3-benzenediol",-3.62291335664286,-1.7205131680945,-1.90240018854836,1.90240018854836
"remove_LogSaqd_group","LogSaqd","108-73-6","108-73-6","phloroglucinol",-2.51,-3.34346001694882,0.833460016948824,0.833460016948824
"remove_LogSaqd_group","LogSaqd","108-88-3","108-88-3","toluene",-0.0809219076239261,-2.54364541859267,2.46272351096874,2.46272351096874
"remove_LogSaqd_group","LogSaqd","108-95-2","108-95-2","phenol",-2.03,-1.54587631869362,-0.484123681306383,0.484123681306383
"remove_LogSaqd_group","LogSaqd","108-95-2","108-95-2","phenol",-2.08907809237607,-1.63398346751283,-0.455094624863237,0.455094624863237
"remove_LogSaqd_group","LogSaqd","108-95-2","108-95-2","phenol",-1.70996538863748,-1.53800584905571,-0.171959539581767,0.171959539581767
"remove_LogSaqd_group","LogSaqd","108-95-2","108-95-2","phenol",-3.82792274303052,-1.64449058941908,-2.18343215361144,2.18343215361144
"remove_LogSaqd_group","LogSaqd","110-80-5","110-80-5","2-ethoxy ethanol",-3.60205999132796,-2.31593517946262,-1.28612481186534,1.28612481186534
"remove_LogSaqd_group","LogSaqd","111-27-3","111-27-3","hexanol",-1.49485002168009,-2.01754054831218,0.52269052663209,0.52269052663209
"remove_LogSaqd_group","LogSaqd","111-27-3","111-27-3","hexanol",-1.88605664769316,-2.09387252741069,0.207815879717526,0.207815879717526
"remove_LogSaqd_group","LogSaqd","111-27-3","111-27-3","n-hexanol",-1.88605664769316,-1.96001636053872,0.0739597128455567,0.0739597128455567
"remove_LogSaqd_group","LogSaqd","111-76-2","111-76-2","butoxyethanol",-2.25698018593163,-1.7722225215693,-0.48475766436233,0.48475766436233
"remove_LogSaqd_group","LogSaqd","111-87-5","111-87-5","n-octanol",-1.2839966563652,-1.94705003255633,0.663053376191127,0.663053376191127
"remove_LogSaqd_group","LogSaqd","111-87-5","111-87-5","octanol",-1.0301183562535,-1.90184004114368,0.871721684890179,0.871721684890179
"remove_LogSaqd_group","LogSaqd","111-87-5","111-87-5","octanol",-1.15490195998574,-1.9671955916757,0.812293631689962,0.812293631689962
"remove_LogSaqd_group","LogSaqd","111-87-5","111-87-5","octanol",-1.2839966563652,-2.02522176648685,0.741225110121647,0.741225110121647
"remove_LogSaqd_group","LogSaqd","111-87-5","111-87-5","octanol",-1.21467016498923,-1.99227436037508,0.777604195385854,0.777604195385854
"remove_LogSaqd_group","LogSaqd","112-30-1","112-30-1","decanol",-1.833220851329,-2.0195736169844,0.186352765655404,0.186352765655404
"remove_LogSaqd_group","LogSaqd","112-30-1","112-30-1","decanol",-1.95860731484178,-2.0168517530911,0.0582444382493215,0.0582444382493215
"remove_LogSaqd_group","LogSaqd","112-30-1","112-30-1","decanol",-1.14508697769214,-1.90078401261055,0.755697034918414,0.755697034918414
"remove_LogSaqd_group","LogSaqd","112-30-1","112-30-1","decanol",-1.04575749056068,-1.96470876692931,0.918951276368631,0.918951276368631
"remove_LogSaqd_group","LogSaqd","112-30-1","112-30-1","decanol",-1.09691001300806,-2.03422431897214,0.93731430596408,0.93731430596408
"remove_LogSaqd_group","LogSaqd","112-30-1","112-30-1","n-decanol",-1.09691001300806,-1.9577819440693,0.86087193106124,0.86087193106124
"remove_LogSaqd_group","LogSaqd","112-34-5","112-34-5","diethylene glycol monobutyl ether",-2.23600035701585,-2.19446451792721,-0.0415358390886444,0.0415358390886444
"remove_LogSaqd_group","LogSaqd","112-34-5","112-34-5","diethylene glycol monobutyl ether",-2.16688305055618,-2.19446451792721,0.0275814673710255,0.0275814673710255
"remove_LogSaqd_group","LogSaqd","112-80-1","112-80-1","oleic acid",-2.88605664769316,-1.68694793091469,-1.19910871677847,1.19910871677847
"remove_LogSaqd_group","LogSaqd","117-81-7","117-81-7","bis(2-ethylhexyl)phthalate",-4.09691001300806,-2.29558763746651,-1.80132237554155,1.80132237554155
"remove_LogSaqd_group","LogSaqd","119-34-6","119-34-6","4-amino-2-nitrophenol",-4.06550154875643,-2.42370242247171,-1.64179912628472,1.64179912628472
"remove_LogSaqd_group","LogSaqd","119-36-8","119-36-8","methyl salicylate",-1.44369749923271,-2.07658099480702,0.632883495574307,0.632883495574307
"remove_LogSaqd_group","LogSaqd","119-61-9","119-61-9","benzophenone",-1.24920613319746,-2.07870239561251,0.829496262415049,0.829496262415049
"remove_LogSaqd_group","LogSaqd","119-61-9","119-61-9","benzophenone",-1.13822159828622,-2.07870239561251,0.940480797326289,0.940480797326289
"remove_LogSaqd_group","LogSaqd","120-80-9","120-80-9","catechol",-2.51,-1.65888145607037,-0.851118543929627,0.851118543929627
"remove_LogSaqd_group","LogSaqd","120-83-2","120-83-2","2,4-dichlorophenol",-1.14874021557127,-1.50938396768407,0.360643752112796,0.360643752112796
"remove_LogSaqd_group","LogSaqd","120-83-2","120-83-2","2,4-dichlorophenol",-1.22136169383427,-1.57740966734151,0.356047973507242,0.356047973507242
"remove_LogSaqd_group","LogSaqd","1219-38-1","1219-38-1","octylparaben",-1.90585161784792,-1.51667262257659,-0.389178995271325,0.389178995271325
"remove_LogSaqd_group","LogSaqd","122-57-6","122-57-6","benzylideneacetone",-1.40794873077454,-2.07184161682526,0.663892886050722,0.663892886050722
"remove_LogSaqd_group","LogSaqd","122-57-6","122-57-6","benzylideneacetone",-1.11863375864077,-2.07184161682526,0.953207858184492,0.953207858184492
"remove_LogSaqd_group","LogSaqd","123-07-9 ","123-07-9 ","p-ethylphenol",-1.46278385671974,-1.79331362371966,0.330529766999917,0.330529766999917
"remove_LogSaqd_group","LogSaqd","123-31-9","123-31-9","hydroquinone",-5.0301183562535,-2.91418099009139,-2.11593736616211,2.11593736616211
"remove_LogSaqd_group","LogSaqd","123-31-9","123-31-9","hydroquinone",-1.90385139213331,-2.9031147408494,0.999263348716092,0.999263348716092
"remove_LogSaqd_group","LogSaqd","123-31-9","123-31-9","hydroquinone",-2.41644259377425,-2.9031147408494,0.486672147075152,0.486672147075152
"remove_LogSaqd_group","LogSaqd","123-31-9","123-31-9","hydroquinone",-2.95,-2.45769929725066,-0.49230070274934,0.49230070274934
"remove_LogSaqd_group","LogSaqd","124-94-7","124-94-7","triamcinolone",-5.40011692792631,-4.38230973773093,-1.01780719019538,1.01780719019538
"remove_LogSaqd_group","LogSaqd","131-11-3","131-11-3","dimethyl phthalate",-1.55258483591006,-2.07311484119246,0.520530005282399,0.520530005282399
"remove_LogSaqd_group","LogSaqd","131-11-3","131-11-3","dimethyl phthalate",-1.64782103953418,-2.07311484119246,0.425293801658279,0.425293801658279
"remove_LogSaqd_group","LogSaqd","135-19-3","135-19-3","beta-naphthol; 2-naphthol",-1.5543957967264,-2.23825322322361,0.683857426497212,0.683857426497212
"remove_LogSaqd_group","LogSaqd","135-19-3","135-19-3","beta-naphthol; 2-naphthol",-1.20065945054642,-2.16353805428754,0.962878603741118,0.962878603741118
"remove_LogSaqd_group","LogSaqd","13523-86-9","13523-86-9","pindolol",-3.70333480973847,-4.09461511270354,0.391280302965071,0.391280302965071
"remove_LogSaqd_group","LogSaqd","13655-52-2","13655-52-2","alprenolol",-2.78664164637561,-1.71555026789455,-1.07109137848106,1.07109137848106
"remove_LogSaqd_group","LogSaqd","137-58-6","137-58-6","lidocaine",-2.40120949323688,-1.84938051823055,-0.551828975006327,0.551828975006327
"remove_LogSaqd_group","LogSaqd","137-58-6","137-58-6","lidocaine",-2.52287874528034,-1.8057078670436,-0.717170878236743,0.717170878236743
"remove_LogSaqd_group","LogSaqd","137-58-6","137-58-6","lidocaine",-2.52287874528034,-1.8057078670436,-0.717170878236743,0.717170878236743
"remove_LogSaqd_group","LogSaqd","141-05-9","141-05-9","diethyl maleate",-1.66740097646667,-2.61072469511889,0.943323718652218,0.943323718652218
"remove_LogSaqd_group","LogSaqd","141-05-9","141-05-9","diethyl maleate",-1.58608416024509,-2.61072469511889,1.0246405348738,1.0246405348738
"remove_LogSaqd_group","LogSaqd","14199-15-6","14199-15-6","methyl 4-hydroxyphenylacetate",-1.69897000433602,-1.90326837743763,0.204298373101606,0.204298373101606
"remove_LogSaqd_group","LogSaqd","143-08-8","143-08-8","n-nonanol",-1.22184874961636,-1.93746487887002,0.715616129253655,0.715616129253655
"remove_LogSaqd_group","LogSaqd","143-08-8","143-08-8","nonanol",-1.22184874961636,-2.00929179447094,0.78744304485458,0.78744304485458
"remove_LogSaqd_group","LogSaqd","14371-10-9","14371-10-9","trans-cinnamaldehyde",-1.55307871254876,-2.09959594191098,0.546517229362216,0.546517229362216
"remove_LogSaqd_group","LogSaqd","14371-10-9","14371-10-9","trans-cinnamaldehyde",-1.38433498624321,-2.09959594191098,0.715260955667766,0.715260955667766
"remove_LogSaqd_group","LogSaqd","145-13-1","145-13-1","hydroxypregnenolone",-3.22184874961636,-2.62505645733612,-0.596792292280242,0.596792292280242
"remove_LogSaqd_group","LogSaqd","145-13-1","145-13-1","pregnenolone",-2.82390874094432,-2.82482820844999,0.000919467505668514,0.000919467505668514
"remove_LogSaqd_group","LogSaqd","146-72-5","146-72-5","methylglucose",-3.68026950566978,-3.09297614635357,-0.587293359316206,0.587293359316206
"remove_LogSaqd_group","LogSaqd","1638-22-8","1638-22-8","p-n-butylphenol; 4-butylphenol",-1.11463877996849,-1.83920020774031,0.724561427771824,0.724561427771824
"remove_LogSaqd_group","LogSaqd","16590-41-3","16590-41-3","naltrexone",-2.6664407795091,-2.6977726374915,0.031331857982404,0.031331857982404
"remove_LogSaqd_group","LogSaqd","17194-82-0","17194-82-0","alfa-(4-hydroxyphenyl) acetamide",-3.34678748622466,-3.05209173614502,-0.294695750079642,0.294695750079642
"remove_LogSaqd_group","LogSaqd","18979-50-5","18979-50-5","4-propoxyphenol",-1.82490330536304,-1.87427622165943,0.0493729162963918,0.0493729162963918
"remove_LogSaqd_group","LogSaqd","2152-44-5","2152-44-5","betamethasone-17-valerate",-2.88041422503822,-2.79388037554438,-0.0865338494938377,0.0865338494938377
"remove_LogSaqd_group","LogSaqd","2203-97-6","2203-97-6","hydrocortisone-21-hemisuccinate",-3.20065945054642,-2.9714522835586,-0.229207166987825,0.229207166987825
"remove_LogSaqd_group","LogSaqd","2493-02-9","2493-02-9","4-bromophenyl isocyanate",-1.84100559902551,-1.76231513057349,-0.0786904684520195,0.0786904684520195
"remove_LogSaqd_group","LogSaqd","2493-02-9","2493-02-9","4-bromophenyl isocyanate",-1.75134980127003,-1.76231513057349,0.0109653293034606,0.0109653293034606
"remove_LogSaqd_group","LogSaqd","26839-75-8","26839-75-8","timolol",-3.57016261901271,-2.44605141817584,-1.12411120083687,1.12411120083687
"remove_LogSaqd_group","LogSaqd","26839-75-8","26839-75-8","timolol",-3.53521248035406,-2.385235553899,-1.14997692645506,1.14997692645506
"remove_LogSaqd_group","LogSaqd","2871-01-4","2871-01-4","hc red no. 3; 2-(4-amino-2-nitroanilino)-ethanol",-1.67058885168866,-3.40102492031629,1.73043606862763,1.73043606862763
"remove_LogSaqd_group","LogSaqd","2871-01-4","2871-01-4","hc red no. 3; 2-(4-amino-2-nitroanilino)-ethanol",-2.32271042397763,-3.40102492031629,1.07831449633866,1.07831449633866
"remove_LogSaqd_group","LogSaqd","29122-68-7","29122-68-7","atenolol",-3.96657624451305,-3.86065132636957,-0.105924918143476,0.105924918143476
"remove_LogSaqd_group","LogSaqd","31005-02-4","31005-02-4","7-ethoxycoumarin",-0.781780143112531,-2.27170463541664,1.4899244923041,1.4899244923041
"remove_LogSaqd_group","LogSaqd","31005-02-4","31005-02-4","7-ethoxycoumarin",-0.919153916982604,-2.27170463541664,1.35255071843403,1.35255071843403
"remove_LogSaqd_group","LogSaqd","333-41-5","333-41-5","diazinon",-2.06048074738138,-2.1879693810716,0.127488633690223,0.127488633690223
"remove_LogSaqd_group","LogSaqd","3360-41-6","3360-41-6","4-phenylbutanol",-1.08092190762393,-1.85636077048319,0.775438862859256,0.775438862859256
"remove_LogSaqd_group","LogSaqd","3593-96-2","3593-96-2","hydrocortisone-21-hexanoate; hydrocortisone caproate",-2,-2.34490804602962,0.344908046029621,0.344908046029621
"remove_LogSaqd_group","LogSaqd","3930-20-9","3930-20-9","sotalol",-4.31984585826563,-3.67733491248582,-0.642510945779809,0.642510945779809
"remove_LogSaqd_group","LogSaqd","3930-20-9","3930-20-9","sotalol",-3.88598470867013,-3.67733491248582,-0.208649796184309,0.208649796184309
"remove_LogSaqd_group","LogSaqd","3930-20-9","3930-20-9","sotalol",-4.17986287404271,-3.67733491248582,-0.502527961556889,0.502527961556889
"remove_LogSaqd_group","LogSaqd","42200-33-9","42200-33-9","nadolol",-4.10127481841051,-3.16758605362175,-0.933688764788756,0.933688764788756
"remove_LogSaqd_group","LogSaqd","437-38-7","437-38-7","fentanyl base",-1.96286612872332,-1.7060220552571,-0.256844073466218,0.256844073466218
"remove_LogSaqd_group","LogSaqd","463-40-1","463-40-1","linolenic acid",-2.431798275933,-1.94186942698731,-0.489928848945694,0.489928848945694
"remove_LogSaqd_group","LogSaqd","499-75-2","499-75-2","iso-thymol; carvacrol",-1.25336580106242,-1.66858572814911,0.415219927086692,0.415219927086692
"remove_LogSaqd_group","LogSaqd","50-2-2","50-2-2","dexamethasone",-4.19382002601611,-3.88373764676192,-0.310082379254192,0.310082379254192
"remove_LogSaqd_group","LogSaqd","50-22-6","50-22-6","corticosterone",-2.24178591486039,-3.04422210611814,0.802436191257748,0.802436191257748
"remove_LogSaqd_group","LogSaqd","50-22-6","50-22-6","corticosterone",-2.35454840605954,-3.04422210611814,0.689673700058598,0.689673700058598
"remove_LogSaqd_group","LogSaqd","50-22-6","50-22-6","corticosterone",-3.16494389827988,-3.14027089273112,-0.0246730055487636,0.0246730055487636
"remove_LogSaqd_group","LogSaqd","50-22-6","50-22-6","corticosterone",-4,-3.11666423906532,-0.883335760934678,0.883335760934678
"remove_LogSaqd_group","LogSaqd","50-22-6","50-22-6","corticosterone",-3.33468369530231,-3.0562122453043,-0.278471449998015,0.278471449998015
"remove_LogSaqd_group","LogSaqd","50-22-6","50-22-6","corticosterone",-3.52287874528034,-3.08872449811492,-0.434154247165417,0.434154247165417
"remove_LogSaqd_group","LogSaqd","50-22-6","50-22-6","corticosterone",-3.52287874528034,-3.10325958705339,-0.41961915822695,0.41961915822695
"remove_LogSaqd_group","LogSaqd","50-22-6","50-22-6","corticosterone",-4,-3.11739870724703,-0.882601292752971,0.882601292752971
"remove_LogSaqd_group","LogSaqd","50-22-6","50-22-6","corticosterone",-3.26587485567249,-3.09012308153925,-0.175751774133235,0.175751774133235
"remove_LogSaqd_group","LogSaqd","50-22-6","50-22-6","corticosterone",-2.58587485567249,-3.03442901475821,0.448554159085717,0.448554159085717
"remove_LogSaqd_group","LogSaqd","50-22-6","50-22-6","corticosterone",-4.22184874961636,-3.09768341766929,-1.12416533194707,1.12416533194707
"remove_LogSaqd_group","LogSaqd","50-22-6","50-22-6","corticosterone",-4.67571754470231,-3.10272529966383,-1.57299224503848,1.57299224503848
"remove_LogSaqd_group","LogSaqd","50-22-6","50-22-6","corticosterone",-3.23418248469008,-3.12440033427741,-0.109782150412669,0.109782150412669
"remove_LogSaqd_group","LogSaqd","50-23-7","50-23-7","hydrocortisone",-2.01894154396037,-3.42965634237622,1.41071479841585,1.41071479841585
"remove_LogSaqd_group","LogSaqd","50-23-7","50-23-7","hydrocortisone",-2.68163603566894,-3.42965634237622,0.748020306707283,0.748020306707283
"remove_LogSaqd_group","LogSaqd","50-23-7","50-23-7","hydrocortisone",-3.63827216398241,-3.3330998729836,-0.305172290998814,0.305172290998814
"remove_LogSaqd_group","LogSaqd","50-23-7","50-23-7","hydrocortisone",-3.63870046691906,-3.403759632701,-0.234940834218058,0.234940834218058
"remove_LogSaqd_group","LogSaqd","50-23-7","50-23-7","hydrocortisone",-5.52287874528034,-3.48055161808945,-2.04232712719089,2.04232712719089
"remove_LogSaqd_group","LogSaqd","50-23-7","50-23-7","hydrocortisone",-5.52724355068279,-3.4905493010303,-2.03669424965249,2.03669424965249
"remove_LogSaqd_group","LogSaqd","50-24-8","50-24-8","prednisolone",-4.32790214206428,-3.6875482437288,-0.640353898335476,0.640353898335476
"remove_LogSaqd_group","LogSaqd","50-27-1","50-27-1","estriol",-4.39794000867204,-4.01890695375401,-0.379033054918033,0.379033054918033
"remove_LogSaqd_group","LogSaqd","50-28-2","50-28-2","beta-estradiol",-2.38721614328026,-3.02716539374688,0.639949250466619,0.639949250466619
"remove_LogSaqd_group","LogSaqd","50-28-2","50-28-2","beta-estradiol",-2.01233373507373,-2.88573896624617,0.873405231172443,0.873405231172443
"remove_LogSaqd_group","LogSaqd","50-28-2","50-28-2","beta-estradiol",-3.52287874528034,-3.01973417737808,-0.503144567902261,0.503144567902261
"remove_LogSaqd_group","LogSaqd","50-28-2","50-28-2","beta-estradiol",-2.28149831113273,-2.94128437282462,0.659786061691893,0.659786061691893
"remove_LogSaqd_group","LogSaqd","50-28-2","50-28-2","estradiol",-1.98581560249872,-2.94128437282462,0.955468770325903,0.955468770325903
"remove_LogSaqd_group","LogSaqd","50-28-2","50-28-2","estradiol",-4.69680394257951,-2.93679336366484,-1.76001057891467,1.76001057891467
"remove_LogSaqd_group","LogSaqd","50-28-2","50-28-2","estradiol",-2.36451625318509,-2.93679336366484,0.572277110479746,0.572277110479746
"remove_LogSaqd_group","LogSaqd","50-28-2","50-28-2","estradiol",-2.38090666937326,-3.02716539374688,0.646258724373619,0.646258724373619
"remove_LogSaqd_group","LogSaqd","50-28-2","50-28-2","estradiol",-2.21324857785444,-2.88575555084967,0.672506972995229,0.672506972995229
"remove_LogSaqd_group","LogSaqd","50-28-2","50-28-2","estradiol",-2.49485002168009,-3.02714880914338,0.532298787463292,0.532298787463292
"remove_LogSaqd_group","LogSaqd","50-28-2","50-28-2","estradiol",-2.52287874528034,-3.02716539374688,0.504286648466539,0.504286648466539
"remove_LogSaqd_group","LogSaqd","50-28-2","50-28-2","estradiol",-2.52287874528034,-3.02417045444676,0.501291709166421,0.501291709166421
"remove_LogSaqd_group","LogSaqd","50-28-2","50-28-2","estradiol",-2.52287874528034,-3.02417045444676,0.501291709166421,0.501291709166421
"remove_LogSaqd_group","LogSaqd","50-28-2","50-28-2","estradiol",-2.08008551934057,-2.93679336366484,0.856707844324266,0.856707844324266
"remove_LogSaqd_group","LogSaqd","50-28-2","50-28-2","estradiol",-2.34969247686806,-2.94128437282462,0.591591895956563,0.591591895956563
"remove_LogSaqd_group","LogSaqd","50-28-2","50-28-2","estradiol",-2.51173374958299,-2.94128437282462,0.429550623241633,0.429550623241633
"remove_LogSaqd_group","LogSaqd","51-21-8","51-21-8","5-fluorouracil",-4.52574969288748,-4.35495489175781,-0.170794801129669,0.170794801129669
"remove_LogSaqd_group","LogSaqd","51-21-8","51-21-8","5-fluorouracil",-4.72894468964132,-4.34152391262199,-0.387420777019332,0.387420777019332
"remove_LogSaqd_group","LogSaqd","51-21-8","51-21-8","5-fluorouracil",-4.47108329972234,-4.35495489175781,-0.11612840796453,0.11612840796453
"remove_LogSaqd_group","LogSaqd","51-21-8","51-21-8","5-fluorouracil (+ - + -)",-4.46597389394386,-4.34152391262199,-0.124449981321872,0.124449981321872
"remove_LogSaqd_group","LogSaqd","512-69-6","512-69-6","raffinose",-4.85472588171206,-3.24989991101345,-1.60482597069861,1.60482597069861
"remove_LogSaqd_group","LogSaqd","512-69-6","512-69-6","raffinose",-4.29756946355447,-3.48320827067071,-0.814361192883762,0.814361192883762
"remove_LogSaqd_group","LogSaqd","513-85-9","513-85-9","2,3-butanediol",-4.30102999566398,-2.1554059782221,-2.14562401744188,2.14562401744188
"remove_LogSaqd_group","LogSaqd","51384-51-1","51384-51-1","metoprolol",-3.52461940685664,-2.38623218223103,-1.13838722462561,1.13838722462561
"remove_LogSaqd_group","LogSaqd","52-39-1","52-39-1","aldosterone",-4.23657200643706,-3.48985318328768,-0.746718823149381,0.746718823149381
"remove_LogSaqd_group","LogSaqd","52-39-1","52-39-1","aldosterone",-4.74835790885864,-3.48008516395839,-1.26827274490025,1.26827274490025
"remove_LogSaqd_group","LogSaqd","52-39-1","52-39-1","aldosterone",-4.30102999566398,-3.61794219567045,-0.68308779999353,0.68308779999353
"remove_LogSaqd_group","LogSaqd","52-39-1","52-39-1","aldosterone",-4.52287874528034,-3.56443098111541,-0.958447764164934,0.958447764164934
"remove_LogSaqd_group","LogSaqd","52-39-1","52-39-1","aldosterone",-4.52287874528034,-3.20991831882889,-1.31296042645145,1.31296042645145
"remove_LogSaqd_group","LogSaqd","52-39-1","52-39-1","aldosterone",-4.01233373507373,-3.11194373989653,-0.9003899951772,0.9003899951772
"remove_LogSaqd_group","LogSaqd","53-06-5","53-06-5","cortisone",-3.82390874094432,-3.57186523555877,-0.252043505385549,0.252043505385549
"remove_LogSaqd_group","LogSaqd","53-06-5","53-06-5","cortisone",-5,-3.61912412751227,-1.38087587248773,1.38087587248773
"remove_LogSaqd_group","LogSaqd","53-16-7","53-16-7","estrone",-2.44369749923271,-3.45187490271686,1.00817740348415,1.00817740348415
"remove_LogSaqd_group","LogSaqd","53-96-3","53-96-3","2-(acetylamino)fluorene",-1.16052197602182,-3.32664006207744,2.16611808605562,2.16611808605562
"remove_LogSaqd_group","LogSaqd","53-96-3","53-96-3","2-(acetylamino)fluorene",-1.10756666442663,-3.32664006207744,2.21907339765081,2.21907339765081
"remove_LogSaqd_group","LogSaqd","533-73-3","533-73-3","1,2,4-benzenetriol",-3.9,-1.86737064089956,-2.03262935910044,2.03262935910044
"remove_LogSaqd_group","LogSaqd","53535-33-4","53535-33-4","heptanol",-1.42481215507234,-2.05146589446973,0.62665373939739,0.62665373939739
"remove_LogSaqd_group","LogSaqd","53535-33-4","53535-33-4","heptanol",-1.49485002168009,-2.08249856146039,0.587648539780296,0.587648539780296
"remove_LogSaqd_group","LogSaqd","53535-33-4","53535-33-4","n-heptanol",-1.49485002168009,-1.89544537190697,0.400595350226884,0.400595350226884
"remove_LogSaqd_group","LogSaqd","554-84-7","554-84-7","m-nitrophenol; 3-nitrophenol",-2.24848294855394,-1.97134489305078,-0.277138055503162,0.277138055503162
"remove_LogSaqd_group","LogSaqd","56-81-5","56-81-5","glycerol",-4.56863623584101,-2.1307657224177,-2.43787051342331,2.43787051342331
"remove_LogSaqd_group","LogSaqd","56-81-5","56-81-5","glycerol",-3.00594693641232,-2.19193712608612,-0.814009810326199,0.814009810326199
"remove_LogSaqd_group","LogSaqd","56030-54-7","56030-54-7","sufentanil base",-1.81815641205523,-2.09060065467971,0.27244424262448,0.27244424262448
"remove_LogSaqd_group","LogSaqd","57-13-6","57-13-6","urea",-3.82973828460504,-2.73191406181355,-1.09782422279149,1.09782422279149
"remove_LogSaqd_group","LogSaqd","57-13-6","57-13-6","urea",-3.95233580539844,-2.78871174863536,-1.16362405676308,1.16362405676308
"remove_LogSaqd_group","LogSaqd","57-13-6","57-13-6","urea",-3.92564441915299,-2.72011294860132,-1.20553147055167,1.20553147055167
"remove_LogSaqd_group","LogSaqd","57-13-6","57-13-6","urea",-3.69494112531286,-2.87246135075492,-0.822479774557942,0.822479774557942
"remove_LogSaqd_group","LogSaqd","57-13-6","57-13-6","urea",-3.55495653854982,-2.70201707156591,-0.852939466983909,0.852939466983909
"remove_LogSaqd_group","LogSaqd","57-13-6","57-13-6","urea",-3.5970511706556,-2.72011294860132,-0.876938222054283,0.876938222054283
"remove_LogSaqd_group","LogSaqd","57-13-6","57-13-6","urea",-3.55720677406023,-2.72011294860132,-0.837093825458913,0.837093825458913
"remove_LogSaqd_group","LogSaqd","57-50-1","57-50-1","sucrose",-5.0268721464003,-3.62106504452808,-1.40580710187222,1.40580710187222
"remove_LogSaqd_group","LogSaqd","57-50-1","57-50-1","sucrose",-5.2839966563652,-3.7657230397576,-1.5182736166076,1.5182736166076
"remove_LogSaqd_group","LogSaqd","57-50-1","57-50-1","sucrose",-4.76200316671127,-3.62106504452808,-1.14093812218319,1.14093812218319
"remove_LogSaqd_group","LogSaqd","57-50-1","57-50-1","sucrose",-4.26905630657226,-3.62106504452808,-0.647991262044178,0.647991262044178
"remove_LogSaqd_group","LogSaqd","57-50-1","57-50-1","sucrose",-4.36451625318509,-3.62106504452808,-0.743451208657008,0.743451208657008
"remove_LogSaqd_group","LogSaqd","57-50-1","57-50-1","sucrose",-3.13406733180681,-3.62106504452808,0.486997712721272,0.486997712721272
"remove_LogSaqd_group","LogSaqd","57-83-0","57-83-0","progesterone",-1.52287874528034,-2.5200238525721,0.997145107291756,0.997145107291756
"remove_LogSaqd_group","LogSaqd","57-83-0","57-83-0","progesterone",-1.70344032687277,-2.38462215221319,0.681181825340422,0.681181825340422
"remove_LogSaqd_group","LogSaqd","57-83-0","57-83-0","progesterone",-1.88605664769316,-2.48552420905099,0.599467561357826,0.599467561357826
"remove_LogSaqd_group","LogSaqd","57-83-0","57-83-0","progesterone",-1.69897000433602,-2.59538417199794,0.896414167661918,0.896414167661918
"remove_LogSaqd_group","LogSaqd","57-83-0","57-83-0","progesterone",-2.82390874094432,-2.47962823323588,-0.344280507708436,0.344280507708436
"remove_LogSaqd_group","LogSaqd","58-08-2","58-08-2","caffeine",-3.80687540164554,-3.53833631781122,-0.268539083834318,0.268539083834318
"remove_LogSaqd_group","LogSaqd","58-08-2","58-08-2","caffeine",-4.58586563707645,-3.58342314789374,-1.00244248918271,1.00244248918271
"remove_LogSaqd_group","LogSaqd","58-08-2","58-08-2","caffeine",-1.60220380347052,-3.57228792025003,1.97008411677951,1.97008411677951
"remove_LogSaqd_group","LogSaqd","58-08-2","58-08-2","caffeine",-2.60631808276205,-3.57228792025003,0.965969837487976,0.965969837487976
"remove_LogSaqd_group","LogSaqd","58-08-2","58-08-2","caffeine",-4.15490195998574,-3.5081649069988,-0.646737052986942,0.646737052986942
"remove_LogSaqd_group","LogSaqd","58-08-2","58-08-2","caffeine",-3.69897000433602,-3.58603443607614,-0.112935568259877,0.112935568259877
"remove_LogSaqd_group","LogSaqd","58-22-0","58-22-0","testosterone",-2.0571655062299,-2.67276636719905,0.615600860969151,0.615600860969151
"remove_LogSaqd_group","LogSaqd","58-22-0","58-22-0","testosterone",-2.04694894237348,-2.67702335331757,0.630074410944087,0.630074410944087
"remove_LogSaqd_group","LogSaqd","58-22-0","58-22-0","testosterone",-1.64633962279966,-2.73175171679031,1.08541209399065,1.08541209399065
"remove_LogSaqd_group","LogSaqd","58-22-0","58-22-0","testosterone",-1.41570671752568,-2.67068588744269,1.25497916991701,1.25497916991701
"remove_LogSaqd_group","LogSaqd","58-22-0","58-22-0","testosterone",-2.27083521030723,-2.80439658976217,0.533561379454945,0.533561379454945
"remove_LogSaqd_group","LogSaqd","58-22-0","58-22-0","testosterone",-2.38875983135141,-2.63907358055027,0.25031374919886,0.25031374919886
"remove_LogSaqd_group","LogSaqd","58-22-0","58-22-0","testosterone",-2.65757731917779,-2.7369415530268,0.0793642338490113,0.0793642338490113
"remove_LogSaqd_group","LogSaqd","58-22-0","58-22-0","testosterone",-2.65757731917779,-2.73123442542453,0.0736571062467375,0.0736571062467375
"remove_LogSaqd_group","LogSaqd","58-22-0","58-22-0","testosterone",-2.65757731917779,-2.73123442542453,0.0736571062467375,0.0736571062467375
"remove_LogSaqd_group","LogSaqd","58-22-0","58-22-0","testosterone",-3.39794000867204,-2.72634185176432,-0.671598156907724,0.671598156907724
"remove_LogSaqd_group","LogSaqd","58-22-0","58-22-0","testosterone",-3.06752623532285,-2.7369415530268,-0.330584682296049,0.330584682296049
"remove_LogSaqd_group","LogSaqd","58-22-0","58-22-0","testosterone",-2.13194363817696,-2.67736034314422,0.545416704967257,0.545416704967257
"remove_LogSaqd_group","LogSaqd","58-54-8","58-54-8","ethacrynic acid",-3.82390874094432,-2.73805581972079,-1.08585292122353,1.08585292122353
"remove_LogSaqd_group","LogSaqd","59-05-2","59-05-2","methotrexate",-3.40160112979023,-4.23562308936056,0.83402195957033,0.83402195957033
"remove_LogSaqd_group","LogSaqd","59-50-7","59-50-7","chlorocresol",-1.26406804435028,-1.5972180788993,0.33315003454902,0.33315003454902
"remove_LogSaqd_group","LogSaqd","59-50-7","59-50-7","chlorocresol",-1.65255620893436,-1.63530380999961,-0.0172523989347482,0.0172523989347482
"remove_LogSaqd_group","LogSaqd","60-12-8","60-12-8","2-phenylethanol",-1.25963731050576,-1.95995367931877,0.700316368813013,0.700316368813013
"remove_LogSaqd_group","LogSaqd","60-12-8","60-12-8","2-phenylethanol",-2.11527250510331,-1.99780686106508,-0.117465644038229,0.117465644038229
"remove_LogSaqd_group","LogSaqd","610-81-1","610-81-1","4-amino-3-nitrophenol",-2.1297393876227,-2.52282969578661,0.393090308163905,0.393090308163905
"remove_LogSaqd_group","LogSaqd","610-81-1","610-81-1","4-amino-3-nitrophenol",-2.26671923730847,-2.52282969578661,0.256110458478136,0.256110458478136
"remove_LogSaqd_group","LogSaqd","614-18-6","614-18-6","nicotinate, ethyl",-3.10790539730952,-1.69402508805388,-1.41388030925564,1.41388030925564
"remove_LogSaqd_group","LogSaqd","614-18-6","614-18-6","nicotinate, ethyl",-3.08618614761628,-1.65152237510792,-1.43466377250836,1.43466377250836
"remove_LogSaqd_group","LogSaqd","623-05-2","623-05-2","4-hydroxybenzyl alcohol",-2.69897000433602,-2.65037922019834,-0.0485907841376774,0.0485907841376774
"remove_LogSaqd_group","LogSaqd","63-36-5","63-36-5","salicylate",-3.96686900819185,-1.33132724603378,-2.63554176215807,2.63554176215807
"remove_LogSaqd_group","LogSaqd","64-17-5","64-17-5","ethanol",-2.72124639904717,-2.45657311956549,-0.264673279481682,0.264673279481682
"remove_LogSaqd_group","LogSaqd","64-17-5","64-17-5","ethanol",-3.09691001300806,-2.44489422050349,-0.652015792504572,0.652015792504572
"remove_LogSaqd_group","LogSaqd","64-17-5","64-17-5","ethanol",-3.09691001300806,-2.51619299507369,-0.58071701793437,0.58071701793437
"remove_LogSaqd_group","LogSaqd","64-19-7","64-19-7","acetic acid",-2.77786589964853,-1.75252876985807,-1.02533712979046,1.02533712979046
"remove_LogSaqd_group","LogSaqd","64-85-7","64-85-7","cortexone",-3.34678748622466,-2.52980619592732,-0.816981290297336,0.816981290297336
"remove_LogSaqd_group","LogSaqd","65-85-0","65-85-0","benzoic acid",-2.11918640771921,-2.33126030420482,0.212073896485614,0.212073896485614
"remove_LogSaqd_group","LogSaqd","65-85-0","65-85-0","benzoic acid",-1.50863830616573,-2.21018092832875,0.701542622163015,0.701542622163015
"remove_LogSaqd_group","LogSaqd","65-85-0","65-85-0","benzoic acid",-1.50863830616573,-2.21018092832875,0.701542622163015,0.701542622163015
"remove_LogSaqd_group","LogSaqd","66-27-3","66-27-3","methyl methanesulfonate",-1.91205408690953,-1.49927410597479,-0.412779980934739,0.412779980934739
"remove_LogSaqd_group","LogSaqd","66-27-3","66-27-3","methyl methanesulfonate",-2.06776764179179,-1.49927410597479,-0.568493535816999,0.568493535816999
"remove_LogSaqd_group","LogSaqd","6677-98-1","6677-98-1","hydrocortisone-21-propionate",-2.46852108295775,-3.15949775491065,0.690976671952896,0.690976671952896
"remove_LogSaqd_group","LogSaqd","67-56-1","67-56-1","methanol",-3.30102999566398,-2.36905338900421,-0.93197660665977,0.93197660665977
"remove_LogSaqd_group","LogSaqd","67-56-1","67-56-1","methanol",-3.30102999566398,-2.41706405278388,-0.8839659428801,0.8839659428801
"remove_LogSaqd_group","LogSaqd","67-56-1","67-56-1","methanol",-2.79588001734407,-2.38875369752081,-0.40712631982326,0.40712631982326
"remove_LogSaqd_group","LogSaqd","68-96-2","68-96-2","17-alfa-hydroxyprogesterone",-3.22184874961636,-3.68228293478202,0.460434185165663,0.460434185165663
"remove_LogSaqd_group","LogSaqd","69-29-7","69-29-7","ethyl ether",-1.79588001734408,-2.59388397573294,0.798003958388856,0.798003958388856
"remove_LogSaqd_group","LogSaqd","69-65-8","69-65-8","mannitol",-4.72681868815271,-3.82033666361487,-0.906482024537845,0.906482024537845
"remove_LogSaqd_group","LogSaqd","69-65-8","69-65-8","mannitol",-4,-4.37495083872134,0.374950838721345,0.374950838721345
"remove_LogSaqd_group","LogSaqd","69-65-8","69-65-8","mannitol",-4.68257958814785,-3.78464042672462,-0.897939161423226,0.897939161423226
"remove_LogSaqd_group","LogSaqd","69-65-8","69-65-8","mannitol",-4.45692576496647,-3.78446870615011,-0.672457058816356,0.672457058816356
"remove_LogSaqd_group","LogSaqd","69-65-8","69-65-8","mannitol",-4.77257756999574,-4.36768807533277,-0.404889494662965,0.404889494662965
"remove_LogSaqd_group","LogSaqd","69-65-8","69-65-8","mannitol",-4.43830246734601,-3.78446870615011,-0.653833761195896,0.653833761195896
"remove_LogSaqd_group","LogSaqd","69-65-8","69-65-8","mannitol",-4.18810341360238,-4.42702282625315,0.238919412650773,0.238919412650773
"remove_LogSaqd_group","LogSaqd","69-65-8","69-65-8","mannitol",-4.00436480540245,-4.24340553237415,0.239040726971697,0.239040726971697
"remove_LogSaqd_group","LogSaqd","69-65-8","69-65-8","mannitol",-3.97265039222524,-4.45735720834206,0.48470681611682,0.48470681611682
"remove_LogSaqd_group","LogSaqd","69-65-8","69-65-8","mannitol",-3.1536628878702,-3.78464042672462,0.630977538854424,0.630977538854424
"remove_LogSaqd_group","LogSaqd","69-72-7","69-72-7","salicylic acid",-3.03151705144606,-2.48350643449877,-0.548010616947285,0.548010616947285
"remove_LogSaqd_group","LogSaqd","69-72-7","69-72-7","salicylic acid",-1.34678748622466,-2.41162000290321,1.06483251667855,1.06483251667855
"remove_LogSaqd_group","LogSaqd","71-23-8","71-23-8","n-propanol",-2.92081875395238,-2.35245408173792,-0.568364672214464,0.568364672214464
"remove_LogSaqd_group","LogSaqd","71-23-8","71-23-8","propanol",-2.76955107862173,-2.39297633486865,-0.376574743753079,0.376574743753079
"remove_LogSaqd_group","LogSaqd","71-23-8","71-23-8","propanol",-2.92081875395238,-2.42243662987407,-0.49838212407831,0.49838212407831
"remove_LogSaqd_group","LogSaqd","71-36-3","71-36-3","butanol",-2.52287874528034,-2.28918773010898,-0.233691015171358,0.233691015171358
"remove_LogSaqd_group","LogSaqd","71-36-3","71-36-3","butanol",-2.10237290870956,-2.26434746593479,0.161974557225231,0.161974557225231
"remove_LogSaqd_group","LogSaqd","71-36-3","71-36-3","butanol",-2.65757731917779,-2.31444132874325,-0.343135990434543,0.343135990434543
"remove_LogSaqd_group","LogSaqd","71-36-3","71-36-3","butanol",-2.65757731917779,-2.31442299989823,-0.343154319279555,0.343154319279555
"remove_LogSaqd_group","LogSaqd","71-36-3","71-36-3","butanol",-2.60205999132796,-2.31444132874325,-0.287618662584713,0.287618662584713
"remove_LogSaqd_group","LogSaqd","71-36-3","71-36-3","n-butanol",-2.60205999132796,-2.25450576129895,-0.347554230029006,0.347554230029006
"remove_LogSaqd_group","LogSaqd","71-41-0","71-41-0","n-pentanol",-2.22184874961636,-2.1915537534505,-0.0302949961658583,0.0302949961658583
"remove_LogSaqd_group","LogSaqd","71-41-0","71-41-0","pentanol",-2.22184874961636,-2.26096802857125,0.0391192789548884,0.0391192789548884
"remove_LogSaqd_group","LogSaqd","71-43-0","71-43-0","benzene",-0.954285941059132,-2.00407592812705,1.04978998706792,1.04978998706792
"remove_LogSaqd_group","LogSaqd","71-43-0","71-43-0","benzene",-0.795880017344075,-2.04731247975909,1.25143246241502,1.25143246241502
"remove_LogSaqd_group","LogSaqd","71-91-0","71-91-0","tetraethylammonium",-3.25387553642834,-4.68481708114952,1.43094154472118,1.43094154472118
"remove_LogSaqd_group","LogSaqd","71-91-0","71-91-0","tetraethylammonium bromide (+)",-3.36815053784018,-4.51078854198193,1.14263800414175,1.14263800414175
"remove_LogSaqd_group","LogSaqd","76-25-5","76-25-5","triamcinolone acetonide",-3.40230481407449,-4.23303885058961,0.830734036515121,0.830734036515121
"remove_LogSaqd_group","LogSaqd","76-25-5","76-25-5","triamcinolone acetonide",-4.70663744528855,-4.31073428836408,-0.395903156924469,0.395903156924469
"remove_LogSaqd_group","LogSaqd","76180-96-6","76180-96-6","3-methyl-3h-imidazo[4,5-f]quinolin-2-amine",-2.07218350508968,-4.54043224844815,2.46824874335847,2.46824874335847
"remove_LogSaqd_group","LogSaqd","76180-96-6","76180-96-6","3-methyl-3h-imidazo[4,5-f]quinolin-2-amine",-2.43056359552234,-4.54043224844815,2.10986865292581,2.10986865292581
"remove_LogSaqd_group","LogSaqd","7732-18-5","7732-18-5","water",-2.80687540164554,-1.93663167021611,-0.870243731429432,0.870243731429432
"remove_LogSaqd_group","LogSaqd","7732-18-5","7732-18-5","water",-2.98540960554622,-1.93663167021611,-1.04877793533011,1.04877793533011
"remove_LogSaqd_group","LogSaqd","7732-18-5","7732-18-5","water",-2.80966830182971,-1.93443710925809,-0.875231192571622,0.875231192571622
"remove_LogSaqd_group","LogSaqd","7732-18-5","7732-18-5","water",-3.14997431819434,-1.93443538448077,-1.21553893371357,1.21553893371357
"remove_LogSaqd_group","LogSaqd","7732-18-5","7732-18-5","water",-3.07058107428571,-1.93663167021611,-1.1339494040696,1.1339494040696
"remove_LogSaqd_group","LogSaqd","7732-18-5","7732-18-5","water",-3.24233473501217,-1.93443710925809,-1.30789762575408,1.30789762575408
"remove_LogSaqd_group","LogSaqd","7732-18-5","7732-18-5","water",-3.45621525646938,-1.93443710925809,-1.52177814721129,1.52177814721129
"remove_LogSaqd_group","LogSaqd","7732-18-5","7732-18-5","water",-3.27134965805094,-1.93443710925809,-1.33691254879285,1.33691254879285
"remove_LogSaqd_group","LogSaqd","7732-18-5","7732-18-5","water",-3.15476521541715,-1.93553258499621,-1.21923263042094,1.21923263042094
"remove_LogSaqd_group","LogSaqd","7732-18-5","7732-18-5","water",-3.52287874528034,-1.94218208217414,-1.5806966631062,1.5806966631062
"remove_LogSaqd_group","LogSaqd","7732-18-5","7732-18-5","water",-3.5,-1.94218208217414,-1.55781791782586,1.55781791782586
"remove_LogSaqd_group","LogSaqd","78-93-3","78-93-3","2-butanone",-2.34678748622466,-2.27842930529483,-0.0683581809298301,0.0683581809298301
"remove_LogSaqd_group","LogSaqd","84-66-2","84-66-2","diethyl phthalate",-1.70509308939481,-2.05426193364747,0.349168844252664,0.349168844252664
"remove_LogSaqd_group","LogSaqd","87-66-1","87-66-1","pyrogallol",-2.81,-1.7808997566855,-1.0291002433145,1.0291002433145
"remove_LogSaqd_group","LogSaqd","88-04-0","88-04-0","chloroxylenol",-1.22875360095283,-2.16498986830072,0.93623626734789,0.93623626734789
"remove_LogSaqd_group","LogSaqd","88-04-0","88-04-0","chloroxylenol",-1.09474395125155,-2.04290182729889,0.948157876047335,0.948157876047335
"remove_LogSaqd_group","LogSaqd","88-06-2","88-06-2","2,4,6-trichlorophenol",-1.23275783168158,-1.7085441854402,0.475786353758621,0.475786353758621
"remove_LogSaqd_group","LogSaqd","88-18-6","88-18-6","o-t-butylphenol",-1.12842706445412,-1.85371934087319,0.725292276419071,0.725292276419071
"remove_LogSaqd_group","LogSaqd","89-83-8","89-83-8","thymol; 2-isopropyl-5-methylphenol",-1.27607480270083,-1.77461933975754,0.498544537056714,0.498544537056714
"remove_LogSaqd_group","LogSaqd","89-83-8","89-83-8","thymol; 2-isopropyl-5-methylphenol",-1.21324857785444,-1.74434018353742,0.531091605682982,0.531091605682982
"remove_LogSaqd_group","LogSaqd","90-15-3","90-15-3","naphthol",-1.58502665202918,-2.08858281245778,0.503556160428599,0.503556160428599
"remove_LogSaqd_group","LogSaqd","90-15-3","90-15-3","naphthol",-1.52287874528034,-2.08858281245778,0.565704067177439,0.565704067177439
"remove_LogSaqd_group","LogSaqd","91-20-3","91-20-3","naphthalene",-1.55111528700206,-2.34553068652632,0.794415399524259,0.794415399524259
"remove_LogSaqd_group","LogSaqd","91-20-3","91-20-3","naphthalene",-1.78220214249451,-2.34553068652632,0.563328544031809,0.563328544031809
"remove_LogSaqd_group","LogSaqd","92-48-8","92-48-8","6-methylcoumarin",-1.18136926112576,-1.87258560316807,0.69121634204231,0.69121634204231
"remove_LogSaqd_group","LogSaqd","92-48-8","92-48-8","6-methylcoumarin",-1.331936361143,-1.87258560316807,0.54064924202507,0.54064924202507
"remove_LogSaqd_group","LogSaqd","93-60-7","93-60-7","nicotinate, methyl",-3.30980391997149,-1.88250555784805,-1.42729836212344,1.42729836212344
"remove_LogSaqd_group","LogSaqd","93-60-7","93-60-7","nicotinate, methyl",-3.27572413039921,-1.86271386718606,-1.41301026321315,1.41301026321315
"remove_LogSaqd_group","LogSaqd","937-20-2","937-20-2","2,4-dichloroacetophenone",-0.743772935647774,-2.85048232966192,2.10670939401414,2.10670939401414
"remove_LogSaqd_group","LogSaqd","937-20-2","937-20-2","2,4-dichloroacetophenone",-1.86052608660328,-2.85048232966192,0.989956243058637,0.989956243058637
"remove_LogSaqd_group","LogSaqd","94-13-3","94-13-3","propylparaben",-1.67615465544754,-2.0481884987195,0.372033843271955,0.372033843271955
"remove_LogSaqd_group","LogSaqd","94-13-3","94-13-3","propylparaben",-1.26606734367858,-2.09683049461878,0.830763150940196,0.830763150940196
"remove_LogSaqd_group","LogSaqd","94-13-3","94-13-3","propylparaben",-1.20290590120029,-2.09683049461878,0.893924593418486,0.893924593418486
"remove_LogSaqd_group","LogSaqd","94-26-8","94-26-8","butylparaben",-0.981299501333757,-1.86111845160941,0.879818950275652,0.879818950275652
"remove_LogSaqd_group","LogSaqd","94-26-8","94-26-8","butylparaben",-1.15242734085789,-1.89234343259165,0.739916091733762,0.739916091733762
"remove_LogSaqd_group","LogSaqd","95-48-7","95-48-7","o-cresol",-1.80172783601759,-1.6994869015654,-0.102240934452189,0.102240934452189
"remove_LogSaqd_group","LogSaqd","95-54-5","95-54-5","o-phenylenediamine",-3.34678748622466,-2.43545054293682,-0.911336943287839,0.911336943287839
"remove_LogSaqd_group","LogSaqd","95-57-8","95-57-8","o-chlorophenol",-1.48044892137827,-1.66284726804495,0.182398346666681,0.182398346666681
"remove_LogSaqd_group","LogSaqd","95-65-8","95-65-8","3,4-xylenol",-1.44278385671974,-1.91416263420275,0.471378777483006,0.471378777483006
"remove_LogSaqd_group","LogSaqd","97-00-7","97-00-7","2,4-dinitrochlorobenzene",-1.57500847696703,-2.61792337350571,1.04291489653868,1.04291489653868
"remove_LogSaqd_group","LogSaqd","97-00-7","97-00-7","2,4-dinitrochlorobenzene",-1.50012264373278,-2.61792337350571,1.11780072977293,1.11780072977293
"remove_LogSaqd_group","LogSaqd","97-53-0","97-53-0","eugenol",-1.592980675785,-1.98358227336068,0.390601597575681,0.390601597575681
"remove_LogSaqd_group","LogSaqd","97-53-0","97-53-0","eugenol",-1.555243965633,-1.98358227336068,0.428338307727681,0.428338307727681
"remove_LogSaqd_group","LogSaqd","97-54-1","97-54-1","isoeugenol",-1.74568406057766,-2.11463800319207,0.368953942614406,0.368953942614406
"remove_LogSaqd_group","LogSaqd","97-54-1","97-54-1","isoeugenol",-1.41300909711301,-2.11463800319207,0.701628906079056,0.701628906079056
"remove_LogSaqd_group","LogSaqd","98-86-2","98-86-2","acetophenone",-1.62740828480895,-2.02474722973408,0.397338944925129,0.397338944925129
"remove_LogSaqd_group","LogSaqd","98-86-2","98-86-2","acetophenone",-1.56017144166374,-2.02474722973408,0.464575788070339,0.464575788070339
"remove_LogSaqd_group","LogSaqd","99-76-3","99-76-3","methylparaben",-1.67358220444561,-2.36724892199418,0.693666717548574,0.693666717548574
"remove_LogSaqd_group","LogSaqd","99-76-3","99-76-3","methylparaben",-1.96257350205938,-2.36330481781108,0.400731315751703,0.400731315751703
"remove_LogSaqd_group","LogSaqd","99-76-3","99-76-3","methylparaben",-2.03394335230684,-2.4692671222144,0.43532376990756,0.43532376990756
"remove_LogSaqd_group","LogSaqd","99-76-3","99-76-3","methylparaben",-2.07572071393812,-2.43758550578107,0.36186479184295,0.36186479184295
"remove_LogSoce_group","LogSoce","100-02-7","100-02-7","p-nitrophenol; 4-nitrophenol",-2.25,-2.42408390048859,0.174083900488585,0.174083900488585
"remove_LogSoce_group","LogSoce","100-39-0","100-39-0","benzyl bromide",-1.54511979359646,-1.38443918740854,-0.160680606187925,0.160680606187925
"remove_LogSoce_group","LogSoce","100-39-0","100-39-0","benzyl bromide",-1.89202735976865,-1.38443918740854,-0.507588172360115,0.507588172360115
"remove_LogSoce_group","LogSoce","100-51-6","100-51-6","benzyl alcohol",-2.22205999132796,-2.15205425460598,-0.0700057367219822,0.0700057367219822
"remove_LogSoce_group","LogSoce","1002-62-6","1002-62-6","sodium caprate; decanoic acid soap (c10:0)",-2.95233580539844,-4.02795664187811,1.07562083647967,1.07562083647967
"remove_LogSoce_group","LogSoce","103-11-7","103-11-7","2-ethylhexyl acrylate",-2.11289007326765,-1.26094134884742,-0.851948724420231,0.851948724420231
"remove_LogSoce_group","LogSoce","103-11-7","103-11-7","2-ethylhexyl acrylate",-1.82434537155519,-1.26094134884742,-0.563404022707771,0.563404022707771
"remove_LogSoce_group","LogSoce","104-54-1","104-54-1","cinnamyl alcohol",-1.54329916349423,-1.54009512102268,-0.00320404247155137,0.00320404247155137
"remove_LogSoce_group","LogSoce","104-54-1","104-54-1","cinnamyl alcohol",-1.47890341621095,-1.54009512102268,0.0611917048117285,0.0611917048117285
"remove_LogSoce_group","LogSoce","104-85-8","104-85-8","p-tolunitrile",-1.34336049829281,-1.34256541292257,-0.000795085370236981,0.000795085370236981
"remove_LogSoce_group","LogSoce","104-85-8","104-85-8","p-tolunitrile",-1.51076062352006,-1.34256541292257,-0.168195210597487,0.168195210597487
"remove_LogSoce_group","LogSoce","10521-91-2","10521-91-2","5-phenylpentanol",-0.94692155651658,-1.44241314607598,0.495491589559402,0.495491589559402
"remove_LogSoce_group","LogSoce","106-24-1","106-24-1","geraniol",-0.986619380204979,-1.102019582082,0.115400201877019,0.115400201877019
"remove_LogSoce_group","LogSoce","106-24-1","106-24-1","geraniol",-1.01401437058883,-1.102019582082,0.0880052114931682,0.0880052114931682
"remove_LogSoce_group","LogSoce","106-41-3","106-41-3","p-bromophenol",-1.43951925261862,-2.35570603864696,0.916186786028335,0.916186786028335
"remove_LogSoce_group","LogSoce","106-44-5","106-44-5","p-cresol",-0.920818753952375,-1.93314091510036,1.01232216114798,1.01232216114798
"remove_LogSoce_group","LogSoce","106-44-5","106-44-5","p-cresol",-1.74875360095283,-2.08407187974897,0.335318278796136,0.335318278796136
"remove_LogSoce_group","LogSoce","106-48-9","106-48-9","p-chlorophenol",-1.44875360095283,-2.21936615848584,0.770612557533012,0.770612557533012
"remove_LogSoce_group","LogSoce","106-50-3","106-50-3","p-phenylenediamine",-3.61978875828839,-2.66778625110226,-0.952002507186132,0.952002507186132
"remove_LogSoce_group","LogSoce","108-39-4","108-39-4","m-cresol",-1.81172783601759,-2.06335198521211,0.251624149194524,0.251624149194524
"remove_LogSoce_group","LogSoce","108-46-3","108-46-3","resorcinol",-2.42023266087399,-3.34205418508687,0.921821524212882,0.921821524212882
"remove_LogSoce_group","LogSoce","108-46-3","108-46-3","resorcinol",-2.35642808060813,-3.34205418508687,0.985626104478742,0.985626104478742
"remove_LogSoce_group","LogSoce","108-46-3","108-46-3","resorcinol",-3.07,-3.29464158472455,0.224641584724555,0.224641584724555
"remove_LogSoce_group","LogSoce","108-46-3","108-46-3","resorcinol; 1,3-benzenediol",-3.62291335664286,-3.40856048774721,-0.21435286889565,0.21435286889565
"remove_LogSoce_group","LogSoce","108-73-6","108-73-6","phloroglucinol",-2.51,-2.92704742128944,0.417047421289441,0.417047421289441
"remove_LogSoce_group","LogSoce","108-88-3","108-88-3","toluene",-0.0809219076239261,-0.996086993944248,0.915165086320322,0.915165086320322
"remove_LogSoce_group","LogSoce","108-95-2","108-95-2","phenol",-2.03,-2.29143638152111,0.261436381521109,0.261436381521109
"remove_LogSoce_group","LogSoce","108-95-2","108-95-2","phenol",-2.08907809237607,-2.38345715513553,0.29437906275946,0.29437906275946
"remove_LogSoce_group","LogSoce","108-95-2","108-95-2","phenol",-1.70996538863748,-2.29138938085074,0.58142399221326,0.58142399221326
"remove_LogSoce_group","LogSoce","108-95-2","108-95-2","phenol",-3.82792274303052,-2.43003838572666,-1.39788435730386,1.39788435730386
"remove_LogSoce_group","LogSoce","110-80-5","110-80-5","2-ethoxy ethanol",-3.60205999132796,-2.93109340278186,-0.670966588546101,0.670966588546101
"remove_LogSoce_group","LogSoce","111-27-3","111-27-3","hexanol",-1.49485002168009,-1.44324708795932,-0.0516029337207737,0.0516029337207737
"remove_LogSoce_group","LogSoce","111-27-3","111-27-3","hexanol",-1.88605664769316,-1.6334061136018,-0.252650534091355,0.252650534091355
"remove_LogSoce_group","LogSoce","111-27-3","111-27-3","n-hexanol",-1.88605664769316,-1.46818236835411,-0.417874279339046,0.417874279339046
"remove_LogSoce_group","LogSoce","111-76-2","111-76-2","butoxyethanol",-2.25698018593163,-2.83188831981999,0.574908133888359,0.574908133888359
"remove_LogSoce_group","LogSoce","111-87-5","111-87-5","n-octanol",-1.2839966563652,-1.0927666696632,-0.191229986702001,0.191229986702001
"remove_LogSoce_group","LogSoce","111-87-5","111-87-5","octanol",-1.0301183562535,-1.13009729890807,0.0999789426545696,0.0999789426545696
"remove_LogSoce_group","LogSoce","111-87-5","111-87-5","octanol",-1.15490195998574,-1.3204631629212,0.165561202935456,0.165561202935456
"remove_LogSoce_group","LogSoce","111-87-5","111-87-5","octanol",-1.2839966563652,-1.3204631629212,0.0364665065559961,0.0364665065559961
"remove_LogSoce_group","LogSoce","111-87-5","111-87-5","octanol",-1.21467016498923,-1.22449485754545,0.00982469255622043,0.00982469255622043
"remove_LogSoce_group","LogSoce","112-30-1","112-30-1","decanol",-1.833220851329,-0.884107925121167,-0.949112926207833,0.949112926207833
"remove_LogSoce_group","LogSoce","112-30-1","112-30-1","decanol",-1.95860731484178,-0.885830341012655,-1.07277697382913,1.07277697382913
"remove_LogSoce_group","LogSoce","112-30-1","112-30-1","decanol",-1.14508697769214,-0.924968806403461,-0.220118171288679,0.220118171288679
"remove_LogSoce_group","LogSoce","112-30-1","112-30-1","decanol",-1.04575749056068,-1.13259656100901,0.0868390704483324,0.0868390704483324
"remove_LogSoce_group","LogSoce","112-30-1","112-30-1","decanol",-1.09691001300806,-1.13259656100901,0.0356865480009523,0.0356865480009523
"remove_LogSoce_group","LogSoce","112-30-1","112-30-1","n-decanol",-1.09691001300806,-0.884107925121167,-0.212802087886893,0.212802087886893
"remove_LogSoce_group","LogSoce","112-34-5","112-34-5","diethylene glycol monobutyl ether",-2.23600035701585,-3.24986046245044,1.01386010543459,1.01386010543459
"remove_LogSoce_group","LogSoce","112-34-5","112-34-5","diethylene glycol monobutyl ether",-2.16688305055618,-3.24986046245044,1.08297741189426,1.08297741189426
"remove_LogSoce_group","LogSoce","112-80-1","112-80-1","oleic acid",-2.88605664769316,-1.69540701872618,-1.19064962896698,1.19064962896698
"remove_LogSoce_group","LogSoce","117-81-7","117-81-7","bis(2-ethylhexyl)phthalate",-4.09691001300806,-2.46018626173631,-1.63672375127175,1.63672375127175
"remove_LogSoce_group","LogSoce","119-34-6","119-34-6","4-amino-2-nitrophenol",-4.06550154875643,-2.39821634134963,-1.6672852074068,1.6672852074068
"remove_LogSoce_group","LogSoce","119-36-8","119-36-8","methyl salicylate",-1.44369749923271,-1.47260594087399,0.028908441641275,0.028908441641275
"remove_LogSoce_group","LogSoce","119-61-9","119-61-9","benzophenone",-1.24920613319746,-1.46734082597395,0.218134692776494,0.218134692776494
"remove_LogSoce_group","LogSoce","119-61-9","119-61-9","benzophenone",-1.13822159828622,-1.46734082597395,0.329119227687734,0.329119227687734
"remove_LogSoce_group","LogSoce","120-80-9","120-80-9","catechol",-2.51,-3.10064139991265,0.590641399912646,0.590641399912646
"remove_LogSoce_group","LogSoce","120-83-2","120-83-2","2,4-dichlorophenol",-1.14874021557127,-1.76463874260901,0.615898527037737,0.615898527037737
"remove_LogSoce_group","LogSoce","120-83-2","120-83-2","2,4-dichlorophenol",-1.22136169383427,-2.02283774139822,0.80147604756395,0.80147604756395
"remove_LogSoce_group","LogSoce","1219-38-1","1219-38-1","octylparaben",-1.90585161784792,-1.66137772076482,-0.244473897083098,0.244473897083098
"remove_LogSoce_group","LogSoce","122-57-6","122-57-6","benzylideneacetone",-1.40794873077454,-1.5811183360008,0.173169605226261,0.173169605226261
"remove_LogSoce_group","LogSoce","122-57-6","122-57-6","benzylideneacetone",-1.11863375864077,-1.5811183360008,0.462484577360031,0.462484577360031
"remove_LogSoce_group","LogSoce","123-07-9 ","123-07-9 ","p-ethylphenol",-1.46278385671974,-1.83943066305005,0.376646806330307,0.376646806330307
"remove_LogSoce_group","LogSoce","123-31-9","123-31-9","hydroquinone",-5.0301183562535,-2.45975254322999,-2.57036581302351,2.57036581302351
"remove_LogSoce_group","LogSoce","123-31-9","123-31-9","hydroquinone",-1.90385139213331,-2.42340786275528,0.519556470621967,0.519556470621967
"remove_LogSoce_group","LogSoce","123-31-9","123-31-9","hydroquinone",-2.41644259377425,-2.42340786275528,0.00696526898102645,0.00696526898102645
"remove_LogSoce_group","LogSoce","123-31-9","123-31-9","hydroquinone",-2.95,-2.95394403976095,0.0039440397609547,0.0039440397609547
"remove_LogSoce_group","LogSoce","124-94-7","124-94-7","triamcinolone",-5.40011692792631,-4.36670051133669,-1.03341641658962,1.03341641658962
"remove_LogSoce_group","LogSoce","131-11-3","131-11-3","dimethyl phthalate",-1.55258483591006,-1.91464510830925,0.362060272399189,0.362060272399189
"remove_LogSoce_group","LogSoce","131-11-3","131-11-3","dimethyl phthalate",-1.64782103953418,-1.91464510830925,0.266824068775069,0.266824068775069
"remove_LogSoce_group","LogSoce","135-19-3","135-19-3","beta-naphthol; 2-naphthol",-1.5543957967264,-1.99228845942487,0.437892662698466,0.437892662698466
"remove_LogSoce_group","LogSoce","135-19-3","135-19-3","beta-naphthol; 2-naphthol",-1.20065945054642,-1.88767747250889,0.687018021962473,0.687018021962473
"remove_LogSoce_group","LogSoce","13523-86-9","13523-86-9","pindolol",-3.70333480973847,-2.3009047555312,-1.40243005420727,1.40243005420727
"remove_LogSoce_group","LogSoce","13655-52-2","13655-52-2","alprenolol",-2.78664164637561,-3.58921499753848,0.80257335116287,0.80257335116287
"remove_LogSoce_group","LogSoce","137-58-6","137-58-6","lidocaine",-2.40120949323688,-2.39384881741392,-0.0073606758229583,0.0073606758229583
"remove_LogSoce_group","LogSoce","137-58-6","137-58-6","lidocaine",-2.52287874528034,-2.43404493075403,-0.0888338145263097,0.0888338145263097
"remove_LogSoce_group","LogSoce","137-58-6","137-58-6","lidocaine",-2.52287874528034,-2.43404493075403,-0.0888338145263097,0.0888338145263097
"remove_LogSoce_group","LogSoce","141-05-9","141-05-9","diethyl maleate",-1.66740097646667,-1.51286404384606,-0.154536932620608,0.154536932620608
"remove_LogSoce_group","LogSoce","141-05-9","141-05-9","diethyl maleate",-1.58608416024509,-1.51286404384606,-0.0732201163990278,0.0732201163990278
"remove_LogSoce_group","LogSoce","14199-15-6","14199-15-6","methyl 4-hydroxyphenylacetate",-1.69897000433602,-2.05107783474832,0.352107830412304,0.352107830412304
"remove_LogSoce_group","LogSoce","143-08-8","143-08-8","n-nonanol",-1.22184874961636,-0.982937108773618,-0.238911640842742,0.238911640842742
"remove_LogSoce_group","LogSoce","143-08-8","143-08-8","nonanol",-1.22184874961636,-1.20752476541023,-0.0143239842061254,0.0143239842061254
"remove_LogSoce_group","LogSoce","14371-10-9","14371-10-9","trans-cinnamaldehyde",-1.55307871254876,-1.39528167647698,-0.157797036071775,0.157797036071775
"remove_LogSoce_group","LogSoce","14371-10-9","14371-10-9","trans-cinnamaldehyde",-1.38433498624321,-1.39528167647698,0.0109466902337747,0.0109466902337747
"remove_LogSoce_group","LogSoce","145-13-1","145-13-1","hydroxypregnenolone",-3.22184874961636,-4.37087300272258,1.14902425310622,1.14902425310622
"remove_LogSoce_group","LogSoce","145-13-1","145-13-1","pregnenolone",-2.82390874094432,-3.11730047626269,0.293391735318372,0.293391735318372
"remove_LogSoce_group","LogSoce","146-72-5","146-72-5","methylglucose",-3.68026950566978,-3.92972001802101,0.249450512351231,0.249450512351231
"remove_LogSoce_group","LogSoce","1638-22-8","1638-22-8","p-n-butylphenol; 4-butylphenol",-1.11463877996849,-1.24666522920573,0.132026449237238,0.132026449237238
"remove_LogSoce_group","LogSoce","16590-41-3","16590-41-3","naltrexone",-2.6664407795091,-3.1698447619877,0.503403982478598,0.503403982478598
"remove_LogSoce_group","LogSoce","17194-82-0","17194-82-0","alfa-(4-hydroxyphenyl) acetamide",-3.34678748622466,-2.72511964744946,-0.6216678387752,0.6216678387752
"remove_LogSoce_group","LogSoce","18979-50-5","18979-50-5","4-propoxyphenol",-1.82490330536304,-1.7889201366751,-0.0359831686879417,0.0359831686879417
"remove_LogSoce_group","LogSoce","2152-44-5","2152-44-5","betamethasone-17-valerate",-2.88041422503822,-4.40696685292659,1.52655262788837,1.52655262788837
"remove_LogSoce_group","LogSoce","2203-97-6","2203-97-6","hydrocortisone-21-hemisuccinate",-3.20065945054642,-3.88040913438889,0.679749683842469,0.679749683842469
"remove_LogSoce_group","LogSoce","2493-02-9","2493-02-9","4-bromophenyl isocyanate",-1.84100559902551,-1.66341511821596,-0.177590480809549,0.177590480809549
"remove_LogSoce_group","LogSoce","2493-02-9","2493-02-9","4-bromophenyl isocyanate",-1.75134980127003,-1.66341511821596,-0.0879346830540693,0.0879346830540693
"remove_LogSoce_group","LogSoce","26839-75-8","26839-75-8","timolol",-3.57016261901271,-2.41898171014571,-1.151180908867,1.151180908867
"remove_LogSoce_group","LogSoce","26839-75-8","26839-75-8","timolol",-3.53521248035406,-2.3357783377914,-1.19943414256266,1.19943414256266
"remove_LogSoce_group","LogSoce","2871-01-4","2871-01-4","hc red no. 3; 2-(4-amino-2-nitroanilino)-ethanol",-1.67058885168866,-1.8852891960452,0.214700344356539,0.214700344356539
"remove_LogSoce_group","LogSoce","2871-01-4","2871-01-4","hc red no. 3; 2-(4-amino-2-nitroanilino)-ethanol",-2.32271042397763,-1.8852891960452,-0.437421227932431,0.437421227932431
"remove_LogSoce_group","LogSoce","29122-68-7","29122-68-7","atenolol",-3.96657624451305,-2.75796836287071,-1.20860788164234,1.20860788164234
"remove_LogSoce_group","LogSoce","31005-02-4","31005-02-4","7-ethoxycoumarin",-0.781780143112531,-2.19888259817644,1.41710245506391,1.41710245506391
"remove_LogSoce_group","LogSoce","31005-02-4","31005-02-4","7-ethoxycoumarin",-0.919153916982604,-2.19888259817644,1.27972868119384,1.27972868119384
"remove_LogSoce_group","LogSoce","333-41-5","333-41-5","diazinon",-2.06048074738138,-2.40023836759136,0.339757620209975,0.339757620209975
"remove_LogSoce_group","LogSoce","3360-41-6","3360-41-6","4-phenylbutanol",-1.08092190762393,-1.5902550330484,0.50933312542447,0.50933312542447
"remove_LogSoce_group","LogSoce","3593-96-2","3593-96-2","hydrocortisone-21-hexanoate; hydrocortisone caproate",-2,-3.71635787453401,1.71635787453401,1.71635787453401
"remove_LogSoce_group","LogSoce","3930-20-9","3930-20-9","sotalol",-4.31984585826563,-3.09221565063321,-1.22763020763242,1.22763020763242
"remove_LogSoce_group","LogSoce","3930-20-9","3930-20-9","sotalol",-3.88598470867013,-3.09221565063321,-0.793769058036921,0.793769058036921
"remove_LogSoce_group","LogSoce","3930-20-9","3930-20-9","sotalol",-4.17986287404271,-3.09221565063321,-1.0876472234095,1.0876472234095
"remove_LogSoce_group","LogSoce","42200-33-9","42200-33-9","nadolol",-4.10127481841051,-3.04742496633563,-1.05384985207488,1.05384985207488
"remove_LogSoce_group","LogSoce","437-38-7","437-38-7","fentanyl base",-1.96286612872332,-2.56274294659778,0.599876817874463,0.599876817874463
"remove_LogSoce_group","LogSoce","463-40-1","463-40-1","linolenic acid",-2.431798275933,-1.64088640458004,-0.790911871352962,0.790911871352962
"remove_LogSoce_group","LogSoce","499-75-2","499-75-2","iso-thymol; carvacrol",-1.25336580106242,-1.46590970279633,0.21254390173391,0.21254390173391
"remove_LogSoce_group","LogSoce","50-2-2","50-2-2","dexamethasone",-4.19382002601611,-4.32912336692258,0.135303340906472,0.135303340906472
"remove_LogSoce_group","LogSoce","50-22-6","50-22-6","corticosterone",-2.24178591486039,-3.18244109644302,0.94065518158263,0.94065518158263
"remove_LogSoce_group","LogSoce","50-22-6","50-22-6","corticosterone",-2.35454840605954,-3.18244109644302,0.82789269038348,0.82789269038348
"remove_LogSoce_group","LogSoce","50-22-6","50-22-6","corticosterone",-3.16494389827988,-3.1258966768407,-0.0390472214391813,0.0390472214391813
"remove_LogSoce_group","LogSoce","50-22-6","50-22-6","corticosterone",-4,-3.28244955895976,-0.71755044104024,0.71755044104024
"remove_LogSoce_group","LogSoce","50-22-6","50-22-6","corticosterone",-3.33468369530231,-3.20404127979718,-0.130642415505126,0.130642415505126
"remove_LogSoce_group","LogSoce","50-22-6","50-22-6","corticosterone",-3.52287874528034,-3.31724479534508,-0.205633949935264,0.205633949935264
"remove_LogSoce_group","LogSoce","50-22-6","50-22-6","corticosterone",-3.52287874528034,-3.30848239312198,-0.214396352158358,0.214396352158358
"remove_LogSoce_group","LogSoce","50-22-6","50-22-6","corticosterone",-4,-3.27905434719108,-0.720945652808924,0.720945652808924
"remove_LogSoce_group","LogSoce","50-22-6","50-22-6","corticosterone",-3.26587485567249,-3.29072054254736,0.0248456868748708,0.0248456868748708
"remove_LogSoce_group","LogSoce","50-22-6","50-22-6","corticosterone",-2.58587485567249,-3.16178396451899,0.575909108846501,0.575909108846501
"remove_LogSoce_group","LogSoce","50-22-6","50-22-6","corticosterone",-4.22184874961636,-3.30073601184009,-0.921112737776267,0.921112737776267
"remove_LogSoce_group","LogSoce","50-22-6","50-22-6","corticosterone",-4.67571754470231,-3.31180684831989,-1.36391069638242,1.36391069638242
"remove_LogSoce_group","LogSoce","50-22-6","50-22-6","corticosterone",-3.23418248469008,-3.12928674417727,-0.104895740512807,0.104895740512807
"remove_LogSoce_group","LogSoce","50-23-7","50-23-7","hydrocortisone",-2.01894154396037,-3.68801098374082,1.66906943978045,1.66906943978045
"remove_LogSoce_group","LogSoce","50-23-7","50-23-7","hydrocortisone",-2.68163603566894,-3.68801098374082,1.00637494807188,1.00637494807188
"remove_LogSoce_group","LogSoce","50-23-7","50-23-7","hydrocortisone",-3.63827216398241,-3.59335194323189,-0.0449202207505164,0.0449202207505164
"remove_LogSoce_group","LogSoce","50-23-7","50-23-7","hydrocortisone",-3.63870046691906,-3.65029323287738,0.0115927659583202,0.0115927659583202
"remove_LogSoce_group","LogSoce","50-23-7","50-23-7","hydrocortisone",-5.52287874528034,-3.76598806212802,-1.75689068315232,1.75689068315232
"remove_LogSoce_group","LogSoce","50-23-7","50-23-7","hydrocortisone",-5.52724355068279,-3.77865184390306,-1.74859170677973,1.74859170677973
"remove_LogSoce_group","LogSoce","50-24-8","50-24-8","prednisolone",-4.32790214206428,-3.94593177687773,-0.381970365186549,0.381970365186549
"remove_LogSoce_group","LogSoce","50-27-1","50-27-1","estriol",-4.39794000867204,-3.68361734734895,-0.714322661323095,0.714322661323095
"remove_LogSoce_group","LogSoce","50-28-2","50-28-2","beta-estradiol",-2.38721614328026,-2.6542349595705,0.267018816290242,0.267018816290242
"remove_LogSoce_group","LogSoce","50-28-2","50-28-2","beta-estradiol",-2.01233373507373,-2.41943022219088,0.407096487117148,0.407096487117148
"remove_LogSoce_group","LogSoce","50-28-2","50-28-2","beta-estradiol",-3.52287874528034,-2.63403294355081,-0.888845801729529,0.888845801729529
"remove_LogSoce_group","LogSoce","50-28-2","50-28-2","beta-estradiol",-2.28149831113273,-2.5162153818051,0.234717070672366,0.234717070672366
"remove_LogSoce_group","LogSoce","50-28-2","50-28-2","estradiol",-1.98581560249872,-2.5162153818051,0.530399779306375,0.530399779306375
"remove_LogSoce_group","LogSoce","50-28-2","50-28-2","estradiol",-4.69680394257951,-2.41469456886306,-2.28210937371645,2.28210937371645
"remove_LogSoce_group","LogSoce","50-28-2","50-28-2","estradiol",-2.36451625318509,-2.41469456886306,0.0501783156779667,0.0501783156779667
"remove_LogSoce_group","LogSoce","50-28-2","50-28-2","estradiol",-2.38090666937326,-2.6542349595705,0.273328290197242,0.273328290197242
"remove_LogSoce_group","LogSoce","50-28-2","50-28-2","estradiol",-2.21324857785444,-2.41927519646047,0.206026618606032,0.206026618606032
"remove_LogSoce_group","LogSoce","50-28-2","50-28-2","estradiol",-2.49485002168009,-2.65439174899257,0.159541727312479,0.159541727312479
"remove_LogSoce_group","LogSoce","50-28-2","50-28-2","estradiol",-2.52287874528034,-2.6542349595705,0.131356214290162,0.131356214290162
"remove_LogSoce_group","LogSoce","50-28-2","50-28-2","estradiol",-2.52287874528034,-2.65461116183811,0.131732416557765,0.131732416557765
"remove_LogSoce_group","LogSoce","50-28-2","50-28-2","estradiol",-2.52287874528034,-2.65461116183811,0.131732416557765,0.131732416557765
"remove_LogSoce_group","LogSoce","50-28-2","50-28-2","estradiol",-2.08008551934057,-2.41469456886306,0.334609049522486,0.334609049522486
"remove_LogSoce_group","LogSoce","50-28-2","50-28-2","estradiol",-2.34969247686806,-2.5162153818051,0.166522904937036,0.166522904937036
"remove_LogSoce_group","LogSoce","50-28-2","50-28-2","estradiol",-2.51173374958299,-2.5162153818051,0.00448163222210551,0.00448163222210551
"remove_LogSoce_group","LogSoce","51-21-8","51-21-8","5-fluorouracil",-4.52574969288748,-3.34651503926397,-1.17923465362351,1.17923465362351
"remove_LogSoce_group","LogSoce","51-21-8","51-21-8","5-fluorouracil",-4.72894468964132,-3.36527177033715,-1.36367291930417,1.36367291930417
"remove_LogSoce_group","LogSoce","51-21-8","51-21-8","5-fluorouracil",-4.47108329972234,-3.34651503926397,-1.12456826045837,1.12456826045837
"remove_LogSoce_group","LogSoce","51-21-8","51-21-8","5-fluorouracil (+ - + -)",-4.46597389394386,-3.36527177033715,-1.10070212360671,1.10070212360671
"remove_LogSoce_group","LogSoce","512-69-6","512-69-6","raffinose",-4.85472588171206,-4.09503211971478,-0.75969376199728,0.75969376199728
"remove_LogSoce_group","LogSoce","512-69-6","512-69-6","raffinose",-4.29756946355447,-4.09503211971478,-0.20253734383969,0.20253734383969
"remove_LogSoce_group","LogSoce","513-85-9","513-85-9","2,3-butanediol",-4.30102999566398,-2.9999434054079,-1.30108659025608,1.30108659025608
"remove_LogSoce_group","LogSoce","51384-51-1","51384-51-1","metoprolol",-3.52461940685664,-3.21553726738482,-0.30908213947182,0.30908213947182
"remove_LogSoce_group","LogSoce","52-39-1","52-39-1","aldosterone",-4.23657200643706,-3.13571780699691,-1.10085419944015,1.10085419944015
"remove_LogSoce_group","LogSoce","52-39-1","52-39-1","aldosterone",-4.74835790885864,-2.99377462039267,-1.75458328846597,1.75458328846597
"remove_LogSoce_group","LogSoce","52-39-1","52-39-1","aldosterone",-4.30102999566398,-3.13539858039203,-1.16563141527195,1.16563141527195
"remove_LogSoce_group","LogSoce","52-39-1","52-39-1","aldosterone",-4.52287874528034,-3.14519643567636,-1.37768230960398,1.37768230960398
"remove_LogSoce_group","LogSoce","52-39-1","52-39-1","aldosterone",-4.52287874528034,-3.27092863564516,-1.25195010963518,1.25195010963518
"remove_LogSoce_group","LogSoce","52-39-1","52-39-1","aldosterone",-4.01233373507373,-3.10861736561938,-0.903716369454346,0.903716369454346
"remove_LogSoce_group","LogSoce","53-06-5","53-06-5","cortisone",-3.82390874094432,-3.56095062639498,-0.262958114549338,0.262958114549338
"remove_LogSoce_group","LogSoce","53-06-5","53-06-5","cortisone",-5,-3.76165105909591,-1.23834894090409,1.23834894090409
"remove_LogSoce_group","LogSoce","53-16-7","53-16-7","estrone",-2.44369749923271,-3.36315453202928,0.919457032796566,0.919457032796566
"remove_LogSoce_group","LogSoce","53-96-3","53-96-3","2-(acetylamino)fluorene",-1.16052197602182,-2.36761520516079,1.20709322913897,1.20709322913897
"remove_LogSoce_group","LogSoce","53-96-3","53-96-3","2-(acetylamino)fluorene",-1.10756666442663,-2.36761520516079,1.26004854073416,1.26004854073416
"remove_LogSoce_group","LogSoce","533-73-3","533-73-3","1,2,4-benzenetriol",-3.9,-3.275647322269,-0.624352677730999,0.624352677730999
"remove_LogSoce_group","LogSoce","53535-33-4","53535-33-4","heptanol",-1.42481215507234,-1.33241675087236,-0.0923954041999793,0.0923954041999793
"remove_LogSoce_group","LogSoce","53535-33-4","53535-33-4","heptanol",-1.49485002168009,-1.42750242135544,-0.0673476003246463,0.0673476003246463
"remove_LogSoce_group","LogSoce","53535-33-4","53535-33-4","n-heptanol",-1.49485002168009,-1.26953173799823,-0.22531828368186,0.22531828368186
"remove_LogSoce_group","LogSoce","554-84-7","554-84-7","m-nitrophenol; 3-nitrophenol",-2.24848294855394,-2.31858921757037,0.0701062690164256,0.0701062690164256
"remove_LogSoce_group","LogSoce","56-81-5","56-81-5","glycerol",-4.56863623584101,-3.42809013164459,-1.14054610419642,1.14054610419642
"remove_LogSoce_group","LogSoce","56-81-5","56-81-5","glycerol",-3.00594693641232,-3.42772394006715,0.421777003654829,0.421777003654829
"remove_LogSoce_group","LogSoce","56030-54-7","56030-54-7","sufentanil base",-1.81815641205523,-2.91097896844223,1.092822556387,1.092822556387
"remove_LogSoce_group","LogSoce","57-13-6","57-13-6","urea",-3.82973828460504,-3.19342420102431,-0.636314083580733,0.636314083580733
"remove_LogSoce_group","LogSoce","57-13-6","57-13-6","urea",-3.95233580539844,-3.07705589052346,-0.875279914874983,0.875279914874983
"remove_LogSoce_group","LogSoce","57-13-6","57-13-6","urea",-3.92564441915299,-3.2179106217794,-0.707733797373585,0.707733797373585
"remove_LogSoce_group","LogSoce","57-13-6","57-13-6","urea",-3.69494112531286,-3.30178605618713,-0.393155069125734,0.393155069125734
"remove_LogSoce_group","LogSoce","57-13-6","57-13-6","urea",-3.55495653854982,-3.1772274210488,-0.377729117501016,0.377729117501016
"remove_LogSoce_group","LogSoce","57-13-6","57-13-6","urea",-3.5970511706556,-3.2179106217794,-0.379140548876195,0.379140548876195
"remove_LogSoce_group","LogSoce","57-13-6","57-13-6","urea",-3.55720677406023,-3.2179106217794,-0.339296152280825,0.339296152280825
"remove_LogSoce_group","LogSoce","57-50-1","57-50-1","sucrose",-5.0268721464003,-5.03030605643555,0.00343391003525362,0.00343391003525362
"remove_LogSoce_group","LogSoce","57-50-1","57-50-1","sucrose",-5.2839966563652,-5.12666355409089,-0.157333102274311,0.157333102274311
"remove_LogSoce_group","LogSoce","57-50-1","57-50-1","sucrose",-4.76200316671127,-5.03030605643555,0.268302889724284,0.268302889724284
"remove_LogSoce_group","LogSoce","57-50-1","57-50-1","sucrose",-4.26905630657226,-5.03030605643555,0.761249749863294,0.761249749863294
"remove_LogSoce_group","LogSoce","57-50-1","57-50-1","sucrose",-4.36451625318509,-5.03030605643555,0.665789803250464,0.665789803250464
"remove_LogSoce_group","LogSoce","57-50-1","57-50-1","sucrose",-3.13406733180681,-5.03030605643555,1.89623872462874,1.89623872462874
"remove_LogSoce_group","LogSoce","57-83-0","57-83-0","progesterone",-1.52287874528034,-2.46127356280162,0.938394817521279,0.938394817521279
"remove_LogSoce_group","LogSoce","57-83-0","57-83-0","progesterone",-1.70344032687277,-2.50118594444846,0.797745617575689,0.797745617575689
"remove_LogSoce_group","LogSoce","57-83-0","57-83-0","progesterone",-1.88605664769316,-2.68873892640331,0.802682278710148,0.802682278710148
"remove_LogSoce_group","LogSoce","57-83-0","57-83-0","progesterone",-1.69897000433602,-2.68820779979683,0.989237795460808,0.989237795460808
"remove_LogSoce_group","LogSoce","57-83-0","57-83-0","progesterone",-2.82390874094432,-2.66946307070235,-0.154445670241966,0.154445670241966
"remove_LogSoce_group","LogSoce","58-08-2","58-08-2","caffeine",-3.80687540164554,-3.43466850735911,-0.372206894286432,0.372206894286432
"remove_LogSoce_group","LogSoce","58-08-2","58-08-2","caffeine",-4.58586563707645,-3.60275929857731,-0.983106338499141,0.983106338499141
"remove_LogSoce_group","LogSoce","58-08-2","58-08-2","caffeine",-1.60220380347052,-3.56571759644991,1.96351379297939,1.96351379297939
"remove_LogSoce_group","LogSoce","58-08-2","58-08-2","caffeine",-2.60631808276205,-3.56571759644991,0.959399513687857,0.959399513687857
"remove_LogSoce_group","LogSoce","58-08-2","58-08-2","caffeine",-4.15490195998574,-3.64886922814859,-0.506032731837148,0.506032731837148
"remove_LogSoce_group","LogSoce","58-08-2","58-08-2","caffeine",-3.69897000433602,-3.54825587596137,-0.150714128374653,0.150714128374653
"remove_LogSoce_group","LogSoce","58-22-0","58-22-0","testosterone",-2.0571655062299,-2.61718541184012,0.560019905610224,0.560019905610224
"remove_LogSoce_group","LogSoce","58-22-0","58-22-0","testosterone",-2.04694894237348,-2.48860409277215,0.441655150398671,0.441655150398671
"remove_LogSoce_group","LogSoce","58-22-0","58-22-0","testosterone",-1.64633962279966,-2.58090043352004,0.93456081072038,0.93456081072038
"remove_LogSoce_group","LogSoce","58-22-0","58-22-0","testosterone",-1.41570671752568,-2.58090043352004,1.16519371599436,1.16519371599436
"remove_LogSoce_group","LogSoce","58-22-0","58-22-0","testosterone",-2.27083521030723,-2.69359946472953,0.4227642544223,0.4227642544223
"remove_LogSoce_group","LogSoce","58-22-0","58-22-0","testosterone",-2.38875983135141,-2.53424346914772,0.145483637796308,0.145483637796308
"remove_LogSoce_group","LogSoce","58-22-0","58-22-0","testosterone",-2.65757731917779,-2.69405042239602,0.0364731032182313,0.0364731032182313
"remove_LogSoce_group","LogSoce","58-22-0","58-22-0","testosterone",-2.65757731917779,-2.69251826318337,0.0349409440055846,0.0349409440055846
"remove_LogSoce_group","LogSoce","58-22-0","58-22-0","testosterone",-2.65757731917779,-2.69251826318337,0.0349409440055846,0.0349409440055846
"remove_LogSoce_group","LogSoce","58-22-0","58-22-0","testosterone",-3.39794000867204,-2.67789656615608,-0.720043442515963,0.720043442515963
"remove_LogSoce_group","LogSoce","58-22-0","58-22-0","testosterone",-3.06752623532285,-2.69405042239602,-0.373475812926829,0.373475812926829
"remove_LogSoce_group","LogSoce","58-22-0","58-22-0","testosterone",-2.13194363817696,-2.48551242818158,0.353568790004616,0.353568790004616
"remove_LogSoce_group","LogSoce","58-54-8","58-54-8","ethacrynic acid",-3.82390874094432,-2.34377369496487,-1.48013504597945,1.48013504597945
"remove_LogSoce_group","LogSoce","59-05-2","59-05-2","methotrexate",-3.40160112979023,-4.39040738512338,0.988806255333153,0.988806255333153
"remove_LogSoce_group","LogSoce","59-50-7","59-50-7","chlorocresol",-1.26406804435028,-2.01017936905441,0.746111324704134,0.746111324704134
"remove_LogSoce_group","LogSoce","59-50-7","59-50-7","chlorocresol",-1.65255620893436,-1.87551987407529,0.222963665140933,0.222963665140933
"remove_LogSoce_group","LogSoce","60-12-8","60-12-8","2-phenylethanol",-1.25963731050576,-1.82849933223559,0.568862021729831,0.568862021729831
"remove_LogSoce_group","LogSoce","60-12-8","60-12-8","2-phenylethanol",-2.11527250510331,-2.02934774554653,-0.0859247595567836,0.0859247595567836
"remove_LogSoce_group","LogSoce","610-81-1","610-81-1","4-amino-3-nitrophenol",-2.1297393876227,-2.4830601782772,0.353320790654499,0.353320790654499
"remove_LogSoce_group","LogSoce","610-81-1","610-81-1","4-amino-3-nitrophenol",-2.26671923730847,-2.4830601782772,0.216340940968729,0.216340940968729
"remove_LogSoce_group","LogSoce","614-18-6","614-18-6","nicotinate, ethyl",-3.10790539730952,-2.1436806871373,-0.964224710172225,0.964224710172225
"remove_LogSoce_group","LogSoce","614-18-6","614-18-6","nicotinate, ethyl",-3.08618614761628,-2.205133881373,-0.881052266243278,0.881052266243278
"remove_LogSoce_group","LogSoce","623-05-2","623-05-2","4-hydroxybenzyl alcohol",-2.69897000433602,-2.11481361546873,-0.584156388867287,0.584156388867287
"remove_LogSoce_group","LogSoce","63-36-5","63-36-5","salicylate",-3.96686900819185,-3.75183578364844,-0.215033224543413,0.215033224543413
"remove_LogSoce_group","LogSoce","64-17-5","64-17-5","ethanol",-2.72124639904717,-2.91844612098903,0.19719972194186,0.19719972194186
"remove_LogSoce_group","LogSoce","64-17-5","64-17-5","ethanol",-3.09691001300806,-2.88154604020254,-0.215363972805522,0.215363972805522
"remove_LogSoce_group","LogSoce","64-17-5","64-17-5","ethanol",-3.09691001300806,-3.10633611233966,0.00942609933159799,0.00942609933159799
"remove_LogSoce_group","LogSoce","64-19-7","64-19-7","acetic acid",-2.77786589964853,-2.915474009261,0.137608109612475,0.137608109612475
"remove_LogSoce_group","LogSoce","64-85-7","64-85-7","cortexone",-3.34678748622466,-2.89292047948443,-0.453867006740234,0.453867006740234
"remove_LogSoce_group","LogSoce","65-85-0","65-85-0","benzoic acid",-2.11918640771921,-1.96666770858634,-0.152518699132868,0.152518699132868
"remove_LogSoce_group","LogSoce","65-85-0","65-85-0","benzoic acid",-1.50863830616573,-2.00257683046272,0.493938524296994,0.493938524296994
"remove_LogSoce_group","LogSoce","65-85-0","65-85-0","benzoic acid",-1.50863830616573,-2.00257683046272,0.493938524296994,0.493938524296994
"remove_LogSoce_group","LogSoce","66-27-3","66-27-3","methyl methanesulfonate",-1.91205408690953,-3.07818146414048,1.16612737723095,1.16612737723095
"remove_LogSoce_group","LogSoce","66-27-3","66-27-3","methyl methanesulfonate",-2.06776764179179,-3.07818146414048,1.01041382234869,1.01041382234869
"remove_LogSoce_group","LogSoce","6677-98-1","6677-98-1","hydrocortisone-21-propionate",-2.46852108295775,-3.75524153193855,1.2867204489808,1.2867204489808
"remove_LogSoce_group","LogSoce","67-56-1","67-56-1","methanol",-3.30102999566398,-2.98669040057322,-0.314339595090761,0.314339595090761
"remove_LogSoce_group","LogSoce","67-56-1","67-56-1","methanol",-3.30102999566398,-3.2135636666777,-0.0874663289862769,0.0874663289862769
"remove_LogSoce_group","LogSoce","67-56-1","67-56-1","methanol",-2.79588001734407,-3.11787743972939,0.321997422385316,0.321997422385316
"remove_LogSoce_group","LogSoce","68-96-2","68-96-2","17-alfa-hydroxyprogesterone",-3.22184874961636,-3.4574548391528,0.235606089536444,0.235606089536444
"remove_LogSoce_group","LogSoce","69-29-7","69-29-7","ethyl ether",-1.79588001734408,-2.20967470858876,0.413794691244676,0.413794691244676
"remove_LogSoce_group","LogSoce","69-65-8","69-65-8","mannitol",-4.72681868815271,-3.33514973679226,-1.39166895136045,1.39166895136045
"remove_LogSoce_group","LogSoce","69-65-8","69-65-8","mannitol",-4,-3.36874600930837,-0.631253990691634,0.631253990691634
"remove_LogSoce_group","LogSoce","69-65-8","69-65-8","mannitol",-4.68257958814785,-3.23899655855829,-1.44358302958956,1.44358302958956
"remove_LogSoce_group","LogSoce","69-65-8","69-65-8","mannitol",-4.45692576496647,-3.23989502756165,-1.21703073740482,1.21703073740482
"remove_LogSoce_group","LogSoce","69-65-8","69-65-8","mannitol",-4.77257756999574,-3.34941708329467,-1.42316048670107,1.42316048670107
"remove_LogSoce_group","LogSoce","69-65-8","69-65-8","mannitol",-4.43830246734601,-3.23989502756165,-1.19840743978436,1.19840743978436
"remove_LogSoce_group","LogSoce","69-65-8","69-65-8","mannitol",-4.18810341360238,-3.38256449579833,-0.80553891780405,0.80553891780405
"remove_LogSoce_group","LogSoce","69-65-8","69-65-8","mannitol",-4.00436480540245,-3.29833627743891,-0.706028527963537,0.706028527963537
"remove_LogSoce_group","LogSoce","69-65-8","69-65-8","mannitol",-3.97265039222524,-3.39900059383302,-0.573649798392225,0.573649798392225
"remove_LogSoce_group","LogSoce","69-65-8","69-65-8","mannitol",-3.1536628878702,-3.23899655855829,0.0853336706880854,0.0853336706880854
"remove_LogSoce_group","LogSoce","69-72-7","69-72-7","salicylic acid",-3.03151705144606,-2.08757264540209,-0.943944406043966,0.943944406043966
"remove_LogSoce_group","LogSoce","69-72-7","69-72-7","salicylic acid",-1.34678748622466,-2.16951410579722,0.822726619572557,0.822726619572557
"remove_LogSoce_group","LogSoce","71-23-8","71-23-8","n-propanol",-2.92081875395238,-2.92455450068198,0.00373574672960153,0.00373574672960153
"remove_LogSoce_group","LogSoce","71-23-8","71-23-8","propanol",-2.76955107862173,-3.05561859273715,0.286067514115425,0.286067514115425
"remove_LogSoce_group","LogSoce","71-23-8","71-23-8","propanol",-2.92081875395238,-3.15137098561298,0.230552231660601,0.230552231660601
"remove_LogSoce_group","LogSoce","71-36-3","71-36-3","butanol",-2.52287874528034,-2.05320889146643,-0.469669853813906,0.469669853813906
"remove_LogSoce_group","LogSoce","71-36-3","71-36-3","butanol",-2.10237290870956,-1.96353109891047,-0.138841809799091,0.138841809799091
"remove_LogSoce_group","LogSoce","71-36-3","71-36-3","butanol",-2.65757731917779,-2.144378895285,-0.513198423892787,0.513198423892787
"remove_LogSoce_group","LogSoce","71-36-3","71-36-3","butanol",-2.65757731917779,-2.14447562241432,-0.513101696763472,0.513101696763472
"remove_LogSoce_group","LogSoce","71-36-3","71-36-3","butanol",-2.60205999132796,-2.144378895285,-0.457681096042957,0.457681096042957
"remove_LogSoce_group","LogSoce","71-36-3","71-36-3","n-butanol",-2.60205999132796,-1.92816368402458,-0.673896307303385,0.673896307303385
"remove_LogSoce_group","LogSoce","71-41-0","71-41-0","n-pentanol",-2.22184874961636,-1.69728164264502,-0.524567106971337,0.524567106971337
"remove_LogSoce_group","LogSoce","71-41-0","71-41-0","pentanol",-2.22184874961636,-1.92440212421042,-0.297446625405937,0.297446625405937
"remove_LogSoce_group","LogSoce","71-43-0","71-43-0","benzene",-0.954285941059132,-1.25436339885381,0.300077457794681,0.300077457794681
"remove_LogSoce_group","LogSoce","71-43-0","71-43-0","benzene",-0.795880017344075,-1.37069798764764,0.574817970303568,0.574817970303568
"remove_LogSoce_group","LogSoce","71-91-0","71-91-0","tetraethylammonium",-3.25387553642834,-5.05878055456644,1.8049050181381,1.8049050181381
"remove_LogSoce_group","LogSoce","71-91-0","71-91-0","tetraethylammonium bromide (+)",-3.36815053784018,-5.01870654603392,1.65055600819374,1.65055600819374
"remove_LogSoce_group","LogSoce","76-25-5","76-25-5","triamcinolone acetonide",-3.40230481407449,-4.79491551014369,1.3926106960692,1.3926106960692
"remove_LogSoce_group","LogSoce","76-25-5","76-25-5","triamcinolone acetonide",-4.70663744528855,-5.00269441541852,0.296056970129968,0.296056970129968
"remove_LogSoce_group","LogSoce","76180-96-6","76180-96-6","3-methyl-3h-imidazo[4,5-f]quinolin-2-amine",-2.07218350508968,-3.53760771054265,1.46542420545296,1.46542420545296
"remove_LogSoce_group","LogSoce","76180-96-6","76180-96-6","3-methyl-3h-imidazo[4,5-f]quinolin-2-amine",-2.43056359552234,-3.53760771054265,1.1070441150203,1.1070441150203
"remove_LogSoce_group","LogSoce","7732-18-5","7732-18-5","water",-2.80687540164554,-3.31976408730248,0.512888685656937,0.512888685656937
"remove_LogSoce_group","LogSoce","7732-18-5","7732-18-5","water",-2.98540960554622,-3.31976408730248,0.334354481756257,0.334354481756257
"remove_LogSoce_group","LogSoce","7732-18-5","7732-18-5","water",-2.80966830182971,-3.28200578633699,0.472337484507283,0.472337484507283
"remove_LogSoce_group","LogSoce","7732-18-5","7732-18-5","water",-3.14997431819434,-3.28207527123545,0.132100953041112,0.132100953041112
"remove_LogSoce_group","LogSoce","7732-18-5","7732-18-5","water",-3.07058107428571,-3.31976408730248,0.249183013016768,0.249183013016768
"remove_LogSoce_group","LogSoce","7732-18-5","7732-18-5","water",-3.24233473501217,-3.28200578633699,0.0396710513248233,0.0396710513248233
"remove_LogSoce_group","LogSoce","7732-18-5","7732-18-5","water",-3.45621525646938,-3.28200578633699,-0.174209470132387,0.174209470132387
"remove_LogSoce_group","LogSoce","7732-18-5","7732-18-5","water",-3.27134965805094,-3.28200578633699,0.0106561282860533,0.0106561282860533
"remove_LogSoce_group","LogSoce","7732-18-5","7732-18-5","water",-3.15476521541715,-3.30085388552939,0.146088670112238,0.146088670112238
"remove_LogSoce_group","LogSoce","7732-18-5","7732-18-5","water",-3.52287874528034,-3.41526114990536,-0.107617595374979,0.107617595374979
"remove_LogSoce_group","LogSoce","7732-18-5","7732-18-5","water",-3.5,-3.41526114990536,-0.0847388500946384,0.0847388500946384
"remove_LogSoce_group","LogSoce","78-93-3","78-93-3","2-butanone",-2.34678748622466,-2.49063348929888,0.143846003074219,0.143846003074219
"remove_LogSoce_group","LogSoce","84-66-2","84-66-2","diethyl phthalate",-1.70509308939481,-1.7210611135796,0.0159680241847879,0.0159680241847879
"remove_LogSoce_group","LogSoce","87-66-1","87-66-1","pyrogallol",-2.81,-3.24514666904653,0.435146669046534,0.435146669046534
"remove_LogSoce_group","LogSoce","88-04-0","88-04-0","chloroxylenol",-1.22875360095283,-1.83566334463317,0.606909743680338,0.606909743680338
"remove_LogSoce_group","LogSoce","88-04-0","88-04-0","chloroxylenol",-1.09474395125155,-1.75257016869409,0.657826217442545,0.657826217442545
"remove_LogSoce_group","LogSoce","88-06-2","88-06-2","2,4,6-trichlorophenol",-1.23275783168158,-1.99167790242846,0.75892007074688,0.75892007074688
"remove_LogSoce_group","LogSoce","88-18-6","88-18-6","o-t-butylphenol",-1.12842706445412,-1.32587364395967,0.197446579505554,0.197446579505554
"remove_LogSoce_group","LogSoce","89-83-8","89-83-8","thymol; 2-isopropyl-5-methylphenol",-1.27607480270083,-1.6914860717725,0.415411269071669,0.415411269071669
"remove_LogSoce_group","LogSoce","89-83-8","89-83-8","thymol; 2-isopropyl-5-methylphenol",-1.21324857785444,-1.54396036597066,0.330711788116219,0.330711788116219
"remove_LogSoce_group","LogSoce","90-15-3","90-15-3","naphthol",-1.58502665202918,-1.81887336710773,0.233846715078547,0.233846715078547
"remove_LogSoce_group","LogSoce","90-15-3","90-15-3","naphthol",-1.52287874528034,-1.81887336710773,0.295994621827387,0.295994621827387
"remove_LogSoce_group","LogSoce","91-20-3","91-20-3","naphthalene",-1.55111528700206,-1.05433947606395,-0.496775810938111,0.496775810938111
"remove_LogSoce_group","LogSoce","91-20-3","91-20-3","naphthalene",-1.78220214249451,-1.05433947606395,-0.727862666430561,0.727862666430561
"remove_LogSoce_group","LogSoce","92-48-8","92-48-8","6-methylcoumarin",-1.18136926112576,-2.45644026921174,1.27507100808598,1.27507100808598
"remove_LogSoce_group","LogSoce","92-48-8","92-48-8","6-methylcoumarin",-1.331936361143,-2.45644026921174,1.12450390806874,1.12450390806874
"remove_LogSoce_group","LogSoce","93-60-7","93-60-7","nicotinate, methyl",-3.30980391997149,-2.21653351549721,-1.09327040447428,1.09327040447428
"remove_LogSoce_group","LogSoce","93-60-7","93-60-7","nicotinate, methyl",-3.27572413039921,-2.24617365278354,-1.02955047761567,1.02955047761567
"remove_LogSoce_group","LogSoce","937-20-2","937-20-2","2,4-dichloroacetophenone",-0.743772935647774,-1.77936688847367,1.03559395282589,1.03559395282589
"remove_LogSoce_group","LogSoce","937-20-2","937-20-2","2,4-dichloroacetophenone",-1.86052608660328,-1.77936688847367,-0.0811591981296145,0.0811591981296145
"remove_LogSoce_group","LogSoce","94-13-3","94-13-3","propylparaben",-1.67615465544754,-1.76411764456051,0.0879629891129701,0.0879629891129701
"remove_LogSoce_group","LogSoce","94-13-3","94-13-3","propylparaben",-1.26606734367858,-1.83611210336397,0.570044759685394,0.570044759685394
"remove_LogSoce_group","LogSoce","94-13-3","94-13-3","propylparaben",-1.20290590120029,-1.83611210336397,0.633206202163684,0.633206202163684
"remove_LogSoce_group","LogSoce","94-26-8","94-26-8","butylparaben",-0.981299501333757,-1.57988976109277,0.59859025975901,0.59859025975901
"remove_LogSoce_group","LogSoce","94-26-8","94-26-8","butylparaben",-1.15242734085789,-1.66455434290691,0.512127002049023,0.512127002049023
"remove_LogSoce_group","LogSoce","95-48-7","95-48-7","o-cresol",-1.80172783601759,-2.10938012138153,0.307652285363937,0.307652285363937
"remove_LogSoce_group","LogSoce","95-54-5","95-54-5","o-phenylenediamine",-3.34678748622466,-2.38477340565427,-0.962014080570393,0.962014080570393
"remove_LogSoce_group","LogSoce","95-57-8","95-57-8","o-chlorophenol",-1.48044892137827,-2.09635161879372,0.615902697415446,0.615902697415446
"remove_LogSoce_group","LogSoce","95-65-8","95-65-8","3,4-xylenol",-1.44278385671974,-1.89776750045688,0.454983643737144,0.454983643737144
"remove_LogSoce_group","LogSoce","97-00-7","97-00-7","2,4-dinitrochlorobenzene",-1.57500847696703,-1.52955319670576,-0.045455280261266,0.045455280261266
"remove_LogSoce_group","LogSoce","97-00-7","97-00-7","2,4-dinitrochlorobenzene",-1.50012264373278,-1.52955319670576,0.0294305529729841,0.0294305529729841
"remove_LogSoce_group","LogSoce","97-53-0","97-53-0","eugenol",-1.592980675785,-1.64655600435136,0.0535753285663567,0.0535753285663567
"remove_LogSoce_group","LogSoce","97-53-0","97-53-0","eugenol",-1.555243965633,-1.64655600435136,0.0913120387183568,0.0913120387183568
"remove_LogSoce_group","LogSoce","97-54-1","97-54-1","isoeugenol",-1.74568406057766,-1.45252651565353,-0.293157544924128,0.293157544924128
"remove_LogSoce_group","LogSoce","97-54-1","97-54-1","isoeugenol",-1.41300909711301,-1.45252651565353,0.0395174185405216,0.0395174185405216
"remove_LogSoce_group","LogSoce","98-86-2","98-86-2","acetophenone",-1.62740828480895,-1.69921817212617,0.071809887317219,0.071809887317219
"remove_LogSoce_group","LogSoce","98-86-2","98-86-2","acetophenone",-1.56017144166374,-1.69921817212617,0.139046730462429,0.139046730462429
"remove_LogSoce_group","LogSoce","99-76-3","99-76-3","methylparaben",-1.67358220444561,-1.98427435513942,0.310692150693807,0.310692150693807
"remove_LogSoce_group","LogSoce","99-76-3","99-76-3","methylparaben",-1.96257350205938,-2.07300113881837,0.110427636758988,0.110427636758988
"remove_LogSoce_group","LogSoce","99-76-3","99-76-3","methylparaben",-2.03394335230684,-2.1691364027652,0.135193050458361,0.135193050458361
"remove_LogSoce_group","LogSoce","99-76-3","99-76-3","methylparaben",-2.07572071393812,-2.06823191656255,-0.0074887973755744,0.0074887973755744
"remove_Texpi_group","Texpi","100-02-7","100-02-7","p-nitrophenol; 4-nitrophenol",-2.25,-2.01748270471879,-0.232517295281212,0.232517295281212
"remove_Texpi_group","Texpi","100-39-0","100-39-0","benzyl bromide",-1.54511979359646,-1.4419933261968,-0.103126467399658,0.103126467399658
"remove_Texpi_group","Texpi","100-39-0","100-39-0","benzyl bromide",-1.89202735976865,-1.4419933261968,-0.450034033571848,0.450034033571848
"remove_Texpi_group","Texpi","100-51-6","100-51-6","benzyl alcohol",-2.22205999132796,-2.03918276988401,-0.182877221443954,0.182877221443954
"remove_Texpi_group","Texpi","1002-62-6","1002-62-6","sodium caprate; decanoic acid soap (c10:0)",-2.95233580539844,-2.44752179111161,-0.504814014286834,0.504814014286834
"remove_Texpi_group","Texpi","103-11-7","103-11-7","2-ethylhexyl acrylate",-2.11289007326765,-1.36157857901394,-0.751311494253705,0.751311494253705
"remove_Texpi_group","Texpi","103-11-7","103-11-7","2-ethylhexyl acrylate",-1.82434537155519,-1.36157857901394,-0.462766792541246,0.462766792541246
"remove_Texpi_group","Texpi","104-54-1","104-54-1","cinnamyl alcohol",-1.54329916349423,-1.7047395624221,0.161440398927869,0.161440398927869
"remove_Texpi_group","Texpi","104-54-1","104-54-1","cinnamyl alcohol",-1.47890341621095,-1.7047395624221,0.225836146211148,0.225836146211148
"remove_Texpi_group","Texpi","104-85-8","104-85-8","p-tolunitrile",-1.34336049829281,-1.58628657353633,0.242926075243522,0.242926075243522
"remove_Texpi_group","Texpi","104-85-8","104-85-8","p-tolunitrile",-1.51076062352006,-1.58628657353633,0.0755259500162726,0.0755259500162726
"remove_Texpi_group","Texpi","10521-91-2","10521-91-2","5-phenylpentanol",-0.94692155651658,-1.4834229401142,0.536501383597624,0.536501383597624
"remove_Texpi_group","Texpi","106-24-1","106-24-1","geraniol",-0.986619380204979,-1.17694243940905,0.190323059204071,0.190323059204071
"remove_Texpi_group","Texpi","106-24-1","106-24-1","geraniol",-1.01401437058883,-1.17694243940905,0.16292806882022,0.16292806882022
"remove_Texpi_group","Texpi","106-41-3","106-41-3","p-bromophenol",-1.43951925261862,-1.79672588259593,0.357206629977312,0.357206629977312
"remove_Texpi_group","Texpi","106-44-5","106-44-5","p-cresol",-0.920818753952375,-1.78742590995822,0.866607156005841,0.866607156005841
"remove_Texpi_group","Texpi","106-44-5","106-44-5","p-cresol",-1.74875360095283,-1.76401799431653,0.0152643933636996,0.0152643933636996
"remove_Texpi_group","Texpi","106-48-9","106-48-9","p-chlorophenol",-1.44875360095283,-1.68945813713286,0.240704536180034,0.240704536180034
"remove_Texpi_group","Texpi","106-50-3","106-50-3","p-phenylenediamine",-3.61978875828839,-2.81194573191551,-0.807843026372885,0.807843026372885
"remove_Texpi_group","Texpi","108-39-4","108-39-4","m-cresol",-1.81172783601759,-1.73452561569757,-0.0772022203200153,0.0772022203200153
"remove_Texpi_group","Texpi","108-46-3","108-46-3","resorcinol",-2.42023266087399,-2.71239848607753,0.292165825203536,0.292165825203536
"remove_Texpi_group","Texpi","108-46-3","108-46-3","resorcinol",-2.35642808060813,-2.71239848607753,0.355970405469396,0.355970405469396
"remove_Texpi_group","Texpi","108-46-3","108-46-3","resorcinol",-3.07,-2.73147583737606,-0.338524162623938,0.338524162623938
"remove_Texpi_group","Texpi","108-46-3","108-46-3","resorcinol; 1,3-benzenediol",-3.62291335664286,-2.69640726549725,-0.926506091145606,0.926506091145606
"remove_Texpi_group","Texpi","108-73-6","108-73-6","phloroglucinol",-2.51,-3.052827730073,0.542827730072999,0.542827730072999
"remove_Texpi_group","Texpi","108-88-3","108-88-3","toluene",-0.0809219076239261,-1.36288574520926,1.28196383758533,1.28196383758533
"remove_Texpi_group","Texpi","108-95-2","108-95-2","phenol",-2.03,-2.04631850835305,0.0163185083530526,0.0163185083530526
"remove_Texpi_group","Texpi","108-95-2","108-95-2","phenol",-2.08907809237607,-1.99692887201607,-0.0921492203599981,0.0921492203599981
"remove_Texpi_group","Texpi","108-95-2","108-95-2","phenol",-1.70996538863748,-2.04047939362265,0.330514004985174,0.330514004985174
"remove_Texpi_group","Texpi","108-95-2","108-95-2","phenol",-3.82792274303052,-1.99552760020306,-1.83239514282746,1.83239514282746
"remove_Texpi_group","Texpi","110-80-5","110-80-5","2-ethoxy ethanol",-3.60205999132796,-2.89012672022184,-0.71193327110612,0.71193327110612
"remove_Texpi_group","Texpi","111-27-3","111-27-3","hexanol",-1.49485002168009,-1.58392968153225,0.0890796598521619,0.0890796598521619
"remove_Texpi_group","Texpi","111-27-3","111-27-3","hexanol",-1.88605664769316,-1.59877684171556,-0.287279805977601,0.287279805977601
"remove_Texpi_group","Texpi","111-27-3","111-27-3","n-hexanol",-1.88605664769316,-1.60661025973749,-0.279446387955674,0.279446387955674
"remove_Texpi_group","Texpi","111-76-2","111-76-2","butoxyethanol",-2.25698018593163,-2.54692783517864,0.289947649247009,0.289947649247009
"remove_Texpi_group","Texpi","111-87-5","111-87-5","n-octanol",-1.2839966563652,-1.24649229167485,-0.0375043646903501,0.0375043646903501
"remove_Texpi_group","Texpi","111-87-5","111-87-5","octanol",-1.0301183562535,-1.20340426937823,0.17328591312473,0.17328591312473
"remove_Texpi_group","Texpi","111-87-5","111-87-5","octanol",-1.15490195998574,-1.20340426937823,0.0485023093924903,0.0485023093924903
"remove_Texpi_group","Texpi","111-87-5","111-87-5","octanol",-1.2839966563652,-1.24649229167485,-0.0375043646903501,0.0375043646903501
"remove_Texpi_group","Texpi","111-87-5","111-87-5","octanol",-1.21467016498923,-1.24649229167485,0.03182212668562,0.03182212668562
"remove_Texpi_group","Texpi","112-30-1","112-30-1","decanol",-1.833220851329,-1.07530489815383,-0.757915953175168,0.757915953175168
"remove_Texpi_group","Texpi","112-30-1","112-30-1","decanol",-1.95860731484178,-1.0751660084854,-0.883441306356378,0.883441306356378
"remove_Texpi_group","Texpi","112-30-1","112-30-1","decanol",-1.14508697769214,-0.978271865446566,-0.166815112245574,0.166815112245574
"remove_Texpi_group","Texpi","112-30-1","112-30-1","decanol",-1.04575749056068,-0.978271865446566,-0.0674856251141135,0.0674856251141135
"remove_Texpi_group","Texpi","112-30-1","112-30-1","decanol",-1.09691001300806,-1.02970514399425,-0.067204869013815,0.067204869013815
"remove_Texpi_group","Texpi","112-30-1","112-30-1","n-decanol",-1.09691001300806,-1.02958637572864,-0.067323637279419,0.067323637279419
"remove_Texpi_group","Texpi","112-34-5","112-34-5","diethylene glycol monobutyl ether",-2.23600035701585,-2.83275245758672,0.596752100570872,0.596752100570872
"remove_Texpi_group","Texpi","112-34-5","112-34-5","diethylene glycol monobutyl ether",-2.16688305055618,-2.83275245758672,0.665869407030542,0.665869407030542
"remove_Texpi_group","Texpi","112-80-1","112-80-1","oleic acid",-2.88605664769316,-1.39441971591005,-1.49163693178311,1.49163693178311
"remove_Texpi_group","Texpi","117-81-7","117-81-7","bis(2-ethylhexyl)phthalate",-4.09691001300806,-2.81833858372339,-1.27857142928467,1.27857142928467
"remove_Texpi_group","Texpi","119-34-6","119-34-6","4-amino-2-nitrophenol",-4.06550154875643,-2.36561082596566,-1.69989072279077,1.69989072279077
"remove_Texpi_group","Texpi","119-36-8","119-36-8","methyl salicylate",-1.44369749923271,-1.59076561463638,0.14706811540367,0.14706811540367
"remove_Texpi_group","Texpi","119-61-9","119-61-9","benzophenone",-1.24920613319746,-1.50242250868526,0.253216375487799,0.253216375487799
"remove_Texpi_group","Texpi","119-61-9","119-61-9","benzophenone",-1.13822159828622,-1.50242250868526,0.364200910399039,0.364200910399039
"remove_Texpi_group","Texpi","120-80-9","120-80-9","catechol",-2.51,-2.64374331201606,0.133743312016063,0.133743312016063
"remove_Texpi_group","Texpi","120-83-2","120-83-2","2,4-dichlorophenol",-1.14874021557127,-1.48733843380824,0.338598218236967,0.338598218236967
"remove_Texpi_group","Texpi","120-83-2","120-83-2","2,4-dichlorophenol",-1.22136169383427,-1.50883781312659,0.287476119292315,0.287476119292315
"remove_Texpi_group","Texpi","1219-38-1","1219-38-1","octylparaben",-1.90585161784792,-1.35143578420843,-0.554415833639489,0.554415833639489
"remove_Texpi_group","Texpi","122-57-6","122-57-6","benzylideneacetone",-1.40794873077454,-1.65224668025735,0.244297949482815,0.244297949482815
"remove_Texpi_group","Texpi","122-57-6","122-57-6","benzylideneacetone",-1.11863375864077,-1.65224668025735,0.533612921616585,0.533612921616585
"remove_Texpi_group","Texpi","123-07-9 ","123-07-9 ","p-ethylphenol",-1.46278385671974,-1.54185012185323,0.0790662651334868,0.0790662651334868
"remove_Texpi_group","Texpi","123-31-9","123-31-9","hydroquinone",-5.0301183562535,-2.52586146738458,-2.50425688886892,2.50425688886892
"remove_Texpi_group","Texpi","123-31-9","123-31-9","hydroquinone",-1.90385139213331,-2.52586146738458,0.622010075251268,0.622010075251268
"remove_Texpi_group","Texpi","123-31-9","123-31-9","hydroquinone",-2.41644259377425,-2.52586146738458,0.109418873610328,0.109418873610328
"remove_Texpi_group","Texpi","123-31-9","123-31-9","hydroquinone",-2.95,-2.77543988756731,-0.174560112432687,0.174560112432687
"remove_Texpi_group","Texpi","124-94-7","124-94-7","triamcinolone",-5.40011692792631,-4.4214953691398,-0.978621558786507,0.978621558786507
"remove_Texpi_group","Texpi","131-11-3","131-11-3","dimethyl phthalate",-1.55258483591006,-1.95253394772654,0.399949111816485,0.399949111816485
"remove_Texpi_group","Texpi","131-11-3","131-11-3","dimethyl phthalate",-1.64782103953418,-1.95253394772654,0.304712908192365,0.304712908192365
"remove_Texpi_group","Texpi","135-19-3","135-19-3","beta-naphthol; 2-naphthol",-1.5543957967264,-1.71212749661348,0.157731699887081,0.157731699887081
"remove_Texpi_group","Texpi","135-19-3","135-19-3","beta-naphthol; 2-naphthol",-1.20065945054642,-1.71771018285126,0.517050732304844,0.517050732304844
"remove_Texpi_group","Texpi","13523-86-9","13523-86-9","pindolol",-3.70333480973847,-3.33529550265727,-0.368039307081201,0.368039307081201
"remove_Texpi_group","Texpi","13655-52-2","13655-52-2","alprenolol",-2.78664164637561,-2.86603522003358,0.0793935736579732,0.0793935736579732
"remove_Texpi_group","Texpi","137-58-6","137-58-6","lidocaine",-2.40120949323688,-1.95053545491165,-0.45067403832523,0.45067403832523
"remove_Texpi_group","Texpi","137-58-6","137-58-6","lidocaine",-2.52287874528034,-1.95027662651277,-0.572602118767572,0.572602118767572
"remove_Texpi_group","Texpi","137-58-6","137-58-6","lidocaine",-2.52287874528034,-1.95027662651277,-0.572602118767572,0.572602118767572
"remove_Texpi_group","Texpi","141-05-9","141-05-9","diethyl maleate",-1.66740097646667,-2.00684326841211,0.339442291945444,0.339442291945444
"remove_Texpi_group","Texpi","141-05-9","141-05-9","diethyl maleate",-1.58608416024509,-2.00684326841211,0.420759108167024,0.420759108167024
"remove_Texpi_group","Texpi","14199-15-6","14199-15-6","methyl 4-hydroxyphenylacetate",-1.69897000433602,-2.00093973821331,0.301969733877293,0.301969733877293
"remove_Texpi_group","Texpi","143-08-8","143-08-8","n-nonanol",-1.22184874961636,-1.1292752686873,-0.0925734809290615,0.0925734809290615
"remove_Texpi_group","Texpi","143-08-8","143-08-8","nonanol",-1.22184874961636,-1.12794330483382,-0.0939054447825394,0.0939054447825394
"remove_Texpi_group","Texpi","14371-10-9","14371-10-9","trans-cinnamaldehyde",-1.55307871254876,-1.55122973963556,-0.00184897291319674,0.00184897291319674
"remove_Texpi_group","Texpi","14371-10-9","14371-10-9","trans-cinnamaldehyde",-1.38433498624321,-1.55122973963556,0.166894753392353,0.166894753392353
"remove_Texpi_group","Texpi","145-13-1","145-13-1","hydroxypregnenolone",-3.22184874961636,-2.99727119475763,-0.224577554858728,0.224577554858728
"remove_Texpi_group","Texpi","145-13-1","145-13-1","pregnenolone",-2.82390874094432,-2.75739272212736,-0.066516018816964,0.066516018816964
"remove_Texpi_group","Texpi","146-72-5","146-72-5","methylglucose",-3.68026950566978,-4.01243234086268,0.332162835192899,0.332162835192899
"remove_Texpi_group","Texpi","1638-22-8","1638-22-8","p-n-butylphenol; 4-butylphenol",-1.11463877996849,-1.1863998508233,0.0717610708548104,0.0717610708548104
"remove_Texpi_group","Texpi","16590-41-3","16590-41-3","naltrexone",-2.6664407795091,-3.04066341380756,0.374222634298458,0.374222634298458
"remove_Texpi_group","Texpi","17194-82-0","17194-82-0","alfa-(4-hydroxyphenyl) acetamide",-3.34678748622466,-2.94119967005495,-0.405587816169714,0.405587816169714
"remove_Texpi_group","Texpi","18979-50-5","18979-50-5","4-propoxyphenol",-1.82490330536304,-1.6639841492495,-0.160919156113539,0.160919156113539
"remove_Texpi_group","Texpi","2152-44-5","2152-44-5","betamethasone-17-valerate",-2.88041422503822,-4.01645021224563,1.13603598720741,1.13603598720741
"remove_Texpi_group","Texpi","2203-97-6","2203-97-6","hydrocortisone-21-hemisuccinate",-3.20065945054642,-3.95218392948659,0.751524478940171,0.751524478940171
"remove_Texpi_group","Texpi","2493-02-9","2493-02-9","4-bromophenyl isocyanate",-1.84100559902551,-1.46166126587102,-0.379344333154494,0.379344333154494
"remove_Texpi_group","Texpi","2493-02-9","2493-02-9","4-bromophenyl isocyanate",-1.75134980127003,-1.46166126587102,-0.289688535399014,0.289688535399014
"remove_Texpi_group","Texpi","26839-75-8","26839-75-8","timolol",-3.57016261901271,-2.58069980815425,-0.989462810858457,0.989462810858457
"remove_Texpi_group","Texpi","26839-75-8","26839-75-8","timolol",-3.53521248035406,-2.56976508490971,-0.965447395444351,0.965447395444351
"remove_Texpi_group","Texpi","2871-01-4","2871-01-4","hc red no. 3; 2-(4-amino-2-nitroanilino)-ethanol",-1.67058885168866,-2.57838524876293,0.907796397074272,0.907796397074272
"remove_Texpi_group","Texpi","2871-01-4","2871-01-4","hc red no. 3; 2-(4-amino-2-nitroanilino)-ethanol",-2.32271042397763,-2.57838524876293,0.255674824785301,0.255674824785301
"remove_Texpi_group","Texpi","29122-68-7","29122-68-7","atenolol",-3.96657624451305,-3.63327082677746,-0.333305417735594,0.333305417735594
"remove_Texpi_group","Texpi","31005-02-4","31005-02-4","7-ethoxycoumarin",-0.781780143112531,-2.18486732465414,1.40308718154161,1.40308718154161
"remove_Texpi_group","Texpi","31005-02-4","31005-02-4","7-ethoxycoumarin",-0.919153916982604,-2.18486732465414,1.26571340767153,1.26571340767153
"remove_Texpi_group","Texpi","333-41-5","333-41-5","diazinon",-2.06048074738138,-2.28796687901661,0.227486131635227,0.227486131635227
"remove_Texpi_group","Texpi","3360-41-6","3360-41-6","4-phenylbutanol",-1.08092190762393,-1.61994371544623,0.539021807822297,0.539021807822297
"remove_Texpi_group","Texpi","3593-96-2","3593-96-2","hydrocortisone-21-hexanoate; hydrocortisone caproate",-2,-3.7318139825982,1.73181398259821,1.73181398259821
"remove_Texpi_group","Texpi","3930-20-9","3930-20-9","sotalol",-4.31984585826563,-3.37305464379354,-0.946791214472092,0.946791214472092
"remove_Texpi_group","Texpi","3930-20-9","3930-20-9","sotalol",-3.88598470867013,-3.37305464379354,-0.512930064876592,0.512930064876592
"remove_Texpi_group","Texpi","3930-20-9","3930-20-9","sotalol",-4.17986287404271,-3.37305464379354,-0.806808230249172,0.806808230249172
"remove_Texpi_group","Texpi","42200-33-9","42200-33-9","nadolol",-4.10127481841051,-3.45699953325674,-0.644275285153766,0.644275285153766
"remove_Texpi_group","Texpi","437-38-7","437-38-7","fentanyl base",-1.96286612872332,-2.18857690652753,0.225710777804209,0.225710777804209
"remove_Texpi_group","Texpi","463-40-1","463-40-1","linolenic acid",-2.431798275933,-1.64106341862662,-0.790734857306385,0.790734857306385
"remove_Texpi_group","Texpi","499-75-2","499-75-2","iso-thymol; carvacrol",-1.25336580106242,-1.28226354842467,0.0288977473622514,0.0288977473622514
"remove_Texpi_group","Texpi","50-2-2","50-2-2","dexamethasone",-4.19382002601611,-4.05645929620354,-0.137360729812566,0.137360729812566
"remove_Texpi_group","Texpi","50-22-6","50-22-6","corticosterone",-2.24178591486039,-3.23547153262215,0.99368561776176,0.99368561776176
"remove_Texpi_group","Texpi","50-22-6","50-22-6","corticosterone",-2.35454840605954,-3.23547153262215,0.88092312656261,0.88092312656261
"remove_Texpi_group","Texpi","50-22-6","50-22-6","corticosterone",-3.16494389827988,-3.27280203909893,0.107858140819051,0.107858140819051
"remove_Texpi_group","Texpi","50-22-6","50-22-6","corticosterone",-4,-3.26140634872958,-0.738593651270423,0.738593651270423
"remove_Texpi_group","Texpi","50-22-6","50-22-6","corticosterone",-3.33468369530231,-3.24289259285811,-0.0917911024441982,0.0917911024441982
"remove_Texpi_group","Texpi","50-22-6","50-22-6","corticosterone",-3.52287874528034,-3.26141030653253,-0.261468438747814,0.261468438747814
"remove_Texpi_group","Texpi","50-22-6","50-22-6","corticosterone",-3.52287874528034,-3.2659157939422,-0.256962951338138,0.256962951338138
"remove_Texpi_group","Texpi","50-22-6","50-22-6","corticosterone",-4,-3.25883980348559,-0.74116019651441,0.74116019651441
"remove_Texpi_group","Texpi","50-22-6","50-22-6","corticosterone",-3.26587485567249,-3.26141030653253,-0.00446454913996419,0.00446454913996419
"remove_Texpi_group","Texpi","50-22-6","50-22-6","corticosterone",-2.58587485567249,-3.23017047264108,0.644295616968594,0.644295616968594
"remove_Texpi_group","Texpi","50-22-6","50-22-6","corticosterone",-4.22184874961636,-3.26559460121582,-0.956254148400543,0.956254148400543
"remove_Texpi_group","Texpi","50-22-6","50-22-6","corticosterone",-4.67571754470231,-3.26852382874444,-1.40719371595787,1.40719371595787
"remove_Texpi_group","Texpi","50-22-6","50-22-6","corticosterone",-3.23418248469008,-3.26412726828467,0.0299447835945874,0.0299447835945874
"remove_Texpi_group","Texpi","50-23-7","50-23-7","hydrocortisone",-2.01894154396037,-3.6177072176016,1.59876567364123,1.59876567364123
"remove_Texpi_group","Texpi","50-23-7","50-23-7","hydrocortisone",-2.68163603566894,-3.6177072176016,0.936071181932664,0.936071181932664
"remove_Texpi_group","Texpi","50-23-7","50-23-7","hydrocortisone",-3.63827216398241,-3.54518663687725,-0.0930855271051558,0.0930855271051558
"remove_Texpi_group","Texpi","50-23-7","50-23-7","hydrocortisone",-3.63870046691906,-3.60845535324173,-0.0302451136773265,0.0302451136773265
"remove_Texpi_group","Texpi","50-23-7","50-23-7","hydrocortisone",-5.52287874528034,-3.63612267697403,-1.88675606830631,1.88675606830631
"remove_Texpi_group","Texpi","50-23-7","50-23-7","hydrocortisone",-5.52724355068279,-3.64003181207248,-1.88721173861031,1.88721173861031
"remove_Texpi_group","Texpi","50-24-8","50-24-8","prednisolone",-4.32790214206428,-3.7364296297302,-0.591472512334083,0.591472512334083
"remove_Texpi_group","Texpi","50-27-1","50-27-1","estriol",-4.39794000867204,-3.4063415956796,-0.991598412992444,0.991598412992444
"remove_Texpi_group","Texpi","50-28-2","50-28-2","beta-estradiol",-2.38721614328026,-2.49494858798469,0.107732444704425,0.107732444704425
"remove_Texpi_group","Texpi","50-28-2","50-28-2","beta-estradiol",-2.01233373507373,-2.46440962841033,0.452075893336599,0.452075893336599
"remove_Texpi_group","Texpi","50-28-2","50-28-2","beta-estradiol",-3.52287874528034,-2.49509080386401,-1.02778794141633,1.02778794141633
"remove_Texpi_group","Texpi","50-28-2","50-28-2","beta-estradiol",-2.28149831113273,-2.475365485714,0.193867174581273,0.193867174581273
"remove_Texpi_group","Texpi","50-28-2","50-28-2","estradiol",-1.98581560249872,-2.475365485714,0.489549883215282,0.489549883215282
"remove_Texpi_group","Texpi","50-28-2","50-28-2","estradiol",-4.69680394257951,-2.49336604740303,-2.20343789517648,2.20343789517648
"remove_Texpi_group","Texpi","50-28-2","50-28-2","estradiol",-2.36451625318509,-2.49336604740303,0.128849794217935,0.128849794217935
"remove_Texpi_group","Texpi","50-28-2","50-28-2","estradiol",-2.38090666937326,-2.49494858798469,0.114041918611425,0.114041918611425
"remove_Texpi_group","Texpi","50-28-2","50-28-2","estradiol",-2.21324857785444,-2.46427031206655,0.251021734212112,0.251021734212112
"remove_Texpi_group","Texpi","50-28-2","50-28-2","estradiol",-2.49485002168009,-2.49509080386401,0.000240782183924537,0.000240782183924537
"remove_Texpi_group","Texpi","50-28-2","50-28-2","estradiol",-2.52287874528034,-2.49494858798469,-0.0279301572956547,0.0279301572956547
"remove_Texpi_group","Texpi","50-28-2","50-28-2","estradiol",-2.52287874528034,-2.49336604740303,-0.029512697877315,0.029512697877315
"remove_Texpi_group","Texpi","50-28-2","50-28-2","estradiol",-2.52287874528034,-2.49336604740303,-0.029512697877315,0.029512697877315
"remove_Texpi_group","Texpi","50-28-2","50-28-2","estradiol",-2.08008551934057,-2.49336604740303,0.413280528062455,0.413280528062455
"remove_Texpi_group","Texpi","50-28-2","50-28-2","estradiol",-2.34969247686806,-2.475365485714,0.125673008845943,0.125673008845943
"remove_Texpi_group","Texpi","50-28-2","50-28-2","estradiol",-2.51173374958299,-2.475365485714,-0.0363682638689875,0.0363682638689875
"remove_Texpi_group","Texpi","51-21-8","51-21-8","5-fluorouracil",-4.52574969288748,-3.57047561547414,-0.955274077413337,0.955274077413337
"remove_Texpi_group","Texpi","51-21-8","51-21-8","5-fluorouracil",-4.72894468964132,-3.57728121641737,-1.15166347322395,1.15166347322395
"remove_Texpi_group","Texpi","51-21-8","51-21-8","5-fluorouracil",-4.47108329972234,-3.57047561547414,-0.900607684248197,0.900607684248197
"remove_Texpi_group","Texpi","51-21-8","51-21-8","5-fluorouracil (+ - + -)",-4.46597389394386,-3.57728121641737,-0.888692677526492,0.888692677526492
"remove_Texpi_group","Texpi","512-69-6","512-69-6","raffinose",-4.85472588171206,-4.52988519313807,-0.324840688573989,0.324840688573989
"remove_Texpi_group","Texpi","512-69-6","512-69-6","raffinose",-4.29756946355447,-4.71134881439755,0.413779350843076,0.413779350843076
"remove_Texpi_group","Texpi","513-85-9","513-85-9","2,3-butanediol",-4.30102999566398,-3.02297274899004,-1.27805724667394,1.27805724667394
"remove_Texpi_group","Texpi","51384-51-1","51384-51-1","metoprolol",-3.52461940685664,-3.01751584361244,-0.5071035632442,0.5071035632442
"remove_Texpi_group","Texpi","52-39-1","52-39-1","aldosterone",-4.23657200643706,-3.53196035500215,-0.70461165143491,0.70461165143491
"remove_Texpi_group","Texpi","52-39-1","52-39-1","aldosterone",-4.74835790885864,-3.55577874166604,-1.1925791671926,1.1925791671926
"remove_Texpi_group","Texpi","52-39-1","52-39-1","aldosterone",-4.30102999566398,-3.6243327109936,-0.676697284670385,0.676697284670385
"remove_Texpi_group","Texpi","52-39-1","52-39-1","aldosterone",-4.52287874528034,-3.5895533982593,-0.933325347021043,0.933325347021043
"remove_Texpi_group","Texpi","52-39-1","52-39-1","aldosterone",-4.52287874528034,-3.40076306775111,-1.12211567752923,1.12211567752923
"remove_Texpi_group","Texpi","52-39-1","52-39-1","aldosterone",-4.01233373507373,-3.37581971764834,-0.636514017425389,0.636514017425389
"remove_Texpi_group","Texpi","53-06-5","53-06-5","cortisone",-3.82390874094432,-3.70676108300415,-0.11714765794017,0.11714765794017
"remove_Texpi_group","Texpi","53-06-5","53-06-5","cortisone",-5,-3.70340193718925,-1.29659806281075,1.29659806281075
"remove_Texpi_group","Texpi","53-16-7","53-16-7","estrone",-2.44369749923271,-2.91338666940065,0.469689170167943,0.469689170167943
"remove_Texpi_group","Texpi","53-96-3","53-96-3","2-(acetylamino)fluorene",-1.16052197602182,-2.53346286332503,1.37294088730321,1.37294088730321
"remove_Texpi_group","Texpi","53-96-3","53-96-3","2-(acetylamino)fluorene",-1.10756666442663,-2.53346286332503,1.4258961988984,1.4258961988984
"remove_Texpi_group","Texpi","533-73-3","533-73-3","1,2,4-benzenetriol",-3.9,-2.7688416331493,-1.1311583668507,1.1311583668507
"remove_Texpi_group","Texpi","53535-33-4","53535-33-4","heptanol",-1.42481215507234,-1.39533696965726,-0.0294751854150785,0.0294751854150785
"remove_Texpi_group","Texpi","53535-33-4","53535-33-4","heptanol",-1.49485002168009,-1.39533696965726,-0.0995130520228285,0.0995130520228285
"remove_Texpi_group","Texpi","53535-33-4","53535-33-4","n-heptanol",-1.49485002168009,-1.37334511000067,-0.121504911679422,0.121504911679422
"remove_Texpi_group","Texpi","554-84-7","554-84-7","m-nitrophenol; 3-nitrophenol",-2.24848294855394,-1.9444728268906,-0.304010121663342,0.304010121663342
"remove_Texpi_group","Texpi","56-81-5","56-81-5","glycerol",-4.56863623584101,-3.52559775029388,-1.04303848554713,1.04303848554713
"remove_Texpi_group","Texpi","56-81-5","56-81-5","glycerol",-3.00594693641232,-3.5715040201725,0.56555708376018,0.56555708376018
"remove_Texpi_group","Texpi","56030-54-7","56030-54-7","sufentanil base",-1.81815641205523,-2.76798534808311,0.949828936027883,0.949828936027883
"remove_Texpi_group","Texpi","57-13-6","57-13-6","urea",-3.82973828460504,-3.65930052519364,-0.170437759411398,0.170437759411398
"remove_Texpi_group","Texpi","57-13-6","57-13-6","urea",-3.95233580539844,-3.60001837343889,-0.352317431959546,0.352317431959546
"remove_Texpi_group","Texpi","57-13-6","57-13-6","urea",-3.92564441915299,-3.67182553893858,-0.253818880214407,0.253818880214407
"remove_Texpi_group","Texpi","57-13-6","57-13-6","urea",-3.69494112531286,-3.60880310547602,-0.086138019836838,0.086138019836838
"remove_Texpi_group","Texpi","57-13-6","57-13-6","urea",-3.55495653854982,-3.67182553893858,0.116869000388763,0.116869000388763
"remove_Texpi_group","Texpi","57-13-6","57-13-6","urea",-3.5970511706556,-3.67182553893858,0.0747743682829829,0.0747743682829829
"remove_Texpi_group","Texpi","57-13-6","57-13-6","urea",-3.55720677406023,-3.67182553893858,0.114618764878353,0.114618764878353
"remove_Texpi_group","Texpi","57-50-1","57-50-1","sucrose",-5.0268721464003,-4.96768623463937,-0.0591859117609301,0.0591859117609301
"remove_Texpi_group","Texpi","57-50-1","57-50-1","sucrose",-5.2839966563652,-4.93271222492174,-0.351284431443462,0.351284431443462
"remove_Texpi_group","Texpi","57-50-1","57-50-1","sucrose",-4.76200316671127,-4.96768623463937,0.2056830679281,0.2056830679281
"remove_Texpi_group","Texpi","57-50-1","57-50-1","sucrose",-4.26905630657226,-4.96768623463937,0.69862992806711,0.69862992806711
"remove_Texpi_group","Texpi","57-50-1","57-50-1","sucrose",-4.36451625318509,-4.96768623463937,0.60316998145428,0.60316998145428
"remove_Texpi_group","Texpi","57-50-1","57-50-1","sucrose",-3.13406733180681,-4.96768623463937,1.83361890283256,1.83361890283256
"remove_Texpi_group","Texpi","57-83-0","57-83-0","progesterone",-1.52287874528034,-2.5796201443915,1.05674139911116,1.05674139911116
"remove_Texpi_group","Texpi","57-83-0","57-83-0","progesterone",-1.70344032687277,-2.47258514871758,0.76914482184481,0.76914482184481
"remove_Texpi_group","Texpi","57-83-0","57-83-0","progesterone",-1.88605664769316,-2.50257548563943,0.616518837946268,0.616518837946268
"remove_Texpi_group","Texpi","57-83-0","57-83-0","progesterone",-1.69897000433602,-2.58380828836618,0.884838284030159,0.884838284030159
"remove_Texpi_group","Texpi","57-83-0","57-83-0","progesterone",-2.82390874094432,-2.50257548563943,-0.321333255304892,0.321333255304892
"remove_Texpi_group","Texpi","58-08-2","58-08-2","caffeine",-3.80687540164554,-3.42509583994641,-0.381779561699135,0.381779561699135
"remove_Texpi_group","Texpi","58-08-2","58-08-2","caffeine",-4.58586563707645,-3.44663864039976,-1.13922699667669,1.13922699667669
"remove_Texpi_group","Texpi","58-08-2","58-08-2","caffeine",-1.60220380347052,-3.44666613904599,1.84446233557547,1.84446233557547
"remove_Texpi_group","Texpi","58-08-2","58-08-2","caffeine",-2.60631808276205,-3.44666613904599,0.840348056283939,0.840348056283939
"remove_Texpi_group","Texpi","58-08-2","58-08-2","caffeine",-4.15490195998574,-3.46725019874482,-0.687651761240919,0.687651761240919
"remove_Texpi_group","Texpi","58-08-2","58-08-2","caffeine",-3.69897000433602,-3.44249672338276,-0.256473280953258,0.256473280953258
"remove_Texpi_group","Texpi","58-22-0","58-22-0","testosterone",-2.0571655062299,-2.49174478711374,0.434579280883842,0.434579280883842
"remove_Texpi_group","Texpi","58-22-0","58-22-0","testosterone",-2.04694894237348,-2.51022824148669,0.463279299113212,0.463279299113212
"remove_Texpi_group","Texpi","58-22-0","58-22-0","testosterone",-1.64633962279966,-2.54100811767097,0.894668494871314,0.894668494871314
"remove_Texpi_group","Texpi","58-22-0","58-22-0","testosterone",-1.41570671752568,-2.49529659434667,1.07958987682099,1.07958987682099
"remove_Texpi_group","Texpi","58-22-0","58-22-0","testosterone",-2.27083521030723,-2.56338331697476,0.292548106667529,0.292548106667529
"remove_Texpi_group","Texpi","58-22-0","58-22-0","testosterone",-2.38875983135141,-2.48581577929621,0.0970559479448019,0.0970559479448019
"remove_Texpi_group","Texpi","58-22-0","58-22-0","testosterone",-2.65757731917779,-2.51330866285388,-0.144268656323913,0.144268656323913
"remove_Texpi_group","Texpi","58-22-0","58-22-0","testosterone",-2.65757731917779,-2.50762028191905,-0.149957037258738,0.149957037258738
"remove_Texpi_group","Texpi","58-22-0","58-22-0","testosterone",-2.65757731917779,-2.50762028191905,-0.149957037258738,0.149957037258738
"remove_Texpi_group","Texpi","58-22-0","58-22-0","testosterone",-3.39794000867204,-2.51010399379985,-0.887836014872186,0.887836014872186
"remove_Texpi_group","Texpi","58-22-0","58-22-0","testosterone",-3.06752623532285,-2.51330866285388,-0.554217572468974,0.554217572468974
"remove_Texpi_group","Texpi","58-22-0","58-22-0","testosterone",-2.13194363817696,-2.50762028191905,0.375676643742092,0.375676643742092
"remove_Texpi_group","Texpi","58-54-8","58-54-8","ethacrynic acid",-3.82390874094432,-2.64643216570584,-1.17747657523848,1.17747657523848
"remove_Texpi_group","Texpi","59-05-2","59-05-2","methotrexate",-3.40160112979023,-4.77690890466841,1.37530777487818,1.37530777487818
"remove_Texpi_group","Texpi","59-50-7","59-50-7","chlorocresol",-1.26406804435028,-1.47365180630519,0.209583761954909,0.209583761954909
"remove_Texpi_group","Texpi","59-50-7","59-50-7","chlorocresol",-1.65255620893436,-1.53524612666058,-0.117310082273777,0.117310082273777
"remove_Texpi_group","Texpi","60-12-8","60-12-8","2-phenylethanol",-1.25963731050576,-1.93407357206549,0.674436261559726,0.674436261559726
"remove_Texpi_group","Texpi","60-12-8","60-12-8","2-phenylethanol",-2.11527250510331,-1.91536532151426,-0.199907183589047,0.199907183589047
"remove_Texpi_group","Texpi","610-81-1","610-81-1","4-amino-3-nitrophenol",-2.1297393876227,-2.36976408380577,0.240024696183069,0.240024696183069
"remove_Texpi_group","Texpi","610-81-1","610-81-1","4-amino-3-nitrophenol",-2.26671923730847,-2.36976408380577,0.103044846497299,0.103044846497299
"remove_Texpi_group","Texpi","614-18-6","614-18-6","nicotinate, ethyl",-3.10790539730952,-2.02376282376054,-1.08414257354898,1.08414257354898
"remove_Texpi_group","Texpi","614-18-6","614-18-6","nicotinate, ethyl",-3.08618614761628,-2.04393490616862,-1.04225124144766,1.04225124144766
"remove_Texpi_group","Texpi","623-05-2","623-05-2","4-hydroxybenzyl alcohol",-2.69897000433602,-2.44174139837171,-0.257228605964306,0.257228605964306
"remove_Texpi_group","Texpi","63-36-5","63-36-5","salicylate",-3.96686900819185,-2.5383998090243,-1.42846919916755,1.42846919916755
"remove_Texpi_group","Texpi","64-17-5","64-17-5","ethanol",-2.72124639904717,-3.06683055403106,0.345584154983893,0.345584154983893
"remove_Texpi_group","Texpi","64-17-5","64-17-5","ethanol",-3.09691001300806,-3.06683055403106,-0.030079458976997,0.030079458976997
"remove_Texpi_group","Texpi","64-17-5","64-17-5","ethanol",-3.09691001300806,-3.0667718852748,-0.0301381277332564,0.0301381277332564
"remove_Texpi_group","Texpi","64-19-7","64-19-7","acetic acid",-2.77786589964853,-2.85075730382653,0.072891404177998,0.072891404177998
"remove_Texpi_group","Texpi","64-85-7","64-85-7","cortexone",-3.34678748622466,-2.66096463362565,-0.685822852599013,0.685822852599013
"remove_Texpi_group","Texpi","65-85-0","65-85-0","benzoic acid",-2.11918640771921,-2.04340878158319,-0.0757776261360208,0.0757776261360208
"remove_Texpi_group","Texpi","65-85-0","65-85-0","benzoic acid",-1.50863830616573,-1.94619853284585,0.437560226680119,0.437560226680119
"remove_Texpi_group","Texpi","65-85-0","65-85-0","benzoic acid",-1.50863830616573,-1.94619853284585,0.437560226680119,0.437560226680119
"remove_Texpi_group","Texpi","66-27-3","66-27-3","methyl methanesulfonate",-1.91205408690953,-2.6048055274079,0.692751440498369,0.692751440498369
"remove_Texpi_group","Texpi","66-27-3","66-27-3","methyl methanesulfonate",-2.06776764179179,-2.6048055274079,0.537037885616109,0.537037885616109
"remove_Texpi_group","Texpi","6677-98-1","6677-98-1","hydrocortisone-21-propionate",-2.46852108295775,-3.82733913430984,1.35881805135209,1.35881805135209
"remove_Texpi_group","Texpi","67-56-1","67-56-1","methanol",-3.30102999566398,-3.23234315035831,-0.068686845305673,0.068686845305673
"remove_Texpi_group","Texpi","67-56-1","67-56-1","methanol",-3.30102999566398,-3.21795531329989,-0.0830746823640887,0.0830746823640887
"remove_Texpi_group","Texpi","67-56-1","67-56-1","methanol",-2.79588001734407,-3.21795531329989,0.422075295955821,0.422075295955821
"remove_Texpi_group","Texpi","68-96-2","68-96-2","17-alfa-hydroxyprogesterone",-3.22184874961636,-3.48589853041765,0.264049780801291,0.264049780801291
"remove_Texpi_group","Texpi","69-29-7","69-29-7","ethyl ether",-1.79588001734408,-2.29580539470969,0.499925377365607,0.499925377365607
"remove_Texpi_group","Texpi","69-65-8","69-65-8","mannitol",-4.72681868815271,-4.0699835880255,-0.656835100127208,0.656835100127208
"remove_Texpi_group","Texpi","69-65-8","69-65-8","mannitol",-4,-4.48516286112079,0.485162861120791,0.485162861120791
"remove_Texpi_group","Texpi","69-65-8","69-65-8","mannitol",-4.68257958814785,-4.06965550393348,-0.612924084214373,0.612924084214373
"remove_Texpi_group","Texpi","69-65-8","69-65-8","mannitol",-4.45692576496647,-4.07004148521821,-0.386884279748258,0.386884279748258
"remove_Texpi_group","Texpi","69-65-8","69-65-8","mannitol",-4.77257756999574,-4.48516286112079,-0.287414708874948,0.287414708874948
"remove_Texpi_group","Texpi","69-65-8","69-65-8","mannitol",-4.43830246734601,-4.07004148521821,-0.368260982127798,0.368260982127798
"remove_Texpi_group","Texpi","69-65-8","69-65-8","mannitol",-4.18810341360238,-4.47077537028457,0.282671956682193,0.282671956682193
"remove_Texpi_group","Texpi","69-65-8","69-65-8","mannitol",-4.00436480540245,-4.51869906244053,0.514334257038083,0.514334257038083
"remove_Texpi_group","Texpi","69-65-8","69-65-8","mannitol",-3.97265039222524,-4.46350162258934,0.490851230364096,0.490851230364096
"remove_Texpi_group","Texpi","69-65-8","69-65-8","mannitol",-3.1536628878702,-4.06965550393348,0.915992616063277,0.915992616063277
"remove_Texpi_group","Texpi","69-72-7","69-72-7","salicylic acid",-3.03151705144606,-2.06043971372346,-0.971077337722598,0.971077337722598
"remove_Texpi_group","Texpi","69-72-7","69-72-7","salicylic acid",-1.34678748622466,-2.0821675643813,0.735380078156645,0.735380078156645
"remove_Texpi_group","Texpi","71-23-8","71-23-8","n-propanol",-2.92081875395238,-2.89747223488625,-0.0233465190661271,0.0233465190661271
"remove_Texpi_group","Texpi","71-23-8","71-23-8","propanol",-2.76955107862173,-2.89738542154437,0.127834342922636,0.127834342922636
"remove_Texpi_group","Texpi","71-23-8","71-23-8","propanol",-2.92081875395238,-2.89738542154437,-0.0234333324080143,0.0234333324080143
"remove_Texpi_group","Texpi","71-36-3","71-36-3","butanol",-2.52287874528034,-2.14413364026455,-0.37874510501579,0.37874510501579
"remove_Texpi_group","Texpi","71-36-3","71-36-3","butanol",-2.10237290870956,-2.14413364026455,0.0417607315549904,0.0417607315549904
"remove_Texpi_group","Texpi","71-36-3","71-36-3","butanol",-2.65757731917779,-2.14413364026455,-0.51344367891324,0.51344367891324
"remove_Texpi_group","Texpi","71-36-3","71-36-3","butanol",-2.65757731917779,-2.14417756543384,-0.513399753743948,0.513399753743948
"remove_Texpi_group","Texpi","71-36-3","71-36-3","butanol",-2.60205999132796,-2.14413364026455,-0.45792635106341,0.45792635106341
"remove_Texpi_group","Texpi","71-36-3","71-36-3","n-butanol",-2.60205999132796,-2.14417756543384,-0.457882425894118,0.457882425894118
"remove_Texpi_group","Texpi","71-41-0","71-41-0","n-pentanol",-2.22184874961636,-1.89841389195563,-0.323434857660729,0.323434857660729
"remove_Texpi_group","Texpi","71-41-0","71-41-0","pentanol",-2.22184874961636,-1.89854867620006,-0.3233000734163,0.3233000734163
"remove_Texpi_group","Texpi","71-43-0","71-43-0","benzene",-0.954285941059132,-1.37118729770125,0.416901356642113,0.416901356642113
"remove_Texpi_group","Texpi","71-43-0","71-43-0","benzene",-0.795880017344075,-1.37118729770125,0.57530728035717,0.57530728035717
"remove_Texpi_group","Texpi","71-91-0","71-91-0","tetraethylammonium",-3.25387553642834,-4.99686612974028,1.74299059331194,1.74299059331194
"remove_Texpi_group","Texpi","71-91-0","71-91-0","tetraethylammonium bromide (+)",-3.36815053784018,-5.0835881151723,1.71543757733212,1.71543757733212
"remove_Texpi_group","Texpi","76-25-5","76-25-5","triamcinolone acetonide",-3.40230481407449,-4.70702916093973,1.30472434686524,1.30472434686524
"remove_Texpi_group","Texpi","76-25-5","76-25-5","triamcinolone acetonide",-4.70663744528855,-4.7283675555344,0.0217301102458505,0.0217301102458505
"remove_Texpi_group","Texpi","76180-96-6","76180-96-6","3-methyl-3h-imidazo[4,5-f]quinolin-2-amine",-2.07218350508968,-3.45029884645338,1.3781153413637,1.3781153413637
"remove_Texpi_group","Texpi","76180-96-6","76180-96-6","3-methyl-3h-imidazo[4,5-f]quinolin-2-amine",-2.43056359552234,-3.45029884645338,1.01973525093104,1.01973525093104
"remove_Texpi_group","Texpi","7732-18-5","7732-18-5","water",-2.80687540164554,-3.52294154956874,0.716066147923197,0.716066147923197
"remove_Texpi_group","Texpi","7732-18-5","7732-18-5","water",-2.98540960554622,-3.52294154956874,0.537531944022517,0.537531944022517
"remove_Texpi_group","Texpi","7732-18-5","7732-18-5","water",-2.80966830182971,-3.52294154956874,0.713273247739027,0.713273247739027
"remove_Texpi_group","Texpi","7732-18-5","7732-18-5","water",-3.14997431819434,-3.52293645658816,0.372962138393821,0.372962138393821
"remove_Texpi_group","Texpi","7732-18-5","7732-18-5","water",-3.07058107428571,-3.52294154956874,0.452360475283027,0.452360475283027
"remove_Texpi_group","Texpi","7732-18-5","7732-18-5","water",-3.24233473501217,-3.52294154956874,0.280606814556567,0.280606814556567
"remove_Texpi_group","Texpi","7732-18-5","7732-18-5","water",-3.45621525646938,-3.52294154956874,0.0667262930993568,0.0667262930993568
"remove_Texpi_group","Texpi","7732-18-5","7732-18-5","water",-3.27134965805094,-3.52294154956874,0.251591891517797,0.251591891517797
"remove_Texpi_group","Texpi","7732-18-5","7732-18-5","water",-3.15476521541715,-3.52294154956874,0.368176334151587,0.368176334151587
"remove_Texpi_group","Texpi","7732-18-5","7732-18-5","water",-3.52287874528034,-3.52294154956874,6.28042883970004e-05,6.28042883970004e-05
"remove_Texpi_group","Texpi","7732-18-5","7732-18-5","water",-3.5,-3.52294154956874,0.0229415495687371,0.0229415495687371
"remove_Texpi_group","Texpi","78-93-3","78-93-3","2-butanone",-2.34678748622466,-2.51426490570571,0.167477419481047,0.167477419481047
"remove_Texpi_group","Texpi","84-66-2","84-66-2","diethyl phthalate",-1.70509308939481,-1.82065267540926,0.11555958601445,0.11555958601445
"remove_Texpi_group","Texpi","87-66-1","87-66-1","pyrogallol",-2.81,-2.71178703745214,-0.0982129625478572,0.0982129625478572
"remove_Texpi_group","Texpi","88-04-0","88-04-0","chloroxylenol",-1.22875360095283,-1.5285862655793,0.299832664626468,0.299832664626468
"remove_Texpi_group","Texpi","88-04-0","88-04-0","chloroxylenol",-1.09474395125155,-1.5282117282602,0.433467777008654,0.433467777008654
"remove_Texpi_group","Texpi","88-06-2","88-06-2","2,4,6-trichlorophenol",-1.23275783168158,-1.50012006458088,0.2673622328993,0.2673622328993
"remove_Texpi_group","Texpi","88-18-6","88-18-6","o-t-butylphenol",-1.12842706445412,-1.28796328643844,0.15953622198432,0.15953622198432
"remove_Texpi_group","Texpi","89-83-8","89-83-8","thymol; 2-isopropyl-5-methylphenol",-1.27607480270083,-1.34516235243808,0.0690875497372483,0.0690875497372483
"remove_Texpi_group","Texpi","89-83-8","89-83-8","thymol; 2-isopropyl-5-methylphenol",-1.21324857785444,-1.34274619543549,0.129497617581051,0.129497617581051
"remove_Texpi_group","Texpi","90-15-3","90-15-3","naphthol",-1.58502665202918,-1.56062738108951,-0.0243992709396668,0.0243992709396668
"remove_Texpi_group","Texpi","90-15-3","90-15-3","naphthol",-1.52287874528034,-1.56062738108951,0.0377486358091732,0.0377486358091732
"remove_Texpi_group","Texpi","91-20-3","91-20-3","naphthalene",-1.55111528700206,-1.23285493456947,-0.318260352432589,0.318260352432589
"remove_Texpi_group","Texpi","91-20-3","91-20-3","naphthalene",-1.78220214249451,-1.23285493456947,-0.549347207925039,0.549347207925039
"remove_Texpi_group","Texpi","92-48-8","92-48-8","6-methylcoumarin",-1.18136926112576,-2.18395958291601,1.00259032179025,1.00259032179025
"remove_Texpi_group","Texpi","92-48-8","92-48-8","6-methylcoumarin",-1.331936361143,-2.18395958291601,0.852023221773008,0.852023221773008
"remove_Texpi_group","Texpi","93-60-7","93-60-7","nicotinate, methyl",-3.30980391997149,-2.21058028857525,-1.09922363139624,1.09922363139624
"remove_Texpi_group","Texpi","93-60-7","93-60-7","nicotinate, methyl",-3.27572413039921,-2.22116656420992,-1.05455756618929,1.05455756618929
"remove_Texpi_group","Texpi","937-20-2","937-20-2","2,4-dichloroacetophenone",-0.743772935647774,-2.20129878168277,1.45752584603499,1.45752584603499
"remove_Texpi_group","Texpi","937-20-2","937-20-2","2,4-dichloroacetophenone",-1.86052608660328,-2.20129878168277,0.340772695079489,0.340772695079489
"remove_Texpi_group","Texpi","94-13-3","94-13-3","propylparaben",-1.67615465544754,-1.70951290831624,0.033358252868696,0.033358252868696
"remove_Texpi_group","Texpi","94-13-3","94-13-3","propylparaben",-1.26606734367858,-1.70816555230049,0.442098208621913,0.442098208621913
"remove_Texpi_group","Texpi","94-13-3","94-13-3","propylparaben",-1.20290590120029,-1.70816555230049,0.505259651100203,0.505259651100203
"remove_Texpi_group","Texpi","94-26-8","94-26-8","butylparaben",-0.981299501333757,-1.49328120318844,0.511981701854686,0.511981701854686
"remove_Texpi_group","Texpi","94-26-8","94-26-8","butylparaben",-1.15242734085789,-1.49349105751751,0.341063716659617,0.341063716659617
"remove_Texpi_group","Texpi","95-48-7","95-48-7","o-cresol",-1.80172783601759,-1.759806208443,-0.0419216275745873,0.0419216275745873
"remove_Texpi_group","Texpi","95-54-5","95-54-5","o-phenylenediamine",-3.34678748622466,-2.50767439552768,-0.83911309069698,0.83911309069698
"remove_Texpi_group","Texpi","95-57-8","95-57-8","o-chlorophenol",-1.48044892137827,-1.7108041123678,0.230355190989531,0.230355190989531
"remove_Texpi_group","Texpi","95-65-8","95-65-8","3,4-xylenol",-1.44278385671974,-1.64694824420899,0.204164387489248,0.204164387489248
"remove_Texpi_group","Texpi","97-00-7","97-00-7","2,4-dinitrochlorobenzene",-1.57500847696703,-1.95269254626679,0.377684069299757,0.377684069299757
"remove_Texpi_group","Texpi","97-00-7","97-00-7","2,4-dinitrochlorobenzene",-1.50012264373278,-1.95269254626679,0.452569902534008,0.452569902534008
"remove_Texpi_group","Texpi","97-53-0","97-53-0","eugenol",-1.592980675785,-1.66873164845661,0.0757509726716097,0.0757509726716097
"remove_Texpi_group","Texpi","97-53-0","97-53-0","eugenol",-1.555243965633,-1.66873164845661,0.11348768282361,0.11348768282361
"remove_Texpi_group","Texpi","97-54-1","97-54-1","isoeugenol",-1.74568406057766,-1.58960771914223,-0.156076341435432,0.156076341435432
"remove_Texpi_group","Texpi","97-54-1","97-54-1","isoeugenol",-1.41300909711301,-1.58960771914223,0.176598622029218,0.176598622029218
"remove_Texpi_group","Texpi","98-86-2","98-86-2","acetophenone",-1.62740828480895,-1.7791190367622,0.151710751953254,0.151710751953254
"remove_Texpi_group","Texpi","98-86-2","98-86-2","acetophenone",-1.56017144166374,-1.7791190367622,0.218947595098464,0.218947595098464
"remove_Texpi_group","Texpi","99-76-3","99-76-3","methylparaben",-1.67358220444561,-2.03358133232637,0.359999127880763,0.359999127880763
"remove_Texpi_group","Texpi","99-76-3","99-76-3","methylparaben",-1.96257350205938,-2.00737974107158,0.0448062390122017,0.0448062390122017
"remove_Texpi_group","Texpi","99-76-3","99-76-3","methylparaben",-2.03394335230684,-2.02526223442108,-0.00868111788575554,0.00868111788575554
"remove_Texpi_group","Texpi","99-76-3","99-76-3","methylparaben",-2.07572071393812,-2.04326697031161,-0.0324537436265131,0.0324537436265131
"remove_interaction_terms","interaction","100-02-7","100-02-7","p-nitrophenol; 4-nitrophenol",-2.25,-2.17344858576512,-0.0765514142348849,0.0765514142348849
"remove_interaction_terms","interaction","100-39-0","100-39-0","benzyl bromide",-1.54511979359646,-1.47098785155849,-0.0741319420379722,0.0741319420379722
"remove_interaction_terms","interaction","100-39-0","100-39-0","benzyl bromide",-1.89202735976865,-1.47098785155849,-0.421039508210162,0.421039508210162
"remove_interaction_terms","interaction","100-51-6","100-51-6","benzyl alcohol",-2.22205999132796,-2.16094187977361,-0.0611181115543453,0.0611181115543453
"remove_interaction_terms","interaction","1002-62-6","1002-62-6","sodium caprate; decanoic acid soap (c10:0)",-2.95233580539844,-2.55154643446244,-0.400789370935997,0.400789370935997
"remove_interaction_terms","interaction","103-11-7","103-11-7","2-ethylhexyl acrylate",-2.11289007326765,-1.47978834621538,-0.633101727052271,0.633101727052271
"remove_interaction_terms","interaction","103-11-7","103-11-7","2-ethylhexyl acrylate",-1.82434537155519,-1.47978834621538,-0.344557025339811,0.344557025339811
"remove_interaction_terms","interaction","104-54-1","104-54-1","cinnamyl alcohol",-1.54329916349423,-1.68166562592001,0.138366462425781,0.138366462425781
"remove_interaction_terms","interaction","104-54-1","104-54-1","cinnamyl alcohol",-1.47890341621095,-1.68166562592001,0.202762209709061,0.202762209709061
"remove_interaction_terms","interaction","104-85-8","104-85-8","p-tolunitrile",-1.34336049829281,-1.57780609359134,0.234445595298532,0.234445595298532
"remove_interaction_terms","interaction","104-85-8","104-85-8","p-tolunitrile",-1.51076062352006,-1.57780609359134,0.0670454700712819,0.0670454700712819
"remove_interaction_terms","interaction","10521-91-2","10521-91-2","5-phenylpentanol",-0.94692155651658,-1.37145097573375,0.424529419217172,0.424529419217172
"remove_interaction_terms","interaction","106-24-1","106-24-1","geraniol",-0.986619380204979,-1.28578093157489,0.299161551369906,0.299161551369906
"remove_interaction_terms","interaction","106-24-1","106-24-1","geraniol",-1.01401437058883,-1.28578093157489,0.271766560986055,0.271766560986055
"remove_interaction_terms","interaction","106-41-3","106-41-3","p-bromophenol",-1.43951925261862,-1.98662800571281,0.547108753094191,0.547108753094191
"remove_interaction_terms","interaction","106-44-5","106-44-5","p-cresol",-0.920818753952375,-1.60529303122618,0.684474277273803,0.684474277273803
"remove_interaction_terms","interaction","106-44-5","106-44-5","p-cresol",-1.74875360095283,-1.88199409087902,0.133240489926188,0.133240489926188
"remove_interaction_terms","interaction","106-48-9","106-48-9","p-chlorophenol",-1.44875360095283,-1.8459296493491,0.397176048396265,0.397176048396265
"remove_interaction_terms","interaction","106-50-3","106-50-3","p-phenylenediamine",-3.61978875828839,-2.74143360980998,-0.878355148478407,0.878355148478407
"remove_interaction_terms","interaction","108-39-4","108-39-4","m-cresol",-1.81172783601759,-1.86084170562645,0.0491138696088609,0.0491138696088609
"remove_interaction_terms","interaction","108-46-3","108-46-3","resorcinol",-2.42023266087399,-2.75481246848514,0.334579807611151,0.334579807611151
"remove_interaction_terms","interaction","108-46-3","108-46-3","resorcinol",-2.35642808060813,-2.75481246848514,0.398384387877011,0.398384387877011
"remove_interaction_terms","interaction","108-46-3","108-46-3","resorcinol",-3.07,-2.65782917556867,-0.41217082443133,0.41217082443133
"remove_interaction_terms","interaction","108-46-3","108-46-3","resorcinol; 1,3-benzenediol",-3.62291335664286,-2.90404039825412,-0.718872958388738,0.718872958388738
"remove_interaction_terms","interaction","108-73-6","108-73-6","phloroglucinol",-2.51,-2.89816415112619,0.388164151126186,0.388164151126186
"remove_interaction_terms","interaction","108-88-3","108-88-3","toluene",-0.0809219076239261,-1.31619283044371,1.23527092281979,1.23527092281979
"remove_interaction_terms","interaction","108-95-2","108-95-2","phenol",-2.03,-1.86589773701237,-0.164102262987631,0.164102262987631
"remove_interaction_terms","interaction","108-95-2","108-95-2","phenol",-2.08907809237607,-2.08635907760786,-0.0027190147682119,0.0027190147682119
"remove_interaction_terms","interaction","108-95-2","108-95-2","phenol",-1.70996538863748,-1.86032291349067,0.150357524853191,0.150357524853191
"remove_interaction_terms","interaction","108-95-2","108-95-2","phenol",-3.82792274303052,-2.1554843799777,-1.67243836305282,1.67243836305282
"remove_interaction_terms","interaction","110-80-5","110-80-5","2-ethoxy ethanol",-3.60205999132796,-2.95332527802785,-0.64873471330011,0.64873471330011
"remove_interaction_terms","interaction","111-27-3","111-27-3","hexanol",-1.49485002168009,-1.46696890949537,-0.0278811121847193,0.0278811121847193
"remove_interaction_terms","interaction","111-27-3","111-27-3","hexanol",-1.88605664769316,-1.73984452199488,-0.146212125698276,0.146212125698276
"remove_interaction_terms","interaction","111-27-3","111-27-3","n-hexanol",-1.88605664769316,-1.4349341476035,-0.451122500089663,0.451122500089663
"remove_interaction_terms","interaction","111-76-2","111-76-2","butoxyethanol",-2.25698018593163,-2.50208027562985,0.245100089698219,0.245100089698219
"remove_interaction_terms","interaction","111-87-5","111-87-5","n-octanol",-1.2839966563652,-1.16521934820271,-0.118777308162489,0.118777308162489
"remove_interaction_terms","interaction","111-87-5","111-87-5","octanol",-1.0301183562535,-1.17529436819662,0.145176011943117,0.145176011943117
"remove_interaction_terms","interaction","111-87-5","111-87-5","octanol",-1.15490195998574,-1.4356741138947,0.280772153908961,0.280772153908961
"remove_interaction_terms","interaction","111-87-5","111-87-5","octanol",-1.2839966563652,-1.47665940242784,0.192662746062644,0.192662746062644
"remove_interaction_terms","interaction","111-87-5","111-87-5","octanol",-1.21467016498923,-1.34539530695383,0.130725141964598,0.130725141964598
"remove_interaction_terms","interaction","112-30-1","112-30-1","decanol",-1.833220851329,-1.13346496186181,-0.699755889467188,0.699755889467188
"remove_interaction_terms","interaction","112-30-1","112-30-1","decanol",-1.95860731484178,-1.13216457360526,-0.826442741236521,0.826442741236521
"remove_interaction_terms","interaction","112-30-1","112-30-1","decanol",-1.14508697769214,-1.09534382852191,-0.049743149170232,0.049743149170232
"remove_interaction_terms","interaction","112-30-1","112-30-1","decanol",-1.04575749056068,-1.37119868062746,0.325441190066782,0.325441190066782
"remove_interaction_terms","interaction","112-30-1","112-30-1","decanol",-1.09691001300806,-1.42006126200596,0.323151248997903,0.323151248997903
"remove_interaction_terms","interaction","112-30-1","112-30-1","n-decanol",-1.09691001300806,-1.09003150621627,-0.00687850679178936,0.00687850679178936
"remove_interaction_terms","interaction","112-34-5","112-34-5","diethylene glycol monobutyl ether",-2.23600035701585,-3.05927459166539,0.823274234649542,0.823274234649542
"remove_interaction_terms","interaction","112-34-5","112-34-5","diethylene glycol monobutyl ether",-2.16688305055618,-3.05927459166539,0.892391541109212,0.892391541109212
"remove_interaction_terms","interaction","112-80-1","112-80-1","oleic acid",-2.88605664769316,-1.90410521721268,-0.981951430480481,0.981951430480481
"remove_interaction_terms","interaction","117-81-7","117-81-7","bis(2-ethylhexyl)phthalate",-4.09691001300806,-2.44434949802317,-1.65256051498489,1.65256051498489
"remove_interaction_terms","interaction","119-34-6","119-34-6","4-amino-2-nitrophenol",-4.06550154875643,-2.34022707694469,-1.72527447181174,1.72527447181174
"remove_interaction_terms","interaction","119-36-8","119-36-8","methyl salicylate",-1.44369749923271,-1.58807943915671,0.144381939923997,0.144381939923997
"remove_interaction_terms","interaction","119-61-9","119-61-9","benzophenone",-1.24920613319746,-1.55398873920753,0.304782606010073,0.304782606010073
"remove_interaction_terms","interaction","119-61-9","119-61-9","benzophenone",-1.13822159828622,-1.55398873920753,0.415767140921313,0.415767140921313
"remove_interaction_terms","interaction","120-80-9","120-80-9","catechol",-2.51,-2.5365983812402,0.0265983812402011,0.0265983812402011
"remove_interaction_terms","interaction","120-83-2","120-83-2","2,4-dichlorophenol",-1.14874021557127,-1.35542137467078,0.206681159099507,0.206681159099507
"remove_interaction_terms","interaction","120-83-2","120-83-2","2,4-dichlorophenol",-1.22136169383427,-1.68572327036987,0.464361576535601,0.464361576535601
"remove_interaction_terms","interaction","1219-38-1","1219-38-1","octylparaben",-1.90585161784792,-1.2673507708237,-0.638500847024218,0.638500847024218
"remove_interaction_terms","interaction","122-57-6","122-57-6","benzylideneacetone",-1.40794873077454,-1.64036364660747,0.232414915832933,0.232414915832933
"remove_interaction_terms","interaction","122-57-6","122-57-6","benzylideneacetone",-1.11863375864077,-1.64036364660747,0.521729887966703,0.521729887966703
"remove_interaction_terms","interaction","123-07-9 ","123-07-9 ","p-ethylphenol",-1.46278385671974,-1.69283241804523,0.230048561325491,0.230048561325491
"remove_interaction_terms","interaction","123-31-9","123-31-9","hydroquinone",-5.0301183562535,-2.52176555515579,-2.50835280109771,2.50835280109771
"remove_interaction_terms","interaction","123-31-9","123-31-9","hydroquinone",-1.90385139213331,-2.47133290956563,0.567481517432319,0.567481517432319
"remove_interaction_terms","interaction","123-31-9","123-31-9","hydroquinone",-2.41644259377425,-2.47133290956563,0.0548903157913792,0.0548903157913792
"remove_interaction_terms","interaction","123-31-9","123-31-9","hydroquinone",-2.95,-2.61501950823465,-0.334980491765351,0.334980491765351
"remove_interaction_terms","interaction","124-94-7","124-94-7","triamcinolone",-5.40011692792631,-4.36152218945514,-1.03859473847117,1.03859473847117
"remove_interaction_terms","interaction","131-11-3","131-11-3","dimethyl phthalate",-1.55258483591006,-1.93798812037256,0.385403284462495,0.385403284462495
"remove_interaction_terms","interaction","131-11-3","131-11-3","dimethyl phthalate",-1.64782103953418,-1.93798812037256,0.290167080838375,0.290167080838375
"remove_interaction_terms","interaction","135-19-3","135-19-3","beta-naphthol; 2-naphthol",-1.5543957967264,-1.91112552863031,0.356729731903914,0.356729731903914
"remove_interaction_terms","interaction","135-19-3","135-19-3","beta-naphthol; 2-naphthol",-1.20065945054642,-1.73047298362088,0.529813533074462,0.529813533074462
"remove_interaction_terms","interaction","13523-86-9","13523-86-9","pindolol",-3.70333480973847,-3.1657070009775,-0.537627808760965,0.537627808760965
"remove_interaction_terms","interaction","13655-52-2","13655-52-2","alprenolol",-2.78664164637561,-3.07673827249766,0.29009662612205,0.29009662612205
"remove_interaction_terms","interaction","137-58-6","137-58-6","lidocaine",-2.40120949323688,-2.12318267917588,-0.278026814061001,0.278026814061001
"remove_interaction_terms","interaction","137-58-6","137-58-6","lidocaine",-2.52287874528034,-2.12985924199792,-0.393019503282418,0.393019503282418
"remove_interaction_terms","interaction","137-58-6","137-58-6","lidocaine",-2.52287874528034,-2.12985924199792,-0.393019503282418,0.393019503282418
"remove_interaction_terms","interaction","141-05-9","141-05-9","diethyl maleate",-1.66740097646667,-1.99009547194007,0.322694495473397,0.322694495473397
"remove_interaction_terms","interaction","141-05-9","141-05-9","diethyl maleate",-1.58608416024509,-1.99009547194007,0.404011311694977,0.404011311694977
"remove_interaction_terms","interaction","14199-15-6","14199-15-6","methyl 4-hydroxyphenylacetate",-1.69897000433602,-1.85916883155402,0.160198827217995,0.160198827217995
"remove_interaction_terms","interaction","143-08-8","143-08-8","n-nonanol",-1.22184874961636,-1.10772595011663,-0.114122799499733,0.114122799499733
"remove_interaction_terms","interaction","143-08-8","143-08-8","nonanol",-1.22184874961636,-1.41602651922249,0.194177769606126,0.194177769606126
"remove_interaction_terms","interaction","14371-10-9","14371-10-9","trans-cinnamaldehyde",-1.55307871254876,-1.5438915141912,-0.00918719835755888,0.00918719835755888
"remove_interaction_terms","interaction","14371-10-9","14371-10-9","trans-cinnamaldehyde",-1.38433498624321,-1.5438915141912,0.159556527947991,0.159556527947991
"remove_interaction_terms","interaction","145-13-1","145-13-1","hydroxypregnenolone",-3.22184874961636,-3.25191629527414,0.0300675456577797,0.0300675456577797
"remove_interaction_terms","interaction","145-13-1","145-13-1","pregnenolone",-2.82390874094432,-2.87935131199769,0.0554425710533724,0.0554425710533724
"remove_interaction_terms","interaction","146-72-5","146-72-5","methylglucose",-3.68026950566978,-4.14223680201472,0.461967296344943,0.461967296344943
"remove_interaction_terms","interaction","1638-22-8","1638-22-8","p-n-butylphenol; 4-butylphenol",-1.11463877996849,-1.25413142562355,0.139492645655065,0.139492645655065
"remove_interaction_terms","interaction","16590-41-3","16590-41-3","naltrexone",-2.6664407795091,-2.81948625353304,0.153045474023941,0.153045474023941
"remove_interaction_terms","interaction","17194-82-0","17194-82-0","alfa-(4-hydroxyphenyl) acetamide",-3.34678748622466,-2.78913672581724,-0.557650760407422,0.557650760407422
"remove_interaction_terms","interaction","18979-50-5","18979-50-5","4-propoxyphenol",-1.82490330536304,-1.64629089621726,-0.178612409145782,0.178612409145782
"remove_interaction_terms","interaction","2152-44-5","2152-44-5","betamethasone-17-valerate",-2.88041422503822,-3.62565246490232,0.745238239864098,0.745238239864098
"remove_interaction_terms","interaction","2203-97-6","2203-97-6","hydrocortisone-21-hemisuccinate",-3.20065945054642,-3.39772307756909,0.197063627022668,0.197063627022668
"remove_interaction_terms","interaction","2493-02-9","2493-02-9","4-bromophenyl isocyanate",-1.84100559902551,-1.47487935100767,-0.366126248017841,0.366126248017841
"remove_interaction_terms","interaction","2493-02-9","2493-02-9","4-bromophenyl isocyanate",-1.75134980127003,-1.47487935100767,-0.27647045026236,0.27647045026236
"remove_interaction_terms","interaction","26839-75-8","26839-75-8","timolol",-3.57016261901271,-2.45436641028897,-1.11579620872374,1.11579620872374
"remove_interaction_terms","interaction","26839-75-8","26839-75-8","timolol",-3.53521248035406,-2.31717668844683,-1.21803579190723,1.21803579190723
"remove_interaction_terms","interaction","2871-01-4","2871-01-4","hc red no. 3; 2-(4-amino-2-nitroanilino)-ethanol",-1.67058885168866,-2.59640258055922,0.925813728870561,0.925813728870561
"remove_interaction_terms","interaction","2871-01-4","2871-01-4","hc red no. 3; 2-(4-amino-2-nitroanilino)-ethanol",-2.32271042397763,-2.59640258055922,0.273692156581591,0.273692156581591
"remove_interaction_terms","interaction","29122-68-7","29122-68-7","atenolol",-3.96657624451305,-3.43782422884313,-0.528752015669919,0.528752015669919
"remove_interaction_terms","interaction","31005-02-4","31005-02-4","7-ethoxycoumarin",-0.781780143112531,-2.16545365588282,1.38367351277028,1.38367351277028
"remove_interaction_terms","interaction","31005-02-4","31005-02-4","7-ethoxycoumarin",-0.919153916982604,-2.16545365588282,1.24629973890021,1.24629973890021
"remove_interaction_terms","interaction","333-41-5","333-41-5","diazinon",-2.06048074738138,-2.07014459544043,0.00966384805905252,0.00966384805905252
"remove_interaction_terms","interaction","3360-41-6","3360-41-6","4-phenylbutanol",-1.08092190762393,-1.47748915739185,0.396567249767922,0.396567249767922
"remove_interaction_terms","interaction","3593-96-2","3593-96-2","hydrocortisone-21-hexanoate; hydrocortisone caproate",-2,-2.99398790930101,0.993987909301013,0.993987909301013
"remove_interaction_terms","interaction","3930-20-9","3930-20-9","sotalol",-4.31984585826563,-3.32179325501367,-0.998052603251956,0.998052603251956
"remove_interaction_terms","interaction","3930-20-9","3930-20-9","sotalol",-3.88598470867013,-3.32179325501367,-0.564191453656456,0.564191453656456
"remove_interaction_terms","interaction","3930-20-9","3930-20-9","sotalol",-4.17986287404271,-3.32179325501367,-0.858069619029036,0.858069619029036
"remove_interaction_terms","interaction","42200-33-9","42200-33-9","nadolol",-4.10127481841051,-3.34513748434862,-0.756137334061893,0.756137334061893
"remove_interaction_terms","interaction","437-38-7","437-38-7","fentanyl base",-1.96286612872332,-1.93093495024879,-0.0319311784745304,0.0319311784745304
"remove_interaction_terms","interaction","463-40-1","463-40-1","linolenic acid",-2.431798275933,-1.89132923064384,-0.540469045289155,0.540469045289155
"remove_interaction_terms","interaction","499-75-2","499-75-2","iso-thymol; carvacrol",-1.25336580106242,-1.29481702962855,0.0414512285661304,0.0414512285661304
"remove_interaction_terms","interaction","50-2-2","50-2-2","dexamethasone",-4.19382002601611,-4.01925723542361,-0.174562790592503,0.174562790592503
"remove_interaction_terms","interaction","50-22-6","50-22-6","corticosterone",-2.24178591486039,-2.97936404820767,0.737578133347284,0.737578133347284
"remove_interaction_terms","interaction","50-22-6","50-22-6","corticosterone",-2.35454840605954,-2.97936404820767,0.624815642148134,0.624815642148134
"remove_interaction_terms","interaction","50-22-6","50-22-6","corticosterone",-3.16494389827988,-2.996303860957,-0.168640037322879,0.168640037322879
"remove_interaction_terms","interaction","50-22-6","50-22-6","corticosterone",-4,-3.22766936183885,-0.772330638161147,0.772330638161147
"remove_interaction_terms","interaction","50-22-6","50-22-6","corticosterone",-3.33468369530231,-3.02461826019936,-0.310065435102946,0.310065435102946
"remove_interaction_terms","interaction","50-22-6","50-22-6","corticosterone",-3.52287874528034,-3.2384171561841,-0.284461589096241,0.284461589096241
"remove_interaction_terms","interaction","50-22-6","50-22-6","corticosterone",-3.52287874528034,-3.24145951405635,-0.281419231223994,0.281419231223994
"remove_interaction_terms","interaction","50-22-6","50-22-6","corticosterone",-4,-3.22592624581604,-0.774073754183958,0.774073754183958
"remove_interaction_terms","interaction","50-22-6","50-22-6","corticosterone",-3.26587485567249,-3.19738199159576,-0.0684928640767253,0.0684928640767253
"remove_interaction_terms","interaction","50-22-6","50-22-6","corticosterone",-2.58587485567249,-2.93669358699773,0.350818731325239,0.350818731325239
"remove_interaction_terms","interaction","50-22-6","50-22-6","corticosterone",-4.22184874961636,-3.2207460823473,-1.00110266726906,1.00110266726906
"remove_interaction_terms","interaction","50-22-6","50-22-6","corticosterone",-4.67571754470231,-3.24333960989589,-1.43237793480642,1.43237793480642
"remove_interaction_terms","interaction","50-22-6","50-22-6","corticosterone",-3.23418248469008,-2.98736438737085,-0.246818097319226,0.246818097319226
"remove_interaction_terms","interaction","50-23-7","50-23-7","hydrocortisone",-2.01894154396037,-3.46941068288562,1.45046913892525,1.45046913892525
"remove_interaction_terms","interaction","50-23-7","50-23-7","hydrocortisone",-2.68163603566894,-3.46941068288562,0.787774647216677,0.787774647216677
"remove_interaction_terms","interaction","50-23-7","50-23-7","hydrocortisone",-3.63827216398241,-3.2801482124214,-0.35812395156101,0.35812395156101
"remove_interaction_terms","interaction","50-23-7","50-23-7","hydrocortisone",-3.63870046691906,-3.39814537840831,-0.240555088510749,0.240555088510749
"remove_interaction_terms","interaction","50-23-7","50-23-7","hydrocortisone",-5.52287874528034,-3.61458159679508,-1.90829714848526,1.90829714848526
"remove_interaction_terms","interaction","50-23-7","50-23-7","hydrocortisone",-5.52724355068279,-3.63959716336132,-1.88764638732147,1.88764638732147
"remove_interaction_terms","interaction","50-24-8","50-24-8","prednisolone",-4.32790214206428,-3.76570330795222,-0.562198834112057,0.562198834112057
"remove_interaction_terms","interaction","50-27-1","50-27-1","estriol",-4.39794000867204,-3.57048530133544,-0.827454707336598,0.827454707336598
"remove_interaction_terms","interaction","50-28-2","50-28-2","beta-estradiol",-2.38721614328026,-2.84056082410985,0.45334468082959,0.45334468082959
"remove_interaction_terms","interaction","50-28-2","50-28-2","beta-estradiol",-2.01233373507373,-2.45726066119565,0.444926926121917,0.444926926121917
"remove_interaction_terms","interaction","50-28-2","50-28-2","beta-estradiol",-3.52287874528034,-2.81260186329006,-0.710276881990284,0.710276881990284
"remove_interaction_terms","interaction","50-28-2","50-28-2","beta-estradiol",-2.28149831113273,-2.61218655724843,0.330688246115703,0.330688246115703
"remove_interaction_terms","interaction","50-28-2","50-28-2","estradiol",-1.98581560249872,-2.61218655724843,0.626370954749713,0.626370954749713
"remove_interaction_terms","interaction","50-28-2","50-28-2","estradiol",-4.69680394257951,-2.50724725233141,-2.1895566902481,2.1895566902481
"remove_interaction_terms","interaction","50-28-2","50-28-2","estradiol",-2.36451625318509,-2.50724725233141,0.142730999146317,0.142730999146317
"remove_interaction_terms","interaction","50-28-2","50-28-2","estradiol",-2.38090666937326,-2.84056082410985,0.459654154736591,0.459654154736591
"remove_interaction_terms","interaction","50-28-2","50-28-2","estradiol",-2.21324857785444,-2.45718296630864,0.243934388454203,0.243934388454203
"remove_interaction_terms","interaction","50-28-2","50-28-2","estradiol",-2.49485002168009,-2.84063851899685,0.345788497316764,0.345788497316764
"remove_interaction_terms","interaction","50-28-2","50-28-2","estradiol",-2.52287874528034,-2.84056082410985,0.31768207882951,0.31768207882951
"remove_interaction_terms","interaction","50-28-2","50-28-2","estradiol",-2.52287874528034,-2.837642811876,0.314764066595663,0.314764066595663
"remove_interaction_terms","interaction","50-28-2","50-28-2","estradiol",-2.52287874528034,-2.837642811876,0.314764066595663,0.314764066595663
"remove_interaction_terms","interaction","50-28-2","50-28-2","estradiol",-2.08008551934057,-2.50724725233141,0.427161732990837,0.427161732990837
"remove_interaction_terms","interaction","50-28-2","50-28-2","estradiol",-2.34969247686806,-2.61218655724843,0.262494080380373,0.262494080380373
"remove_interaction_terms","interaction","50-28-2","50-28-2","estradiol",-2.51173374958299,-2.61218655724843,0.100452807665443,0.100452807665443
"remove_interaction_terms","interaction","51-21-8","51-21-8","5-fluorouracil",-4.52574969288748,-3.56362987608479,-0.962119816802687,0.962119816802687
"remove_interaction_terms","interaction","51-21-8","51-21-8","5-fluorouracil",-4.72894468964132,-3.57094126569834,-1.15800342394298,1.15800342394298
"remove_interaction_terms","interaction","51-21-8","51-21-8","5-fluorouracil",-4.47108329972234,-3.56362987608479,-0.907453423637547,0.907453423637547
"remove_interaction_terms","interaction","51-21-8","51-21-8","5-fluorouracil (+ - + -)",-4.46597389394386,-3.57094126569834,-0.895032628245523,0.895032628245523
"remove_interaction_terms","interaction","512-69-6","512-69-6","raffinose",-4.85472588171206,-4.96553544551465,0.110809563802591,0.110809563802591
"remove_interaction_terms","interaction","512-69-6","512-69-6","raffinose",-4.29756946355447,-5.1407450105597,0.843175547005233,0.843175547005233
"remove_interaction_terms","interaction","513-85-9","513-85-9","2,3-butanediol",-4.30102999566398,-3.0397430617648,-1.26128693389918,1.26128693389918
"remove_interaction_terms","interaction","51384-51-1","51384-51-1","metoprolol",-3.52461940685664,-3.05129104841188,-0.473328358444757,0.473328358444757
"remove_interaction_terms","interaction","52-39-1","52-39-1","aldosterone",-4.23657200643706,-3.4880411297412,-0.748530876695854,0.748530876695854
"remove_interaction_terms","interaction","52-39-1","52-39-1","aldosterone",-4.74835790885864,-3.28531229502954,-1.4630456138291,1.4630456138291
"remove_interaction_terms","interaction","52-39-1","52-39-1","aldosterone",-4.30102999566398,-3.57564664092003,-0.725383354743946,0.725383354743946
"remove_interaction_terms","interaction","52-39-1","52-39-1","aldosterone",-4.52287874528034,-3.54479306579031,-0.97808567949003,0.97808567949003
"remove_interaction_terms","interaction","52-39-1","52-39-1","aldosterone",-4.52287874528034,-3.41535833774362,-1.10752040753672,1.10752040753672
"remove_interaction_terms","interaction","52-39-1","52-39-1","aldosterone",-4.01233373507373,-3.12999168192131,-0.882342053152418,0.882342053152418
"remove_interaction_terms","interaction","53-06-5","53-06-5","cortisone",-3.82390874094432,-3.42758810167838,-0.396320639265938,0.396320639265938
"remove_interaction_terms","interaction","53-06-5","53-06-5","cortisone",-5,-3.69810167233176,-1.30189832766824,1.30189832766824
"remove_interaction_terms","interaction","53-16-7","53-16-7","estrone",-2.44369749923271,-3.10715134973074,0.663453850498034,0.663453850498034
"remove_interaction_terms","interaction","53-96-3","53-96-3","2-(acetylamino)fluorene",-1.16052197602182,-2.68661283313556,1.52609085711374,1.52609085711374
"remove_interaction_terms","interaction","53-96-3","53-96-3","2-(acetylamino)fluorene",-1.10756666442663,-2.68661283313556,1.57904616870893,1.57904616870893
"remove_interaction_terms","interaction","533-73-3","533-73-3","1,2,4-benzenetriol",-3.9,-2.69398824598083,-1.20601175401917,1.20601175401917
"remove_interaction_terms","interaction","53535-33-4","53535-33-4","heptanol",-1.42481215507234,-1.45016210827007,0.0253499531977317,0.0253499531977317
"remove_interaction_terms","interaction","53535-33-4","53535-33-4","heptanol",-1.49485002168009,-1.5807089222244,0.0858589005443133,0.0858589005443133
"remove_interaction_terms","interaction","53535-33-4","53535-33-4","n-heptanol",-1.49485002168009,-1.24188388498735,-0.25296613669274,0.25296613669274
"remove_interaction_terms","interaction","554-84-7","554-84-7","m-nitrophenol; 3-nitrophenol",-2.24848294855394,-2.09687627678891,-0.151606671765027,0.151606671765027
"remove_interaction_terms","interaction","56-81-5","56-81-5","glycerol",-4.56863623584101,-3.45590042692369,-1.11273580891732,1.11273580891732
"remove_interaction_terms","interaction","56-81-5","56-81-5","glycerol",-3.00594693641232,-3.49913798279893,0.49319104638661,0.49319104638661
"remove_interaction_terms","interaction","56030-54-7","56030-54-7","sufentanil base",-1.81815641205523,-2.38588018346765,0.567723771412423,0.567723771412423
"remove_interaction_terms","interaction","57-13-6","57-13-6","urea",-3.82973828460504,-3.3618820076341,-0.467856276970938,0.467856276970938
"remove_interaction_terms","interaction","57-13-6","57-13-6","urea",-3.95233580539844,-3.29115858608994,-0.6611772193085,0.6611772193085
"remove_interaction_terms","interaction","57-13-6","57-13-6","urea",-3.92564441915299,-3.37698513988128,-0.548659279271714,0.548659279271714
"remove_interaction_terms","interaction","57-13-6","57-13-6","urea",-3.69494112531286,-3.56814060321947,-0.126800522093394,0.126800522093394
"remove_interaction_terms","interaction","57-13-6","57-13-6","urea",-3.55495653854982,-3.32470155071189,-0.230254987837929,0.230254987837929
"remove_interaction_terms","interaction","57-13-6","57-13-6","urea",-3.5970511706556,-3.37698513988128,-0.220066030774325,0.220066030774325
"remove_interaction_terms","interaction","57-13-6","57-13-6","urea",-3.55720677406023,-3.37698513988128,-0.180221634178955,0.180221634178955
"remove_interaction_terms","interaction","57-50-1","57-50-1","sucrose",-5.0268721464003,-5.49584470474716,0.468972558346857,0.468972558346857
"remove_interaction_terms","interaction","57-50-1","57-50-1","sucrose",-5.2839966563652,-5.69363901179958,0.409642355434379,0.409642355434379
"remove_interaction_terms","interaction","57-50-1","57-50-1","sucrose",-4.76200316671127,-5.49584470474716,0.733841538035887,0.733841538035887
"remove_interaction_terms","interaction","57-50-1","57-50-1","sucrose",-4.26905630657226,-5.49584470474716,1.2267883981749,1.2267883981749
"remove_interaction_terms","interaction","57-50-1","57-50-1","sucrose",-4.36451625318509,-5.49584470474716,1.13132845156207,1.13132845156207
"remove_interaction_terms","interaction","57-50-1","57-50-1","sucrose",-3.13406733180681,-5.49584470474716,2.36177737294035,2.36177737294035
"remove_interaction_terms","interaction","57-83-0","57-83-0","progesterone",-1.52287874528034,-2.36362756139307,0.840748816112731,0.840748816112731
"remove_interaction_terms","interaction","57-83-0","57-83-0","progesterone",-1.70344032687277,-2.3052946848922,0.60185435801943,0.60185435801943
"remove_interaction_terms","interaction","57-83-0","57-83-0","progesterone",-1.88605664769316,-2.60158315619543,0.715526508502268,0.715526508502268
"remove_interaction_terms","interaction","57-83-0","57-83-0","progesterone",-1.69897000433602,-2.67984834743792,0.980878343101903,0.980878343101903
"remove_interaction_terms","interaction","57-83-0","57-83-0","progesterone",-2.82390874094432,-2.57518270769232,-0.248726033251996,0.248726033251996
"remove_interaction_terms","interaction","58-08-2","58-08-2","caffeine",-3.80687540164554,-3.34712716464787,-0.459748236997673,0.459748236997673
"remove_interaction_terms","interaction","58-08-2","58-08-2","caffeine",-4.58586563707645,-3.54992551455544,-1.03594012252101,1.03594012252101
"remove_interaction_terms","interaction","58-08-2","58-08-2","caffeine",-1.60220380347052,-3.49903822374665,1.89683442027613,1.89683442027613
"remove_interaction_terms","interaction","58-08-2","58-08-2","caffeine",-2.60631808276205,-3.49903822374665,0.892720140984601,0.892720140984601
"remove_interaction_terms","interaction","58-08-2","58-08-2","caffeine",-4.15490195998574,-3.5343442386771,-0.620557721308644,0.620557721308644
"remove_interaction_terms","interaction","58-08-2","58-08-2","caffeine",-3.69897000433602,-3.49196450442,-0.207005499916022,0.207005499916022
"remove_interaction_terms","interaction","58-22-0","58-22-0","testosterone",-2.0571655062299,-2.4980256607877,0.440860154557796,0.440860154557796
"remove_interaction_terms","interaction","58-22-0","58-22-0","testosterone",-2.04694894237348,-2.35272311509025,0.305774172716769,0.305774172716769
"remove_interaction_terms","interaction","58-22-0","58-22-0","testosterone",-1.64633962279966,-2.49724478128293,0.850905158483274,0.850905158483274
"remove_interaction_terms","interaction","58-22-0","58-22-0","testosterone",-1.41570671752568,-2.45391730947884,1.03821059195316,1.03821059195316
"remove_interaction_terms","interaction","58-22-0","58-22-0","testosterone",-2.27083521030723,-2.69569240494937,0.424857194642136,0.424857194642136
"remove_interaction_terms","interaction","58-22-0","58-22-0","testosterone",-2.38875983135141,-2.37008696478808,-0.0186728665633269,0.0186728665633269
"remove_interaction_terms","interaction","58-22-0","58-22-0","testosterone",-2.65757731917779,-2.64782556057262,-0.00975175860516853,0.00975175860516853
"remove_interaction_terms","interaction","58-22-0","58-22-0","testosterone",-2.65757731917779,-2.64218939095409,-0.0153879282237033,0.0153879282237033
"remove_interaction_terms","interaction","58-22-0","58-22-0","testosterone",-2.65757731917779,-2.64218939095409,-0.0153879282237033,0.0153879282237033
"remove_interaction_terms","interaction","58-22-0","58-22-0","testosterone",-3.39794000867204,-2.61906571987065,-0.77887428880139,0.77887428880139
"remove_interaction_terms","interaction","58-22-0","58-22-0","testosterone",-3.06752623532285,-2.64782556057262,-0.419700674750229,0.419700674750229
"remove_interaction_terms","interaction","58-22-0","58-22-0","testosterone",-2.13194363817696,-2.35106338825111,0.219119750074146,0.219119750074146
"remove_interaction_terms","interaction","58-54-8","58-54-8","ethacrynic acid",-3.82390874094432,-2.42694692548897,-1.39696181545535,1.39696181545535
"remove_interaction_terms","interaction","59-05-2","59-05-2","methotrexate",-3.40160112979023,-4.82120176304302,1.41960063325279,1.41960063325279
"remove_interaction_terms","interaction","59-50-7","59-50-7","chlorocresol",-1.26406804435028,-1.6459256103805,0.381857566030224,0.381857566030224
"remove_interaction_terms","interaction","59-50-7","59-50-7","chlorocresol",-1.65255620893436,-1.52192366547212,-0.130632543462236,0.130632543462236
"remove_interaction_terms","interaction","60-12-8","60-12-8","2-phenylethanol",-1.25963731050576,-1.77000420513643,0.510366894630668,0.510366894630668
"remove_interaction_terms","interaction","60-12-8","60-12-8","2-phenylethanol",-2.11527250510331,-2.04763279694884,-0.0676397081544717,0.0676397081544717
"remove_interaction_terms","interaction","610-81-1","610-81-1","4-amino-3-nitrophenol",-2.1297393876227,-2.35184475884352,0.222105371220815,0.222105371220815
"remove_interaction_terms","interaction","610-81-1","610-81-1","4-amino-3-nitrophenol",-2.26671923730847,-2.35184475884352,0.0851255215350455,0.0851255215350455
"remove_interaction_terms","interaction","614-18-6","614-18-6","nicotinate, ethyl",-3.10790539730952,-1.88904470551618,-1.21886069179334,1.21886069179334
"remove_interaction_terms","interaction","614-18-6","614-18-6","nicotinate, ethyl",-3.08618614761628,-1.91705186720391,-1.16913428041237,1.16913428041237
"remove_interaction_terms","interaction","623-05-2","623-05-2","4-hydroxybenzyl alcohol",-2.69897000433602,-2.25218338171388,-0.446786622622136,0.446786622622136
"remove_interaction_terms","interaction","63-36-5","63-36-5","salicylate",-3.96686900819185,-2.70272307787453,-1.26414593031732,1.26414593031732
"remove_interaction_terms","interaction","64-17-5","64-17-5","ethanol",-2.72124639904717,-2.89267904448843,0.171432645441256,0.171432645441256
"remove_interaction_terms","interaction","64-17-5","64-17-5","ethanol",-3.09691001300806,-2.84216965572898,-0.254740357279075,0.254740357279075
"remove_interaction_terms","interaction","64-17-5","64-17-5","ethanol",-3.09691001300806,-3.14997331581387,0.0530633028058096,0.0530633028058096
"remove_interaction_terms","interaction","64-19-7","64-19-7","acetic acid",-2.77786589964853,-2.63035142492331,-0.147514474725218,0.147514474725218
"remove_interaction_terms","interaction","64-85-7","64-85-7","cortexone",-3.34678748622466,-2.67338834890851,-0.673399137316147,0.673399137316147
"remove_interaction_terms","interaction","65-85-0","65-85-0","benzoic acid",-2.11918640771921,-1.87642330150685,-0.242763106212363,0.242763106212363
"remove_interaction_terms","interaction","65-85-0","65-85-0","benzoic acid",-1.50863830616573,-1.83387803632373,0.325239730158003,0.325239730158003
"remove_interaction_terms","interaction","65-85-0","65-85-0","benzoic acid",-1.50863830616573,-1.83387803632373,0.325239730158003,0.325239730158003
"remove_interaction_terms","interaction","66-27-3","66-27-3","methyl methanesulfonate",-1.91205408690953,-2.6542069522279,0.742152865318375,0.742152865318375
"remove_interaction_terms","interaction","66-27-3","66-27-3","methyl methanesulfonate",-2.06776764179179,-2.6542069522279,0.586439310436115,0.586439310436115
"remove_interaction_terms","interaction","6677-98-1","6677-98-1","hydrocortisone-21-propionate",-2.46852108295775,-3.32500353002853,0.856482447070781,0.856482447070781
"remove_interaction_terms","interaction","67-56-1","67-56-1","methanol",-3.30102999566398,-2.96800104985099,-0.333028945812995,0.333028945812995
"remove_interaction_terms","interaction","67-56-1","67-56-1","methanol",-3.30102999566398,-3.26392176834825,-0.0371082273157315,0.0371082273157315
"remove_interaction_terms","interaction","67-56-1","67-56-1","methanol",-2.79588001734407,-3.13338672442303,0.337506707078962,0.337506707078962
"remove_interaction_terms","interaction","68-96-2","68-96-2","17-alfa-hydroxyprogesterone",-3.22184874961636,-3.54488001423057,0.323031264614207,0.323031264614207
"remove_interaction_terms","interaction","69-29-7","69-29-7","ethyl ether",-1.79588001734408,-2.28821293380596,0.492332916461881,0.492332916461881
"remove_interaction_terms","interaction","69-65-8","69-65-8","mannitol",-4.72681868815271,-4.14293739904836,-0.583881289104353,0.583881289104353
"remove_interaction_terms","interaction","69-65-8","69-65-8","mannitol",-4,-4.59768351683899,0.597683516838991,0.597683516838991
"remove_interaction_terms","interaction","69-65-8","69-65-8","mannitol",-4.68257958814785,-4.00844666294273,-0.674132925205119,0.674132925205119
"remove_interaction_terms","interaction","69-65-8","69-65-8","mannitol",-4.45692576496647,-4.00921968060551,-0.447706084360958,0.447706084360958
"remove_interaction_terms","interaction","69-65-8","69-65-8","mannitol",-4.77257756999574,-4.57056458152198,-0.202012988473757,0.202012988473757
"remove_interaction_terms","interaction","69-65-8","69-65-8","mannitol",-4.43830246734601,-4.00921968060551,-0.429082786740499,0.429082786740499
"remove_interaction_terms","interaction","69-65-8","69-65-8","mannitol",-4.18810341360238,-4.65492526017906,0.466821846576684,0.466821846576684
"remove_interaction_terms","interaction","69-65-8","69-65-8","mannitol",-4.00436480540245,-4.41474433016567,0.410379524763218,0.410379524763218
"remove_interaction_terms","interaction","69-65-8","69-65-8","mannitol",-3.97265039222524,-4.69756992193305,0.724919529707805,0.724919529707805
"remove_interaction_terms","interaction","69-65-8","69-65-8","mannitol",-3.1536628878702,-4.00844666294273,0.854783775072531,0.854783775072531
"remove_interaction_terms","interaction","69-72-7","69-72-7","salicylic acid",-3.03151705144606,-1.92558647519273,-1.10593057625333,1.10593057625333
"remove_interaction_terms","interaction","69-72-7","69-72-7","salicylic acid",-1.34678748622466,-1.94080987169838,0.594022385473724,0.594022385473724
"remove_interaction_terms","interaction","71-23-8","71-23-8","n-propanol",-2.92081875395238,-2.73997180215911,-0.180846951793266,0.180846951793266
"remove_interaction_terms","interaction","71-23-8","71-23-8","propanol",-2.76955107862173,-2.9187468021258,0.149195723504068,0.149195723504068
"remove_interaction_terms","interaction","71-23-8","71-23-8","propanol",-2.92081875395238,-3.04924905408875,0.128430300136372,0.128430300136372
"remove_interaction_terms","interaction","71-36-3","71-36-3","butanol",-2.52287874528034,-2.11459762450491,-0.408281120775432,0.408281120775432
"remove_interaction_terms","interaction","71-36-3","71-36-3","butanol",-2.10237290870956,-1.99026232099189,-0.112110587717674,0.112110587717674
"remove_interaction_terms","interaction","71-36-3","71-36-3","butanol",-2.65757731917779,-2.24100182974882,-0.416575489428971,0.416575489428971
"remove_interaction_terms","interaction","71-36-3","71-36-3","butanol",-2.65757731917779,-2.24108092198018,-0.416496397197611,0.416496397197611
"remove_interaction_terms","interaction","71-36-3","71-36-3","butanol",-2.60205999132796,-2.24100182974882,-0.361058161579141,0.361058161579141
"remove_interaction_terms","interaction","71-36-3","71-36-3","n-butanol",-2.60205999132796,-1.9411715492512,-0.660888442076757,0.660888442076757
"remove_interaction_terms","interaction","71-41-0","71-41-0","n-pentanol",-2.22184874961636,-1.71128826210618,-0.510560487510177,0.510560487510177
"remove_interaction_terms","interaction","71-41-0","71-41-0","pentanol",-2.22184874961636,-2.02087836394868,-0.200970385667677,0.200970385667677
"remove_interaction_terms","interaction","71-43-0","71-43-0","benzene",-0.954285941059132,-1.36630692483271,0.41202098377358,0.41202098377358
"remove_interaction_terms","interaction","71-43-0","71-43-0","benzene",-0.795880017344075,-1.5249201803173,0.729040162973224,0.729040162973224
"remove_interaction_terms","interaction","71-91-0","71-91-0","tetraethylammonium",-3.25387553642834,-5.29864063863818,2.04476510220984,2.04476510220984
"remove_interaction_terms","interaction","71-91-0","71-91-0","tetraethylammonium bromide (+)",-3.36815053784018,-5.10723894450239,1.73908840666221,1.73908840666221
"remove_interaction_terms","interaction","76-25-5","76-25-5","triamcinolone acetonide",-3.40230481407449,-4.19723333721502,0.794928523140527,0.794928523140527
"remove_interaction_terms","interaction","76-25-5","76-25-5","triamcinolone acetonide",-4.70663744528855,-4.50864450740367,-0.197992937884882,0.197992937884882
"remove_interaction_terms","interaction","76180-96-6","76180-96-6","3-methyl-3h-imidazo[4,5-f]quinolin-2-amine",-2.07218350508968,-3.53771543793993,1.46553193285025,1.46553193285025
"remove_interaction_terms","interaction","76180-96-6","76180-96-6","3-methyl-3h-imidazo[4,5-f]quinolin-2-amine",-2.43056359552234,-3.53771543793993,1.10715184241759,1.10715184241759
"remove_interaction_terms","interaction","7732-18-5","7732-18-5","water",-2.80687540164554,-3.251945727711,0.445070326065458,0.445070326065458
"remove_interaction_terms","interaction","7732-18-5","7732-18-5","water",-2.98540960554622,-3.251945727711,0.266536122164779,0.266536122164779
"remove_interaction_terms","interaction","7732-18-5","7732-18-5","water",-2.80966830182971,-3.20060074798859,0.390932446158881,0.390932446158881
"remove_interaction_terms","interaction","7732-18-5","7732-18-5","water",-3.14997431819434,-3.20067906749748,0.0507047493031378,0.0507047493031378
"remove_interaction_terms","interaction","7732-18-5","7732-18-5","water",-3.07058107428571,-3.251945727711,0.181364653425289,0.181364653425289
"remove_interaction_terms","interaction","7732-18-5","7732-18-5","water",-3.24233473501217,-3.20060074798859,-0.0417339870235791,0.0417339870235791
"remove_interaction_terms","interaction","7732-18-5","7732-18-5","water",-3.45621525646938,-3.20060074798859,-0.255614508480789,0.255614508480789
"remove_interaction_terms","interaction","7732-18-5","7732-18-5","water",-3.27134965805094,-3.20060074798859,-0.0707489100623491,0.0707489100623491
"remove_interaction_terms","interaction","7732-18-5","7732-18-5","water",-3.15476521541715,-3.22623101328374,0.07146579786659,0.07146579786659
"remove_interaction_terms","interaction","7732-18-5","7732-18-5","water",-3.52287874528034,-3.38180577484015,-0.141072970440188,0.141072970440188
"remove_interaction_terms","interaction","7732-18-5","7732-18-5","water",-3.5,-3.38180577484015,-0.118194225159848,0.118194225159848
"remove_interaction_terms","interaction","78-93-3","78-93-3","2-butanone",-2.34678748622466,-2.4929409597894,0.146153473564743,0.146153473564743
"remove_interaction_terms","interaction","84-66-2","84-66-2","diethyl phthalate",-1.70509308939481,-1.68707991992295,-0.018013169471863,0.018013169471863
"remove_interaction_terms","interaction","87-66-1","87-66-1","pyrogallol",-2.81,-2.64006438302849,-0.16993561697151,0.16993561697151
"remove_interaction_terms","interaction","88-04-0","88-04-0","chloroxylenol",-1.22875360095283,-1.77097799858573,0.5422243976329,0.5422243976329
"remove_interaction_terms","interaction","88-04-0","88-04-0","chloroxylenol",-1.09474395125155,-1.57289111570643,0.478147164454877,0.478147164454877
"remove_interaction_terms","interaction","88-06-2","88-06-2","2,4,6-trichlorophenol",-1.23275783168158,-1.69162547696168,0.458867645280099,0.458867645280099
"remove_interaction_terms","interaction","88-18-6","88-18-6","o-t-butylphenol",-1.12842706445412,-1.32016221831148,0.191735153857363,0.191735153857363
"remove_interaction_terms","interaction","89-83-8","89-83-8","thymol; 2-isopropyl-5-methylphenol",-1.27607480270083,-1.54349907065395,0.267424267953124,0.267424267953124
"remove_interaction_terms","interaction","89-83-8","89-83-8","thymol; 2-isopropyl-5-methylphenol",-1.21324857785444,-1.36145182403157,0.148203246177126,0.148203246177126
"remove_interaction_terms","interaction","90-15-3","90-15-3","naphthol",-1.58502665202918,-1.76341679664072,0.178390144611541,0.178390144611541
"remove_interaction_terms","interaction","90-15-3","90-15-3","naphthol",-1.52287874528034,-1.76341679664072,0.240538051360381,0.240538051360381
"remove_interaction_terms","interaction","91-20-3","91-20-3","naphthalene",-1.55111528700206,-1.44518451595529,-0.105930771046773,0.105930771046773
"remove_interaction_terms","interaction","91-20-3","91-20-3","naphthalene",-1.78220214249451,-1.44518451595529,-0.337017626539223,0.337017626539223
"remove_interaction_terms","interaction","92-48-8","92-48-8","6-methylcoumarin",-1.18136926112576,-2.18722622019064,1.00585695906488,1.00585695906488
"remove_interaction_terms","interaction","92-48-8","92-48-8","6-methylcoumarin",-1.331936361143,-2.18722622019064,0.855289859047639,0.855289859047639
"remove_interaction_terms","interaction","93-60-7","93-60-7","nicotinate, methyl",-3.30980391997149,-2.0514749616498,-1.25832895832169,1.25832895832169
"remove_interaction_terms","interaction","93-60-7","93-60-7","nicotinate, methyl",-3.27572413039921,-2.06525008544936,-1.21047404494985,1.21047404494985
"remove_interaction_terms","interaction","937-20-2","937-20-2","2,4-dichloroacetophenone",-0.743772935647774,-2.21119008892585,1.46741715327808,1.46741715327808
"remove_interaction_terms","interaction","937-20-2","937-20-2","2,4-dichloroacetophenone",-1.86052608660328,-2.21119008892585,0.350664002322573,0.350664002322573
"remove_interaction_terms","interaction","94-13-3","94-13-3","propylparaben",-1.67615465544754,-1.59399824812749,-0.0821564073200516,0.0821564073200516
"remove_interaction_terms","interaction","94-13-3","94-13-3","propylparaben",-1.26606734367858,-1.72106918779532,0.455001844116742,0.455001844116742
"remove_interaction_terms","interaction","94-13-3","94-13-3","propylparaben",-1.20290590120029,-1.72106918779532,0.518163286595032,0.518163286595032
"remove_interaction_terms","interaction","94-26-8","94-26-8","butylparaben",-0.981299501333757,-1.39939334332162,0.418093841987866,0.418093841987866
"remove_interaction_terms","interaction","94-26-8","94-26-8","butylparaben",-1.15242734085789,-1.52470284307001,0.372275502212121,0.372275502212121
"remove_interaction_terms","interaction","95-48-7","95-48-7","o-cresol",-1.80172783601759,-1.88443478716529,0.0827069511477012,0.0827069511477012
"remove_interaction_terms","interaction","95-54-5","95-54-5","o-phenylenediamine",-3.34678748622466,-2.43210691432186,-0.914680571902799,0.914680571902799
"remove_interaction_terms","interaction","95-57-8","95-57-8","o-chlorophenol",-1.48044892137827,-1.86431478966324,0.383865868284971,0.383865868284971
"remove_interaction_terms","interaction","95-65-8","95-65-8","3,4-xylenol",-1.44278385671974,-1.79528502885635,0.352501172136614,0.352501172136614
"remove_interaction_terms","interaction","97-00-7","97-00-7","2,4-dinitrochlorobenzene",-1.57500847696703,-1.98486544897887,0.409856972011842,0.409856972011842
"remove_interaction_terms","interaction","97-00-7","97-00-7","2,4-dinitrochlorobenzene",-1.50012264373278,-1.98486544897887,0.484742805246092,0.484742805246092
"remove_interaction_terms","interaction","97-53-0","97-53-0","eugenol",-1.592980675785,-1.65823370304814,0.0652530272631424,0.0652530272631424
"remove_interaction_terms","interaction","97-53-0","97-53-0","eugenol",-1.555243965633,-1.65823370304814,0.102989737415143,0.102989737415143
"remove_interaction_terms","interaction","97-54-1","97-54-1","isoeugenol",-1.74568406057766,-1.59631867182233,-0.149365388755334,0.149365388755334
"remove_interaction_terms","interaction","97-54-1","97-54-1","isoeugenol",-1.41300909711301,-1.59631867182233,0.183309574709316,0.183309574709316
"remove_interaction_terms","interaction","98-86-2","98-86-2","acetophenone",-1.62740828480895,-1.73009841111117,0.102690126302222,0.102690126302222
"remove_interaction_terms","interaction","98-86-2","98-86-2","acetophenone",-1.56017144166374,-1.73009841111117,0.169926969447432,0.169926969447432
"remove_interaction_terms","interaction","99-76-3","99-76-3","methylparaben",-1.67358220444561,-1.89506677108066,0.221484566635049,0.221484566635049
"remove_interaction_terms","interaction","99-76-3","99-76-3","methylparaben",-1.96257350205938,-1.99627877613942,0.0337052740800419,0.0337052740800419
"remove_interaction_terms","interaction","99-76-3","99-76-3","methylparaben",-2.03394335230684,-2.19515686831421,0.161213516007367,0.161213516007367
"remove_interaction_terms","interaction","99-76-3","99-76-3","methylparaben",-2.07572071393812,-2.0329144008455,-0.0428063130926248,0.0428063130926248
"linear_selected_predictors","nonlinear_terms","100-02-7","100-02-7","p-nitrophenol; 4-nitrophenol",-2.25,-2.50789521861012,0.25789521861012,0.25789521861012
"linear_selected_predictors","nonlinear_terms","100-39-0","100-39-0","benzyl bromide",-1.54511979359646,-1.73421179851225,0.189092004915794,0.189092004915794
"linear_selected_predictors","nonlinear_terms","100-39-0","100-39-0","benzyl bromide",-1.89202735976865,-1.73421179851225,-0.157815561256397,0.157815561256397
"linear_selected_predictors","nonlinear_terms","100-51-6","100-51-6","benzyl alcohol",-2.22205999132796,-2.35133524278762,0.12927525145966,0.12927525145966
"linear_selected_predictors","nonlinear_terms","1002-62-6","1002-62-6","sodium caprate; decanoic acid soap (c10:0)",-2.95233580539844,-2.22644871653753,-0.725887088860914,0.725887088860914
"linear_selected_predictors","nonlinear_terms","103-11-7","103-11-7","2-ethylhexyl acrylate",-2.11289007326765,-1.27064254389185,-0.842247529375795,0.842247529375795
"linear_selected_predictors","nonlinear_terms","103-11-7","103-11-7","2-ethylhexyl acrylate",-1.82434537155519,-1.27064254389185,-0.553702827663336,0.553702827663336
"linear_selected_predictors","nonlinear_terms","104-54-1","104-54-1","cinnamyl alcohol",-1.54329916349423,-2.06613909386206,0.522839930367827,0.522839930367827
"linear_selected_predictors","nonlinear_terms","104-54-1","104-54-1","cinnamyl alcohol",-1.47890341621095,-2.06613909386206,0.587235677651107,0.587235677651107
"linear_selected_predictors","nonlinear_terms","104-85-8","104-85-8","p-tolunitrile",-1.34336049829281,-1.9460305706433,0.60267007235049,0.60267007235049
"linear_selected_predictors","nonlinear_terms","104-85-8","104-85-8","p-tolunitrile",-1.51076062352006,-1.9460305706433,0.43526994712324,0.43526994712324
"linear_selected_predictors","nonlinear_terms","10521-91-2","10521-91-2","5-phenylpentanol",-0.94692155651658,-1.71486244935329,0.767940892836711,0.767940892836711
"linear_selected_predictors","nonlinear_terms","106-24-1","106-24-1","geraniol",-0.986619380204979,-1.40640113471281,0.419781754507835,0.419781754507835
"linear_selected_predictors","nonlinear_terms","106-24-1","106-24-1","geraniol",-1.01401437058883,-1.40640113471281,0.392386764123984,0.392386764123984
"linear_selected_predictors","nonlinear_terms","106-41-3","106-41-3","p-bromophenol",-1.43951925261862,-2.36417662853141,0.924657375912793,0.924657375912793
"linear_selected_predictors","nonlinear_terms","106-44-5","106-44-5","p-cresol",-0.920818753952375,-1.89365118175082,0.97283242779844,0.97283242779844
"linear_selected_predictors","nonlinear_terms","106-44-5","106-44-5","p-cresol",-1.74875360095283,-2.19460963180592,0.445856030853092,0.445856030853092
"linear_selected_predictors","nonlinear_terms","106-48-9","106-48-9","p-chlorophenol",-1.44875360095283,-2.16325935888973,0.7145057579369,0.7145057579369
"linear_selected_predictors","nonlinear_terms","106-50-3","106-50-3","p-phenylenediamine",-3.61978875828839,-2.95252529899372,-0.667263459294674,0.667263459294674
"linear_selected_predictors","nonlinear_terms","108-39-4","108-39-4","m-cresol",-1.81172783601759,-2.1310349982372,0.319307162219613,0.319307162219613
"linear_selected_predictors","nonlinear_terms","108-46-3","108-46-3","resorcinol",-2.42023266087399,-2.65706714854328,0.236834487669293,0.236834487669293
"linear_selected_predictors","nonlinear_terms","108-46-3","108-46-3","resorcinol",-2.35642808060813,-2.65706714854328,0.300639067935153,0.300639067935153
"linear_selected_predictors","nonlinear_terms","108-46-3","108-46-3","resorcinol",-3.07,-2.53338530679619,-0.536614693203811,0.536614693203811
"linear_selected_predictors","nonlinear_terms","108-46-3","108-46-3","resorcinol; 1,3-benzenediol",-3.62291335664286,-2.84182460538854,-0.781088751254325,0.781088751254325
"linear_selected_predictors","nonlinear_terms","108-73-6","108-73-6","phloroglucinol",-2.51,-2.93632393317773,0.42632393317773,0.42632393317773
"linear_selected_predictors","nonlinear_terms","108-88-3","108-88-3","toluene",-0.0809219076239261,-1.15461165740491,1.07368974978099,1.07368974978099
"linear_selected_predictors","nonlinear_terms","108-95-2","108-95-2","phenol",-2.03,-2.03596386683665,0.00596386683664907,0.00596386683664907
"linear_selected_predictors","nonlinear_terms","108-95-2","108-95-2","phenol",-2.08907809237607,-2.30477758086767,0.215699488491601,0.215699488491601
"linear_selected_predictors","nonlinear_terms","108-95-2","108-95-2","phenol",-1.70996538863748,-2.02998174148646,0.320016352848984,0.320016352848984
"linear_selected_predictors","nonlinear_terms","108-95-2","108-95-2","phenol",-3.82792274303052,-2.37623128628785,-1.45169145674266,1.45169145674266
"linear_selected_predictors","nonlinear_terms","110-80-5","110-80-5","2-ethoxy ethanol",-3.60205999132796,-2.43478530882069,-1.16727468250727,1.16727468250727
"linear_selected_predictors","nonlinear_terms","111-27-3","111-27-3","hexanol",-1.49485002168009,-1.63669853122088,0.141848509540787,0.141848509540787
"linear_selected_predictors","nonlinear_terms","111-27-3","111-27-3","hexanol",-1.88605664769316,-1.91278483865237,0.0267281909592052,0.0267281909592052
"linear_selected_predictors","nonlinear_terms","111-27-3","111-27-3","n-hexanol",-1.88605664769316,-1.59419623997378,-0.291860407719382,0.291860407719382
"linear_selected_predictors","nonlinear_terms","111-76-2","111-76-2","butoxyethanol",-2.25698018593163,-2.0936007090431,-0.163379476888533,0.163379476888533
"linear_selected_predictors","nonlinear_terms","111-87-5","111-87-5","n-octanol",-1.2839966563652,-1.40244597758246,0.118449321217257,0.118449321217257
"linear_selected_predictors","nonlinear_terms","111-87-5","111-87-5","octanol",-1.0301183562535,-1.41135251831517,0.381234162061673,0.381234162061673
"linear_selected_predictors","nonlinear_terms","111-87-5","111-87-5","octanol",-1.15490195998574,-1.67789688107757,0.522994921091825,0.522994921091825
"linear_selected_predictors","nonlinear_terms","111-87-5","111-87-5","octanol",-1.2839966563652,-1.72229921289733,0.438302556532128,0.438302556532128
"linear_selected_predictors","nonlinear_terms","111-87-5","111-87-5","octanol",-1.21467016498923,-1.58902703151613,0.374356866526902,0.374356866526902
"linear_selected_predictors","nonlinear_terms","112-30-1","112-30-1","decanol",-1.833220851329,-1.17266140977099,-0.660559441558012,0.660559441558012
"linear_selected_predictors","nonlinear_terms","112-30-1","112-30-1","decanol",-1.95860731484178,-1.17327958435167,-0.785327730490112,0.785327730490112
"linear_selected_predictors","nonlinear_terms","112-30-1","112-30-1","decanol",-1.14508697769214,-1.12878638410745,-0.0163005935846892,0.0163005935846892
"linear_selected_predictors","nonlinear_terms","112-30-1","112-30-1","decanol",-1.04575749056068,-1.40863328000011,0.362875789439426,0.362875789439426
"linear_selected_predictors","nonlinear_terms","112-30-1","112-30-1","decanol",-1.09691001300806,-1.46153846343599,0.364628450427925,0.364628450427925
"linear_selected_predictors","nonlinear_terms","112-30-1","112-30-1","n-decanol",-1.09691001300806,-1.12563452593974,0.0287245129316758,0.0287245129316758
"linear_selected_predictors","nonlinear_terms","112-34-5","112-34-5","diethylene glycol monobutyl ether",-2.23600035701585,-2.40516963147176,0.169169274455915,0.169169274455915
"linear_selected_predictors","nonlinear_terms","112-34-5","112-34-5","diethylene glycol monobutyl ether",-2.16688305055618,-2.40516963147176,0.238286580915585,0.238286580915585
"linear_selected_predictors","nonlinear_terms","112-80-1","112-80-1","oleic acid",-2.88605664769316,-0.219847689225716,-2.66620895846744,2.66620895846744
"linear_selected_predictors","nonlinear_terms","117-81-7","117-81-7","bis(2-ethylhexyl)phthalate",-4.09691001300806,-1.39520386134987,-2.70170615165819,2.70170615165819
"linear_selected_predictors","nonlinear_terms","119-34-6","119-34-6","4-amino-2-nitrophenol",-4.06550154875643,-2.68570997186092,-1.37979157689551,1.37979157689551
"linear_selected_predictors","nonlinear_terms","119-36-8","119-36-8","methyl salicylate",-1.44369749923271,-1.89311729008064,0.449419790847933,0.449419790847933
"linear_selected_predictors","nonlinear_terms","119-61-9","119-61-9","benzophenone",-1.24920613319746,-1.80977453484951,0.560568401652046,0.560568401652046
"linear_selected_predictors","nonlinear_terms","119-61-9","119-61-9","benzophenone",-1.13822159828622,-1.80977453484951,0.671552936563286,0.671552936563286
"linear_selected_predictors","nonlinear_terms","120-80-9","120-80-9","catechol",-2.51,-2.49319338418762,-0.0168066158123814,0.0168066158123814
"linear_selected_predictors","nonlinear_terms","120-83-2","120-83-2","2,4-dichlorophenol",-1.14874021557127,-1.72853119548282,0.579790979911546,0.579790979911546
"linear_selected_predictors","nonlinear_terms","120-83-2","120-83-2","2,4-dichlorophenol",-1.22136169383427,-2.06723495801536,0.845873264181085,0.845873264181085
"linear_selected_predictors","nonlinear_terms","1219-38-1","1219-38-1","octylparaben",-1.90585161784792,-1.25966335992165,-0.646188257926269,0.646188257926269
"linear_selected_predictors","nonlinear_terms","122-57-6","122-57-6","benzylideneacetone",-1.40794873077454,-2.02315580994257,0.615207079168034,0.615207079168034
"linear_selected_predictors","nonlinear_terms","122-57-6","122-57-6","benzylideneacetone",-1.11863375864077,-2.02315580994257,0.904522051301804,0.904522051301804
"linear_selected_predictors","nonlinear_terms","123-07-9 ","123-07-9 ","p-ethylphenol",-1.46278385671974,-2.06595523120362,0.603171374483877,0.603171374483877
"linear_selected_predictors","nonlinear_terms","123-31-9","123-31-9","hydroquinone",-5.0301183562535,-2.75060920729887,-2.27950914895463,2.27950914895463
"linear_selected_predictors","nonlinear_terms","123-31-9","123-31-9","hydroquinone",-1.90385139213331,-2.69920398548453,0.795352593351217,0.795352593351217
"linear_selected_predictors","nonlinear_terms","123-31-9","123-31-9","hydroquinone",-2.41644259377425,-2.69920398548453,0.282761391710276,0.282761391710276
"linear_selected_predictors","nonlinear_terms","123-31-9","123-31-9","hydroquinone",-2.95,-2.66771985395595,-0.282280146044054,0.282280146044054
"linear_selected_predictors","nonlinear_terms","124-94-7","124-94-7","triamcinolone",-5.40011692792631,-4.00936110588462,-1.39075582204169,1.39075582204169
"linear_selected_predictors","nonlinear_terms","131-11-3","131-11-3","dimethyl phthalate",-1.55258483591006,-2.30957849768286,0.756993661772803,0.756993661772803
"linear_selected_predictors","nonlinear_terms","131-11-3","131-11-3","dimethyl phthalate",-1.64782103953418,-2.30957849768286,0.661757458148684,0.661757458148684
"linear_selected_predictors","nonlinear_terms","135-19-3","135-19-3","beta-naphthol; 2-naphthol",-1.5543957967264,-2.23206296491383,0.677667168187426,0.677667168187426
"linear_selected_predictors","nonlinear_terms","135-19-3","135-19-3","beta-naphthol; 2-naphthol",-1.20065945054642,-2.05213317371936,0.851473723172945,0.851473723172945
"linear_selected_predictors","nonlinear_terms","13523-86-9","13523-86-9","pindolol",-3.70333480973847,-3.22518125805644,-0.478153551682027,0.478153551682027
"linear_selected_predictors","nonlinear_terms","13655-52-2","13655-52-2","alprenolol",-2.78664164637561,-3.16691459070938,0.38027294433377,0.38027294433377
"linear_selected_predictors","nonlinear_terms","137-58-6","137-58-6","lidocaine",-2.40120949323688,-2.57397130586084,0.172761812623956,0.172761812623956
"linear_selected_predictors","nonlinear_terms","137-58-6","137-58-6","lidocaine",-2.52287874528034,-2.58204417303294,0.059165427752601,0.059165427752601
"linear_selected_predictors","nonlinear_terms","137-58-6","137-58-6","lidocaine",-2.52287874528034,-2.58204417303294,0.059165427752601,0.059165427752601
"linear_selected_predictors","nonlinear_terms","141-05-9","141-05-9","diethyl maleate",-1.66740097646667,-2.31771330279981,0.650312326333141,0.650312326333141
"linear_selected_predictors","nonlinear_terms","141-05-9","141-05-9","diethyl maleate",-1.58608416024509,-2.31771330279981,0.731629142554721,0.731629142554721
"linear_selected_predictors","nonlinear_terms","14199-15-6","14199-15-6","methyl 4-hydroxyphenylacetate",-1.69897000433602,-2.24571857889039,0.546748574554374,0.546748574554374
"linear_selected_predictors","nonlinear_terms","143-08-8","143-08-8","n-nonanol",-1.22184874961636,-1.26976360427762,0.0479148546612584,0.0479148546612584
"linear_selected_predictors","nonlinear_terms","143-08-8","143-08-8","nonanol",-1.22184874961636,-1.58460058683117,0.362751837214815,0.362751837214815
"linear_selected_predictors","nonlinear_terms","14371-10-9","14371-10-9","trans-cinnamaldehyde",-1.55307871254876,-1.85005285023714,0.296974137688376,0.296974137688376
"linear_selected_predictors","nonlinear_terms","14371-10-9","14371-10-9","trans-cinnamaldehyde",-1.38433498624321,-1.85005285023714,0.465717863993926,0.465717863993926
"linear_selected_predictors","nonlinear_terms","145-13-1","145-13-1","hydroxypregnenolone",-3.22184874961636,-3.08005850187813,-0.141790247738228,0.141790247738228
"linear_selected_predictors","nonlinear_terms","145-13-1","145-13-1","pregnenolone",-2.82390874094432,-2.3493384504111,-0.474570290533221,0.474570290533221
"linear_selected_predictors","nonlinear_terms","146-72-5","146-72-5","methylglucose",-3.68026950566978,-4.01518205224002,0.334912546570242,0.334912546570242
"linear_selected_predictors","nonlinear_terms","1638-22-8","1638-22-8","p-n-butylphenol; 4-butylphenol",-1.11463877996849,-1.51023207390835,0.395593293939855,0.395593293939855
"linear_selected_predictors","nonlinear_terms","16590-41-3","16590-41-3","naltrexone",-2.6664407795091,-3.08465277172013,0.418211992211029,0.418211992211029
"linear_selected_predictors","nonlinear_terms","17194-82-0","17194-82-0","alfa-(4-hydroxyphenyl) acetamide",-3.34678748622466,-3.00076955048572,-0.34601793573894,0.34601793573894
"linear_selected_predictors","nonlinear_terms","18979-50-5","18979-50-5","4-propoxyphenol",-1.82490330536304,-2.04060967434257,0.215706368979528,0.215706368979528
"linear_selected_predictors","nonlinear_terms","2152-44-5","2152-44-5","betamethasone-17-valerate",-2.88041422503822,-3.24014040217898,0.359726177140758,0.359726177140758
"linear_selected_predictors","nonlinear_terms","2203-97-6","2203-97-6","hydrocortisone-21-hemisuccinate",-3.20065945054642,-3.4618448871111,0.261185436564683,0.261185436564683
"linear_selected_predictors","nonlinear_terms","2493-02-9","2493-02-9","4-bromophenyl isocyanate",-1.84100559902551,-1.79945112072254,-0.0415544783029711,0.0415544783029711
"linear_selected_predictors","nonlinear_terms","2493-02-9","2493-02-9","4-bromophenyl isocyanate",-1.75134980127003,-1.79945112072254,0.0481013194525091,0.0481013194525091
"linear_selected_predictors","nonlinear_terms","26839-75-8","26839-75-8","timolol",-3.57016261901271,-2.82668991124663,-0.74347270776608,0.74347270776608
"linear_selected_predictors","nonlinear_terms","26839-75-8","26839-75-8","timolol",-3.53521248035406,-2.69934414665238,-0.835868333701682,0.835868333701682
"linear_selected_predictors","nonlinear_terms","2871-01-4","2871-01-4","hc red no. 3; 2-(4-amino-2-nitroanilino)-ethanol",-1.67058885168866,-2.83105456818786,1.1604657164992,1.1604657164992
"linear_selected_predictors","nonlinear_terms","2871-01-4","2871-01-4","hc red no. 3; 2-(4-amino-2-nitroanilino)-ethanol",-2.32271042397763,-2.83105456818786,0.508344144210226,0.508344144210226
"linear_selected_predictors","nonlinear_terms","29122-68-7","29122-68-7","atenolol",-3.96657624451305,-3.85111194780265,-0.115464296710404,0.115464296710404
"linear_selected_predictors","nonlinear_terms","31005-02-4","31005-02-4","7-ethoxycoumarin",-0.781780143112531,-2.57297960950791,1.79119946639537,1.79119946639537
"linear_selected_predictors","nonlinear_terms","31005-02-4","31005-02-4","7-ethoxycoumarin",-0.919153916982604,-2.57297960950791,1.6538256925253,1.6538256925253
"linear_selected_predictors","nonlinear_terms","333-41-5","333-41-5","diazinon",-2.06048074738138,-2.14915297907786,0.088672231696481,0.088672231696481
"linear_selected_predictors","nonlinear_terms","3360-41-6","3360-41-6","4-phenylbutanol",-1.08092190762393,-1.84741332557208,0.766491417948146,0.766491417948146
"linear_selected_predictors","nonlinear_terms","3593-96-2","3593-96-2","hydrocortisone-21-hexanoate; hydrocortisone caproate",-2,-2.49573095794363,0.495730957943633,0.495730957943633
"linear_selected_predictors","nonlinear_terms","3930-20-9","3930-20-9","sotalol",-4.31984585826563,-3.49010539364107,-0.829740464624562,0.829740464624562
"linear_selected_predictors","nonlinear_terms","3930-20-9","3930-20-9","sotalol",-3.88598470867013,-3.49010539364107,-0.395879315029062,0.395879315029062
"linear_selected_predictors","nonlinear_terms","3930-20-9","3930-20-9","sotalol",-4.17986287404271,-3.49010539364107,-0.689757480401642,0.689757480401642
"linear_selected_predictors","nonlinear_terms","42200-33-9","42200-33-9","nadolol",-4.10127481841051,-3.81181575213389,-0.289459066276617,0.289459066276617
"linear_selected_predictors","nonlinear_terms","437-38-7","437-38-7","fentanyl base",-1.96286612872332,-2.21971567237441,0.256849543651094,0.256849543651094
"linear_selected_predictors","nonlinear_terms","463-40-1","463-40-1","linolenic acid",-2.431798275933,-0.601052749062884,-1.83074552687012,1.83074552687012
"linear_selected_predictors","nonlinear_terms","499-75-2","499-75-2","iso-thymol; carvacrol",-1.25336580106242,-1.60005333439863,0.346687533336214,0.346687533336214
"linear_selected_predictors","nonlinear_terms","50-2-2","50-2-2","dexamethasone",-4.19382002601611,-3.70677767645816,-0.487042349557953,0.487042349557953
"linear_selected_predictors","nonlinear_terms","50-22-6","50-22-6","corticosterone",-2.24178591486039,-3.14142674901554,0.89964083415515,0.89964083415515
"linear_selected_predictors","nonlinear_terms","50-22-6","50-22-6","corticosterone",-2.35454840605954,-3.14142674901554,0.786878342955999,0.786878342955999
"linear_selected_predictors","nonlinear_terms","50-22-6","50-22-6","corticosterone",-3.16494389827988,-3.06782979304956,-0.0971141052303208,0.0971141052303208
"linear_selected_predictors","nonlinear_terms","50-22-6","50-22-6","corticosterone",-4,-3.3071738070062,-0.692826192993803,0.692826192993803
"linear_selected_predictors","nonlinear_terms","50-22-6","50-22-6","corticosterone",-3.33468369530231,-3.1841162553948,-0.150567439907506,0.150567439907506
"linear_selected_predictors","nonlinear_terms","50-22-6","50-22-6","corticosterone",-3.52287874528034,-3.38095654457626,-0.14192220070408,0.14192220070408
"linear_selected_predictors","nonlinear_terms","50-22-6","50-22-6","corticosterone",-3.52287874528034,-3.37578017339213,-0.147098571888208,0.147098571888208
"linear_selected_predictors","nonlinear_terms","50-22-6","50-22-6","corticosterone",-4,-3.30518844183437,-0.694811558165633,0.694811558165633
"linear_selected_predictors","nonlinear_terms","50-22-6","50-22-6","corticosterone",-3.26587485567249,-3.33911700248887,0.073242146816384,0.073242146816384
"linear_selected_predictors","nonlinear_terms","50-22-6","50-22-6","corticosterone",-2.58587485567249,-3.10201658920688,0.51614173353439,0.51614173353439
"linear_selected_predictors","nonlinear_terms","50-22-6","50-22-6","corticosterone",-4.22184874961636,-3.35823542001961,-0.863613329596745,0.863613329596745
"linear_selected_predictors","nonlinear_terms","50-22-6","50-22-6","corticosterone",-4.67571754470231,-3.37790265828635,-1.29781488641596,1.29781488641596
"linear_selected_predictors","nonlinear_terms","50-22-6","50-22-6","corticosterone",-3.23418248469008,-3.05825558017794,-0.175926904512137,0.175926904512137
"linear_selected_predictors","nonlinear_terms","50-23-7","50-23-7","hydrocortisone",-2.01894154396037,-3.51583285513198,1.49689131117161,1.49689131117161
"linear_selected_predictors","nonlinear_terms","50-23-7","50-23-7","hydrocortisone",-2.68163603566894,-3.51583285513198,0.834196819463041,0.834196819463041
"linear_selected_predictors","nonlinear_terms","50-23-7","50-23-7","hydrocortisone",-3.63827216398241,-3.29482071500726,-0.34345144897515,0.34345144897515
"linear_selected_predictors","nonlinear_terms","50-23-7","50-23-7","hydrocortisone",-3.63870046691906,-3.45094939477976,-0.187751072139299,0.187751072139299
"linear_selected_predictors","nonlinear_terms","50-23-7","50-23-7","hydrocortisone",-5.52287874528034,-3.64582949399348,-1.87704925128686,1.87704925128686
"linear_selected_predictors","nonlinear_terms","50-23-7","50-23-7","hydrocortisone",-5.52724355068279,-3.66719039236511,-1.86005315831768,1.86005315831768
"linear_selected_predictors","nonlinear_terms","50-24-8","50-24-8","prednisolone",-4.32790214206428,-3.65400519281409,-0.67389694925019,0.67389694925019
"linear_selected_predictors","nonlinear_terms","50-27-1","50-27-1","estriol",-4.39794000867204,-2.96481267803747,-1.43312733063457,1.43312733063457
"linear_selected_predictors","nonlinear_terms","50-28-2","50-28-2","beta-estradiol",-2.38721614328026,-2.20092516333395,-0.186290979946313,0.186290979946313
"linear_selected_predictors","nonlinear_terms","50-28-2","50-28-2","beta-estradiol",-2.01233373507373,-1.88237813222461,-0.129955602849122,0.129955602849122
"linear_selected_predictors","nonlinear_terms","50-28-2","50-28-2","beta-estradiol",-3.52287874528034,-2.17311790688808,-1.34976083839226,1.34976083839226
"linear_selected_predictors","nonlinear_terms","50-28-2","50-28-2","beta-estradiol",-2.28149831113273,-2.01602906900804,-0.265469242124686,0.265469242124686
"linear_selected_predictors","nonlinear_terms","50-28-2","50-28-2","estradiol",-1.98581560249872,-2.01602906900804,0.0302134665093239,0.0302134665093239
"linear_selected_predictors","nonlinear_terms","50-28-2","50-28-2","estradiol",-4.69680394257951,-1.86710917450091,-2.8296947680786,2.8296947680786
"linear_selected_predictors","nonlinear_terms","50-28-2","50-28-2","estradiol",-2.36451625318509,-1.86710917450091,-0.497407078684178,0.497407078684178
"linear_selected_predictors","nonlinear_terms","50-28-2","50-28-2","estradiol",-2.38090666937326,-2.20092516333395,-0.179981506039313,0.179981506039313
"linear_selected_predictors","nonlinear_terms","50-28-2","50-28-2","estradiol",-2.21324857785444,-1.88228543631834,-0.330963141536098,0.330963141536098
"linear_selected_predictors","nonlinear_terms","50-28-2","50-28-2","estradiol",-2.49485002168009,-2.20101785924021,-0.293832162439877,0.293832162439877
"linear_selected_predictors","nonlinear_terms","50-28-2","50-28-2","estradiol",-2.52287874528034,-2.20092516333395,-0.321953581946393,0.321953581946393
"linear_selected_predictors","nonlinear_terms","50-28-2","50-28-2","estradiol",-2.52287874528034,-2.20190860272654,-0.320970142553802,0.320970142553802
"linear_selected_predictors","nonlinear_terms","50-28-2","50-28-2","estradiol",-2.52287874528034,-2.20190860272654,-0.320970142553802,0.320970142553802
"linear_selected_predictors","nonlinear_terms","50-28-2","50-28-2","estradiol",-2.08008551934057,-1.86710917450091,-0.212976344839658,0.212976344839658
"linear_selected_predictors","nonlinear_terms","50-28-2","50-28-2","estradiol",-2.34969247686806,-2.01602906900804,-0.333663407860016,0.333663407860016
"linear_selected_predictors","nonlinear_terms","50-28-2","50-28-2","estradiol",-2.51173374958299,-2.01602906900804,-0.495704680574946,0.495704680574946
"linear_selected_predictors","nonlinear_terms","51-21-8","51-21-8","5-fluorouracil",-4.52574969288748,-3.36779154384345,-1.15795814904403,1.15795814904403
"linear_selected_predictors","nonlinear_terms","51-21-8","51-21-8","5-fluorouracil",-4.72894468964132,-3.37114673100001,-1.35779795864131,1.35779795864131
"linear_selected_predictors","nonlinear_terms","51-21-8","51-21-8","5-fluorouracil",-4.47108329972234,-3.36779154384345,-1.10329175587889,1.10329175587889
"linear_selected_predictors","nonlinear_terms","51-21-8","51-21-8","5-fluorouracil (+ - + -)",-4.46597389394386,-3.37114673100001,-1.09482716294385,1.09482716294385
"linear_selected_predictors","nonlinear_terms","512-69-6","512-69-6","raffinose",-4.85472588171206,-5.62024939915398,0.76552351744192,0.76552351744192
"linear_selected_predictors","nonlinear_terms","512-69-6","512-69-6","raffinose",-4.29756946355447,-5.81326895975438,1.51569949619991,1.51569949619991
"linear_selected_predictors","nonlinear_terms","513-85-9","513-85-9","2,3-butanediol",-4.30102999566398,-2.94606691245604,-1.35496308320794,1.35496308320794
"linear_selected_predictors","nonlinear_terms","51384-51-1","51384-51-1","metoprolol",-3.52461940685664,-3.37368445305287,-0.150934953803774,0.150934953803774
"linear_selected_predictors","nonlinear_terms","52-39-1","52-39-1","aldosterone",-4.23657200643706,-3.48545841517838,-0.751113591258677,0.751113591258677
"linear_selected_predictors","nonlinear_terms","52-39-1","52-39-1","aldosterone",-4.74835790885864,-3.37388339890115,-1.37447450995749,1.37447450995749
"linear_selected_predictors","nonlinear_terms","52-39-1","52-39-1","aldosterone",-4.30102999566398,-3.58152318146689,-0.719506814197086,0.719506814197086
"linear_selected_predictors","nonlinear_terms","52-39-1","52-39-1","aldosterone",-4.52287874528034,-3.59689420025571,-0.925984545024634,0.925984545024634
"linear_selected_predictors","nonlinear_terms","52-39-1","52-39-1","aldosterone",-4.52287874528034,-3.69745205868,-0.825426686600336,0.825426686600336
"linear_selected_predictors","nonlinear_terms","52-39-1","52-39-1","aldosterone",-4.01233373507373,-3.4291848843683,-0.583148850705432,0.583148850705432
"linear_selected_predictors","nonlinear_terms","53-06-5","53-06-5","cortisone",-3.82390874094432,-3.43191046332316,-0.391998277621159,0.391998277621159
"linear_selected_predictors","nonlinear_terms","53-06-5","53-06-5","cortisone",-5,-3.71101402979923,-1.28898597020077,1.28898597020077
"linear_selected_predictors","nonlinear_terms","53-16-7","53-16-7","estrone",-2.44369749923271,-2.64105475061193,0.197357251379217,0.197357251379217
"linear_selected_predictors","nonlinear_terms","53-96-3","53-96-3","2-(acetylamino)fluorene",-1.16052197602182,-2.28798926770946,1.12746729168764,1.12746729168764
"linear_selected_predictors","nonlinear_terms","53-96-3","53-96-3","2-(acetylamino)fluorene",-1.10756666442663,-2.28798926770946,1.18042260328283,1.18042260328283
"linear_selected_predictors","nonlinear_terms","533-73-3","533-73-3","1,2,4-benzenetriol",-3.9,-2.63464142947961,-1.26535857052039,1.26535857052039
"linear_selected_predictors","nonlinear_terms","53535-33-4","53535-33-4","heptanol",-1.42481215507234,-1.66604045998829,0.241228304915946,0.241228304915946
"linear_selected_predictors","nonlinear_terms","53535-33-4","53535-33-4","heptanol",-1.49485002168009,-1.79818740098566,0.303337379305568,0.303337379305568
"linear_selected_predictors","nonlinear_terms","53535-33-4","53535-33-4","n-heptanol",-1.49485002168009,-1.44674222569943,-0.0481077959806568,0.0481077959806568
"linear_selected_predictors","nonlinear_terms","554-84-7","554-84-7","m-nitrophenol; 3-nitrophenol",-2.24848294855394,-2.45529129721943,0.206808348665489,0.206808348665489
"linear_selected_predictors","nonlinear_terms","56-81-5","56-81-5","glycerol",-4.56863623584101,-3.0445310438033,-1.52410519203771,1.52410519203771
"linear_selected_predictors","nonlinear_terms","56-81-5","56-81-5","glycerol",-3.00594693641232,-3.09120155911179,0.0852546226994737,0.0852546226994737
"linear_selected_predictors","nonlinear_terms","56030-54-7","56030-54-7","sufentanil base",-1.81815641205523,-2.58376928175324,0.765612869698014,0.765612869698014
"linear_selected_predictors","nonlinear_terms","57-13-6","57-13-6","urea",-3.82973828460504,-3.18139017234746,-0.648348112257577,0.648348112257577
"linear_selected_predictors","nonlinear_terms","57-13-6","57-13-6","urea",-3.95233580539844,-3.16752256320054,-0.784813242197896,0.784813242197896
"linear_selected_predictors","nonlinear_terms","57-13-6","57-13-6","urea",-3.92564441915299,-3.18427150844904,-0.741372910703948,0.741372910703948
"linear_selected_predictors","nonlinear_terms","57-13-6","57-13-6","urea",-3.69494112531286,-3.45185369085583,-0.24308743445703,0.24308743445703
"linear_selected_predictors","nonlinear_terms","57-13-6","57-13-6","urea",-3.55495653854982,-3.12782121355135,-0.427135324998474,0.427135324998474
"linear_selected_predictors","nonlinear_terms","57-13-6","57-13-6","urea",-3.5970511706556,-3.18427150844904,-0.412779662206558,0.412779662206558
"linear_selected_predictors","nonlinear_terms","57-13-6","57-13-6","urea",-3.55720677406023,-3.18427150844904,-0.372935265611188,0.372935265611188
"linear_selected_predictors","nonlinear_terms","57-50-1","57-50-1","sucrose",-5.0268721464003,-5.34521559583663,0.318343449436328,0.318343449436328
"linear_selected_predictors","nonlinear_terms","57-50-1","57-50-1","sucrose",-5.2839966563652,-5.6163381079475,0.332341451582299,0.332341451582299
"linear_selected_predictors","nonlinear_terms","57-50-1","57-50-1","sucrose",-4.76200316671127,-5.34521559583663,0.583212429125358,0.583212429125358
"linear_selected_predictors","nonlinear_terms","57-50-1","57-50-1","sucrose",-4.26905630657226,-5.34521559583663,1.07615928926437,1.07615928926437
"linear_selected_predictors","nonlinear_terms","57-50-1","57-50-1","sucrose",-4.36451625318509,-5.34521559583663,0.980699342651538,0.980699342651538
"linear_selected_predictors","nonlinear_terms","57-50-1","57-50-1","sucrose",-3.13406733180681,-5.34521559583663,2.21114826402982,2.21114826402982
"linear_selected_predictors","nonlinear_terms","57-83-0","57-83-0","progesterone",-1.52287874528034,-2.14594814033847,0.62306939505813,0.62306939505813
"linear_selected_predictors","nonlinear_terms","57-83-0","57-83-0","progesterone",-1.70344032687277,-2.12757947563871,0.424139148765945,0.424139148765945
"linear_selected_predictors","nonlinear_terms","57-83-0","57-83-0","progesterone",-1.88605664769316,-2.37860288591314,0.492546238219978,0.492546238219978
"linear_selected_predictors","nonlinear_terms","57-83-0","57-83-0","progesterone",-1.69897000433602,-2.4566961897777,0.757726185441685,0.757726185441685
"linear_selected_predictors","nonlinear_terms","57-83-0","57-83-0","progesterone",-2.82390874094432,-2.35260582354838,-0.471302917395941,0.471302917395941
"linear_selected_predictors","nonlinear_terms","58-08-2","58-08-2","caffeine",-3.80687540164554,-3.33746459421782,-0.469410807427717,0.469410807427717
"linear_selected_predictors","nonlinear_terms","58-08-2","58-08-2","caffeine",-4.58586563707645,-3.53178290541656,-1.05408273165989,1.05408273165989
"linear_selected_predictors","nonlinear_terms","58-08-2","58-08-2","caffeine",-1.60220380347052,-3.47962195143446,1.87741814796394,1.87741814796394
"linear_selected_predictors","nonlinear_terms","58-08-2","58-08-2","caffeine",-2.60631808276205,-3.47962195143446,0.873303868672409,0.873303868672409
"linear_selected_predictors","nonlinear_terms","58-08-2","58-08-2","caffeine",-4.15490195998574,-3.4934473321869,-0.661454627798838,0.661454627798838
"linear_selected_predictors","nonlinear_terms","58-08-2","58-08-2","caffeine",-3.69897000433602,-3.47665280206648,-0.222317202269541,0.222317202269541
"linear_selected_predictors","nonlinear_terms","58-22-0","58-22-0","testosterone",-2.0571655062299,-2.41887565093742,0.361710144707518,0.361710144707518
"linear_selected_predictors","nonlinear_terms","58-22-0","58-22-0","testosterone",-2.04694894237348,-2.23991429670083,0.192965354327354,0.192965354327354
"linear_selected_predictors","nonlinear_terms","58-22-0","58-22-0","testosterone",-1.64633962279966,-2.41546510658636,0.769125483786699,0.769125483786699
"linear_selected_predictors","nonlinear_terms","58-22-0","58-22-0","testosterone",-1.41570671752568,-2.36844004565004,0.952733328124362,0.952733328124362
"linear_selected_predictors","nonlinear_terms","58-22-0","58-22-0","testosterone",-2.27083521030723,-2.58169390739279,0.31085869708556,0.31085869708556
"linear_selected_predictors","nonlinear_terms","58-22-0","58-22-0","testosterone",-2.38875983135141,-2.29887997554599,-0.0898798558054157,0.0898798558054157
"linear_selected_predictors","nonlinear_terms","58-22-0","58-22-0","testosterone",-2.65757731917779,-2.5322020123545,-0.12537530682329,0.12537530682329
"linear_selected_predictors","nonlinear_terms","58-22-0","58-22-0","testosterone",-2.65757731917779,-2.53176774609024,-0.125809573087549,0.125809573087549
"linear_selected_predictors","nonlinear_terms","58-22-0","58-22-0","testosterone",-2.65757731917779,-2.53176774609024,-0.125809573087549,0.125809573087549
"linear_selected_predictors","nonlinear_terms","58-22-0","58-22-0","testosterone",-3.39794000867204,-2.50903078608235,-0.888909222589689,0.888909222589689
"linear_selected_predictors","nonlinear_terms","58-22-0","58-22-0","testosterone",-3.06752623532285,-2.5322020123545,-0.53532422296835,0.53532422296835
"linear_selected_predictors","nonlinear_terms","58-22-0","58-22-0","testosterone",-2.13194363817696,-2.23809137920489,0.106147741027926,0.106147741027926
"linear_selected_predictors","nonlinear_terms","58-54-8","58-54-8","ethacrynic acid",-3.82390874094432,-2.37005600681493,-1.45385273412939,1.45385273412939
"linear_selected_predictors","nonlinear_terms","59-05-2","59-05-2","methotrexate",-3.40160112979023,-5.17329215128457,1.77169102149434,1.77169102149434
"linear_selected_predictors","nonlinear_terms","59-50-7","59-50-7","chlorocresol",-1.26406804435028,-2.02589363851531,0.761825594165029,0.761825594165029
"linear_selected_predictors","nonlinear_terms","59-50-7","59-50-7","chlorocresol",-1.65255620893436,-1.90166746759846,0.2491112586641,0.2491112586641
"linear_selected_predictors","nonlinear_terms","60-12-8","60-12-8","2-phenylethanol",-1.25963731050576,-1.96300336025498,0.703366049749224,0.703366049749224
"linear_selected_predictors","nonlinear_terms","60-12-8","60-12-8","2-phenylethanol",-2.11527250510331,-2.29387281569012,0.178600310586813,0.178600310586813
"linear_selected_predictors","nonlinear_terms","610-81-1","610-81-1","4-amino-3-nitrophenol",-2.1297393876227,-2.64420515418066,0.514465766557955,0.514465766557955
"linear_selected_predictors","nonlinear_terms","610-81-1","610-81-1","4-amino-3-nitrophenol",-2.26671923730847,-2.64420515418066,0.377485916872185,0.377485916872185
"linear_selected_predictors","nonlinear_terms","614-18-6","614-18-6","nicotinate, ethyl",-3.10790539730952,-2.14942501350629,-0.95848038380323,0.95848038380323
"linear_selected_predictors","nonlinear_terms","614-18-6","614-18-6","nicotinate, ethyl",-3.08618614761628,-2.15757324659348,-0.928612901022801,0.928612901022801
"linear_selected_predictors","nonlinear_terms","623-05-2","623-05-2","4-hydroxybenzyl alcohol",-2.69897000433602,-2.60503967917986,-0.0939303251561641,0.0939303251561641
"linear_selected_predictors","nonlinear_terms","63-36-5","63-36-5","salicylate",-3.96686900819185,-2.4639131648021,-1.50295584338975,1.50295584338975
"linear_selected_predictors","nonlinear_terms","64-17-5","64-17-5","ethanol",-2.72124639904717,-2.05158482279219,-0.669661576254978,0.669661576254978
"linear_selected_predictors","nonlinear_terms","64-17-5","64-17-5","ethanol",-3.09691001300806,-1.99928281208955,-1.09762720091851,1.09762720091851
"linear_selected_predictors","nonlinear_terms","64-17-5","64-17-5","ethanol",-3.09691001300806,-2.31279332574784,-0.784116687260219,0.784116687260219
"linear_selected_predictors","nonlinear_terms","64-19-7","64-19-7","acetic acid",-2.77786589964853,-2.39647271145153,-0.381393188197,0.381393188197
"linear_selected_predictors","nonlinear_terms","64-85-7","64-85-7","cortexone",-3.34678748622466,-2.68772842798161,-0.659059058243047,0.659059058243047
"linear_selected_predictors","nonlinear_terms","65-85-0","65-85-0","benzoic acid",-2.11918640771921,-2.22475089458888,0.105564486869673,0.105564486869673
"linear_selected_predictors","nonlinear_terms","65-85-0","65-85-0","benzoic acid",-1.50863830616573,-2.17575345436866,0.667115148202926,0.667115148202926
"linear_selected_predictors","nonlinear_terms","65-85-0","65-85-0","benzoic acid",-1.50863830616573,-2.17575345436866,0.667115148202926,0.667115148202926
"linear_selected_predictors","nonlinear_terms","66-27-3","66-27-3","methyl methanesulfonate",-1.91205408690953,-2.50999330370534,0.597939216795812,0.597939216795812
"linear_selected_predictors","nonlinear_terms","66-27-3","66-27-3","methyl methanesulfonate",-2.06776764179179,-2.50999330370534,0.442225661913553,0.442225661913553
"linear_selected_predictors","nonlinear_terms","6677-98-1","6677-98-1","hydrocortisone-21-propionate",-2.46852108295775,-3.01676753588598,0.548246452928228,0.548246452928228
"linear_selected_predictors","nonlinear_terms","67-56-1","67-56-1","methanol",-3.30102999566398,-2.14107430597992,-1.15995568968406,1.15995568968406
"linear_selected_predictors","nonlinear_terms","67-56-1","67-56-1","methanol",-3.30102999566398,-2.43413409541664,-0.86689590024734,0.86689590024734
"linear_selected_predictors","nonlinear_terms","67-56-1","67-56-1","methanol",-2.79588001734407,-2.30588216113923,-0.489997856204836,0.489997856204836
"linear_selected_predictors","nonlinear_terms","68-96-2","68-96-2","17-alfa-hydroxyprogesterone",-3.22184874961636,-2.98190686681848,-0.23994188279788,0.23994188279788
"linear_selected_predictors","nonlinear_terms","69-29-7","69-29-7","ethyl ether",-1.79588001734408,-1.8606352873072,0.0647552699631233,0.0647552699631233
"linear_selected_predictors","nonlinear_terms","69-65-8","69-65-8","mannitol",-4.72681868815271,-4.37189602918849,-0.35492265896422,0.35492265896422
"linear_selected_predictors","nonlinear_terms","69-65-8","69-65-8","mannitol",-4,-4.89395488296044,0.893954882960439,0.893954882960439
"linear_selected_predictors","nonlinear_terms","69-65-8","69-65-8","mannitol",-4.68257958814785,-4.23196380254312,-0.450615785604727,0.450615785604727
"linear_selected_predictors","nonlinear_terms","69-65-8","69-65-8","mannitol",-4.45692576496647,-4.23278687516995,-0.224138889796523,0.224138889796523
"linear_selected_predictors","nonlinear_terms","69-65-8","69-65-8","mannitol",-4.77257756999574,-4.86610835997793,0.0935307899821867,0.0935307899821867
"linear_selected_predictors","nonlinear_terms","69-65-8","69-65-8","mannitol",-4.43830246734601,-4.23278687516995,-0.205515592176063,0.205515592176063
"linear_selected_predictors","nonlinear_terms","69-65-8","69-65-8","mannitol",-4.18810341360238,-4.97361309794616,0.785509684343783,0.785509684343783
"linear_selected_predictors","nonlinear_terms","69-65-8","69-65-8","mannitol",-4.00436480540245,-4.65196792340765,0.647603118005203,0.647603118005203
"linear_selected_predictors","nonlinear_terms","69-65-8","69-65-8","mannitol",-3.97265039222524,-5.02729841023535,1.05464801801011,1.05464801801011
"linear_selected_predictors","nonlinear_terms","69-65-8","69-65-8","mannitol",-3.1536628878702,-4.23196380254312,1.07830091467292,1.07830091467292
"linear_selected_predictors","nonlinear_terms","69-72-7","69-72-7","salicylic acid",-3.03151705144606,-2.19084929993887,-0.840667751507194,0.840667751507194
"linear_selected_predictors","nonlinear_terms","69-72-7","69-72-7","salicylic acid",-1.34678748622466,-2.20653766824441,0.859750182019746,0.859750182019746
"linear_selected_predictors","nonlinear_terms","71-23-8","71-23-8","n-propanol",-2.92081875395238,-1.82428957783104,-1.09652917612134,1.09652917612134
"linear_selected_predictors","nonlinear_terms","71-23-8","71-23-8","propanol",-2.76955107862173,-2.00350406573606,-0.766047012885672,0.766047012885672
"linear_selected_predictors","nonlinear_terms","71-23-8","71-23-8","propanol",-2.92081875395238,-2.13178741315892,-0.789031340793459,0.789031340793459
"linear_selected_predictors","nonlinear_terms","71-36-3","71-36-3","butanol",-2.52287874528034,-1.90482010587688,-0.618058639403462,0.618058639403462
"linear_selected_predictors","nonlinear_terms","71-36-3","71-36-3","butanol",-2.10237290870956,-1.78101867366814,-0.321354235041424,0.321354235041424
"linear_selected_predictors","nonlinear_terms","71-36-3","71-36-3","butanol",-2.65757731917779,-2.02862153808562,-0.628955781092169,0.628955781092169
"linear_selected_predictors","nonlinear_terms","71-36-3","71-36-3","butanol",-2.65757731917779,-2.02870834924825,-0.628868969929541,0.628868969929541
"linear_selected_predictors","nonlinear_terms","71-36-3","71-36-3","butanol",-2.60205999132796,-2.02862153808562,-0.573438453242339,0.573438453242339
"linear_selected_predictors","nonlinear_terms","71-36-3","71-36-3","n-butanol",-2.60205999132796,-1.73158491194727,-0.870475079380692,0.870475079380692
"linear_selected_predictors","nonlinear_terms","71-41-0","71-41-0","n-pentanol",-2.22184874961636,-1.6506777666481,-0.571170982968255,0.571170982968255
"linear_selected_predictors","nonlinear_terms","71-41-0","71-41-0","pentanol",-2.22184874961636,-1.96574981790405,-0.256098931712305,0.256098931712305
"linear_selected_predictors","nonlinear_terms","71-43-0","71-43-0","benzene",-0.954285941059132,-1.68253593299117,0.72824999193204,0.72824999193204
"linear_selected_predictors","nonlinear_terms","71-43-0","71-43-0","benzene",-0.795880017344075,-1.84472778809951,1.04884777075543,1.04884777075543
"linear_selected_predictors","nonlinear_terms","71-91-0","71-91-0","tetraethylammonium",-3.25387553642834,-4.53189490192758,1.27801936549924,1.27801936549924
"linear_selected_predictors","nonlinear_terms","71-91-0","71-91-0","tetraethylammonium bromide (+)",-3.36815053784018,-4.23049977202235,0.86234923418217,0.86234923418217
"linear_selected_predictors","nonlinear_terms","76-25-5","76-25-5","triamcinolone acetonide",-3.40230481407449,-3.43021313719358,0.0279083231190906,0.0279083231190906
"linear_selected_predictors","nonlinear_terms","76-25-5","76-25-5","triamcinolone acetonide",-4.70663744528855,-3.72698034614664,-0.97965709914191,0.97965709914191
"linear_selected_predictors","nonlinear_terms","76180-96-6","76180-96-6","3-methyl-3h-imidazo[4,5-f]quinolin-2-amine",-2.07218350508968,-2.98144290811316,0.909259403023483,0.909259403023483
"linear_selected_predictors","nonlinear_terms","76180-96-6","76180-96-6","3-methyl-3h-imidazo[4,5-f]quinolin-2-amine",-2.43056359552234,-2.98144290811316,0.550879312590823,0.550879312590823
"linear_selected_predictors","nonlinear_terms","7732-18-5","7732-18-5","water",-2.80687540164554,-2.66721867858498,-0.139656723060561,0.139656723060561
"linear_selected_predictors","nonlinear_terms","7732-18-5","7732-18-5","water",-2.98540960554622,-2.66721867858498,-0.318190926961241,0.318190926961241
"linear_selected_predictors","nonlinear_terms","7732-18-5","7732-18-5","water",-2.80966830182971,-2.61966747674564,-0.190000825084067,0.190000825084067
"linear_selected_predictors","nonlinear_terms","7732-18-5","7732-18-5","water",-3.14997431819434,-2.61975771506344,-0.530216603130901,0.530216603130901
"linear_selected_predictors","nonlinear_terms","7732-18-5","7732-18-5","water",-3.07058107428571,-2.66721867858498,-0.403362395700731,0.403362395700731
"linear_selected_predictors","nonlinear_terms","7732-18-5","7732-18-5","water",-3.24233473501217,-2.61966747674564,-0.622667258266527,0.622667258266527
"linear_selected_predictors","nonlinear_terms","7732-18-5","7732-18-5","water",-3.45621525646938,-2.61966747674564,-0.836547779723738,0.836547779723738
"linear_selected_predictors","nonlinear_terms","7732-18-5","7732-18-5","water",-3.27134965805094,-2.61966747674564,-0.651682181305297,0.651682181305297
"linear_selected_predictors","nonlinear_terms","7732-18-5","7732-18-5","water",-3.15476521541715,-2.64344307766531,-0.511322137751839,0.511322137751839
"linear_selected_predictors","nonlinear_terms","7732-18-5","7732-18-5","water",-3.52287874528034,-2.78609668318332,-0.73678206209702,0.73678206209702
"linear_selected_predictors","nonlinear_terms","7732-18-5","7732-18-5","water",-3.5,-2.78609668318332,-0.71390331681668,0.71390331681668
"linear_selected_predictors","nonlinear_terms","78-93-3","78-93-3","2-butanone",-2.34678748622466,-2.15174621306812,-0.195041273156542,0.195041273156542
"linear_selected_predictors","nonlinear_terms","84-66-2","84-66-2","diethyl phthalate",-1.70509308939481,-1.89991720768349,0.194824118288677,0.194824118288677
"linear_selected_predictors","nonlinear_terms","87-66-1","87-66-1","pyrogallol",-2.81,-2.59237390841125,-0.217626091588751,0.217626091588751
"linear_selected_predictors","nonlinear_terms","88-04-0","88-04-0","chloroxylenol",-1.22875360095283,-2.03435504226922,0.80560144131639,0.80560144131639
"linear_selected_predictors","nonlinear_terms","88-04-0","88-04-0","chloroxylenol",-1.09474395125155,-1.85864581426508,0.763901863013525,0.763901863013525
"linear_selected_predictors","nonlinear_terms","88-06-2","88-06-2","2,4,6-trichlorophenol",-1.23275783168158,-2.05146239579609,0.818704564114507,0.818704564114507
"linear_selected_predictors","nonlinear_terms","88-18-6","88-18-6","o-t-butylphenol",-1.12842706445412,-1.5803049760435,0.451877911589383,0.451877911589383
"linear_selected_predictors","nonlinear_terms","89-83-8","89-83-8","thymol; 2-isopropyl-5-methylphenol",-1.27607480270083,-1.90422540447386,0.628150601773029,0.628150601773029
"linear_selected_predictors","nonlinear_terms","89-83-8","89-83-8","thymol; 2-isopropyl-5-methylphenol",-1.21324857785444,-1.71550513929504,0.502256561440596,0.502256561440596
"linear_selected_predictors","nonlinear_terms","90-15-3","90-15-3","naphthol",-1.58502665202918,-2.11702913157524,0.532002479546057,0.532002479546057
"linear_selected_predictors","nonlinear_terms","90-15-3","90-15-3","naphthol",-1.52287874528034,-2.11702913157524,0.594150386294897,0.594150386294897
"linear_selected_predictors","nonlinear_terms","91-20-3","91-20-3","naphthalene",-1.55111528700206,-1.56492556991692,0.0138102829148563,0.0138102829148563
"linear_selected_predictors","nonlinear_terms","91-20-3","91-20-3","naphthalene",-1.78220214249451,-1.56492556991692,-0.217276572577594,0.217276572577594
"linear_selected_predictors","nonlinear_terms","92-48-8","92-48-8","6-methylcoumarin",-1.18136926112576,-2.51386349632899,1.33249423520323,1.33249423520323
"linear_selected_predictors","nonlinear_terms","92-48-8","92-48-8","6-methylcoumarin",-1.331936361143,-2.51386349632899,1.18192713518599,1.18192713518599
"linear_selected_predictors","nonlinear_terms","93-60-7","93-60-7","nicotinate, methyl",-3.30980391997149,-2.34411625784682,-0.965687662124666,0.965687662124666
"linear_selected_predictors","nonlinear_terms","93-60-7","93-60-7","nicotinate, methyl",-3.27572413039921,-2.34808429831773,-0.927639832081484,0.927639832081484
"linear_selected_predictors","nonlinear_terms","937-20-2","937-20-2","2,4-dichloroacetophenone",-0.743772935647774,-2.51860211643436,1.77482918078659,1.77482918078659
"linear_selected_predictors","nonlinear_terms","937-20-2","937-20-2","2,4-dichloroacetophenone",-1.86052608660328,-2.51860211643436,0.658076029831084,0.658076029831084
"linear_selected_predictors","nonlinear_terms","94-13-3","94-13-3","propylparaben",-1.67615465544754,-1.93225565662136,0.256101001173816,0.256101001173816
"linear_selected_predictors","nonlinear_terms","94-13-3","94-13-3","propylparaben",-1.26606734367858,-2.05547191604003,0.789404572361453,0.789404572361453
"linear_selected_predictors","nonlinear_terms","94-13-3","94-13-3","propylparaben",-1.20290590120029,-2.05547191604003,0.852566014839743,0.852566014839743
"linear_selected_predictors","nonlinear_terms","94-26-8","94-26-8","butylparaben",-0.981299501333757,-1.68290560627403,0.701606104940276,0.701606104940276
"linear_selected_predictors","nonlinear_terms","94-26-8","94-26-8","butylparaben",-1.15242734085789,-1.80803614120731,0.655608800349417,0.655608800349417
"linear_selected_predictors","nonlinear_terms","95-48-7","95-48-7","o-cresol",-1.80172783601759,-2.18038584042567,0.378658004408084,0.378658004408084
"linear_selected_predictors","nonlinear_terms","95-54-5","95-54-5","o-phenylenediamine",-3.34678748622466,-2.72465229251085,-0.622135193713814,0.622135193713814
"linear_selected_predictors","nonlinear_terms","95-57-8","95-57-8","o-chlorophenol",-1.48044892137827,-2.15076158161492,0.670312660236647,0.670312660236647
"linear_selected_predictors","nonlinear_terms","95-65-8","95-65-8","3,4-xylenol",-1.44278385671974,-2.17854542788122,0.73576157116148,0.73576157116148
"linear_selected_predictors","nonlinear_terms","97-00-7","97-00-7","2,4-dinitrochlorobenzene",-1.57500847696703,-2.21728967655255,0.64228119958552,0.64228119958552
"linear_selected_predictors","nonlinear_terms","97-00-7","97-00-7","2,4-dinitrochlorobenzene",-1.50012264373278,-2.21728967655255,0.71716703281977,0.71716703281977
"linear_selected_predictors","nonlinear_terms","97-53-0","97-53-0","eugenol",-1.592980675785,-1.97513117281179,0.382150497026795,0.382150497026795
"linear_selected_predictors","nonlinear_terms","97-53-0","97-53-0","eugenol",-1.555243965633,-1.97513117281179,0.419887207178795,0.419887207178795
"linear_selected_predictors","nonlinear_terms","97-54-1","97-54-1","isoeugenol",-1.74568406057766,-1.88674166936679,0.141057608789133,0.141057608789133
"linear_selected_predictors","nonlinear_terms","97-54-1","97-54-1","isoeugenol",-1.41300909711301,-1.88674166936679,0.473732572253783,0.473732572253783
"linear_selected_predictors","nonlinear_terms","98-86-2","98-86-2","acetophenone",-1.62740828480895,-2.08512819561608,0.457719910807135,0.457719910807135
"linear_selected_predictors","nonlinear_terms","98-86-2","98-86-2","acetophenone",-1.56017144166374,-2.08512819561608,0.524956753952345,0.524956753952345
"linear_selected_predictors","nonlinear_terms","99-76-3","99-76-3","methylparaben",-1.67358220444561,-2.24010830986999,0.56652610542438,0.56652610542438
"linear_selected_predictors","nonlinear_terms","99-76-3","99-76-3","methylparaben",-1.96257350205938,-2.34334803740825,0.380774535348872,0.380774535348872
"linear_selected_predictors","nonlinear_terms","99-76-3","99-76-3","methylparaben",-2.03394335230684,-2.54445253342682,0.510509181119978,0.510509181119978
"linear_selected_predictors","nonlinear_terms","99-76-3","99-76-3","methylparaben",-2.07572071393812,-2.37542961750473,0.299708903566606,0.299708903566606
