"formula","RMSE","MAE","R2_pred","R","n_base_predictors","n_quadratic_terms","n_terms","model_rank","model_stage"
"logkpl ~ MWa + logKowb + Mptc + Texpi",0.775038413200733,0.61790424831558,0.541629470783241,0.737034429683172,4,0,4,1,"linear"
"logkpl ~ MWa + Mptc + LogSaqd + LogSoce + Texpi",0.778488829540449,0.623853005554831,0.537539119508188,0.734816380099604,5,0,5,2,"linear"
"logkpl ~ MWa + logKowb + Mptc",0.781458356907055,0.62377439869157,0.534004298249132,0.731781994468113,3,0,3,3,"linear"
"logkpl ~ MWa + Mptc + LogSaqd + LogSoce + MVh + Texpi",0.785732133818131,0.627620056688287,0.528893321945582,0.730274944649337,6,0,6,4,"linear"
"logkpl ~ MWa + Mptc + LogSaqd + LogSoce + Hdf + MVh + Texpi",0.794597705186184,0.635744085322987,0.518202165082442,0.724937030350451,7,0,7,5,"linear"
"logkpl ~ MWa + Mptc + LogSaqd + LogSoce + Hdf + Hag + MVh + Texpi",0.796280376016217,0.628063938317209,0.516159457055696,0.723974075281093,8,0,8,6,"linear"
"logkpl ~ MWa + Mptc + LogSaqd + LogSoce + Hdf + Hag + MVh + Texpi + Skin.thicknessj",0.799264270694867,0.629932232603572,0.5125264797726,0.721779033174018,9,0,9,7,"linear"
"logkpl ~ MWa + logKowb",0.79999430713685,0.637500984569579,0.511635570539823,0.716293995356512,2,0,2,8,"linear"
"logkpl ~ MWa",1.112567837084,0.96100224128732,0.0554537396814149,0.248310582572623,1,0,1,9,"linear"
