"compound_id","CAS.No","Compound","observed","mu","sigma","lower95","upper95","model","diff","abs_diff","covered95"
"100-02-7","100-02-7","p-nitrophenol; 4-nitrophenol",-2.25,-2.05099188805582,0.528443963673065,-3.08674205685502,-1.01524171925661,"var_mu",-0.199008111944185,0.199008111944185,TRUE
"100-39-0","100-39-0","benzyl bromide",-1.54511979359646,-1.38625235379939,0.441079790398134,-2.25076874297973,-0.521735964619046,"var_mu",-0.158867439797071,0.158867439797071,TRUE
"100-39-0","100-39-0","benzyl bromide",-1.89202735976865,-1.38625235379939,0.441079790398134,-2.25076874297973,-0.521735964619046,"var_mu",-0.505775005969261,0.505775005969261,TRUE
"100-51-6","100-51-6","benzyl alcohol",-2.22205999132796,-2.05794392518828,0.529506965586871,-3.09577757773855,-1.02011027263802,"var_mu",-0.164116066139675,0.164116066139675,TRUE
"1002-62-6","1002-62-6","sodium caprate; decanoic acid soap (c10:0)",-2.95233580539844,-2.61293023033019,0.616460599156591,-3.82119300467711,-1.40466745598327,"var_mu",-0.339405575068248,0.339405575068248,TRUE
"103-11-7","103-11-7","2-ethylhexyl acrylate",-2.11289007326765,-1.3389100254191,0.43192708495731,-2.18548711193543,-0.492332938902775,"var_mu",-0.773980047848547,0.773980047848547,TRUE
"103-11-7","103-11-7","2-ethylhexyl acrylate",-1.82434537155519,-1.3389100254191,0.43192708495731,-2.18548711193543,-0.492332938902775,"var_mu",-0.485435346136087,0.485435346136087,TRUE
"104-54-1","104-54-1","cinnamyl alcohol",-1.54329916349423,-1.61407515835524,0.471302812916073,-2.53782867167074,-0.690321645039737,"var_mu",0.0707759948610109,0.0707759948610109,TRUE
"104-54-1","104-54-1","cinnamyl alcohol",-1.47890341621095,-1.61407515835524,0.471302812916073,-2.53782867167074,-0.690321645039737,"var_mu",0.135171742144291,0.135171742144291,TRUE
"104-85-8","104-85-8","p-tolunitrile",-1.34336049829281,-1.49019066310272,0.456079251103479,-2.38410599526554,-0.596275330939904,"var_mu",0.146830164809912,0.146830164809912,TRUE
"104-85-8","104-85-8","p-tolunitrile",-1.51076062352006,-1.49019066310272,0.456079251103479,-2.38410599526554,-0.596275330939904,"var_mu",-0.0205699604173375,0.0205699604173375,TRUE
"10521-91-2","10521-91-2","5-phenylpentanol",-0.94692155651658,-1.3680632570002,0.436562370121695,-2.22372550243872,-0.512401011561681,"var_mu",0.421141700483623,0.421141700483623,TRUE
"106-24-1","106-24-1","geraniol",-0.986619380204979,-1.15684027438433,0.416530994930783,-1.97324102444867,-0.340439524319998,"var_mu",0.170220894179354,0.170220894179354,TRUE
"106-24-1","106-24-1","geraniol",-1.01401437058883,-1.15684027438433,0.416530994930783,-1.97324102444867,-0.340439524319998,"var_mu",0.142825903795503,0.142825903795503,TRUE
"106-41-3","106-41-3","p-bromophenol",-1.43951925261862,-1.85636729980476,0.500424943649148,-2.83720018935709,-0.875534410252431,"var_mu",0.416848047186141,0.416848047186141,TRUE
"106-44-5","106-44-5","p-cresol",-0.920818753952375,-1.67020126721416,0.473418003199557,-2.59810055348529,-0.74230198094303,"var_mu",0.749382513261787,0.749382513261787,TRUE
"106-44-5","106-44-5","p-cresol",-1.74875360095283,-1.76999058828514,0.486696322525886,-2.72391538043588,-0.816065796134407,"var_mu",0.0212369873323139,0.0212369873323139,TRUE
"106-48-9","106-48-9","p-chlorophenol",-1.44875360095283,-1.73014444398884,0.484101769226344,-2.67898391167247,-0.781304976305203,"var_mu",0.281390843036008,0.281390843036008,TRUE
"106-50-3","106-50-3","p-phenylenediamine",-3.61978875828839,-2.74832365171422,0.638706550392082,-4.0001884904827,-1.49645881294574,"var_mu",-0.871465106574167,0.871465106574167,TRUE
"108-39-4","108-39-4","m-cresol",-1.81172783601759,-1.75083193640212,0.487225891595366,-2.70579468392903,-0.795869188875198,"var_mu",-0.0608958996154743,0.0608958996154743,TRUE
"108-46-3","108-46-3","resorcinol",-2.42023266087399,-2.802706561789,0.650564078822166,-4.07781215628045,-1.52760096729755,"var_mu",0.38247390091501,0.38247390091501,TRUE
"108-46-3","108-46-3","resorcinol",-2.35642808060813,-2.802706561789,0.650564078822166,-4.07781215628045,-1.52760096729755,"var_mu",0.44627848118087,0.44627848118087,TRUE
"108-46-3","108-46-3","resorcinol",-3.07,-2.77548329172592,0.645680114078731,-4.04101631532024,-1.50995026813161,"var_mu",-0.294516708274076,0.294516708274076,TRUE
"108-46-3","108-46-3","resorcinol; 1,3-benzenediol",-3.62291335664286,-2.85194364703819,0.659491433136248,-4.14454685598523,-1.55934043809114,"var_mu",-0.770969709604671,0.770969709604671,TRUE
"108-73-6","108-73-6","phloroglucinol",-2.51,-2.96614105316642,0.678816098033376,-4.29662060531183,-1.635661501021,"var_mu",0.456141053166418,0.456141053166418,TRUE
"108-88-3","108-88-3","toluene",-0.0809219076239261,-1.28781582444099,0.406478069247483,-2.08451284016605,-0.491118808715919,"var_mu",1.20689391681706,1.20689391681706,FALSE
"108-95-2","108-95-2","phenol",-2.03,-1.96119360318723,0.501711657240084,-2.94454845137779,-0.977838754996662,"var_mu",-0.0688063968127739,0.0688063968127739,TRUE
"108-95-2","108-95-2","phenol",-2.08907809237607,-1.97696106838095,0.504061755123906,-2.9649221084238,-0.989000028338092,"var_mu",-0.112117023995121,0.112117023995121,TRUE
"108-95-2","108-95-2","phenol",-1.70996538863748,-1.95570804994259,0.500896622096096,-2.93746542925093,-0.973950670634237,"var_mu",0.245742661305106,0.245742661305106,TRUE
"108-95-2","108-95-2","phenol",-3.82792274303052,-1.99498568389848,0.506761762959173,-2.98823873929846,-1.0017326284985,"var_mu",-1.83293705913204,1.83293705913204,FALSE
"110-80-5","110-80-5","2-ethoxy ethanol",-3.60205999132796,-2.98448027343575,0.682491127499935,-4.32216288333562,-1.64679766353588,"var_mu",-0.617579717892209,0.617579717892209,TRUE
"111-27-3","111-27-3","hexanol",-1.49485002168009,-1.46089298916507,0.45236575385343,-2.34752986671779,-0.574256111612348,"var_mu",-0.0339570325150194,0.0339570325150194,TRUE
"111-27-3","111-27-3","hexanol",-1.88605664769316,-1.59629611751607,0.4692272065272,-2.51598144230938,-0.676610792722757,"var_mu",-0.28976053017709,0.28976053017709,TRUE
"111-27-3","111-27-3","n-hexanol",-1.88605664769316,-1.46300014124319,0.452623454124972,-2.35014211132814,-0.575858171158249,"var_mu",-0.423056506449967,0.423056506449967,TRUE
"111-76-2","111-76-2","butoxyethanol",-2.25698018593163,-2.59742108003223,0.613372850140923,-3.79963186630843,-1.39521029375602,"var_mu",0.340440894100595,0.340440894100595,TRUE
"111-87-5","111-87-5","n-octanol",-1.2839966563652,-1.1216212601808,0.422279679830138,-1.94928943264786,-0.293953087713726,"var_mu",-0.162375396184405,0.162375396184405,TRUE
"111-87-5","111-87-5","octanol",-1.0301183562535,-1.10557901214024,0.42053678079483,-1.92983110249811,-0.281326921782376,"var_mu",0.0754606558867426,0.0754606558867426,TRUE
"111-87-5","111-87-5","octanol",-1.15490195998574,-1.231640996976,0.43442892304184,-2.083121686138,-0.38016030781399,"var_mu",0.0767390369902567,0.0767390369902567,TRUE
"111-87-5","111-87-5","octanol",-1.2839966563652,-1.27240392297093,0.439018500821551,-2.13288018458117,-0.411927661360691,"var_mu",-0.0115927333942698,0.0115927333942698,TRUE
"111-87-5","111-87-5","octanol",-1.21467016498923,-1.2088528492545,0.431884102079084,-2.0553456893295,-0.362360009179494,"var_mu",-0.00581731573473077,0.00581731573473077,TRUE
"112-30-1","112-30-1","decanol",-1.833220851329,-0.988741393224362,0.390384470604211,-1.75389495560861,-0.223587830840109,"var_mu",-0.844479458104638,0.844479458104638,FALSE
"112-30-1","112-30-1","decanol",-1.95860731484178,-0.988169795784451,0.390322570125301,-1.75320203323004,-0.223137558338861,"var_mu",-0.970437519057329,0.970437519057329,FALSE
"112-30-1","112-30-1","decanol",-1.14508697769214,-0.927467192318374,0.383804411906098,-1.67972383965433,-0.175210544982421,"var_mu",-0.217619785373766,0.217619785373766,TRUE
"112-30-1","112-30-1","decanol",-1.04575749056068,-1.07523931363624,0.399865709047748,-1.85897610336983,-0.291502523902655,"var_mu",0.0294818230755611,0.0294818230755611,TRUE
"112-30-1","112-30-1","decanol",-1.09691001300806,-1.1230827102625,0.405208487615889,-1.91729134598964,-0.328874074535354,"var_mu",0.0261726972544354,0.0261726972544354,TRUE
"112-30-1","112-30-1","n-decanol",-1.09691001300806,-0.946213880623215,0.385805701719708,-1.70239305599384,-0.190034705252587,"var_mu",-0.150696132384845,0.150696132384845,TRUE
"112-34-5","112-34-5","diethylene glycol monobutyl ether",-2.23600035701585,-3.04874028314097,0.692708392968552,-4.40644873335933,-1.6910318329226,"var_mu",0.812739926125117,0.812739926125117,TRUE
"112-34-5","112-34-5","diethylene glycol monobutyl ether",-2.16688305055618,-3.04874028314097,0.692708392968552,-4.40644873335933,-1.6910318329226,"var_mu",0.881857232584787,0.881857232584787,TRUE
"112-80-1","112-80-1","oleic acid",-2.88605664769316,-1.80893246859526,0.496601312417404,-2.78227104093337,-0.835593896257143,"var_mu",-1.0771241790979,1.0771241790979,FALSE
"117-81-7","117-81-7","bis(2-ethylhexyl)phthalate",-4.09691001300806,-2.82534640804288,0.650250171348172,-4.0998367438853,-1.55085607220046,"var_mu",-1.27156360496518,1.27156360496518,TRUE
"119-34-6","119-34-6","4-amino-2-nitrophenol",-4.06550154875643,-2.30873039609487,0.558176203591723,-3.40275575513465,-1.2147050370551,"var_mu",-1.75677115266156,1.75677115266156,FALSE
"119-36-8","119-36-8","methyl salicylate",-1.44369749923271,-1.5171326135573,0.457326995679532,-2.41349352508919,-0.62077170202542,"var_mu",0.0734351143245937,0.0734351143245937,TRUE
"119-61-9","119-61-9","benzophenone",-1.24920613319746,-1.46611182782562,0.451240677731432,-2.35054355617923,-0.581680099472017,"var_mu",0.216905694628164,0.216905694628164,TRUE
"119-61-9","119-61-9","benzophenone",-1.13822159828622,-1.46611182782562,0.451240677731432,-2.35054355617923,-0.581680099472017,"var_mu",0.327890229539403,0.327890229539403,TRUE
"120-80-9","120-80-9","catechol",-2.51,-2.64529201004286,0.621933252447476,-3.86428118483991,-1.42630283524581,"var_mu",0.13529201004286,0.13529201004286,TRUE
"120-83-2","120-83-2","2,4-dichlorophenol",-1.14874021557127,-1.38317171208654,0.441363041631766,-2.2482432736848,-0.518100150488277,"var_mu",0.234431496515269,0.234431496515269,TRUE
"120-83-2","120-83-2","2,4-dichlorophenol",-1.22136169383427,-1.54765021719464,0.461541773883546,-2.45227209400639,-0.643028340382888,"var_mu",0.326288523360368,0.326288523360368,TRUE
"1219-38-1","1219-38-1","octylparaben",-1.90585161784792,-1.30715361381397,0.429715771016743,-2.14939652500679,-0.464910702621153,"var_mu",-0.598698004033951,0.598698004033951,TRUE
"122-57-6","122-57-6","benzylideneacetone",-1.40794873077454,-1.57215055277257,0.464081599194495,-2.48175048719378,-0.662550618351358,"var_mu",0.164201821998028,0.164201821998028,TRUE
"122-57-6","122-57-6","benzylideneacetone",-1.11863375864077,-1.57215055277257,0.464081599194495,-2.48175048719378,-0.662550618351358,"var_mu",0.453516794131798,0.453516794131798,TRUE
"123-07-9 ","123-07-9 ","p-ethylphenol",-1.46278385671974,-1.54824704522682,0.461351731067127,-2.45249643811839,-0.643997652335255,"var_mu",0.0854631885070842,0.0854631885070842,TRUE
"123-31-9","123-31-9","hydroquinone",-5.0301183562535,-2.43785333341098,0.57176326712744,-3.55850933698076,-1.3171973298412,"var_mu",-2.59226502284252,2.59226502284252,FALSE
"123-31-9","123-31-9","hydroquinone",-1.90385139213331,-2.4160196763135,0.568174244578323,-3.52964119568702,-1.30239815693999,"var_mu",0.512168284180192,0.512168284180192,TRUE
"123-31-9","123-31-9","hydroquinone",-2.41644259377425,-2.4160196763135,0.568174244578323,-3.52964119568702,-1.30239815693999,"var_mu",-0.000422917460748184,0.000422917460748184,TRUE
"123-31-9","123-31-9","hydroquinone",-2.95,-2.69178634071967,0.615207820984137,-3.89759366984858,-1.48597901159076,"var_mu",-0.258213659280334,0.258213659280334,TRUE
"124-94-7","124-94-7","triamcinolone",-5.40011692792631,-4.53129116280961,1.04960305391464,-6.5885131484823,-2.47406917713692,"var_mu",-0.8688257651167,0.8688257651167,TRUE
"131-11-3","131-11-3","dimethyl phthalate",-1.55258483591006,-1.89730016357057,0.507197869789072,-2.89140798835715,-0.903192338783988,"var_mu",0.344715327660509,0.344715327660509,TRUE
"131-11-3","131-11-3","dimethyl phthalate",-1.64782103953418,-1.89730016357057,0.507197869789072,-2.89140798835715,-0.903192338783988,"var_mu",0.249479124036389,0.249479124036389,TRUE
"135-19-3","135-19-3","beta-naphthol; 2-naphthol",-1.5543957967264,-1.7443803089189,0.486207275430477,-2.69734656876263,-0.791414049075165,"var_mu",0.189984512192499,0.189984512192499,TRUE
"135-19-3","135-19-3","beta-naphthol; 2-naphthol",-1.20065945054642,-1.66534473135187,0.475840476277106,-2.597992064855,-0.732697397848744,"var_mu",0.464685280805452,0.464685280805452,TRUE
"13523-86-9","13523-86-9","pindolol",-3.70333480973847,-3.23180730585897,0.731442152484697,-4.66543392472898,-1.79818068698896,"var_mu",-0.4715275038795,0.4715275038795,TRUE
"13655-52-2","13655-52-2","alprenolol",-2.78664164637561,-3.04489434415506,0.694572263101829,-4.40625597983465,-1.68353270847548,"var_mu",0.258252697779451,0.258252697779451,TRUE
"137-58-6","137-58-6","lidocaine",-2.40120949323688,-1.9860877820867,0.518583364485598,-3.00251117647847,-0.96966438769493,"var_mu",-0.415121711150177,0.415121711150177,TRUE
"137-58-6","137-58-6","lidocaine",-2.52287874528034,-1.99065068142741,0.519239399266136,-3.00835990398904,-0.972941458865783,"var_mu",-0.53222806385293,0.53222806385293,TRUE
"137-58-6","137-58-6","lidocaine",-2.52287874528034,-1.99065068142741,0.519239399266136,-3.00835990398904,-0.972941458865783,"var_mu",-0.53222806385293,0.53222806385293,TRUE
"141-05-9","141-05-9","diethyl maleate",-1.66740097646667,-1.92256094213155,0.510918459842912,-2.92396112342366,-0.921160760839444,"var_mu",0.255159965664881,0.255159965664881,TRUE
"141-05-9","141-05-9","diethyl maleate",-1.58608416024509,-1.92256094213155,0.510918459842912,-2.92396112342366,-0.921160760839444,"var_mu",0.336476781886461,0.336476781886461,TRUE
"14199-15-6","14199-15-6","methyl 4-hydroxyphenylacetate",-1.69897000433602,-1.89392533931767,0.506107910461969,-2.88589684382313,-0.901953834812209,"var_mu",0.194955334981648,0.194955334981648,TRUE
"143-08-8","143-08-8","n-nonanol",-1.22184874961636,-1.03787106682694,0.404912467033057,-1.83149950221173,-0.244242631442147,"var_mu",-0.183977682789422,0.183977682789422,TRUE
"143-08-8","143-08-8","nonanol",-1.22184874961636,-1.18203307448607,0.420849626699603,-2.0068983428173,-0.357167806154851,"var_mu",-0.0398156751302869,0.0398156751302869,TRUE
"14371-10-9","14371-10-9","trans-cinnamaldehyde",-1.55307871254876,-1.46778760152033,0.453400263255843,-2.35645211750179,-0.579123085538881,"var_mu",-0.0852911110284265,0.0852911110284265,TRUE
"14371-10-9","14371-10-9","trans-cinnamaldehyde",-1.38433498624321,-1.46778760152033,0.453400263255843,-2.35645211750179,-0.579123085538881,"var_mu",0.0834526152771236,0.0834526152771236,TRUE
"145-13-1","145-13-1","hydroxypregnenolone",-3.22184874961636,-3.23777665193827,0.734428476147259,-4.6772564651869,-1.79829683868964,"var_mu",0.015927902321911,0.015927902321911,TRUE
"145-13-1","145-13-1","pregnenolone",-2.82390874094432,-2.92836761108305,0.673960294188256,-4.24932978769203,-1.60740543447407,"var_mu",0.10445887013873,0.10445887013873,TRUE
"146-72-5","146-72-5","methylglucose",-3.68026950566978,-4.14517305547504,0.943911131682752,-5.99523887357323,-2.29510723737684,"var_mu",0.464903549805255,0.464903549805255,TRUE
"1638-22-8","1638-22-8","p-n-butylphenol; 4-butylphenol",-1.11463877996849,-1.14379668238464,0.413630598829606,-1.95451265609066,-0.333080708678607,"var_mu",0.0291579024161457,0.0291579024161457,TRUE
"16590-41-3","16590-41-3","naltrexone",-2.6664407795091,-2.97722441918571,0.681327283699147,-4.31262589523604,-1.64182294313538,"var_mu",0.310783639676611,0.310783639676611,TRUE
"17194-82-0","17194-82-0","alfa-(4-hydroxyphenyl) acetamide",-3.34678748622466,-2.84231627663085,0.656476261672322,-4.1290097495086,-1.5556228037531,"var_mu",-0.504471209593807,0.504471209593807,TRUE
"18979-50-5","18979-50-5","4-propoxyphenol",-1.82490330536304,-1.59439365391498,0.466637054801757,-2.50900228132643,-0.679785026503542,"var_mu",-0.230509651448055,0.230509651448055,TRUE
"2152-44-5","2152-44-5","betamethasone-17-valerate",-2.88041422503822,-4.03769905827546,0.904608622056041,-5.8107319575053,-2.26466615904561,"var_mu",1.15728483323724,1.15728483323724,TRUE
"2203-97-6","2203-97-6","hydrocortisone-21-hemisuccinate",-3.20065945054642,-3.82814448837871,0.861227262483838,-5.51614992284703,-2.14013905391039,"var_mu",0.627485037832292,0.627485037832292,TRUE
"2493-02-9","2493-02-9","4-bromophenyl isocyanate",-1.84100559902551,-1.41559626401721,0.444673581585791,-2.28715648392536,-0.544036044109061,"var_mu",-0.425409335008299,0.425409335008299,TRUE
"2493-02-9","2493-02-9","4-bromophenyl isocyanate",-1.75134980127003,-1.41559626401721,0.444673581585791,-2.28715648392536,-0.544036044109061,"var_mu",-0.335753537252819,0.335753537252819,TRUE
"26839-75-8","26839-75-8","timolol",-3.57016261901271,-2.49319680898485,0.592531632340408,-3.65455880837205,-1.33183480959765,"var_mu",-1.07696581002786,1.07696581002786,TRUE
"26839-75-8","26839-75-8","timolol",-3.53521248035406,-2.42015636514355,0.58059333585202,-3.55811930341351,-1.28219342687359,"var_mu",-1.11505611521051,1.11505611521051,TRUE
"2871-01-4","2871-01-4","hc red no. 3; 2-(4-amino-2-nitroanilino)-ethanol",-1.67058885168866,-2.5228336146949,0.599839303031434,-3.69851864863651,-1.34714858075329,"var_mu",0.852244763006239,0.852244763006239,TRUE
"2871-01-4","2871-01-4","hc red no. 3; 2-(4-amino-2-nitroanilino)-ethanol",-2.32271042397763,-2.5228336146949,0.599839303031434,-3.69851864863651,-1.34714858075329,"var_mu",0.200123190717269,0.200123190717269,TRUE
"29122-68-7","29122-68-7","atenolol",-3.96657624451305,-3.5057200615805,0.789509198450194,-5.05315809054288,-1.95828203261812,"var_mu",-0.460856182932554,0.460856182932554,TRUE
"31005-02-4","31005-02-4","7-ethoxycoumarin",-0.781780143112531,-2.12415959393313,0.526379181311616,-3.1558627893039,-1.09245639856236,"var_mu",1.3423794508206,1.3423794508206,FALSE
"31005-02-4","31005-02-4","7-ethoxycoumarin",-0.919153916982604,-2.12415959393313,0.526379181311616,-3.1558627893039,-1.09245639856236,"var_mu",1.20500567695053,1.20500567695053,FALSE
"333-41-5","333-41-5","diazinon",-2.06048074738138,-2.22507404207594,0.554095152201424,-3.31110054039073,-1.13904754376115,"var_mu",0.164593294694562,0.164593294694562,TRUE
"3360-41-6","3360-41-6","4-phenylbutanol",-1.08092190762393,-1.49290445028171,0.452210242120556,-2.379236524838,-0.606572375725422,"var_mu",0.411982542657781,0.411982542657781,TRUE
"3593-96-2","3593-96-2","hydrocortisone-21-hexanoate; hydrocortisone caproate",-2,-3.59819762140634,0.796694717753737,-5.15971926820366,-2.03667597460901,"var_mu",1.59819762140634,1.59819762140634,FALSE
"3930-20-9","3930-20-9","sotalol",-4.31984585826563,-3.34861692948749,0.756135047016553,-4.83064162163994,-1.86659223733505,"var_mu",-0.971228928778136,0.971228928778136,TRUE
"3930-20-9","3930-20-9","sotalol",-3.88598470867013,-3.34861692948749,0.756135047016553,-4.83064162163994,-1.86659223733505,"var_mu",-0.537367779182635,0.537367779182635,TRUE
"3930-20-9","3930-20-9","sotalol",-4.17986287404271,-3.34861692948749,0.756135047016553,-4.83064162163994,-1.86659223733505,"var_mu",-0.831245944555216,0.831245944555216,TRUE
"42200-33-9","42200-33-9","nadolol",-4.10127481841051,-3.38930594220422,0.763268561544737,-4.88531232283191,-1.89329956157654,"var_mu",-0.711968876206287,0.711968876206287,TRUE
"437-38-7","437-38-7","fentanyl base",-1.96286612872332,-2.11411783210294,0.537552788725927,-3.16772129800576,-1.06051436620012,"var_mu",0.151251703379618,0.151251703379618,TRUE
"463-40-1","463-40-1","linolenic acid",-2.431798275933,-1.91620460949508,0.510189125412184,-2.91617529530296,-0.916233923687196,"var_mu",-0.515593666437923,0.515593666437923,TRUE
"499-75-2","499-75-2","iso-thymol; carvacrol",-1.25336580106242,-1.2236562345806,0.42266803329804,-2.05208557984476,-0.395226889316443,"var_mu",-0.0297095664818181,0.0297095664818181,TRUE
"50-2-2","50-2-2","dexamethasone",-4.19382002601611,-4.1664435159895,0.950905638345981,-6.03021856714763,-2.30266846483138,"var_mu",-0.0273765100266061,0.0273765100266061,TRUE
"50-22-6","50-22-6","corticosterone",-2.24178591486039,-3.18538294271332,0.729957202900215,-4.61609906039774,-1.7546668250289,"var_mu",0.943597027852934,0.943597027852934,TRUE
"50-22-6","50-22-6","corticosterone",-2.35454840605954,-3.18538294271332,0.729957202900215,-4.61609906039774,-1.7546668250289,"var_mu",0.830834536653783,0.830834536653783,TRUE
"50-22-6","50-22-6","corticosterone",-3.16494389827988,-3.22006309514592,0.737242360299035,-4.66505812133202,-1.77506806895981,"var_mu",0.0551191968660354,0.0551191968660354,TRUE
"50-22-6","50-22-6","corticosterone",-4,-3.30579337263191,0.755565019945707,-4.78670081172549,-1.82488593353832,"var_mu",-0.694206627368095,0.694206627368095,TRUE
"50-22-6","50-22-6","corticosterone",-3.33468369530231,-3.20784572929862,0.734667636113489,-4.64779429608106,-1.76789716251618,"var_mu",-0.126837966003692,0.126837966003692,TRUE
"50-22-6","50-22-6","corticosterone",-3.52287874528034,-3.30493938947531,0.755380275935937,-4.78548473030974,-1.82439404864087,"var_mu",-0.217939355805033,0.217939355805033,TRUE
"50-22-6","50-22-6","corticosterone",-3.52287874528034,-3.30887478085091,0.756232003331623,-4.7910895073809,-1.82666005432093,"var_mu",-0.214003964429426,0.214003964429426,TRUE
"50-22-6","50-22-6","corticosterone",-4,-3.30325655081381,0.755016356037341,-4.783088608647,-1.82342449298062,"var_mu",-0.696743449186193,0.696743449186193,TRUE
"50-22-6","50-22-6","corticosterone",-3.26587485567249,-3.28861663562042,0.751857809835347,-4.7622579428977,-1.81497532834314,"var_mu",0.0227417799479284,0.0227417799479284,TRUE
"50-22-6","50-22-6","corticosterone",-2.58587485567249,-3.1650765472896,0.725724960852377,-4.58749747056027,-1.74265562401895,"var_mu",0.579201691617115,0.579201691617115,TRUE
"50-22-6","50-22-6","corticosterone",-4.22184874961636,-3.30060308657842,0.75444289101813,-4.77931115297395,-1.82189502018288,"var_mu",-0.921245663037943,0.921245663037943,TRUE
"50-22-6","50-22-6","corticosterone",-4.67571754470231,-3.31147985498669,0.756796341537046,-4.7948006843993,-1.82815902557408,"var_mu",-1.36423768971562,1.36423768971562,TRUE
"50-22-6","50-22-6","corticosterone",-3.23418248469008,-3.21213683337512,0.735570930114141,-4.65385585639884,-1.7704178103514,"var_mu",-0.0220456513149605,0.0220456513149605,TRUE
"50-23-7","50-23-7","hydrocortisone",-2.01894154396037,-3.61337169900035,0.782378426592307,-5.14683341512127,-2.07990998287943,"var_mu",1.59443015503998,1.59443015503998,FALSE
"50-23-7","50-23-7","hydrocortisone",-2.68163603566894,-3.61337169900035,0.782378426592307,-5.14683341512127,-2.07990998287943,"var_mu",0.931735663331407,0.931735663331407,TRUE
"50-23-7","50-23-7","hydrocortisone",-3.63827216398241,-3.49084794100761,0.75843504130099,-4.97738062195755,-2.00431526005767,"var_mu",-0.147424222974804,0.147424222974804,TRUE
"50-23-7","50-23-7","hydrocortisone",-3.63870046691906,-3.57457824899835,0.774716813499879,-5.09302320345811,-2.05613329453859,"var_mu",-0.064122217920711,0.064122217920711,TRUE
"50-23-7","50-23-7","hydrocortisone",-5.52287874528034,-3.6922007807185,0.798181189231453,-5.25663591161215,-2.12776564982485,"var_mu",-1.83067796456184,1.83067796456184,FALSE
"50-23-7","50-23-7","hydrocortisone",-5.52724355068279,-3.70624260114018,0.801029443547595,-5.27626031049347,-2.1362248917869,"var_mu",-1.82100094954261,1.82100094954261,FALSE
"50-24-8","50-24-8","prednisolone",-4.32790214206428,-3.83424185571015,0.86540908288342,-5.53044365816165,-2.13804005325864,"var_mu",-0.493660286354134,0.493660286354134,TRUE
"50-27-1","50-27-1","estriol",-4.39794000867204,-3.57896920852166,0.803702397077723,-5.154225906794,-2.00371251024932,"var_mu",-0.81897080015038,0.81897080015038,TRUE
"50-28-2","50-28-2","beta-estradiol",-2.38721614328026,-2.75446190274059,0.636834339673684,-4.00265720850101,-1.50626659698017,"var_mu",0.367245759460331,0.367245759460331,TRUE
"50-28-2","50-28-2","beta-estradiol",-2.01233373507373,-2.54101870111886,0.600490843532476,-3.71798075444252,-1.36405664779521,"var_mu",0.528684966045134,0.528684966045134,TRUE
"50-28-2","50-28-2","beta-estradiol",-3.52287874528034,-2.74057187771274,0.634403732044361,-3.98400319251968,-1.49714056290579,"var_mu",-0.782306867567605,0.782306867567605,TRUE
"50-28-2","50-28-2","beta-estradiol",-2.28149831113273,-2.62627740868615,0.614752418686443,-3.83119214931158,-1.42136266806072,"var_mu",0.344779097553417,0.344779097553417,TRUE
"50-28-2","50-28-2","estradiol",-1.98581560249872,-2.62627740868615,0.614752418686443,-3.83119214931158,-1.42136266806072,"var_mu",0.640461806187427,0.640461806187427,TRUE
"50-28-2","50-28-2","estradiol",-4.69680394257951,-2.58671147711481,0.608092423361593,-3.77857262690353,-1.39485032732609,"var_mu",-2.1100924654647,2.1100924654647,FALSE
"50-28-2","50-28-2","estradiol",-2.36451625318509,-2.58671147711481,0.608092423361593,-3.77857262690353,-1.39485032732609,"var_mu",0.222195223929721,0.222195223929721,TRUE
"50-28-2","50-28-2","estradiol",-2.38090666937326,-2.75446190274059,0.636834339673684,-4.00265720850101,-1.50626659698017,"var_mu",0.373555233367331,0.373555233367331,TRUE
"50-28-2","50-28-2","estradiol",-2.21324857785444,-2.54089702379168,0.60047072833784,-3.71781965133385,-1.36397439624952,"var_mu",0.327648445937244,0.327648445937244,TRUE
"50-28-2","50-28-2","estradiol",-2.49485002168009,-2.75458528883181,0.636855972612336,-4.00282299515199,-1.50634758251164,"var_mu",0.259735267151724,0.259735267151724,TRUE
"50-28-2","50-28-2","estradiol",-2.52287874528034,-2.75446190274059,0.636834339673684,-4.00265720850101,-1.50626659698017,"var_mu",0.231583157460251,0.231583157460251,TRUE
"50-28-2","50-28-2","estradiol",-2.52287874528034,-2.75185131605409,0.636376805014404,-3.99914985388232,-1.50455277822586,"var_mu",0.22897257077375,0.22897257077375,TRUE
"50-28-2","50-28-2","estradiol",-2.52287874528034,-2.75185131605409,0.636376805014404,-3.99914985388232,-1.50455277822586,"var_mu",0.22897257077375,0.22897257077375,TRUE
"50-28-2","50-28-2","estradiol",-2.08008551934057,-2.58671147711481,0.608092423361593,-3.77857262690353,-1.39485032732609,"var_mu",0.50662595777424,0.50662595777424,TRUE
"50-28-2","50-28-2","estradiol",-2.34969247686806,-2.62627740868615,0.614752418686443,-3.83119214931158,-1.42136266806072,"var_mu",0.276584931818087,0.276584931818087,TRUE
"50-28-2","50-28-2","estradiol",-2.51173374958299,-2.62627740868615,0.614752418686443,-3.83119214931158,-1.42136266806072,"var_mu",0.114543659103157,0.114543659103157,TRUE
"51-21-8","51-21-8","5-fluorouracil",-4.52574969288748,-3.62221306271848,0.814787437268624,-5.21919643976498,-2.02522968567198,"var_mu",-0.903536630169001,0.903536630169001,TRUE
"51-21-8","51-21-8","5-fluorouracil",-4.72894468964132,-3.63061097861791,0.816672797141674,-5.23128966101559,-2.02993229622023,"var_mu",-1.09833371102341,1.09833371102341,TRUE
"51-21-8","51-21-8","5-fluorouracil",-4.47108329972234,-3.62221306271848,0.814787437268624,-5.21919643976498,-2.02522968567198,"var_mu",-0.848870237003862,0.848870237003862,TRUE
"51-21-8","51-21-8","5-fluorouracil (+ - + -)",-4.46597389394386,-3.63061097861791,0.816672797141674,-5.23128966101559,-2.02993229622023,"var_mu",-0.835362915325951,0.835362915325951,TRUE
"512-69-6","512-69-6","raffinose",-4.85472588171206,-4.8712051736319,1.17612432511913,-7.17640885086541,-2.5660014963984,"var_mu",0.0164792919198451,0.0164792919198451,TRUE
"512-69-6","512-69-6","raffinose",-4.29756946355447,-5.0436293815279,1.23554147642549,-7.46529067532186,-2.62196808773393,"var_mu",0.746059917973425,0.746059917973425,TRUE
"513-85-9","513-85-9","2,3-butanediol",-4.30102999566398,-3.05955284428895,0.694235220661813,-4.4202538767861,-1.6988518117918,"var_mu",-1.24147715137503,1.24147715137503,TRUE
"51384-51-1","51384-51-1","metoprolol",-3.52461940685664,-3.0416176194606,0.69363266987204,-4.40113765240979,-1.6820975865114,"var_mu",-0.483001787396045,0.483001787396045,TRUE
"52-39-1","52-39-1","aldosterone",-4.23657200643706,-3.58695458127772,0.81208905234064,-5.17864912386538,-1.99526003869007,"var_mu",-0.649617425159339,0.649617425159339,TRUE
"52-39-1","52-39-1","aldosterone",-4.74835790885864,-3.4905502078044,0.790364129385858,-5.03966390140068,-1.94143651420812,"var_mu",-1.25780770105424,1.25780770105424,TRUE
"52-39-1","52-39-1","aldosterone",-4.30102999566398,-3.67557023885359,0.832585123605359,-5.3074370811201,-2.04370339658709,"var_mu",-0.625459756810387,0.625459756810387,TRUE
"52-39-1","52-39-1","aldosterone",-4.52287874528034,-3.63783534106704,0.823794861126606,-5.25247326887519,-2.02319741325889,"var_mu",-0.885043404213303,0.885043404213303,TRUE
"52-39-1","52-39-1","aldosterone",-4.52287874528034,-3.45465496524446,0.782424389005104,-4.98820676769447,-1.92110316279446,"var_mu",-1.06822378003588,1.06822378003588,TRUE
"52-39-1","52-39-1","aldosterone",-4.01233373507373,-3.3016691026509,0.749469805231614,-4.77062992090486,-1.83270828439693,"var_mu",-0.710664632422835,0.710664632422835,TRUE
"53-06-5","53-06-5","cortisone",-3.82390874094432,-3.64934110213278,0.820642596760888,-5.25780059178412,-2.04088161248144,"var_mu",-0.17456763881154,0.17456763881154,TRUE
"53-06-5","53-06-5","cortisone",-5,-3.77062469225525,0.848629336454595,-5.43393819170626,-2.10731119280425,"var_mu",-1.22937530774475,1.22937530774475,TRUE
"53-16-7","53-16-7","estrone",-2.44369749923271,-3.07639717590132,0.699181332529007,-4.44679258765818,-1.70600176414447,"var_mu",0.632699676668612,0.632699676668612,TRUE
"53-96-3","53-96-3","2-(acetylamino)fluorene",-1.16052197602182,-2.60619721401228,0.603612679905376,-3.78927806662682,-1.42311636139774,"var_mu",1.44567523799046,1.44567523799046,FALSE
"53-96-3","53-96-3","2-(acetylamino)fluorene",-1.10756666442663,-2.60619721401228,0.603612679905376,-3.78927806662682,-1.42311636139774,"var_mu",1.49863054958565,1.49863054958565,FALSE
"533-73-3","533-73-3","1,2,4-benzenetriol",-3.9,-2.78342150296291,0.643553093391549,-4.04478556601035,-1.52205743991548,"var_mu",-1.11657849703709,1.11657849703709,TRUE
"53535-33-4","53535-33-4","heptanol",-1.42481215507234,-1.34046360995625,0.440392881032015,-2.20363365677899,-0.477293563133498,"var_mu",-0.0843485451160939,0.0843485451160939,TRUE
"53535-33-4","53535-33-4","heptanol",-1.49485002168009,-1.40229337708628,0.447710823940947,-2.27980659201054,-0.524780162162027,"var_mu",-0.0925566445938071,0.0925566445938071,TRUE
"53535-33-4","53535-33-4","n-heptanol",-1.49485002168009,-1.23653726657905,0.428361036622546,-2.07612489835924,-0.396949634798864,"var_mu",-0.258312755101036,0.258312755101036,TRUE
"554-84-7","554-84-7","m-nitrophenol; 3-nitrophenol",-2.24848294855394,-1.97083614964856,0.516776811575314,-2.98371870033617,-0.957953598960941,"var_mu",-0.277646798905384,0.277646798905384,TRUE
"56-81-5","56-81-5","glycerol",-4.56863623584101,-3.59350730238632,0.806101256938414,-5.17346576598561,-2.01354883878703,"var_mu",-0.97512893345469,0.97512893345469,TRUE
"56-81-5","56-81-5","glycerol",-3.00594693641232,-3.63639620334404,0.815656934838772,-5.23508379562804,-2.03770861106005,"var_mu",0.630449266931722,0.630449266931722,TRUE
"56030-54-7","56030-54-7","sufentanil base",-1.81815641205523,-2.67716397732286,0.625312406435936,-3.9027762939373,-1.45155166070843,"var_mu",0.859007565267632,0.859007565267632,TRUE
"57-13-6","57-13-6","urea",-3.82973828460504,-3.60466070342928,0.831872428283284,-5.23513066286451,-1.97419074399404,"var_mu",-0.225077581175764,0.225077581175764,TRUE
"57-13-6","57-13-6","urea",-3.95233580539844,-3.5256263500424,0.812881272824293,-5.11887364477801,-1.93237905530678,"var_mu",-0.426709455356045,0.426709455356045,TRUE
"57-13-6","57-13-6","urea",-3.92564441915299,-3.62144684653436,0.835962746467043,-5.25993382960976,-1.98295986345895,"var_mu",-0.304197572618634,0.304197572618634,TRUE
"57-13-6","57-13-6","urea",-3.69494112531286,-3.64812074095541,0.842503847311003,-5.29942828168497,-1.99681320022584,"var_mu",-0.0468203843574506,0.0468203843574506,TRUE
"57-13-6","57-13-6","urea",-3.55495653854982,-3.59971088058514,0.830670118830018,-5.22782431349197,-1.9715974476783,"var_mu",0.0447543420353176,0.0447543420353176,TRUE
"57-13-6","57-13-6","urea",-3.5970511706556,-3.62144684653436,0.835962746467043,-5.25993382960976,-1.98295986345895,"var_mu",0.0243956758787558,0.0243956758787558,TRUE
"57-13-6","57-13-6","urea",-3.55720677406023,-3.62144684653436,0.835962746467043,-5.25993382960976,-1.98295986345895,"var_mu",0.0642400724741257,0.0642400724741257,TRUE
"57-50-1","57-50-1","sucrose",-5.0268721464003,-5.62756967738428,1.50439545343541,-8.57618476611768,-2.67895458865088,"var_mu",0.600697530983981,0.600697530983981,TRUE
"57-50-1","57-50-1","sucrose",-5.2839966563652,-5.69097453916314,1.53295819965834,-8.69557261049349,-2.68637646783279,"var_mu",0.406977882797939,0.406977882797939,TRUE
"57-50-1","57-50-1","sucrose",-4.76200316671127,-5.62756967738428,1.50439545343541,-8.57618476611768,-2.67895458865088,"var_mu",0.865566510673012,0.865566510673012,TRUE
"57-50-1","57-50-1","sucrose",-4.26905630657226,-5.62756967738428,1.50439545343541,-8.57618476611768,-2.67895458865088,"var_mu",1.35851337081202,1.35851337081202,TRUE
"57-50-1","57-50-1","sucrose",-4.36451625318509,-5.62756967738428,1.50439545343541,-8.57618476611768,-2.67895458865088,"var_mu",1.26305342419919,1.26305342419919,TRUE
"57-50-1","57-50-1","sucrose",-3.13406733180681,-5.62756967738428,1.50439545343541,-8.57618476611768,-2.67895458865088,"var_mu",2.49350234557747,2.49350234557747,TRUE
"57-83-0","57-83-0","progesterone",-1.52287874528034,-2.55845614847879,0.601525580349818,-3.73744628596444,-1.37946601099315,"var_mu",1.03557740319845,1.03557740319845,TRUE
"57-83-0","57-83-0","progesterone",-1.70344032687277,-2.47302532673139,0.58753945381595,-3.62460265621065,-1.32144799725213,"var_mu",0.769584999858622,0.769584999858622,TRUE
"57-83-0","57-83-0","progesterone",-1.88605664769316,-2.62419119488003,0.612513489724627,-3.8247176347403,-1.42366475501976,"var_mu",0.738134547186868,0.738134547186868,TRUE
"57-83-0","57-83-0","progesterone",-1.69897000433602,-2.70127493436041,0.625654334109492,-3.92755742921501,-1.4749924395058,"var_mu",1.00230493002439,1.00230493002439,TRUE
"57-83-0","57-83-0","progesterone",-2.82390874094432,-2.61250061686458,0.610544787414335,-3.80916840019667,-1.41583283353248,"var_mu",-0.211408124079742,0.211408124079742,TRUE
"58-08-2","58-08-2","caffeine",-3.80687540164554,-3.38942428536848,0.751401203391318,-4.86217064401547,-1.9166779267215,"var_mu",-0.417451116277059,0.417451116277059,TRUE
"58-08-2","58-08-2","caffeine",-4.58586563707645,-3.49801831644385,0.77339766854825,-5.01387774679842,-1.98215888608928,"var_mu",-1.0878473206326,1.0878473206326,TRUE
"58-08-2","58-08-2","caffeine",-1.60220380347052,-3.47424937271716,0.768528704331228,-4.98056563320637,-1.96793311222796,"var_mu",1.87204556924664,1.87204556924664,FALSE
"58-08-2","58-08-2","caffeine",-2.60631808276205,-3.47424937271716,0.768528704331228,-4.98056563320637,-1.96793311222796,"var_mu",0.867931289955115,0.867931289955115,TRUE
"58-08-2","58-08-2","caffeine",-4.15490195998574,-3.50824999018037,0.775503068017715,-5.02823600349509,-1.98826397686564,"var_mu",-0.646651969805375,0.646651969805375,TRUE
"58-08-2","58-08-2","caffeine",-3.69897000433602,-3.4673814917123,0.767127565511207,-4.97095152011426,-1.96381146331033,"var_mu",-0.23158851262372,0.23158851262372,TRUE
"58-22-0","58-22-0","testosterone",-2.0571655062299,-2.54324320830965,0.604696479967237,-3.72844830904543,-1.35803810757386,"var_mu",0.486077702079746,0.486077702079746,TRUE
"58-22-0","58-22-0","testosterone",-2.04694894237348,-2.49610630222314,0.596842564272997,-3.66591772819821,-1.32629487624806,"var_mu",0.449157359849657,0.449157359849657,TRUE
"58-22-0","58-22-0","testosterone",-1.64633962279966,-2.56995016399206,0.609192152857076,-3.76396678359193,-1.37593354439219,"var_mu",0.923610541192402,0.923610541192402,TRUE
"58-22-0","58-22-0","testosterone",-1.41570671752568,-2.52747413504521,0.60205761165593,-3.70750705389083,-1.34744121619959,"var_mu",1.11176741751953,1.11176741751953,TRUE
"58-22-0","58-22-0","testosterone",-2.27083521030723,-2.66749758946576,0.625898504512571,-3.8942586583104,-1.44073652062112,"var_mu",0.396662379158526,0.396662379158526,TRUE
"58-22-0","58-22-0","testosterone",-2.38875983135141,-2.48606994403206,0.595183531007081,-3.65262966480594,-1.31951022325818,"var_mu",0.0973101126806477,0.0973101126806477,TRUE
"58-22-0","58-22-0","testosterone",-2.65757731917779,-2.62054141821866,0.617800180031218,-3.83142977107984,-1.40965306535747,"var_mu",-0.0370359009591339,0.0370359009591339,TRUE
"58-22-0","58-22-0","testosterone",-2.65757731917779,-2.61419952255366,0.616714482893769,-3.82295990902545,-1.40543913608187,"var_mu",-0.0433777966241298,0.0433777966241298,TRUE
"58-22-0","58-22-0","testosterone",-2.65757731917779,-2.61419952255366,0.616714482893769,-3.82295990902545,-1.40543913608187,"var_mu",-0.0433777966241298,0.0433777966241298,TRUE
"58-22-0","58-22-0","testosterone",-3.39794000867204,-2.60635631308377,0.615374407775204,-3.81249015232317,-1.40022247384437,"var_mu",-0.791583695588266,0.791583695588266,TRUE
"58-22-0","58-22-0","testosterone",-3.06752623532285,-2.62054141821866,0.617800180031218,-3.83142977107984,-1.40965306535747,"var_mu",-0.446984817104194,0.446984817104194,TRUE
"58-22-0","58-22-0","testosterone",-2.13194363817696,-2.49359572490493,0.596427126814902,-3.66259289346214,-1.32459855634772,"var_mu",0.361652086727968,0.361652086727968,TRUE
"58-54-8","58-54-8","ethacrynic acid",-3.82390874094432,-2.56879222566603,0.605822727831303,-3.75620477221538,-1.38137967911668,"var_mu",-1.25511651527829,1.25511651527829,FALSE
"59-05-2","59-05-2","methotrexate",-3.40160112979023,-4.8164543368078,1.11437946134013,-7.00063808103446,-2.63227059258114,"var_mu",1.41485320701757,1.41485320701757,TRUE
"59-50-7","59-50-7","chlorocresol",-1.26406804435028,-1.505443948533,0.457477834656406,-2.40210050445956,-0.608787392606448,"var_mu",0.241375904182724,0.241375904182724,TRUE
"59-50-7","59-50-7","chlorocresol",-1.65255620893436,-1.47728484395143,0.454010436986278,-2.36714530044453,-0.58742438745832,"var_mu",-0.175271364982934,0.175271364982934,TRUE
"60-12-8","60-12-8","2-phenylethanol",-1.25963731050576,-1.8190236003949,0.495070072756224,-2.7893609429971,-0.8486862577927,"var_mu",0.55938628988914,0.55938628988914,TRUE
"60-12-8","60-12-8","2-phenylethanol",-2.11527250510331,-1.92561168073409,0.509805055180463,-2.9248295888878,-0.926393772580386,"var_mu",-0.189660824369217,0.189660824369217,TRUE
"610-81-1","610-81-1","4-amino-3-nitrophenol",-2.1297393876227,-2.32456895828408,0.570403465738862,-3.44255975113225,-1.20657816543591,"var_mu",0.194829570661378,0.194829570661378,TRUE
"610-81-1","610-81-1","4-amino-3-nitrophenol",-2.26671923730847,-2.32456895828408,0.570403465738862,-3.44255975113225,-1.20657816543591,"var_mu",0.0578497209756077,0.0578497209756077,TRUE
"614-18-6","614-18-6","nicotinate, ethyl",-3.10790539730952,-1.91488705792588,0.499812102693743,-2.89451877920561,-0.935255336646143,"var_mu",-1.19301833938364,1.19301833938364,FALSE
"614-18-6","614-18-6","nicotinate, ethyl",-3.08618614761628,-1.94326550934597,0.503855058780505,-2.93082142455576,-0.955709594136178,"var_mu",-1.14292063827031,1.14292063827031,FALSE
"623-05-2","623-05-2","4-hydroxybenzyl alcohol",-2.69897000433602,-2.29221647555561,0.564243912471788,-3.39813454400032,-1.18629840711091,"var_mu",-0.406753528780406,0.406753528780406,TRUE
"63-36-5","63-36-5","salicylate",-3.96686900819185,-2.69983296262739,0.628314003533663,-3.93132840955337,-1.46833751570141,"var_mu",-1.26703604556446,1.26703604556446,FALSE
"64-17-5","64-17-5","ethanol",-2.72124639904717,-3.09861709067328,0.707682821337464,-4.48567542049471,-1.71155876085185,"var_mu",0.377370691626107,0.377370691626107,TRUE
"64-17-5","64-17-5","ethanol",-3.09691001300806,-3.07601612055643,0.7032323759632,-4.4543515774443,-1.69768066366856,"var_mu",-0.0208938924516282,0.0208938924516282,TRUE
"64-17-5","64-17-5","ethanol",-3.09691001300806,-3.21370080385823,0.730785035564105,-4.64603947356387,-1.78136213415258,"var_mu",0.116790790850169,0.116790790850169,TRUE
"64-19-7","64-19-7","acetic acid",-2.77786589964853,-2.81155727362303,0.651229084168875,-4.08796627859403,-1.53514826865204,"var_mu",0.0336913739745031,0.0336913739745031,TRUE
"64-85-7","64-85-7","cortexone",-3.34678748622466,-2.71765901679086,0.633997658048075,-3.96029442656509,-1.47502360701663,"var_mu",-0.629128469433799,0.629128469433799,TRUE
"65-85-0","65-85-0","benzoic acid",-2.11918640771921,-1.90896383528522,0.50984003745703,-2.908250308701,-0.909677361869444,"var_mu",-0.210222572433987,0.210222572433987,TRUE
"65-85-0","65-85-0","benzoic acid",-1.50863830616573,-1.83994382790107,0.500371630332105,-2.820672223352,-0.859215432450149,"var_mu",0.331305521735344,0.331305521735344,TRUE
"65-85-0","65-85-0","benzoic acid",-1.50863830616573,-1.83994382790107,0.500371630332105,-2.820672223352,-0.859215432450149,"var_mu",0.331305521735344,0.331305521735344,TRUE
"66-27-3","66-27-3","methyl methanesulfonate",-1.91205408690953,-2.68880939723253,0.627317458939977,-3.91835161675489,-1.45926717771018,"var_mu",0.776755310323003,0.776755310323003,TRUE
"66-27-3","66-27-3","methyl methanesulfonate",-2.06776764179179,-2.68880939723253,0.627317458939977,-3.91835161675489,-1.45926717771018,"var_mu",0.621041755440743,0.621041755440743,TRUE
"6677-98-1","6677-98-1","hydrocortisone-21-propionate",-2.46852108295775,-3.7441907737834,0.833951152959205,-5.37873503358344,-2.10964651398336,"var_mu",1.27566969082565,1.27566969082565,TRUE
"67-56-1","67-56-1","methanol",-3.30102999566398,-3.22742637167545,0.73350966357372,-4.66510531227995,-1.78974743107096,"var_mu",-0.0736036239885252,0.0736036239885252,TRUE
"67-56-1","67-56-1","methanol",-3.30102999566398,-3.35441228659462,0.75999157687606,-4.8439957772717,-1.86482879591755,"var_mu",0.0533822909306432,0.0533822909306432,TRUE
"67-56-1","67-56-1","methanol",-2.79588001734407,-3.29516254971517,0.747518588857665,-4.7602989838762,-1.83002611555415,"var_mu",0.499282532371104,0.499282532371104,TRUE
"68-96-2","68-96-2","17-alfa-hydroxyprogesterone",-3.22184874961636,-3.62244517806456,0.814624043522757,-5.21910830336916,-2.02578205275996,"var_mu",0.400596428448198,0.400596428448198,TRUE
"69-29-7","69-29-7","ethyl ether",-1.79588001734408,-2.30095770429919,0.564881958690723,-3.40812634333301,-1.19378906526538,"var_mu",0.505077686955113,0.505077686955113,TRUE
"69-65-8","69-65-8","mannitol",-4.72681868815271,-4.12179680064216,0.985962872010327,-6.0542840297824,-2.18930957150192,"var_mu",-0.605021887510549,0.605021887510549,TRUE
"69-65-8","69-65-8","mannitol",-4,-4.53987259966488,1.11988258665657,-6.73484246951175,-2.344902729818,"var_mu",0.539872599664877,0.539872599664877,TRUE
"69-65-8","69-65-8","mannitol",-4.68257958814785,-4.06409901007994,0.968784260112952,-5.96291615990132,-2.16528186025855,"var_mu",-0.618480578067911,0.618480578067911,TRUE
"69-65-8","69-65-8","mannitol",-4.45692576496647,-4.06477269895553,0.968983103198166,-5.96397958122393,-2.16556581668712,"var_mu",-0.392153066010941,0.392153066010941,TRUE
"69-65-8","69-65-8","mannitol",-4.77257756999574,-4.52829723622111,1.11594054587887,-6.71554070614369,-2.34105376629853,"var_mu",-0.244280333774629,0.244280333774629,TRUE
"69-65-8","69-65-8","mannitol",-4.43830246734601,-4.06477269895553,0.968983103198166,-5.96397958122393,-2.16556581668712,"var_mu",-0.373529768390481,0.373529768390481,TRUE
"69-65-8","69-65-8","mannitol",-4.18810341360238,-4.5497239020307,1.12324845752601,-6.75129087878167,-2.34815692527973,"var_mu",0.361620488428321,0.361620488428321,TRUE
"69-65-8","69-65-8","mannitol",-4.00436480540245,-4.4957473376251,1.10492974882221,-6.66140964531663,-2.33008502993357,"var_mu",0.491382532222651,0.491382532222651,TRUE
"69-65-8","69-65-8","mannitol",-3.97265039222524,-4.56055120294777,1.126959465985,-6.76939175627836,-2.35171064961717,"var_mu",0.587900810722526,0.587900810722526,TRUE
"69-65-8","69-65-8","mannitol",-3.1536628878702,-4.06409901007994,0.968784260112952,-5.96291615990132,-2.16528186025855,"var_mu",0.910436122209739,0.910436122209739,TRUE
"69-72-7","69-72-7","salicylic acid",-3.03151705144606,-1.93432587425854,0.505673360663405,-2.92544566115882,-0.943206087358267,"var_mu",-1.09719117718752,1.09719117718752,FALSE
"69-72-7","69-72-7","salicylic acid",-1.34678748622466,-1.95870732429711,0.509150527567489,-2.95664235832939,-0.960772290264834,"var_mu",0.611919838072452,0.611919838072452,TRUE
"71-23-8","71-23-8","n-propanol",-2.92081875395238,-2.95493100361493,0.679868156512004,-4.28747259037846,-1.6223894168514,"var_mu",0.0341122496625532,0.0341122496625532,TRUE
"71-23-8","71-23-8","propanol",-2.76955107862173,-3.03603689198502,0.695413152946112,-4.3990466717594,-1.67302711221064,"var_mu",0.266485813363289,0.266485813363289,TRUE
"71-23-8","71-23-8","propanol",-2.92081875395238,-3.09529232520399,0.706994464999176,-4.48100147660237,-1.7095831738056,"var_mu",0.174473571251609,0.174473571251609,TRUE
"71-36-3","71-36-3","butanol",-2.52287874528034,-2.11318820047054,0.540133039992408,-3.17184895885566,-1.05452744208542,"var_mu",-0.409690544809797,0.409690544809797,TRUE
"71-36-3","71-36-3","butanol",-2.10237290870956,-2.05837180490213,0.532074124087467,-3.10123708811356,-1.01550652169069,"var_mu",-0.0440011038074304,0.0440011038074304,TRUE
"71-36-3","71-36-3","butanol",-2.65757731917779,-2.16891672423158,0.548451189977001,-3.2438810565865,-1.09395239187666,"var_mu",-0.48866059494621,0.48866059494621,TRUE
"71-36-3","71-36-3","butanol",-2.65757731917779,-2.16898375284348,0.54846127153884,-3.24396784505961,-1.09399966062736,"var_mu",-0.488593566334308,0.488593566334308,TRUE
"71-36-3","71-36-3","butanol",-2.60205999132796,-2.16891672423158,0.548451189977001,-3.2438810565865,-1.09395239187666,"var_mu",-0.43314326709638,0.43314326709638,TRUE
"71-36-3","71-36-3","n-butanol",-2.60205999132796,-2.03676104259398,0.528930131137096,-3.07346409962269,-1.00005798556527,"var_mu",-0.565298948733981,0.565298948733981,TRUE
"71-41-0","71-41-0","n-pentanol",-2.22184874961636,-1.77156122000771,0.490016684133874,-2.73199392091011,-0.811128519105319,"var_mu",-0.450287529608648,0.450287529608648,TRUE
"71-41-0","71-41-0","pentanol",-2.22184874961636,-1.91580966920321,0.509733452360189,-2.91488723582918,-0.916732102577238,"var_mu",-0.306039080413153,0.306039080413153,TRUE
"71-43-0","71-43-0","benzene",-0.954285941059132,-1.28048480713556,0.42729706200035,-2.11798704865624,-0.442982565614869,"var_mu",0.326198866076424,0.326198866076424,TRUE
"71-43-0","71-43-0","benzene",-0.795880017344075,-1.35643610328174,0.436263948515232,-2.2115134423716,-0.501358764191889,"var_mu",0.56055608593767,0.56055608593767,TRUE
"71-91-0","71-91-0","tetraethylammonium",-3.25387553642834,-5.10969166764277,1.16685930048702,-7.39673589659733,-2.8226474386882,"var_mu",1.85581613121443,1.85581613121443,TRUE
"71-91-0","71-91-0","tetraethylammonium bromide (+)",-3.36815053784018,-5.08124718222924,1.15830859386966,-7.35153202621378,-2.8109623382447,"var_mu",1.71309664438906,1.71309664438906,TRUE
"76-25-5","76-25-5","triamcinolone acetonide",-3.40230481407449,-4.65993072715108,1.08888963463085,-6.79415441102755,-2.5257070432746,"var_mu",1.25762591307659,1.25762591307659,TRUE
"76-25-5","76-25-5","triamcinolone acetonide",-4.70663744528855,-4.81455299811071,1.13679049877556,-7.0426623757108,-2.58644362051062,"var_mu",0.107915552822158,0.107915552822158,TRUE
"76180-96-6","76180-96-6","3-methyl-3h-imidazo[4,5-f]quinolin-2-amine",-2.07218350508968,-3.477910901189,0.771881579055845,-4.99079879613846,-1.96502300623954,"var_mu",1.40572739609932,1.40572739609932,TRUE
"76180-96-6","76180-96-6","3-methyl-3h-imidazo[4,5-f]quinolin-2-amine",-2.43056359552234,-3.477910901189,0.771881579055845,-4.99079879613846,-1.96502300623954,"var_mu",1.04734730566666,1.04734730566666,TRUE
"7732-18-5","7732-18-5","water",-2.80687540164554,-3.60003148829883,0.828745291310446,-5.2243722592673,-1.97569071733036,"var_mu",0.79315608665329,0.79315608665329,TRUE
"7732-18-5","7732-18-5","water",-2.98540960554622,-3.60003148829883,0.828745291310446,-5.2243722592673,-1.97569071733036,"var_mu",0.61462188275261,0.61462188275261,TRUE
"7732-18-5","7732-18-5","water",-2.80966830182971,-3.5763632875048,0.823080299633645,-5.18960067478674,-1.96312590022285,"var_mu",0.766694985675088,0.766694985675088,TRUE
"7732-18-5","7732-18-5","water",-3.14997431819434,-3.5763839937926,0.823085238727688,-5.18963106169887,-1.96313692588633,"var_mu",0.426409675598262,0.426409675598262,TRUE
"7732-18-5","7732-18-5","water",-3.07058107428571,-3.60003148829883,0.828745291310446,-5.2243722592673,-1.97569071733036,"var_mu",0.52945041401312,0.52945041401312,TRUE
"7732-18-5","7732-18-5","water",-3.24233473501217,-3.5763632875048,0.823080299633645,-5.18960067478674,-1.96312590022285,"var_mu",0.334028552492629,0.334028552492629,TRUE
"7732-18-5","7732-18-5","water",-3.45621525646938,-3.5763632875048,0.823080299633645,-5.18960067478674,-1.96312590022285,"var_mu",0.120148031035418,0.120148031035418,TRUE
"7732-18-5","7732-18-5","water",-3.27134965805094,-3.5763632875048,0.823080299633645,-5.18960067478674,-1.96312590022285,"var_mu",0.305013629453859,0.305013629453859,TRUE
"7732-18-5","7732-18-5","water",-3.15476521541715,-3.5881779238858,0.825903279691281,-5.20694835208071,-1.96940749569088,"var_mu",0.433412708468645,0.433412708468645,TRUE
"7732-18-5","7732-18-5","water",-3.52287874528034,-3.6598923293624,0.843247625206152,-5.31265767476646,-2.00712698395834,"var_mu",0.137013584082059,0.137013584082059,TRUE
"7732-18-5","7732-18-5","water",-3.5,-3.6598923293624,0.843247625206152,-5.31265767476646,-2.00712698395834,"var_mu",0.159892329362399,0.159892329362399,TRUE
"78-93-3","78-93-3","2-butanone",-2.34678748622466,-2.5299878156246,0.602436609564637,-3.71076357037129,-1.34921206087791,"var_mu",0.183200329399942,0.183200329399942,TRUE
"84-66-2","84-66-2","diethyl phthalate",-1.70509308939481,-1.72456425350953,0.483675743452726,-2.67256871067687,-0.776559796342186,"var_mu",0.0194711641147183,0.0194711641147183,TRUE
"87-66-1","87-66-1","pyrogallol",-2.81,-2.73323324251687,0.637341996832512,-3.9824235563086,-1.48404292872515,"var_mu",-0.0767667574831252,0.0767667574831252,TRUE
"88-04-0","88-04-0","chloroxylenol",-1.22875360095283,-1.58571063081539,0.465144809031776,-2.49739445651767,-0.674026805113106,"var_mu",0.356957029862556,0.356957029862556,TRUE
"88-04-0","88-04-0","chloroxylenol",-1.09474395125155,-1.4941736201177,0.453653700074481,-2.38333487226368,-0.605012367971716,"var_mu",0.39942966886615,0.39942966886615,TRUE
"88-06-2","88-06-2","2,4,6-trichlorophenol",-1.23275783168158,-1.55006419159974,0.460681636114274,-2.45300019838372,-0.647128184815767,"var_mu",0.317306359918164,0.317306359918164,TRUE
"88-18-6","88-18-6","o-t-butylphenol",-1.12842706445412,-1.23196268379624,0.42333271546636,-2.06169480611031,-0.402230561482173,"var_mu",0.103535619342119,0.103535619342119,TRUE
"89-83-8","89-83-8","thymol; 2-isopropyl-5-methylphenol",-1.27607480270083,-1.37250368613518,0.442300702063374,-2.23941306217939,-0.505594310090963,"var_mu",0.0964288834343456,0.0964288834343456,TRUE
"89-83-8","89-83-8","thymol; 2-isopropyl-5-methylphenol",-1.21324857785444,-1.28519752769625,0.432040678603046,-2.13199725775822,-0.438397797634279,"var_mu",0.0719489498418087,0.0719489498418087,TRUE
"90-15-3","90-15-3","naphthol",-1.58502665202918,-1.58722291750042,0.46822589241749,-2.5049456666387,-0.669500168362138,"var_mu",0.00219626547123886,0.00219626547123886,TRUE
"90-15-3","90-15-3","naphthol",-1.52287874528034,-1.58722291750042,0.46822589241749,-2.5049456666387,-0.669500168362138,"var_mu",0.0643441722200788,0.0643441722200788,TRUE
"91-20-3","91-20-3","naphthalene",-1.55111528700206,-1.21771990101142,0.420236290666522,-2.0413830307178,-0.394056771305035,"var_mu",-0.333395385990641,0.333395385990641,TRUE
"91-20-3","91-20-3","naphthalene",-1.78220214249451,-1.21771990101142,0.420236290666522,-2.0413830307178,-0.394056771305035,"var_mu",-0.564482241483091,0.564482241483091,TRUE
"92-48-8","92-48-8","6-methylcoumarin",-1.18136926112576,-2.16112053818267,0.538712001920143,-3.21699606194615,-1.10524501441919,"var_mu",0.979751277056912,0.979751277056912,TRUE
"92-48-8","92-48-8","6-methylcoumarin",-1.331936361143,-2.16112053818267,0.538712001920143,-3.21699606194615,-1.10524501441919,"var_mu",0.829184177039672,0.829184177039672,TRUE
"93-60-7","93-60-7","nicotinate, methyl",-3.30980391997149,-2.09265181029561,0.526449149363532,-3.12449214304813,-1.06081147754308,"var_mu",-1.21715210967588,1.21715210967588,FALSE
"93-60-7","93-60-7","nicotinate, methyl",-3.27572413039921,-2.10733510913479,0.52863561868832,-3.1434609217639,-1.07120929650569,"var_mu",-1.16838902126442,1.16838902126442,FALSE
"937-20-2","937-20-2","2,4-dichloroacetophenone",-0.743772935647774,-2.13703365792869,0.533894559034163,-3.18346699363565,-1.09060032222173,"var_mu",1.39326072228092,1.39326072228092,FALSE
"937-20-2","937-20-2","2,4-dichloroacetophenone",-1.86052608660328,-2.13703365792869,0.533894559034163,-3.18346699363565,-1.09060032222173,"var_mu",0.27650757132541,0.27650757132541,TRUE
"94-13-3","94-13-3","propylparaben",-1.67615465544754,-1.60447941387349,0.468647540050507,-2.52302859237248,-0.685930235374492,"var_mu",-0.0716752415740531,0.0716752415740531,TRUE
"94-13-3","94-13-3","propylparaben",-1.26606734367858,-1.6610107767717,0.475907663563874,-2.5937897973569,-0.728231756186508,"var_mu",0.394943433093121,0.394943433093121,TRUE
"94-13-3","94-13-3","propylparaben",-1.20290590120029,-1.6610107767717,0.475907663563874,-2.5937897973569,-0.728231756186508,"var_mu",0.458104875571411,0.458104875571411,TRUE
"94-26-8","94-26-8","butylparaben",-0.981299501333757,-1.40757628394934,0.442041051837844,-2.27397674555152,-0.541175822347167,"var_mu",0.426276782615584,0.426276782615584,TRUE
"94-26-8","94-26-8","butylparaben",-1.15242734085789,-1.46256737856237,0.448779821572162,-2.34217582884381,-0.582958928280931,"var_mu",0.31014003770448,0.31014003770448,TRUE
"95-48-7","95-48-7","o-cresol",-1.80172783601759,-1.77548689058738,0.49053756767558,-2.73694052323152,-0.814033257943246,"var_mu",-0.0262409454302071,0.0262409454302071,TRUE
"95-54-5","95-54-5","o-phenylenediamine",-3.34678748622466,-2.42897650222462,0.584149981131645,-3.57391046524264,-1.2840425392066,"var_mu",-0.917810984000039,0.917810984000039,TRUE
"95-57-8","95-57-8","o-chlorophenol",-1.48044892137827,-1.74389290159223,0.485990030213018,-2.69643336080975,-0.791352442374716,"var_mu",0.263443980213962,0.263443980213962,TRUE
"95-65-8","95-65-8","3,4-xylenol",-1.44278385671974,-1.65160638363921,0.474237800354537,-2.5811124723341,-0.722100294944314,"var_mu",0.208822526919467,0.208822526919467,TRUE
"97-00-7","97-00-7","2,4-dinitrochlorobenzene",-1.57500847696703,-1.90982628336099,0.50838473795206,-2.90626036974703,-0.913392196974951,"var_mu",0.334817806393959,0.334817806393959,TRUE
"97-00-7","97-00-7","2,4-dinitrochlorobenzene",-1.50012264373278,-1.90982628336099,0.50838473795206,-2.90626036974703,-0.913392196974951,"var_mu",0.409703639628209,0.409703639628209,TRUE
"97-53-0","97-53-0","eugenol",-1.592980675785,-1.60285152126964,0.469976719416332,-2.52400589132565,-0.681697151213629,"var_mu",0.00987084548463857,0.00987084548463857,TRUE
"97-53-0","97-53-0","eugenol",-1.555243965633,-1.60285152126964,0.469976719416332,-2.52400589132565,-0.681697151213629,"var_mu",0.0476075556366387,0.0476075556366387,TRUE
"97-54-1","97-54-1","isoeugenol",-1.74568406057766,-1.52185621921971,0.459485249837119,-2.42244730890046,-0.621265129538954,"var_mu",-0.223827841357954,0.223827841357954,TRUE
"97-54-1","97-54-1","isoeugenol",-1.41300909711301,-1.52185621921971,0.459485249837119,-2.42244730890046,-0.621265129538954,"var_mu",0.108847122106696,0.108847122106696,TRUE
"98-86-2","98-86-2","acetophenone",-1.62740828480895,-1.68840819336951,0.480743286505624,-2.63066503492053,-0.746151351818485,"var_mu",0.0609999085605581,0.0609999085605581,TRUE
"98-86-2","98-86-2","acetophenone",-1.56017144166374,-1.68840819336951,0.480743286505624,-2.63066503492053,-0.746151351818485,"var_mu",0.128236751705768,0.128236751705768,TRUE
"99-76-3","99-76-3","methylparaben",-1.67358220444561,-1.91395474957599,0.512912720223777,-2.91926368121459,-0.908645817937388,"var_mu",0.24037254513038,0.24037254513038,TRUE
"99-76-3","99-76-3","methylparaben",-1.96257350205938,-1.94659288220617,0.517440047332187,-2.96077537497725,-0.932410389435079,"var_mu",-0.0159806198532146,0.0159806198532146,TRUE
"99-76-3","99-76-3","methylparaben",-2.03394335230684,-2.04393176413422,0.531180892455353,-3.08504631334671,-1.00281721492173,"var_mu",0.0099884118273792,0.0099884118273792,TRUE
"99-76-3","99-76-3","methylparaben",-2.07572071393812,-1.98123409771098,0.522288950985288,-3.00492044164215,-0.957547753779817,"var_mu",-0.0944866162271378,0.0944866162271378,TRUE
"100-02-7","100-02-7","p-nitrophenol; 4-nitrophenol",-2.25,-2.13725720664966,0.566868343773618,-3.24831916044595,-1.02619525285337,"var_MWa",-0.112742793350343,0.112742793350343,TRUE
"100-39-0","100-39-0","benzyl bromide",-1.54511979359646,-1.41636101283403,0.599616160251971,-2.59160868692789,-0.241113338740162,"var_MWa",-0.128758780762435,0.128758780762435,TRUE
"100-39-0","100-39-0","benzyl bromide",-1.89202735976865,-1.41636101283403,0.599616160251971,-2.59160868692789,-0.241113338740162,"var_MWa",-0.475666346934625,0.475666346934625,TRUE
"100-51-6","100-51-6","benzyl alcohol",-2.22205999132796,-2.13408726175321,0.537257519232159,-3.18711199944825,-1.08106252405818,"var_MWa",-0.0879727295747461,0.0879727295747461,TRUE
"1002-62-6","1002-62-6","sodium caprate; decanoic acid soap (c10:0)",-2.95233580539844,-2.48077487179231,0.623635041029613,-3.70309955221035,-1.25845019137426,"var_MWa",-0.471560933606135,0.471560933606135,TRUE
"103-11-7","103-11-7","2-ethylhexyl acrylate",-2.11289007326765,-1.30904304484111,0.612037937182905,-2.5086374017196,-0.109448687962618,"var_MWa",-0.803847028426538,0.803847028426538,TRUE
"103-11-7","103-11-7","2-ethylhexyl acrylate",-1.82434537155519,-1.30904304484111,0.612037937182905,-2.5086374017196,-0.109448687962618,"var_MWa",-0.515302326714079,0.515302326714079,TRUE
"104-54-1","104-54-1","cinnamyl alcohol",-1.54329916349423,-1.68161217918561,0.563112920080081,-2.78531350254257,-0.577910855828652,"var_MWa",0.13831301569138,0.13831301569138,TRUE
"104-54-1","104-54-1","cinnamyl alcohol",-1.47890341621095,-1.68161217918561,0.563112920080081,-2.78531350254257,-0.577910855828652,"var_MWa",0.20270876297466,0.20270876297466,TRUE
"104-85-8","104-85-8","p-tolunitrile",-1.34336049829281,-1.54937102306851,0.547031889216281,-2.62155352593242,-0.477188520204604,"var_MWa",0.206010524775704,0.206010524775704,TRUE
"104-85-8","104-85-8","p-tolunitrile",-1.51076062352006,-1.54937102306851,0.547031889216281,-2.62155352593242,-0.477188520204604,"var_MWa",0.0386103995484544,0.0386103995484544,TRUE
"10521-91-2","10521-91-2","5-phenylpentanol",-0.94692155651658,-1.40140707741365,0.591584538275907,-2.56091277243442,-0.241901382392869,"var_MWa",0.454485520897067,0.454485520897067,TRUE
"106-24-1","106-24-1","geraniol",-0.986619380204979,-1.12996539432181,0.583037116104737,-2.27271814188709,0.0127873532434735,"var_MWa",0.143346014116831,0.143346014116831,TRUE
"106-24-1","106-24-1","geraniol",-1.01401437058883,-1.12996539432181,0.583037116104737,-2.27271814188709,0.0127873532434735,"var_MWa",0.11595102373298,0.11595102373298,TRUE
"106-41-3","106-41-3","p-bromophenol",-1.43951925261862,-1.93858860269678,0.600687483811507,-3.11593607096734,-0.761241134426226,"var_MWa",0.499069350078161,0.499069350078161,TRUE
"106-44-5","106-44-5","p-cresol",-0.920818753952375,-1.73277826488573,0.534865228141404,-2.78111411204288,-0.684442417728575,"var_MWa",0.811959510933352,0.811959510933352,TRUE
"106-44-5","106-44-5","p-cresol",-1.74875360095283,-1.86874795585794,0.534865228141404,-2.91708380301509,-0.820412108700785,"var_MWa",0.119994354905107,0.119994354905107,TRUE
"106-48-9","106-48-9","p-chlorophenol",-1.44875360095283,-1.81963131186229,0.556171684485473,-2.90972781345381,-0.72953481027076,"var_MWa",0.370877710909456,0.370877710909456,TRUE
"106-50-3","106-50-3","p-phenylenediamine",-3.61978875828839,-2.80556587127293,0.533991147366441,-3.85218852011116,-1.75894322243471,"var_MWa",-0.814222887015457,0.814222887015457,TRUE
"108-39-4","108-39-4","m-cresol",-1.81172783601759,-1.84236016831402,0.537340435493476,-2.89554742188123,-0.789172914746806,"var_MWa",0.0306323322964284,0.0306323322964284,TRUE
"108-46-3","108-46-3","resorcinol",-2.42023266087399,-2.76635194603823,0.538316488217976,-3.82145226294546,-1.711251629131,"var_MWa",0.346119285164239,0.346119285164239,TRUE
"108-46-3","108-46-3","resorcinol",-2.35642808060813,-2.76635194603823,0.538316488217976,-3.82145226294546,-1.711251629131,"var_MWa",0.409923865430099,0.409923865430099,TRUE
"108-46-3","108-46-3","resorcinol",-3.07,-2.71977243297917,0.538316488217976,-3.7748727498864,-1.66467211607194,"var_MWa",-0.350227567020832,0.350227567020832,TRUE
"108-46-3","108-46-3","resorcinol; 1,3-benzenediol",-3.62291335664286,-2.8433936409341,0.538307074929995,-3.89847550779689,-1.78831177407131,"var_MWa",-0.779519715708759,0.779519715708759,TRUE
"108-73-6","108-73-6","phloroglucinol",-2.51,-2.97545639829262,0.55317109341176,-4.05967174137967,-1.89124105520557,"var_MWa",0.46545639829262,0.46545639829262,TRUE
"108-88-3","108-88-3","toluene",-0.0809219076239261,-1.2203128610561,0.514825238806944,-2.22937032911771,-0.211255392994489,"var_MWa",1.13939095343217,1.13939095343217,FALSE
"108-95-2","108-95-2","phenol",-2.03,-2.01742179331735,0.509698824028877,-3.01643148841395,-1.01841209822075,"var_MWa",-0.0125782066826519,0.0125782066826519,TRUE
"108-95-2","108-95-2","phenol",-2.08907809237607,-2.08534968652019,0.509689160651594,-3.08434044139731,-1.08635893164306,"var_MWa",-0.00372840585588508,0.00372840585588508,TRUE
"108-95-2","108-95-2","phenol",-1.70996538863748,-2.01188822694392,0.509689160651594,-3.01087898182104,-1.0128974720668,"var_MWa",0.301922838306439,0.301922838306439,TRUE
"108-95-2","108-95-2","phenol",-3.82792274303052,-2.11503769877272,0.509689160651594,-3.11402845364984,-1.11604694389559,"var_MWa",-1.7128850442578,1.7128850442578,FALSE
"110-80-5","110-80-5","2-ethoxy ethanol",-3.60205999132796,-2.90240493823911,0.517553568015314,-3.91680993154912,-1.88799994492909,"var_MWa",-0.699655053088854,0.699655053088854,TRUE
"111-27-3","111-27-3","hexanol",-1.49485002168009,-1.50528775177593,0.534059279693414,-2.55204393997502,-0.458531563576842,"var_MWa",0.0104377300958429,0.0104377300958429,TRUE
"111-27-3","111-27-3","hexanol",-1.88605664769316,-1.66757387898663,0.534059279693414,-2.71433006718572,-0.620817690787539,"var_MWa",-0.21848276870653,0.21848276870653,TRUE
"111-27-3","111-27-3","n-hexanol",-1.88605664769316,-1.5029786001653,0.534059279693414,-2.54973478836439,-0.45622241196621,"var_MWa",-0.383078047527859,0.383078047527859,TRUE
"111-76-2","111-76-2","butoxyethanol",-2.25698018593163,-2.49099933792051,0.546416214226899,-3.56197511780524,-1.42002355803579,"var_MWa",0.234019151988884,0.234019151988884,TRUE
"111-87-5","111-87-5","n-octanol",-1.2839966563652,-1.13498802091077,0.563252622175825,-2.23896316037538,-0.0310128814461486,"var_MWa",-0.149008635454435,0.149008635454435,TRUE
"111-87-5","111-87-5","octanol",-1.0301183562535,-1.12331231166524,0.563252622175825,-2.22728745112985,-0.0193371722006188,"var_MWa",0.0931939554117354,0.0931939554117354,TRUE
"111-87-5","111-87-5","octanol",-1.15490195998574,-1.27260440328973,0.563252622175825,-2.37657954275435,-0.168629263825113,"var_MWa",0.117702443303989,0.117702443303989,TRUE
"111-87-5","111-87-5","octanol",-1.2839966563652,-1.31355620019161,0.563252622175825,-2.41753133965623,-0.209581060726993,"var_MWa",0.0295595438264096,0.0295595438264096,TRUE
"111-87-5","111-87-5","octanol",-1.21467016498923,-1.23829423495705,0.563252622175825,-2.34226937442166,-0.134319095492431,"var_MWa",0.0236240699678179,0.0236240699678179,TRUE
"112-30-1","112-30-1","decanol",-1.833220851329,-0.919587752229455,0.585347522990713,-2.06686889729125,0.227693392832343,"var_MWa",-0.913633099099545,0.913633099099545,TRUE
"112-30-1","112-30-1","decanol",-1.95860731484178,-0.919814768038946,0.585347522990713,-2.06709591310074,0.227466377022852,"var_MWa",-1.03879254680283,1.03879254680283,TRUE
"112-30-1","112-30-1","decanol",-1.14508697769214,-0.859965600483921,0.585368155370984,-2.00728718501105,0.287355984043208,"var_MWa",-0.285121377208219,0.285121377208219,TRUE
"112-30-1","112-30-1","decanol",-1.04575749056068,-1.02496421682608,0.585368155370984,-2.17228580135321,0.122357367701052,"var_MWa",-0.020793273734603,0.020793273734603,TRUE
"112-30-1","112-30-1","decanol",-1.09691001300806,-1.07372750145451,0.585368155370984,-2.22104908598164,0.07359408307262,"var_MWa",-0.0231825115535511,0.0231825115535511,TRUE
"112-30-1","112-30-1","n-decanol",-1.09691001300806,-0.876242560463305,0.585347522990713,-2.0235237055251,0.271038584598493,"var_MWa",-0.220667452544755,0.220667452544755,TRUE
"112-34-5","112-34-5","diethylene glycol monobutyl ether",-2.23600035701585,-2.84762444015195,0.588967883913476,-4.00200149262236,-1.69324738768154,"var_MWa",0.611624083136098,0.611624083136098,TRUE
"112-34-5","112-34-5","diethylene glycol monobutyl ether",-2.16688305055618,-2.84762444015195,0.588967883913476,-4.00200149262236,-1.69324738768154,"var_MWa",0.680741389595768,0.680741389595768,TRUE
"112-80-1","112-80-1","oleic acid",-2.88605664769316,-1.24124543684477,0.722450115947567,-2.65724766410201,0.174756790412457,"var_MWa",-1.64481121084839,1.64481121084839,FALSE
"117-81-7","117-81-7","bis(2-ethylhexyl)phthalate",-4.09691001300806,-2.73430095044088,0.870102947318691,-4.43970272718551,-1.02889917369624,"var_MWa",-1.36260906256718,1.36260906256718,TRUE
"119-34-6","119-34-6","4-amino-2-nitrophenol",-4.06550154875643,-2.3745222656277,0.573076584222158,-3.49775237070313,-1.25129216055227,"var_MWa",-1.69097928312873,1.69097928312873,FALSE
"119-36-8","119-36-8","methyl salicylate",-1.44369749923271,-1.56628007165208,0.579713257179504,-2.70251805572391,-0.43004208758025,"var_MWa",0.122582572419367,0.122582572419367,TRUE
"119-61-9","119-61-9","benzophenone",-1.24920613319746,-1.47754493373868,0.611670482942614,-2.6764190803062,-0.278670787171155,"var_MWa",0.228338800541218,0.228338800541218,TRUE
"119-61-9","119-61-9","benzophenone",-1.13822159828622,-1.47754493373868,0.611670482942614,-2.6764190803062,-0.278670787171155,"var_MWa",0.339323335452458,0.339323335452458,TRUE
"120-80-9","120-80-9","catechol",-2.51,-2.61804587377692,0.539070019437749,-3.67462311187491,-1.56146863567894,"var_MWa",0.108045873776923,0.108045873776923,TRUE
"120-83-2","120-83-2","2,4-dichlorophenol",-1.14874021557127,-1.43484006659751,0.591199493443593,-2.59359107374695,-0.276089059448066,"var_MWa",0.286099851026239,0.286099851026239,TRUE
"120-83-2","120-83-2","2,4-dichlorophenol",-1.22136169383427,-1.63336039336221,0.591199493443593,-2.79211140051165,-0.474609386212765,"var_MWa",0.411998699527938,0.411998699527938,TRUE
"1219-38-1","1219-38-1","octylparaben",-1.90585161784792,-1.27781531743366,0.68760079535645,-2.6255128763323,0.0698822414649831,"var_MWa",-0.628036300414262,0.628036300414262,TRUE
"122-57-6","122-57-6","benzylideneacetone",-1.40794873077454,-1.63591023249975,0.573975885992915,-2.76090296904586,-0.510917495953632,"var_MWa",0.227961501725206,0.227961501725206,TRUE
"122-57-6","122-57-6","benzylideneacetone",-1.11863375864077,-1.63591023249975,0.573975885992915,-2.76090296904586,-0.510917495953632,"var_MWa",0.517276473858976,0.517276473858976,TRUE
"123-07-9 ","123-07-9 ","p-ethylphenol",-1.46278385671974,-1.64491674812952,0.550473507717883,-2.72384482325657,-0.565988673002465,"var_MWa",0.182132891409776,0.182132891409776,TRUE
"123-31-9","123-31-9","hydroquinone",-5.0301183562535,-2.52746007101045,0.508619541016922,-3.52435437140362,-1.53056577061728,"var_MWa",-2.50265828524305,2.50265828524305,FALSE
"123-31-9","123-31-9","hydroquinone",-1.90385139213331,-2.50122744427564,0.508619541016922,-3.49812174466881,-1.50433314388247,"var_MWa",0.59737605214233,0.59737605214233,TRUE
"123-31-9","123-31-9","hydroquinone",-2.41644259377425,-2.50122744427564,0.508619541016922,-3.49812174466881,-1.50433314388247,"var_MWa",0.0847848505013902,0.0847848505013902,TRUE
"123-31-9","123-31-9","hydroquinone",-2.95,-2.72623586705972,0.508619541016922,-3.72313016745289,-1.72934156666655,"var_MWa",-0.22376413294028,0.22376413294028,TRUE
"124-94-7","124-94-7","triamcinolone",-5.40011692792631,-4.54782693163664,0.885417212396908,-6.28324466793458,-2.8124091953387,"var_MWa",-0.852289996289668,0.852289996289668,TRUE
"131-11-3","131-11-3","dimethyl phthalate",-1.55258483591006,-1.95615389528419,0.624385772242594,-3.17995000887967,-0.732357781688706,"var_MWa",0.40356905937413,0.40356905937413,TRUE
"131-11-3","131-11-3","dimethyl phthalate",-1.64782103953418,-1.95615389528419,0.624385772242594,-3.17995000887967,-0.732357781688706,"var_MWa",0.30833285575001,0.30833285575001,TRUE
"135-19-3","135-19-3","beta-naphthol; 2-naphthol",-1.5543957967264,-1.80874679374139,0.57195637821977,-2.92978129505214,-0.687712292430644,"var_MWa",0.254350997014993,0.254350997014993,TRUE
"135-19-3","135-19-3","beta-naphthol; 2-naphthol",-1.20065945054642,-1.71327389193434,0.571756845533791,-2.83391730918057,-0.592630474688107,"var_MWa",0.512614441387917,0.512614441387917,TRUE
"13523-86-9","13523-86-9","pindolol",-3.70333480973847,-3.19776277601267,0.685783584759106,-4.54189860214052,-1.85362694988483,"var_MWa",-0.505572033725795,0.505572033725795,TRUE
"13655-52-2","13655-52-2","alprenolol",-2.78664164637561,-2.89213078224865,0.687302594598944,-4.23924386766258,-1.54501769683472,"var_MWa",0.105489135873042,0.105489135873042,TRUE
"137-58-6","137-58-6","lidocaine",-2.40120949323688,-2.0885499848638,0.670894300417016,-3.40350281368116,-0.773597156046454,"var_MWa",-0.312659508373075,0.312659508373075,TRUE
"137-58-6","137-58-6","lidocaine",-2.52287874528034,-2.09235862409066,0.670503952334676,-3.40654637066662,-0.778170877514695,"var_MWa",-0.430520121189681,0.430520121189681,TRUE
"137-58-6","137-58-6","lidocaine",-2.52287874528034,-2.09235862409066,0.670503952334676,-3.40654637066662,-0.778170877514695,"var_MWa",-0.430520121189681,0.430520121189681,TRUE
"141-05-9","141-05-9","diethyl maleate",-1.66740097646667,-1.96566956396232,0.600911695862318,-3.14345648785246,-0.787882640072175,"var_MWa",0.298268587495648,0.298268587495648,TRUE
"141-05-9","141-05-9","diethyl maleate",-1.58608416024509,-1.96566956396232,0.600911695862318,-3.14345648785246,-0.787882640072175,"var_MWa",0.379585403717228,0.379585403717228,TRUE
"14199-15-6","14199-15-6","methyl 4-hydroxyphenylacetate",-1.69897000433602,-1.9474350135894,0.594010334711625,-3.11169526962418,-0.783174757554612,"var_MWa",0.248465009253378,0.248465009253378,TRUE
"143-08-8","143-08-8","n-nonanol",-1.22184874961636,-1.01145361442782,0.572993920690293,-2.13452169898079,0.111614470125159,"var_MWa",-0.210395135188545,0.210395135188545,TRUE
"143-08-8","143-08-8","nonanol",-1.22184874961636,-1.18603050120703,0.572735201408769,-2.30859149596822,-0.0634695064458439,"var_MWa",-0.0358182484093279,0.0358182484093279,TRUE
"14371-10-9","14371-10-9","trans-cinnamaldehyde",-1.55307871254876,-1.52009181395347,0.561316325052849,-2.62027181105706,-0.419911816849887,"var_MWa",-0.0329868985952877,0.0329868985952877,TRUE
"14371-10-9","14371-10-9","trans-cinnamaldehyde",-1.38433498624321,-1.52009181395347,0.561316325052849,-2.62027181105706,-0.419911816849887,"var_MWa",0.135756827710262,0.135756827710262,TRUE
"145-13-1","145-13-1","hydroxypregnenolone",-3.22184874961636,-3.20171631155657,0.801087946829146,-4.7718486873417,-1.63158393577144,"var_MWa",-0.0201324380597918,0.0201324380597918,TRUE
"145-13-1","145-13-1","pregnenolone",-2.82390874094432,-2.83994535099441,0.77841484340391,-4.36563844406607,-1.31425225792275,"var_MWa",0.0160366100500902,0.0160366100500902,TRUE
"146-72-5","146-72-5","methylglucose",-3.68026950566978,-3.98444311413611,0.623818535771498,-5.20712744424825,-2.76175878402397,"var_MWa",0.30417360846633,0.30417360846633,TRUE
"1638-22-8","1638-22-8","p-n-butylphenol; 4-butylphenol",-1.11463877996849,-1.15878818778905,0.577744143692966,-2.29116670942726,-0.0264096661508331,"var_MWa",0.0441494078205571,0.0441494078205571,TRUE
"16590-41-3","16590-41-3","naltrexone",-2.6664407795091,-3.02253189613118,0.810234713621409,-4.61059193482914,-1.43447185743321,"var_MWa",0.356091116622075,0.356091116622075,TRUE
"17194-82-0","17194-82-0","alfa-(4-hydroxyphenyl) acetamide",-3.34678748622466,-2.86562484296483,0.578349274529347,-3.99918942104235,-1.73206026488731,"var_MWa",-0.481162643259832,0.481162643259832,TRUE
"18979-50-5","18979-50-5","4-propoxyphenol",-1.82490330536304,-1.66602217902153,0.57988873713935,-2.80260410381465,-0.529440254228398,"var_MWa",-0.158881126341515,0.158881126341515,TRUE
"2152-44-5","2152-44-5","betamethasone-17-valerate",-2.88041422503822,-4.14743250591406,1.01549923780634,-6.13781101201447,-2.15705399981364,"var_MWa",1.26701828087584,1.26701828087584,TRUE
"2203-97-6","2203-97-6","hydrocortisone-21-hemisuccinate",-3.20065945054642,-3.93311940837989,1.00512152144048,-5.90315759040323,-1.96308122635656,"var_MWa",0.732459957833474,0.732459957833474,TRUE
"2493-02-9","2493-02-9","4-bromophenyl isocyanate",-1.84100559902551,-1.46387843995119,0.62868606765282,-2.69610313255072,-0.231653747351665,"var_MWa",-0.377127159074317,0.377127159074317,TRUE
"2493-02-9","2493-02-9","4-bromophenyl isocyanate",-1.75134980127003,-1.46387843995119,0.62868606765282,-2.69610313255072,-0.231653747351665,"var_MWa",-0.287471361318837,0.287471361318837,TRUE
"26839-75-8","26839-75-8","timolol",-3.57016261901271,-2.60062843423542,0.767016517248337,-4.10398080804216,-1.09727606042868,"var_MWa",-0.969534184777293,0.969534184777293,TRUE
"26839-75-8","26839-75-8","timolol",-3.53521248035406,-2.5171237071216,0.767016517248337,-4.02047608092834,-1.01377133331486,"var_MWa",-1.01808877323246,1.01808877323246,TRUE
"2871-01-4","2871-01-4","hc red no. 3; 2-(4-amino-2-nitroanilino)-ethanol",-1.67058885168866,-2.52110880806964,0.626472704515617,-3.74899530892024,-1.29322230721903,"var_MWa",0.850519956380975,0.850519956380975,TRUE
"2871-01-4","2871-01-4","hc red no. 3; 2-(4-amino-2-nitroanilino)-ethanol",-2.32271042397763,-2.52110880806964,0.626472704515617,-3.74899530892024,-1.29322230721903,"var_MWa",0.198398384092005,0.198398384092005,TRUE
"29122-68-7","29122-68-7","atenolol",-3.96657624451305,-3.5470649978208,0.707650888068804,-4.93406073843566,-2.16006925720595,"var_MWa",-0.419511246692246,0.419511246692246,TRUE
"31005-02-4","31005-02-4","7-ethoxycoumarin",-0.781780143112531,-2.1962107878876,0.611516756034983,-3.39478362971617,-0.997637946059037,"var_MWa",1.41443064477507,1.41443064477507,FALSE
"31005-02-4","31005-02-4","7-ethoxycoumarin",-0.919153916982604,-2.1962107878876,0.611516756034983,-3.39478362971617,-0.997637946059037,"var_MWa",1.277056870905,1.277056870905,FALSE
"333-41-5","333-41-5","diazinon",-2.06048074738138,-2.23455414382034,0.758380521060749,-3.72097996509941,-0.748128322541271,"var_MWa",0.174073396438959,0.174073396438959,TRUE
"3360-41-6","3360-41-6","4-phenylbutanol",-1.08092190762393,-1.54607346379455,0.577150495128553,-2.67728843424651,-0.414858493342582,"var_MWa",0.465151556170616,0.465151556170616,TRUE
"3593-96-2","3593-96-2","hydrocortisone-21-hexanoate; hydrocortisone caproate",-2,-3.63529643105712,0.974195310989466,-5.54471924059647,-1.72587362151777,"var_MWa",1.63529643105712,1.63529643105712,TRUE
"3930-20-9","3930-20-9","sotalol",-4.31984585826563,-3.37610910343854,0.713244910206427,-4.77406912744314,-1.97814907943394,"var_MWa",-0.94373675482709,0.94373675482709,TRUE
"3930-20-9","3930-20-9","sotalol",-3.88598470867013,-3.37610910343854,0.713244910206427,-4.77406912744314,-1.97814907943394,"var_MWa",-0.50987560523159,0.50987560523159,TRUE
"3930-20-9","3930-20-9","sotalol",-4.17986287404271,-3.37610910343854,0.713244910206427,-4.77406912744314,-1.97814907943394,"var_MWa",-0.80375377060417,0.80375377060417,TRUE
"42200-33-9","42200-33-9","nadolol",-4.10127481841051,-3.41962703354258,0.762622586686142,-4.91436730344742,-1.92488676363774,"var_MWa",-0.681647784867931,0.681647784867931,TRUE
"437-38-7","437-38-7","fentanyl base",-1.96286612872332,-2.17342219043728,0.803431178002971,-3.7481472993231,-0.598697081551452,"var_MWa",0.210556061713955,0.210556061713955,TRUE
"463-40-1","463-40-1","linolenic acid",-2.431798275933,-1.48168668170779,0.721903247779091,-2.8966170473548,-0.0667563160607672,"var_MWa",-0.950111594225215,0.950111594225215,TRUE
"499-75-2","499-75-2","iso-thymol; carvacrol",-1.25336580106242,-1.27358382566521,0.577745163086315,-2.40596434531439,-0.141203306016038,"var_MWa",0.0202180246027945,0.0202180246027945,TRUE
"50-2-2","50-2-2","dexamethasone",-4.19382002601611,-4.19579023494458,0.888956350271773,-5.93814468147726,-2.45343578841191,"var_MWa",0.00197020892847188,0.00197020892847188,TRUE
"50-22-6","50-22-6","corticosterone",-2.24178591486039,-3.2299633818678,0.841028683002322,-4.87837960055235,-1.58154716318325,"var_MWa",0.988177467007413,0.988177467007413,TRUE
"50-22-6","50-22-6","corticosterone",-2.35454840605954,-3.2299633818678,0.841028683002322,-4.87837960055235,-1.58154716318325,"var_MWa",0.875414975808262,0.875414975808262,TRUE
"50-22-6","50-22-6","corticosterone",-3.16494389827988,-3.25450857831569,0.841028683002322,-4.90292479700024,-1.60609235963114,"var_MWa",0.0895646800358096,0.0895646800358096,TRUE
"50-22-6","50-22-6","corticosterone",-4,-3.37551242991145,0.841028683002322,-5.023928648596,-1.7270962112269,"var_MWa",-0.62448757008855,0.62448757008855,TRUE
"50-22-6","50-22-6","corticosterone",-3.33468369530231,-3.25791365155662,0.841028683002322,-4.90632987024117,-1.60949743287207,"var_MWa",-0.0767700437456895,0.0767700437456895,TRUE
"50-22-6","50-22-6","corticosterone",-3.52287874528034,-3.38252168485034,0.841028683002322,-5.03093790353489,-1.73410546616579,"var_MWa",-0.140357060429998,0.140357060429998,TRUE
"50-22-6","50-22-6","corticosterone",-3.52287874528034,-3.38537495794209,0.840225617227801,-5.03221716770858,-1.7385327481756,"var_MWa",-0.137503787338248,0.137503787338248,TRUE
"50-22-6","50-22-6","corticosterone",-4,-3.37266908649349,0.840225617227801,-5.01951129625998,-1.725826876727,"var_MWa",-0.62733091350651,0.62733091350651,TRUE
"50-22-6","50-22-6","corticosterone",-3.26587485567249,-3.360193629805,0.841028683002322,-5.00860984848955,-1.71177741112045,"var_MWa",0.0943187741325131,0.0943187741325131,TRUE
"50-22-6","50-22-6","corticosterone",-2.58587485567249,-3.20427122451163,0.841028683002322,-4.85268744319618,-1.55585500582708,"var_MWa",0.618396368839137,0.618396368839137,TRUE
"50-22-6","50-22-6","corticosterone",-4.22184874961636,-3.37470507425425,0.841028683002322,-5.0231212929388,-1.7262888555697,"var_MWa",-0.847143675362108,0.847143675362108,TRUE
"50-22-6","50-22-6","corticosterone",-4.67571754470231,-3.38824645311257,0.841028683002322,-5.03666267179712,-1.73983023442802,"var_MWa",-1.28747109158974,1.28747109158974,TRUE
"50-22-6","50-22-6","corticosterone",-3.23418248469008,-3.24671795249106,0.841832516326207,-4.89670968449043,-1.5967262204917,"var_MWa",0.0125354678009821,0.0125354678009821,TRUE
"50-23-7","50-23-7","hydrocortisone",-2.01894154396037,-3.65625420323043,0.791926418501929,-5.20842998349421,-2.10407842296665,"var_MWa",1.63731265927006,1.63731265927006,FALSE
"50-23-7","50-23-7","hydrocortisone",-2.68163603566894,-3.65625420323043,0.791926418501929,-5.20842998349421,-2.10407842296665,"var_MWa",0.974618167561488,0.974618167561488,TRUE
"50-23-7","50-23-7","hydrocortisone",-3.63827216398241,-3.51878651574345,0.791878636575466,-5.07086864343136,-1.96670438805554,"var_MWa",-0.11948564823896,0.11948564823896,TRUE
"50-23-7","50-23-7","hydrocortisone",-3.63870046691906,-3.60911803274666,0.791926418501929,-5.16129381301044,-2.05694225248288,"var_MWa",-0.029582434172398,0.029582434172398,TRUE
"50-23-7","50-23-7","hydrocortisone",-5.52287874528034,-3.75169806532622,0.791926418501929,-5.30387384559,-2.19952228506244,"var_MWa",-1.77118067995412,1.77118067995412,FALSE
"50-23-7","50-23-7","hydrocortisone",-5.52724355068279,-3.76847211314264,0.791926418501929,-5.32064789340642,-2.21629633287886,"var_MWa",-1.75877143754015,1.75877143754015,FALSE
"50-24-8","50-24-8","prednisolone",-4.32790214206428,-3.87120575428539,0.837106669840883,-5.51193482717352,-2.23047668139726,"var_MWa",-0.456696387778887,0.456696387778887,TRUE
"50-27-1","50-27-1","estriol",-4.39794000867204,-3.48315479356728,0.733822923365918,-4.92144772336448,-2.04486186377008,"var_MWa",-0.914785215104759,0.914785215104759,TRUE
"50-28-2","50-28-2","beta-estradiol",-2.38721614328026,-2.557507219205,0.719961135265015,-3.96863104432443,-1.14638339408557,"var_MWa",0.170291075924738,0.170291075924738,TRUE
"50-28-2","50-28-2","beta-estradiol",-2.01233373507373,-2.35293935405553,0.719986937644779,-3.7641137518393,-0.941764956271765,"var_MWa",0.340605618981802,0.340605618981802,TRUE
"50-28-2","50-28-2","beta-estradiol",-3.52287874528034,-2.54237762909786,0.719986937644779,-3.95355202688163,-1.13120323131409,"var_MWa",-0.980501116182482,0.980501116182482,TRUE
"50-28-2","50-28-2","beta-estradiol",-2.28149831113273,-2.43588364628425,0.719986937644779,-3.84705804406801,-1.02470924850048,"var_MWa",0.154385335151518,0.154385335151518,TRUE
"50-28-2","50-28-2","estradiol",-1.98581560249872,-2.43588364628425,0.719986937644779,-3.84705804406801,-1.02470924850048,"var_MWa",0.450068043785528,0.450068043785528,TRUE
"50-28-2","50-28-2","estradiol",-4.69680394257951,-2.37619854655715,0.719986937644779,-3.78737294434092,-0.965024148773383,"var_MWa",-2.32060539602236,2.32060539602236,FALSE
"50-28-2","50-28-2","estradiol",-2.36451625318509,-2.37619854655715,0.719986937644779,-3.78737294434092,-0.965024148773383,"var_MWa",0.0116822933720599,0.0116822933720599,TRUE
"50-28-2","50-28-2","estradiol",-2.38090666937326,-2.557507219205,0.719961135265015,-3.96863104432443,-1.14638339408557,"var_MWa",0.176600549831738,0.176600549831738,TRUE
"50-28-2","50-28-2","estradiol",-2.21324857785444,-2.35279164562937,0.719961135265015,-3.7639154707488,-0.941667820509938,"var_MWa",0.139543067774927,0.139543067774927,TRUE
"50-28-2","50-28-2","estradiol",-2.49485002168009,-2.55765781369584,0.719986937644779,-3.96883221147961,-1.14648341591207,"var_MWa",0.0628077920157484,0.0628077920157484,TRUE
"50-28-2","50-28-2","estradiol",-2.52287874528034,-2.557507219205,0.719961135265015,-3.96863104432443,-1.14638339408557,"var_MWa",0.0346284739246578,0.0346284739246578,TRUE
"50-28-2","50-28-2","estradiol",-2.52287874528034,-2.55626656868471,0.719986937644779,-3.96744096646848,-1.14509217090094,"var_MWa",0.0333878234043712,0.0333878234043712,TRUE
"50-28-2","50-28-2","estradiol",-2.52287874528034,-2.55626656868471,0.719986937644779,-3.96744096646848,-1.14509217090094,"var_MWa",0.0333878234043712,0.0333878234043712,TRUE
"50-28-2","50-28-2","estradiol",-2.08008551934057,-2.37619854655715,0.719986937644779,-3.78737294434092,-0.965024148773383,"var_MWa",0.29611302721658,0.29611302721658,TRUE
"50-28-2","50-28-2","estradiol",-2.34969247686806,-2.43588364628425,0.719986937644779,-3.84705804406801,-1.02470924850048,"var_MWa",0.0861911694161877,0.0861911694161877,TRUE
"50-28-2","50-28-2","estradiol",-2.51173374958299,-2.43588364628425,0.719986937644779,-3.84705804406801,-1.02470924850048,"var_MWa",-0.0758501032987424,0.0758501032987424,TRUE
"51-21-8","51-21-8","5-fluorouracil",-4.52574969288748,-3.46295832154255,0.547456920739225,-4.53597388619144,-2.38994275689367,"var_MWa",-1.06279137134493,1.06279137134493,TRUE
"51-21-8","51-21-8","5-fluorouracil",-4.72894468964132,-3.47113753141907,0.547456920739225,-4.54415309606795,-2.39812196677018,"var_MWa",-1.25780715822225,1.25780715822225,FALSE
"51-21-8","51-21-8","5-fluorouracil",-4.47108329972234,-3.46295832154255,0.547456920739225,-4.53597388619144,-2.38994275689367,"var_MWa",-1.00812497817979,1.00812497817979,TRUE
"51-21-8","51-21-8","5-fluorouracil (+ - + -)",-4.46597389394386,-3.47113753141907,0.547456920739225,-4.54415309606795,-2.39812196677018,"var_MWa",-0.994836362524794,0.994836362524794,TRUE
"512-69-6","512-69-6","raffinose",-4.85472588171206,-4.57164844805588,1.10670074642018,-6.74078191103944,-2.40251498507232,"var_MWa",-0.28307743365618,0.28307743365618,TRUE
"512-69-6","512-69-6","raffinose",-4.29756946355447,-4.74309313226836,1.10670074642018,-6.91222659525191,-2.5739596692848,"var_MWa",0.445523668713887,0.445523668713887,TRUE
"513-85-9","513-85-9","2,3-butanediol",-4.30102999566398,-3.05679056551107,0.510365212800989,-4.05710638260101,-2.05647474842113,"var_MWa",-1.24423943015291,1.24423943015291,FALSE
"51384-51-1","51384-51-1","metoprolol",-3.52461940685664,-3.01015775697822,0.708402474932414,-4.39862660784575,-1.62168890611069,"var_MWa",-0.514461649878418,0.514461649878418,TRUE
"52-39-1","52-39-1","aldosterone",-4.23657200643706,-3.64952384723122,0.836215569832645,-5.28850636410321,-2.01054133035924,"var_MWa",-0.587048159205837,0.587048159205837,TRUE
"52-39-1","52-39-1","aldosterone",-4.74835790885864,-3.54210012676526,0.83614185324405,-5.1809381591236,-1.90326209440693,"var_MWa",-1.20625778209338,1.20625778209338,TRUE
"52-39-1","52-39-1","aldosterone",-4.30102999566398,-3.74040971088823,0.83614185324405,-5.37924774324657,-2.10157167852989,"var_MWa",-0.560620284775751,0.560620284775751,TRUE
"52-39-1","52-39-1","aldosterone",-4.52287874528034,-3.70963521165719,0.836215569832645,-5.34861772852917,-2.0706526947852,"var_MWa",-0.813243533623155,0.813243533623155,TRUE
"52-39-1","52-39-1","aldosterone",-4.52287874528034,-3.54465257243563,0.836215569832645,-5.18363508930762,-1.90567005556365,"var_MWa",-0.978226172844709,0.978226172844709,TRUE
"52-39-1","52-39-1","aldosterone",-4.01233373507373,-3.35873983733563,0.836215569832645,-4.99772235420761,-1.71975732046364,"var_MWa",-0.653593897738101,0.653593897738101,TRUE
"53-06-5","53-06-5","cortisone",-3.82390874094432,-3.66879588603603,0.833207838396789,-5.30188324929373,-2.03570852277832,"var_MWa",-0.155112854908293,0.155112854908293,TRUE
"53-06-5","53-06-5","cortisone",-5,-3.82071961791254,0.833207838396789,-5.45380698117025,-2.18763225465484,"var_MWa",-1.17928038208746,1.17928038208746,TRUE
"53-16-7","53-16-7","estrone",-2.44369749923271,-2.99395977956639,0.712825720463862,-4.39109819167556,-1.59682136745723,"var_MWa",0.550262280333684,0.550262280333684,TRUE
"53-96-3","53-96-3","2-(acetylamino)fluorene",-1.16052197602182,-2.4805670646112,0.648603594597394,-3.75183011002209,-1.20930401920031,"var_MWa",1.32004508858938,1.32004508858938,FALSE
"53-96-3","53-96-3","2-(acetylamino)fluorene",-1.10756666442663,-2.4805670646112,0.648603594597394,-3.75183011002209,-1.20930401920031,"var_MWa",1.37300040018457,1.37300040018457,FALSE
"533-73-3","533-73-3","1,2,4-benzenetriol",-3.9,-2.73947509456266,0.549451610956273,-3.81640025203695,-1.66254993708836,"var_MWa",-1.16052490543734,1.16052490543734,FALSE
"53535-33-4","53535-33-4","heptanol",-1.42481215507234,-1.38640687476798,0.547534411780885,-2.45957432185852,-0.313239427677449,"var_MWa",-0.0384052803043555,0.0384052803043555,TRUE
"53535-33-4","53535-33-4","heptanol",-1.49485002168009,-1.4612046600579,0.547534411780885,-2.53437210714844,-0.388037212967367,"var_MWa",-0.0336453616221872,0.0336453616221872,TRUE
"53535-33-4","53535-33-4","n-heptanol",-1.49485002168009,-1.26886518522017,0.547534411780885,-2.3420326323107,-0.195697738129631,"var_MWa",-0.225984836459924,0.225984836459924,TRUE
"554-84-7","554-84-7","m-nitrophenol; 3-nitrophenol",-2.24848294855394,-2.06164863718647,0.566779561217237,-3.17253657717225,-0.950760697200685,"var_MWa",-0.18683431136747,0.18683431136747,TRUE
"56-81-5","56-81-5","glycerol",-4.56863623584101,-3.46243504277674,0.51501047169363,-4.47185556729625,-2.45301451825722,"var_MWa",-1.10620119306427,1.10620119306427,FALSE
"56-81-5","56-81-5","glycerol",-3.00594693641232,-3.50587461380413,0.514917129282889,-4.5151121871986,-2.49663704040967,"var_MWa",0.499927677391814,0.499927677391814,TRUE
"56030-54-7","56030-54-7","sufentanil base",-1.81815641205523,-2.74487957231495,0.873521374333723,-4.45698146600905,-1.03277767862085,"var_MWa",0.926723160259721,0.926723160259721,TRUE
"57-13-6","57-13-6","urea",-3.82973828460504,-3.55332119171039,0.505316209998382,-4.54374096330722,-2.56290142011356,"var_MWa",-0.276417092894647,0.276417092894647,TRUE
"57-13-6","57-13-6","urea",-3.95233580539844,-3.48903614160239,0.505316209998382,-4.47945591319922,-2.49861637000556,"var_MWa",-0.463299663796048,0.463299663796048,TRUE
"57-13-6","57-13-6","urea",-3.92564441915299,-3.56688491261696,0.505316209998382,-4.55730468421379,-2.57646514102013,"var_MWa",-0.358759506536026,0.358759506536026,TRUE
"57-13-6","57-13-6","urea",-3.69494112531286,-3.65769242510801,0.505316209998382,-4.64811219670484,-2.66727265351118,"var_MWa",-0.0372487002048532,0.0372487002048532,TRUE
"57-13-6","57-13-6","urea",-3.55495653854982,-3.53567739188806,0.505316209998382,-4.52609716348489,-2.54525762029123,"var_MWa",-0.0192791466617623,0.0192791466617623,TRUE
"57-13-6","57-13-6","urea",-3.5970511706556,-3.56688491261696,0.505316209998382,-4.55730468421379,-2.57646514102013,"var_MWa",-0.0301662580386357,0.0301662580386357,TRUE
"57-13-6","57-13-6","urea",-3.55720677406023,-3.56688491261696,0.505316209998382,-4.55730468421379,-2.57646514102013,"var_MWa",0.00967813855673416,0.00967813855673416,TRUE
"57-50-1","57-50-1","sucrose",-5.0268721464003,-4.96358824056225,0.810466989699927,-6.55210354037411,-3.3750729407504,"var_MWa",-0.0632839058380466,0.0632839058380466,TRUE
"57-50-1","57-50-1","sucrose",-5.2839966563652,-5.10054530270362,0.810466989699927,-6.68906060251547,-3.51203000289176,"var_MWa",-0.183451353661583,0.183451353661583,TRUE
"57-50-1","57-50-1","sucrose",-4.76200316671127,-4.96358824056225,0.810466989699927,-6.55210354037411,-3.3750729407504,"var_MWa",0.201585073850984,0.201585073850984,TRUE
"57-50-1","57-50-1","sucrose",-4.26905630657226,-4.96358824056225,0.810466989699927,-6.55210354037411,-3.3750729407504,"var_MWa",0.694531933989993,0.694531933989993,TRUE
"57-50-1","57-50-1","sucrose",-4.36451625318509,-4.96358824056225,0.810466989699927,-6.55210354037411,-3.3750729407504,"var_MWa",0.599071987377163,0.599071987377163,TRUE
"57-50-1","57-50-1","sucrose",-3.13406733180681,-4.96358824056225,0.810466989699927,-6.55210354037411,-3.3750729407504,"var_MWa",1.82952090875544,1.82952090875544,FALSE
"57-83-0","57-83-0","progesterone",-1.52287874528034,-2.49831986329448,0.769360248770039,-4.00626595088375,-0.990373775705201,"var_MWa",0.975441118014138,0.975441118014138,TRUE
"57-83-0","57-83-0","progesterone",-1.70344032687277,-2.42844322705674,0.769414150796467,-3.93649496261781,-0.920391491495663,"var_MWa",0.725002900183967,0.725002900183967,TRUE
"57-83-0","57-83-0","progesterone",-1.88605664769316,-2.59828116376521,0.769414150796467,-4.10633289932628,-1.09022942820413,"var_MWa",0.712224516072047,0.712224516072047,TRUE
"57-83-0","57-83-0","progesterone",-1.69897000433602,-2.67487588040101,0.769360248770039,-4.18282196799029,-1.16692979281173,"var_MWa",0.975905876064989,0.975905876064989,TRUE
"57-83-0","57-83-0","progesterone",-2.82390874094432,-2.58359808206906,0.769414150796467,-4.09164981763013,-1.07554634650798,"var_MWa",-0.240310658875261,0.240310658875261,TRUE
"58-08-2","58-08-2","caffeine",-3.80687540164554,-3.37004897519574,0.613446632748922,-4.57240437538363,-2.16769357500786,"var_MWa",-0.436826426449795,0.436826426449795,TRUE
"58-08-2","58-08-2","caffeine",-4.58586563707645,-3.49304714786788,0.613446632748922,-4.69540254805576,-2.29069174767999,"var_MWa",-1.09281848920857,1.09281848920857,TRUE
"58-08-2","58-08-2","caffeine",-1.60220380347052,-3.46420534507004,0.613446632748922,-4.66656074525792,-2.26184994488215,"var_MWa",1.86200154159952,1.86200154159952,FALSE
"58-08-2","58-08-2","caffeine",-2.60631808276205,-3.46420534507004,0.613446632748922,-4.66656074525792,-2.26184994488215,"var_MWa",0.857887262307986,0.857887262307986,TRUE
"58-08-2","58-08-2","caffeine",-4.15490195998574,-3.49035477522928,0.613440170030338,-4.69269750848874,-2.28801204196982,"var_MWa",-0.664547184756461,0.664547184756461,TRUE
"58-08-2","58-08-2","caffeine",-3.69897000433602,-3.45883583639788,0.613446632748922,-4.66119123658577,-2.25648043621,"var_MWa",-0.240134167938138,0.240134167938138,TRUE
"58-22-0","58-22-0","testosterone",-2.0571655062299,-2.52158362647324,0.748969787034816,-3.98956440906148,-1.053602843885,"var_MWa",0.464418120243344,0.464418120243344,TRUE
"58-22-0","58-22-0","testosterone",-2.04694894237348,-2.44640903176812,0.74896980092292,-3.91438984157704,-0.978428221959193,"var_MWa",0.399460089394637,0.399460089394637,TRUE
"58-22-0","58-22-0","testosterone",-1.64633962279966,-2.5417302273036,0.748969787034816,-4.00971100989184,-1.07374944471536,"var_MWa",0.895390604503939,0.895390604503939,TRUE
"58-22-0","58-22-0","testosterone",-1.41570671752568,-2.49851788718288,0.748969787034816,-3.96649866977112,-1.03053710459464,"var_MWa",1.0828111696572,1.0828111696572,TRUE
"58-22-0","58-22-0","testosterone",-2.27083521030723,-2.65122126871165,0.748969787034816,-4.11920205129989,-1.18324048612341,"var_MWa",0.380386058404421,0.380386058404421,TRUE
"58-22-0","58-22-0","testosterone",-2.38875983135141,-2.45250767746752,0.74894201134166,-3.92043401969717,-0.984581335237866,"var_MWa",0.0637478461161094,0.0637478461161094,TRUE
"58-22-0","58-22-0","testosterone",-2.65757731917779,-2.60407372071128,0.74894201134166,-4.07200006294094,-1.13614737848163,"var_MWa",-0.0535035984665062,0.0535035984665062,TRUE
"58-22-0","58-22-0","testosterone",-2.65757731917779,-2.59883204687622,0.748386713741828,-4.0656700058102,-1.13199408794224,"var_MWa",-0.0587452723015716,0.0587452723015716,TRUE
"58-22-0","58-22-0","testosterone",-2.65757731917779,-2.59883204687622,0.748386713741828,-4.0656700058102,-1.13199408794224,"var_MWa",-0.0587452723015716,0.0587452723015716,TRUE
"58-22-0","58-22-0","testosterone",-3.39794000867204,-2.58835135809896,0.74894201134166,-4.05627770032862,-1.12042501586931,"var_MWa",-0.809588650573075,0.809588650573075,TRUE
"58-22-0","58-22-0","testosterone",-3.06752623532285,-2.60407372071128,0.74894201134166,-4.07200006294094,-1.13614737848163,"var_MWa",-0.463452514611566,0.463452514611566,TRUE
"58-22-0","58-22-0","testosterone",-2.13194363817696,-2.44358067575873,0.748386713741828,-3.91041863469271,-0.976742716824744,"var_MWa",0.311637037581766,0.311637037581766,TRUE
"58-54-8","58-54-8","ethacrynic acid",-3.82390874094432,-2.55479127642298,0.749101561465818,-4.02303033689598,-1.08655221594998,"var_MWa",-1.26911746452134,1.26911746452134,TRUE
"59-05-2","59-05-2","methotrexate",-3.40160112979023,-4.91910489263577,0.966404663619782,-6.81325803333054,-3.024951751941,"var_MWa",1.51750376284554,1.51750376284554,TRUE
"59-50-7","59-50-7","chlorocresol",-1.26406804435028,-1.59716142985571,0.571136191079379,-2.7165883643713,-0.47773449534013,"var_MWa",0.333093385505433,0.333093385505433,TRUE
"59-50-7","59-50-7","chlorocresol",-1.65255620893436,-1.55066941357632,0.571533164325567,-2.67087441565443,-0.430464411498205,"var_MWa",-0.101886795358043,0.101886795358043,TRUE
"60-12-8","60-12-8","2-phenylethanol",-1.25963731050576,-1.85794839379261,0.549993708862767,-2.93593606316364,-0.77996072442159,"var_MWa",0.598311083286852,0.598311083286852,TRUE
"60-12-8","60-12-8","2-phenylethanol",-2.11527250510331,-2.00525759909238,0.550032197596694,-3.0833207063819,-0.927194491802863,"var_MWa",-0.110014906010927,0.110014906010927,TRUE
"610-81-1","610-81-1","4-amino-3-nitrophenol",-2.1297393876227,-2.37809650757968,0.582684228637011,-3.52015759570822,-1.23603541945114,"var_MWa",0.248357119956981,0.248357119956981,TRUE
"610-81-1","610-81-1","4-amino-3-nitrophenol",-2.26671923730847,-2.37809650757968,0.582684228637011,-3.52015759570822,-1.23603541945114,"var_MWa",0.111377270271211,0.111377270271211,TRUE
"614-18-6","614-18-6","nicotinate, ethyl",-3.10790539730952,-1.95906408656484,0.572679115452337,-3.08151515285142,-0.836613020278261,"var_MWa",-1.14884131074468,1.14884131074468,FALSE
"614-18-6","614-18-6","nicotinate, ethyl",-3.08618614761628,-1.98273464606408,0.572679115452337,-3.10518571235066,-0.860283579777496,"var_MWa",-1.1034515015522,1.1034515015522,TRUE
"623-05-2","623-05-2","4-hydroxybenzyl alcohol",-2.69897000433602,-2.35284237906384,0.551987780352842,-3.43473842855541,-1.27094632957227,"var_MWa",-0.346127625272178,0.346127625272178,TRUE
"63-36-5","63-36-5","salicylate",-3.96686900819185,-2.61154409131217,0.559107068406888,-3.70739394538967,-1.51569423723467,"var_MWa",-1.35532491687968,1.35532491687968,FALSE
"64-17-5","64-17-5","ethanol",-2.72124639904717,-2.97809175770692,0.487379906821752,-3.93335637507755,-2.02282714033628,"var_MWa",0.256845358659747,0.256845358659747,TRUE
"64-17-5","64-17-5","ethanol",-3.09691001300806,-2.94927381207666,0.487379906821752,-3.9045384294473,-1.99400919470603,"var_MWa",-0.147636200931398,0.147636200931398,TRUE
"64-17-5","64-17-5","ethanol",-3.09691001300806,-3.12495854237492,0.487322363220447,-4.08011037428699,-2.16980671046284,"var_MWa",0.0280485293668584,0.0280485293668584,TRUE
"64-19-7","64-19-7","acetic acid",-2.77786589964853,-2.79029003789922,0.494803652291888,-3.76010519639132,-1.82047487940712,"var_MWa",0.0124241382506893,0.0124241382506893,TRUE
"64-85-7","64-85-7","cortexone",-3.34678748622466,-2.76673414574756,0.792894266990977,-4.32080690904988,-1.21266138244525,"var_MWa",-0.580053340477098,0.580053340477098,TRUE
"65-85-0","65-85-0","benzoic acid",-2.11918640771921,-1.96506133675856,0.551487804839924,-3.04597743424481,-0.884145239272307,"var_MWa",-0.154125070960651,0.154125070960651,TRUE
"65-85-0","65-85-0","benzoic acid",-1.50863830616573,-1.90065976500175,0.551487804839924,-2.981575862488,-0.819743667515498,"var_MWa",0.392021458836019,0.392021458836019,TRUE
"65-85-0","65-85-0","benzoic acid",-1.50863830616573,-1.90065976500175,0.551487804839924,-2.981575862488,-0.819743667515498,"var_MWa",0.392021458836019,0.392021458836019,TRUE
"66-27-3","66-27-3","methyl methanesulfonate",-1.91205408690953,-2.65247534065451,0.53615255400523,-3.70333434650476,-1.60161633480426,"var_MWa",0.740421253744977,0.740421253744977,TRUE
"66-27-3","66-27-3","methyl methanesulfonate",-2.06776764179179,-2.65247534065451,0.53615255400523,-3.70333434650476,-1.60161633480426,"var_MWa",0.584707698862717,0.584707698862717,TRUE
"6677-98-1","6677-98-1","hydrocortisone-21-propionate",-2.46852108295775,-3.77658699543072,0.916316818951969,-5.57256796057658,-1.98060603028486,"var_MWa",1.30806591247297,1.30806591247297,TRUE
"67-56-1","67-56-1","methanol",-3.30102999566398,-3.12143136542185,0.475283080968973,-4.05298620412103,-2.18987652672266,"var_MWa",-0.179598630242134,0.179598630242134,TRUE
"67-56-1","67-56-1","methanol",-3.30102999566398,-3.28780976342175,0.475250940384614,-4.2193016065756,-2.35631792026791,"var_MWa",-0.0132202322422268,0.0132202322422268,TRUE
"67-56-1","67-56-1","methanol",-2.79588001734407,-3.21191316447073,0.475250940384614,-4.14340500762457,-2.28042132131689,"var_MWa",0.416033147126659,0.416033147126659,TRUE
"68-96-2","68-96-2","17-alfa-hydroxyprogesterone",-3.22184874961636,-3.55035321666217,0.794018832122103,-5.10663012762149,-1.99407630570284,"var_MWa",0.328504467045805,0.328504467045805,TRUE
"69-29-7","69-29-7","ethyl ether",-1.79588001734408,-2.27532811163583,0.505263416981433,-3.26564440891944,-1.28501181435222,"var_MWa",0.479448094291754,0.479448094291754,TRUE
"69-65-8","69-65-8","mannitol",-4.72681868815271,-4.05998688463714,0.612359574723728,-5.26021165109564,-2.85976211817863,"var_MWa",-0.666831803515572,0.666831803515572,TRUE
"69-65-8","69-65-8","mannitol",-4,-4.48290612383035,0.612391381146929,-5.68319323087833,-3.28261901678237,"var_MWa",0.482906123830349,0.482906123830349,TRUE
"69-65-8","69-65-8","mannitol",-4.68257958814785,-3.9816063261929,0.612179369526836,-5.1814778904655,-2.7817347619203,"var_MWa",-0.700973261954952,0.700973261954952,TRUE
"69-65-8","69-65-8","mannitol",-4.45692576496647,-3.98208565812907,0.612391381146929,-5.18237276517705,-2.78179855108109,"var_MWa",-0.474840106837402,0.474840106837402,TRUE
"69-65-8","69-65-8","mannitol",-4.77257756999574,-4.46710630192233,0.612391381146929,-5.66739340897031,-3.26681919487435,"var_MWa",-0.305471268073407,0.305471268073407,TRUE
"69-65-8","69-65-8","mannitol",-4.43830246734601,-3.98208565812907,0.612391381146929,-5.18237276517705,-2.78179855108109,"var_MWa",-0.456216809216942,0.456216809216942,TRUE
"69-65-8","69-65-8","mannitol",-4.18810341360238,-4.51345110496416,0.612391381146929,-5.71373821201214,-3.31316399791618,"var_MWa",0.325347691361778,0.325347691361778,TRUE
"69-65-8","69-65-8","mannitol",-4.00436480540245,-4.38224634639537,0.612391381146929,-5.58253345344335,-3.18195923934739,"var_MWa",0.37788154099292,0.37788154099292,TRUE
"69-65-8","69-65-8","mannitol",-3.97265039222524,-4.53681112217439,0.612391381146929,-5.73709822922237,-3.33652401512641,"var_MWa",0.56416072994915,0.56416072994915,TRUE
"69-65-8","69-65-8","mannitol",-3.1536628878702,-3.9816063261929,0.612179369526836,-5.1814778904655,-2.7817347619203,"var_MWa",0.827943438322698,0.827943438322698,TRUE
"69-72-7","69-72-7","salicylic acid",-3.03151705144606,-1.97764116876628,0.56151047465771,-3.07820169909539,-0.877080638437167,"var_MWa",-1.05387588267978,1.05387588267978,TRUE
"69-72-7","69-72-7","salicylic acid",-1.34678748622466,-2.00594567599847,0.56151047465771,-3.10650620632758,-0.905385145669356,"var_MWa",0.659158189773807,0.659158189773807,TRUE
"71-23-8","71-23-8","n-propanol",-2.92081875395238,-2.78646484053087,0.499236963018133,-3.76496928804641,-1.80796039301533,"var_MWa",-0.134353913421511,0.134353913421511,TRUE
"71-23-8","71-23-8","propanol",-2.76955107862173,-2.88994587224455,0.499161187983484,-3.86830180069218,-1.91158994379692,"var_MWa",0.120394793622818,0.120394793622818,TRUE
"71-23-8","71-23-8","propanol",-2.92081875395238,-2.96542695925678,0.499161187983484,-3.94378288770441,-1.98707103080915,"var_MWa",0.0446082053043981,0.0446082053043981,TRUE
"71-36-3","71-36-3","butanol",-2.52287874528034,-2.12738714617906,0.508628701927886,-3.12429940195771,-1.1304748904004,"var_MWa",-0.395491599101282,0.395491599101282,TRUE
"71-36-3","71-36-3","butanol",-2.10237290870956,-2.05956427915879,0.508628701927886,-3.05647653493744,-1.06265202338013,"var_MWa",-0.0428086295507732,0.0428086295507732,TRUE
"71-36-3","71-36-3","butanol",-2.65757731917779,-2.19633856513114,0.508628701927886,-3.1932508209098,-1.19942630935249,"var_MWa",-0.461238754046648,0.461238754046648,TRUE
"71-36-3","71-36-3","butanol",-2.65757731917779,-2.1963914261582,0.508646220947288,-3.19333801921488,-1.19944483310152,"var_MWa",-0.46118589301959,0.46118589301959,TRUE
"71-36-3","71-36-3","butanol",-2.60205999132796,-2.19633856513114,0.508628701927886,-3.1932508209098,-1.19942630935249,"var_MWa",-0.405721426196818,0.405721426196818,TRUE
"71-36-3","71-36-3","n-butanol",-2.60205999132796,-2.03279578654487,0.508646220947288,-3.02974237960155,-1.03584919348819,"var_MWa",-0.56926420478309,0.56926420478309,TRUE
"71-41-0","71-41-0","n-pentanol",-2.22184874961636,-1.78506861102045,0.51937210101697,-2.80303792901371,-0.767099293027187,"var_MWa",-0.436780138595913,0.436780138595913,TRUE
"71-41-0","71-41-0","pentanol",-2.22184874961636,-1.96277276974918,0.519417107246795,-2.9808302999529,-0.944715239545463,"var_MWa",-0.259075979867179,0.259075979867179,TRUE
"71-43-0","71-43-0","benzene",-0.954285941059132,-1.35190556349881,0.508751249041198,-2.34905801161956,-0.354753115378062,"var_MWa",0.397619622439677,0.397619622439677,TRUE
"71-43-0","71-43-0","benzene",-0.795880017344075,-1.44497757246923,0.508751249041198,-2.44213002058998,-0.447825124348487,"var_MWa",0.649097555125159,0.649097555125159,TRUE
"71-91-0","71-91-0","tetraethylammonium",-3.25387553642834,-5.16956140810263,0.535135942782177,-6.2184278559557,-4.12069496024956,"var_MWa",1.91568587167429,1.91568587167429,FALSE
"71-91-0","71-91-0","tetraethylammonium bromide (+)",-3.36815053784018,-5.07587423015386,0.53508342834147,-6.12463774970314,-4.02711071060458,"var_MWa",1.70772369231368,1.70772369231368,FALSE
"76-25-5","76-25-5","triamcinolone acetonide",-3.40230481407449,-4.64087498024279,0.95571706879174,-6.5140804350746,-2.76766952541098,"var_MWa",1.2385701661683,1.2385701661683,TRUE
"76-25-5","76-25-5","triamcinolone acetonide",-4.70663744528855,-4.82514288988472,0.95571706879174,-6.69834834471654,-2.95193743505291,"var_MWa",0.118505444596174,0.118505444596174,TRUE
"76180-96-6","76180-96-6","3-methyl-3h-imidazo[4,5-f]quinolin-2-amine",-2.07218350508968,-3.41226261126243,0.623402710699825,-4.63413192423409,-2.19039329829077,"var_MWa",1.34007910617275,1.34007910617275,FALSE
"76180-96-6","76180-96-6","3-methyl-3h-imidazo[4,5-f]quinolin-2-amine",-2.43056359552234,-3.41226261126243,0.623402710699825,-4.63413192423409,-2.19039329829077,"var_MWa",0.981699015740089,0.981699015740089,TRUE
"7732-18-5","7732-18-5","water",-2.80687540164554,-3.6369399364191,0.471881654512205,-4.56182797926302,-2.71205189357518,"var_MWa",0.830064534773558,0.830064534773558,TRUE
"7732-18-5","7732-18-5","water",-2.98540960554622,-3.6369399364191,0.471881654512205,-4.56182797926302,-2.71205189357518,"var_MWa",0.651530330872878,0.651530330872878,TRUE
"7732-18-5","7732-18-5","water",-2.80966830182971,-3.60353513534683,0.471881654512205,-4.52842317819075,-2.67864709250291,"var_MWa",0.793866833517122,0.793866833517122,TRUE
"7732-18-5","7732-18-5","water",-3.14997431819434,-3.60352835189253,0.471896867797255,-4.52844621277515,-2.67861049100991,"var_MWa",0.453554033698192,0.453554033698192,TRUE
"7732-18-5","7732-18-5","water",-3.07058107428571,-3.6369399364191,0.471881654512205,-4.56182797926302,-2.71205189357518,"var_MWa",0.566358862133388,0.566358862133388,TRUE
"7732-18-5","7732-18-5","water",-3.24233473501217,-3.60353513534683,0.471881654512205,-4.52842317819075,-2.67864709250291,"var_MWa",0.361200400334662,0.361200400334662,TRUE
"7732-18-5","7732-18-5","water",-3.45621525646938,-3.60353513534683,0.471881654512205,-4.52842317819075,-2.67864709250291,"var_MWa",0.147319878877452,0.147319878877452,TRUE
"7732-18-5","7732-18-5","water",-3.27134965805094,-3.60353513534683,0.471881654512205,-4.52842317819075,-2.67864709250291,"var_MWa",0.332185477295893,0.332185477295893,TRUE
"7732-18-5","7732-18-5","water",-3.15476521541715,-3.62021006477991,0.471881654512205,-4.54509810762383,-2.69532202193599,"var_MWa",0.465444849362758,0.465444849362758,TRUE
"7732-18-5","7732-18-5","water",-3.52287874528034,-3.72142626916355,0.471881654512205,-4.64631431200747,-2.79653822631963,"var_MWa",0.19854752388321,0.19854752388321,TRUE
"7732-18-5","7732-18-5","water",-3.5,-3.72142626916355,0.471881654512205,-4.64631431200747,-2.79653822631963,"var_MWa",0.22142626916355,0.22142626916355,TRUE
"78-93-3","78-93-3","2-butanone",-2.34678748622466,-2.51586610858721,0.504951581335535,-3.50557120800486,-1.52616100916956,"var_MWa",0.16907862236255,0.16907862236255,TRUE
"84-66-2","84-66-2","diethyl phthalate",-1.70509308939481,-1.74300726113807,0.655526782407609,-3.02783975465699,-0.45817476761916,"var_MWa",0.037914171743263,0.037914171743263,TRUE
"87-66-1","87-66-1","pyrogallol",-2.81,-2.69077219147077,0.554325991266713,-3.77725113435353,-1.60429324858801,"var_MWa",-0.119227808529229,0.119227808529229,TRUE
"88-04-0","88-04-0","chloroxylenol",-1.22875360095283,-1.62026591604371,0.584496388785676,-2.76587883806363,-0.474652994023782,"var_MWa",0.391512315090878,0.391512315090878,TRUE
"88-04-0","88-04-0","chloroxylenol",-1.09474395125155,-1.52138687059049,0.583885047083871,-2.66580156287487,-0.3769721783061,"var_MWa",0.426642919338937,0.426642919338937,TRUE
"88-06-2","88-06-2","2,4,6-trichlorophenol",-1.23275783168158,-1.62210216055566,0.627312084959241,-2.85163384707577,-0.392570474035544,"var_MWa",0.389344328874077,0.389344328874077,TRUE
"88-18-6","88-18-6","o-t-butylphenol",-1.12842706445412,-1.26366957748289,0.577689199432111,-2.39594040836983,-0.131398746595956,"var_MWa",0.135242513028774,0.135242513028774,TRUE
"89-83-8","89-83-8","thymol; 2-isopropyl-5-methylphenol",-1.27607480270083,-1.44511838438922,0.578919512064067,-2.57980062803479,-0.310436140743654,"var_MWa",0.169043581688394,0.169043581688394,TRUE
"89-83-8","89-83-8","thymol; 2-isopropyl-5-methylphenol",-1.21324857785444,-1.33797722095234,0.578919512064067,-2.47265946459791,-0.20329497730677,"var_MWa",0.1247286430979,0.1247286430979,TRUE
"90-15-3","90-15-3","naphthol",-1.58502665202918,-1.65591730751955,0.573034713353013,-2.77906534569145,-0.53276926934764,"var_MWa",0.0708906554903654,0.0708906554903654,TRUE
"90-15-3","90-15-3","naphthol",-1.52287874528034,-1.65591730751955,0.573034713353013,-2.77906534569145,-0.53276926934764,"var_MWa",0.133038562239205,0.133038562239205,TRUE
"91-20-3","91-20-3","naphthalene",-1.55111528700206,-1.15643131976547,0.554883343704557,-2.2440026734264,-0.0688599661045379,"var_MWa",-0.394683967236589,0.394683967236589,TRUE
"91-20-3","91-20-3","naphthalene",-1.78220214249451,-1.15643131976547,0.554883343704557,-2.2440026734264,-0.0688599661045379,"var_MWa",-0.62577082272904,0.62577082272904,TRUE
"92-48-8","92-48-8","6-methylcoumarin",-1.18136926112576,-2.21666070849743,0.583345784174926,-3.36001844548028,-1.07330297151457,"var_MWa",1.03529144737167,1.03529144737167,TRUE
"92-48-8","92-48-8","6-methylcoumarin",-1.331936361143,-2.21666070849743,0.583345784174926,-3.36001844548028,-1.07330297151457,"var_MWa",0.884724347354429,0.884724347354429,TRUE
"93-60-7","93-60-7","nicotinate, methyl",-3.30980391997149,-2.14232546565592,0.557328033333674,-3.23468841098992,-1.04996252032192,"var_MWa",-1.16747845431557,1.16747845431557,FALSE
"93-60-7","93-60-7","nicotinate, methyl",-3.27572413039921,-2.15461019181444,0.557328033333674,-3.24697313714844,-1.06224724648044,"var_MWa",-1.12111393858477,1.12111393858477,FALSE
"937-20-2","937-20-2","2,4-dichloroacetophenone",-0.743772935647774,-2.16370669846907,0.614173893508988,-3.36748752974668,-0.959925867191451,"var_MWa",1.41993376282129,1.41993376282129,FALSE
"937-20-2","937-20-2","2,4-dichloroacetophenone",-1.86052608660328,-2.16370669846907,0.614173893508988,-3.36748752974668,-0.959925867191451,"var_MWa",0.303180611865786,0.303180611865786,TRUE
"94-13-3","94-13-3","propylparaben",-1.67615465544754,-1.63615789316792,0.609740994235893,-2.83125024187027,-0.441065544465566,"var_MWa",-0.0399967622796231,0.0399967622796231,TRUE
"94-13-3","94-13-3","propylparaben",-1.26606734367858,-1.70389708373656,0.609740994235893,-2.89898943243891,-0.508804735034207,"var_MWa",0.437829740057978,0.437829740057978,TRUE
"94-13-3","94-13-3","propylparaben",-1.20290590120029,-1.70389708373656,0.609740994235893,-2.89898943243891,-0.508804735034207,"var_MWa",0.500991182536268,0.500991182536268,TRUE
"94-26-8","94-26-8","butylparaben",-0.981299501333757,-1.41830297922419,0.624327778608716,-2.64198542529727,-0.194620533151104,"var_MWa",0.437003477890429,0.437003477890429,TRUE
"94-26-8","94-26-8","butylparaben",-1.15242734085789,-1.48724931883216,0.624294886110094,-2.71086729560795,-0.263631342056379,"var_MWa",0.334821977974273,0.334821977974273,TRUE
"95-48-7","95-48-7","o-cresol",-1.80172783601759,-1.87126534804875,0.537329389629087,-2.92443095172176,-0.81809974437574,"var_MWa",0.0695375120311594,0.0695375120311594,TRUE
"95-54-5","95-54-5","o-phenylenediamine",-3.34678748622466,-2.50336399133253,0.533716114604657,-3.54944757595766,-1.4572804067074,"var_MWa",-0.843423494892131,0.843423494892131,TRUE
"95-57-8","95-57-8","o-chlorophenol",-1.48044892137827,-1.82818571054558,0.556267057099278,-2.91846914246017,-0.737902278630999,"var_MWa",0.347736789167314,0.347736789167314,TRUE
"95-65-8","95-65-8","3,4-xylenol",-1.44278385671974,-1.74972244498385,0.550242778476806,-2.82819829079838,-0.671246599169306,"var_MWa",0.306938588264105,0.306938588264105,TRUE
"97-00-7","97-00-7","2,4-dinitrochlorobenzene",-1.57500847696703,-1.90847921012517,0.633571635571093,-3.15027961584451,-0.666678804405825,"var_MWa",0.333470733158137,0.333470733158137,TRUE
"97-00-7","97-00-7","2,4-dinitrochlorobenzene",-1.50012264373278,-1.90847921012517,0.633571635571093,-3.15027961584451,-0.666678804405825,"var_MWa",0.408356566392387,0.408356566392387,TRUE
"97-53-0","97-53-0","eugenol",-1.592980675785,-1.65759408579963,0.593171739890695,-2.82021069598539,-0.494977475613864,"var_MWa",0.0646134100146261,0.0646134100146261,TRUE
"97-53-0","97-53-0","eugenol",-1.555243965633,-1.65759408579963,0.593171739890695,-2.82021069598539,-0.494977475613864,"var_MWa",0.102350120166626,0.102350120166626,TRUE
"97-54-1","97-54-1","isoeugenol",-1.74568406057766,-1.56310270526541,0.593056960403053,-2.7254943476554,-0.40071106287543,"var_MWa",-0.182581355312246,0.182581355312246,TRUE
"97-54-1","97-54-1","isoeugenol",-1.41300909711301,-1.56310270526541,0.593056960403053,-2.7254943476554,-0.40071106287543,"var_MWa",0.150093608152404,0.150093608152404,TRUE
"98-86-2","98-86-2","acetophenone",-1.62740828480895,-1.76503761402729,0.549707805425813,-2.84246491266188,-0.687610315392694,"var_MWa",0.137629329218337,0.137629329218337,TRUE
"98-86-2","98-86-2","acetophenone",-1.56017144166374,-1.76503761402729,0.549707805425813,-2.84246491266188,-0.687610315392694,"var_MWa",0.204866172363547,0.204866172363547,TRUE
"99-76-3","99-76-3","methylparaben",-1.67358220444561,-1.9583218879858,0.582776148721665,-3.10056313948027,-0.81608063649134,"var_MWa",0.284739683540193,0.284739683540193,TRUE
"99-76-3","99-76-3","methylparaben",-1.96257350205938,-2.00410172356058,0.582876886773497,-3.14654042163663,-0.861663025484522,"var_MWa",0.0415282215011958,0.0415282215011958,TRUE
"99-76-3","99-76-3","methylparaben",-2.03394335230684,-2.11903592489703,0.582776148721665,-3.26127717639149,-0.976794673402569,"var_MWa",0.0850925725901912,0.0850925725901912,TRUE
"99-76-3","99-76-3","methylparaben",-2.07572071393812,-2.0367955746402,0.582675428080293,-3.17883941367757,-0.894751735602822,"var_MWa",-0.0389251392979246,0.0389251392979246,TRUE
"100-02-7","100-02-7","p-nitrophenol; 4-nitrophenol",-2.25,-2.05382985160019,0.638678775702361,-3.30564025197682,-0.802019451223563,"var_Mptc",-0.196170148399809,0.196170148399809,TRUE
"100-39-0","100-39-0","benzyl bromide",-1.54511979359646,-1.43814875208242,0.466658510246078,-2.35279943216473,-0.523498072000107,"var_Mptc",-0.10697104151404,0.10697104151404,TRUE
"100-39-0","100-39-0","benzyl bromide",-1.89202735976865,-1.43814875208242,0.466658510246078,-2.35279943216473,-0.523498072000107,"var_Mptc",-0.45387860768623,0.45387860768623,TRUE
"100-51-6","100-51-6","benzyl alcohol",-2.22205999132796,-2.09818852946851,0.451567902779187,-2.98326161891572,-1.2131154400213,"var_Mptc",-0.123871461859449,0.123871461859449,TRUE
"1002-62-6","1002-62-6","sodium caprate; decanoic acid soap (c10:0)",-2.95233580539844,-2.3115822328531,0.899172232916048,-4.07395980936855,-0.549204656337644,"var_Mptc",-0.640753572545342,0.640753572545342,TRUE
"103-11-7","103-11-7","2-ethylhexyl acrylate",-2.11289007326765,-1.37983950434561,0.361528416502321,-2.08843520069016,-0.671243808001059,"var_Mptc",-0.733050568922042,0.733050568922042,FALSE
"103-11-7","103-11-7","2-ethylhexyl acrylate",-1.82434537155519,-1.37983950434561,0.361528416502321,-2.08843520069016,-0.671243808001059,"var_Mptc",-0.444505867209582,0.444505867209582,TRUE
"104-54-1","104-54-1","cinnamyl alcohol",-1.54329916349423,-1.66627116584288,0.512431712267807,-2.67063732188778,-0.661905009797973,"var_Mptc",0.122972002348645,0.122972002348645,TRUE
"104-54-1","104-54-1","cinnamyl alcohol",-1.47890341621095,-1.66627116584288,0.512431712267807,-2.67063732188778,-0.661905009797973,"var_Mptc",0.187367749631925,0.187367749631925,TRUE
"104-85-8","104-85-8","p-tolunitrile",-1.34336049829281,-1.55255163296556,0.507686795083526,-2.54761775132927,-0.55748551460185,"var_Mptc",0.20919113467275,0.20919113467275,TRUE
"104-85-8","104-85-8","p-tolunitrile",-1.51076062352006,-1.55255163296556,0.507686795083526,-2.54761775132927,-0.55748551460185,"var_Mptc",0.0417910094455003,0.0417910094455003,TRUE
"10521-91-2","10521-91-2","5-phenylpentanol",-0.94692155651658,-1.39079673269974,0.51960832504244,-2.40922904978292,-0.372364415616553,"var_Mptc",0.443875176183155,0.443875176183155,TRUE
"106-24-1","106-24-1","geraniol",-0.986619380204979,-1.20931336973936,0.452398332660344,-2.09601410175364,-0.322612637725088,"var_Mptc",0.222693989534384,0.222693989534384,TRUE
"106-24-1","106-24-1","geraniol",-1.01401437058883,-1.20931336973936,0.452398332660344,-2.09601410175364,-0.322612637725088,"var_Mptc",0.195298999150533,0.195298999150533,TRUE
"106-41-3","106-41-3","p-bromophenol",-1.43951925261862,-1.85853474301262,0.557703443427891,-2.95163349213128,-0.765435993893953,"var_Mptc",0.419015490393999,0.419015490393999,TRUE
"106-44-5","106-44-5","p-cresol",-0.920818753952375,-1.65965304706189,0.516732560993279,-2.67244886660872,-0.646857227515066,"var_Mptc",0.738834293109517,0.738834293109517,TRUE
"106-44-5","106-44-5","p-cresol",-1.74875360095283,-1.80598850653225,0.516732560993279,-2.81878432607907,-0.793192686985421,"var_Mptc",0.0572349055794175,0.0572349055794175,TRUE
"106-48-9","106-48-9","p-chlorophenol",-1.44875360095283,-1.74282149362873,0.528739847997514,-2.77915159570385,-0.706491391553598,"var_Mptc",0.294067892675895,0.294067892675895,TRUE
"106-50-3","106-50-3","p-phenylenediamine",-3.61978875828839,-2.73639428767432,0.694662557070541,-4.09793289953258,-1.37485567581606,"var_Mptc",-0.883394470614069,0.883394470614069,TRUE
"108-39-4","108-39-4","m-cresol",-1.81172783601759,-1.78522749689818,0.485495415671521,-2.73679851161436,-0.833656482181999,"var_Mptc",-0.0265003391194103,0.0265003391194103,TRUE
"108-46-3","108-46-3","resorcinol",-2.42023266087399,-2.69297310862119,0.633997884862829,-3.93560896295233,-1.45033725429004,"var_Mptc",0.272740447747198,0.272740447747198,TRUE
"108-46-3","108-46-3","resorcinol",-2.35642808060813,-2.69297310862119,0.633997884862829,-3.93560896295233,-1.45033725429004,"var_Mptc",0.336545028013058,0.336545028013058,TRUE
"108-46-3","108-46-3","resorcinol",-3.07,-2.64417177784637,0.633997884862829,-3.88680763217751,-1.40153592351522,"var_Mptc",-0.425828222153633,0.425828222153633,TRUE
"108-46-3","108-46-3","resorcinol; 1,3-benzenediol",-3.62291335664286,-2.7741362159691,0.633997884862829,-4.01677207030024,-1.53150036163795,"var_Mptc",-0.848777140673761,0.848777140673761,TRUE
"108-73-6","108-73-6","phloroglucinol",-2.51,-2.87051627300295,0.847982487343593,-4.53256194819639,-1.20847059780951,"var_Mptc",0.36051627300295,0.36051627300295,TRUE
"108-88-3","108-88-3","toluene",-0.0809219076239261,-1.32112872308807,0.333942099797229,-1.97565523869064,-0.666602207485498,"var_Mptc",1.24020681546414,1.24020681546414,FALSE
"108-95-2","108-95-2","phenol",-2.03,-1.93279701480892,0.515198971437333,-2.94258699882609,-0.923007030791749,"var_Mptc",-0.0972029851910781,0.0972029851910781,TRUE
"108-95-2","108-95-2","phenol",-2.08907809237607,-2.02058468550863,0.515198971437333,-3.03037466952581,-1.01079470149146,"var_Mptc",-0.0684934068674368,0.0684934068674368,TRUE
"108-95-2","108-95-2","phenol",-1.70996538863748,-1.92683147751278,0.515198971437333,-2.93662146152995,-0.917041493495605,"var_Mptc",0.216866088875297,0.216866088875297,TRUE
"108-95-2","108-95-2","phenol",-3.82792274303052,-2.05515574007524,0.515198971437333,-3.06494572409241,-1.04536575605806,"var_Mptc",-1.77276700295528,1.77276700295528,FALSE
"110-80-5","110-80-5","2-ethoxy ethanol",-3.60205999132796,-2.92291160025736,0.361233513411907,-3.6309292865447,-2.21489391397002,"var_Mptc",-0.679148391070598,0.679148391070598,TRUE
"111-27-3","111-27-3","hexanol",-1.49485002168009,-1.4854293591258,0.418871731440895,-2.30641795274995,-0.664440765501647,"var_Mptc",-0.00942066255428942,0.00942066255428942,TRUE
"111-27-3","111-27-3","hexanol",-1.88605664769316,-1.65431117106018,0.41842581132425,-2.47442576125571,-0.834196580864646,"var_Mptc",-0.231745476632984,0.231745476632984,TRUE
"111-27-3","111-27-3","n-hexanol",-1.88605664769316,-1.47651440885373,0.418871731440895,-2.29750300247788,-0.655525815229575,"var_Mptc",-0.409542238839431,0.409542238839431,TRUE
"111-76-2","111-76-2","butoxyethanol",-2.25698018593163,-2.48857556066869,0.384657695868723,-3.24250464457139,-1.73464647676599,"var_Mptc",0.231595374737059,0.231595374737059,TRUE
"111-87-5","111-87-5","n-octanol",-1.2839966563652,-1.15745651781405,0.457690344265713,-2.05452959257485,-0.260383443053249,"var_Mptc",-0.126540138551153,0.126540138551153,TRUE
"111-87-5","111-87-5","octanol",-1.0301183562535,-1.14425191572867,0.457690344265713,-2.04132499048947,-0.247178840967873,"var_Mptc",0.114133559475171,0.114133559475171,TRUE
"111-87-5","111-87-5","octanol",-1.15490195998574,-1.29943017702505,0.457690344265713,-2.19650325178584,-0.402357102264248,"var_Mptc",0.144528217039306,0.144528217039306,TRUE
"111-87-5","111-87-5","octanol",-1.2839966563652,-1.3430651410314,0.457690344265713,-2.2401382157922,-0.4459920662706,"var_Mptc",0.0590684846661977,0.0590684846661977,TRUE
"111-87-5","111-87-5","octanol",-1.21467016498923,-1.26483580698052,0.457690344265713,-2.16190888174131,-0.367762732219717,"var_Mptc",0.050165641991285,0.050165641991285,TRUE
"112-30-1","112-30-1","decanol",-1.833220851329,-1.0516609355623,0.477827146902625,-1.98820214349144,-0.115119727633151,"var_Mptc",-0.781559915766704,0.781559915766704,TRUE
"112-30-1","112-30-1","decanol",-1.95860731484178,-1.05092750456416,0.477827146902625,-1.9874687124933,-0.114386296635013,"var_Mptc",-0.907679810277622,0.907679810277622,TRUE
"112-30-1","112-30-1","decanol",-1.14508697769214,-0.987577625847829,0.477827146902625,-1.92411883377697,-0.0510364179186834,"var_Mptc",-0.157509351844311,0.157509351844311,TRUE
"112-30-1","112-30-1","decanol",-1.04575749056068,-1.1609572137846,0.477827146902625,-2.09749842171375,-0.224416005855458,"var_Mptc",0.115199723223923,0.115199723223923,TRUE
"112-30-1","112-30-1","decanol",-1.09691001300806,-1.21294537417412,0.477827146902625,-2.14948658210326,-0.276404166244973,"var_Mptc",0.116035361166058,0.116035361166058,TRUE
"112-30-1","112-30-1","n-decanol",-1.09691001300806,-1.00544918426573,0.477827146902625,-1.94199039219487,-0.0689079763365817,"var_Mptc",-0.0914608287423331,0.0914608287423331,TRUE
"112-34-5","112-34-5","diethylene glycol monobutyl ether",-2.23600035701585,-2.95245497612597,0.331756461948258,-3.60269764154456,-2.30221231070739,"var_Mptc",0.716454619110123,0.716454619110123,FALSE
"112-34-5","112-34-5","diethylene glycol monobutyl ether",-2.16688305055618,-2.95245497612597,0.331756461948258,-3.60269764154456,-2.30221231070739,"var_Mptc",0.785571925569793,0.785571925569793,FALSE
"112-80-1","112-80-1","oleic acid",-2.88605664769316,-1.76714761592636,0.486194091488413,-2.72008803524365,-0.814207196609074,"var_Mptc",-1.1189090317668,1.1189090317668,FALSE
"117-81-7","117-81-7","bis(2-ethylhexyl)phthalate",-4.09691001300806,-2.84923772928336,0.402732793856238,-3.63859400524159,-2.05988145332514,"var_Mptc",-1.2476722837247,1.2476722837247,FALSE
"119-34-6","119-34-6","4-amino-2-nitrophenol",-4.06550154875643,-2.30338087882487,0.651936018877861,-3.58117547582548,-1.02558628182427,"var_Mptc",-1.76212066993156,1.76212066993156,FALSE
"119-36-8","119-36-8","methyl salicylate",-1.44369749923271,-1.56601579957351,0.460151166934147,-2.46791208676444,-0.664119512382579,"var_Mptc",0.122318300340797,0.122318300340797,TRUE
"119-61-9","119-61-9","benzophenone",-1.24920613319746,-1.51664499558938,0.537704815628501,-2.57054643422124,-0.462743556957515,"var_Mptc",0.267438862391917,0.267438862391917,TRUE
"119-61-9","119-61-9","benzophenone",-1.13822159828622,-1.51664499558938,0.537704815628501,-2.57054643422124,-0.462743556957515,"var_Mptc",0.378423397303157,0.378423397303157,TRUE
"120-80-9","120-80-9","catechol",-2.51,-2.5409668216576,0.623384512682963,-3.76280046651621,-1.31913317679899,"var_Mptc",0.0309668216576,0.0309668216576,TRUE
"120-83-2","120-83-2","2,4-dichlorophenol",-1.14874021557127,-1.36792181770199,0.52734135805695,-2.40151087949362,-0.334332755910372,"var_Mptc",0.219181602130724,0.219181602130724,TRUE
"120-83-2","120-83-2","2,4-dichlorophenol",-1.22136169383427,-1.56996877806558,0.530892184507792,-2.61051745970085,-0.529420096430305,"var_Mptc",0.348607084231307,0.348607084231307,TRUE
"1219-38-1","1219-38-1","octylparaben",-1.90585161784792,-1.33839924773757,0.540368020837211,-2.39752056857851,-0.279277926896639,"var_Mptc",-0.567452370110347,0.567452370110347,TRUE
"122-57-6","122-57-6","benzylideneacetone",-1.40794873077454,-1.61702281732152,0.523270599973631,-2.64263319326983,-0.5914124413732,"var_Mptc",0.209074086546977,0.209074086546977,TRUE
"122-57-6","122-57-6","benzylideneacetone",-1.11863375864077,-1.61702281732152,0.523270599973631,-2.64263319326983,-0.5914124413732,"var_Mptc",0.498389058680747,0.498389058680747,TRUE
"123-07-9 ","123-07-9 ","p-ethylphenol",-1.46278385671974,-1.5939213493428,0.530348701987291,-2.63340480523789,-0.554437893447711,"var_Mptc",0.131137492623062,0.131137492623062,TRUE
"123-31-9","123-31-9","hydroquinone",-5.0301183562535,-2.46641525948598,0.733482214222523,-3.90404039936213,-1.02879011960983,"var_Mptc",-2.56370309676752,2.56370309676752,FALSE
"123-31-9","123-31-9","hydroquinone",-1.90385139213331,-2.43625373728859,0.733482214222523,-3.87387887716474,-0.998628597412444,"var_Mptc",0.53240234515528,0.53240234515528,TRUE
"123-31-9","123-31-9","hydroquinone",-2.41644259377425,-2.43625373728859,0.733482214222523,-3.87387887716474,-0.998628597412444,"var_Mptc",0.0198111435143398,0.0198111435143398,TRUE
"123-31-9","123-31-9","hydroquinone",-2.95,-2.621689289087,0.731188493898267,-4.05481873712761,-1.1885598410464,"var_Mptc",-0.328310710912995,0.328310710912995,TRUE
"124-94-7","124-94-7","triamcinolone",-5.40011692792631,-4.50099199234363,0.972801194669235,-6.40768233389533,-2.59430165079193,"var_Mptc",-0.899124935582681,0.899124935582681,TRUE
"131-11-3","131-11-3","dimethyl phthalate",-1.55258483591006,-1.92756297094098,0.477204024106211,-2.86288285818915,-0.992243083692804,"var_Mptc",0.374978135030917,0.374978135030917,TRUE
"131-11-3","131-11-3","dimethyl phthalate",-1.64782103953418,-1.92756297094098,0.477204024106211,-2.86288285818915,-0.992243083692804,"var_Mptc",0.279741931406797,0.279741931406797,TRUE
"135-19-3","135-19-3","beta-naphthol; 2-naphthol",-1.5543957967264,-1.76689474485401,0.654870314143066,-3.05044056057442,-0.483348929133598,"var_Mptc",0.212498948127607,0.212498948127607,TRUE
"135-19-3","135-19-3","beta-naphthol; 2-naphthol",-1.20065945054642,-1.66326354575035,0.654870314143066,-2.94680936147076,-0.379717730029945,"var_Mptc",0.462604095203934,0.462604095203934,TRUE
"13523-86-9","13523-86-9","pindolol",-3.70333480973847,-3.28968567287994,0.740868235010093,-4.74178741349972,-1.83758393226016,"var_Mptc",-0.413649136858532,0.413649136858532,TRUE
"13655-52-2","13655-52-2","alprenolol",-2.78664164637561,-2.82972186693289,0.628456962693092,-4.06149751381135,-1.59794622005443,"var_Mptc",0.0430802205572829,0.0430802205572829,TRUE
"137-58-6","137-58-6","lidocaine",-2.40120949323688,-2.01389524914072,0.565633118632127,-3.12253616165969,-0.905254336621752,"var_Mptc",-0.387314244096159,0.387314244096159,TRUE
"137-58-6","137-58-6","lidocaine",-2.52287874528034,-2.01231836254561,0.565633118632127,-3.12095927506457,-0.903677450026638,"var_Mptc",-0.510560382734734,0.510560382734734,TRUE
"137-58-6","137-58-6","lidocaine",-2.52287874528034,-2.01231836254561,0.565633118632127,-3.12095927506457,-0.903677450026638,"var_Mptc",-0.510560382734734,0.510560382734734,TRUE
"141-05-9","141-05-9","diethyl maleate",-1.66740097646667,-2.00404008736381,0.457062739308764,-2.89988305640899,-1.10819711831863,"var_Mptc",0.336639110897138,0.336639110897138,TRUE
"141-05-9","141-05-9","diethyl maleate",-1.58608416024509,-2.00404008736381,0.457062739308764,-2.89988305640899,-1.10819711831863,"var_Mptc",0.417955927118719,0.417955927118719,TRUE
"14199-15-6","14199-15-6","methyl 4-hydroxyphenylacetate",-1.69897000433602,-1.88130198810007,0.547646583422819,-2.95468929160879,-0.807914684591341,"var_Mptc",0.182331983764045,0.182331983764045,TRUE
"143-08-8","143-08-8","n-nonanol",-1.22184874961636,-1.07545908497598,0.46534897345373,-1.98754307294529,-0.163375097006671,"var_Mptc",-0.14638966464038,0.14638966464038,TRUE
"143-08-8","143-08-8","nonanol",-1.22184874961636,-1.25695633381866,0.46534897345373,-2.16904032178797,-0.344872345849352,"var_Mptc",0.0351075842023021,0.0351075842023021,TRUE
"14371-10-9","14371-10-9","trans-cinnamaldehyde",-1.55307871254876,-1.52029999276237,0.461600263814481,-2.42503650983876,-0.615563475685991,"var_Mptc",-0.0327787197863862,0.0327787197863862,TRUE
"14371-10-9","14371-10-9","trans-cinnamaldehyde",-1.38433498624321,-1.52029999276237,0.461600263814481,-2.42503650983876,-0.615563475685991,"var_Mptc",0.135965006519164,0.135965006519164,TRUE
"145-13-1","145-13-1","hydroxypregnenolone",-3.22184874961636,-3.0034547667884,0.978268001449122,-4.92086004962868,-1.08604948394812,"var_Mptc",-0.218393982827958,0.218393982827958,TRUE
"145-13-1","145-13-1","pregnenolone",-2.82390874094432,-2.94066652007399,0.79522853180206,-4.49931444240603,-1.38201859774196,"var_Mptc",0.116757779129674,0.116757779129674,TRUE
"146-72-5","146-72-5","methylglucose",-3.68026950566978,-3.97371955390339,0.719367756969304,-5.38368035756323,-2.56375875024356,"var_Mptc",0.293450048233612,0.293450048233612,TRUE
"1638-22-8","1638-22-8","p-n-butylphenol; 4-butylphenol",-1.11463877996849,-1.18854291859865,0.498633136497886,-2.16586386613451,-0.211221971062794,"var_Mptc",0.0739041386301611,0.0739041386301611,TRUE
"16590-41-3","16590-41-3","naltrexone",-2.6664407795091,-2.92680076799036,0.741369420446425,-4.37988483206535,-1.47371670391536,"var_Mptc",0.260359988481258,0.260359988481258,TRUE
"17194-82-0","17194-82-0","alfa-(4-hydroxyphenyl) acetamide",-3.34678748622466,-2.78600323188995,0.757056121656961,-4.2698332303376,-1.30217323344231,"var_Mptc",-0.560784254334707,0.560784254334707,TRUE
"18979-50-5","18979-50-5","4-propoxyphenol",-1.82490330536304,-1.61790772304249,0.544656706355685,-2.68543486749963,-0.550380578585344,"var_Mptc",-0.206995582320554,0.206995582320554,TRUE
"2152-44-5","2152-44-5","betamethasone-17-valerate",-2.88041422503822,-4.14359517516945,0.767869453865058,-5.64861930474496,-2.63857104559393,"var_Mptc",1.26318095013123,1.26318095013123,TRUE
"2203-97-6","2203-97-6","hydrocortisone-21-hemisuccinate",-3.20065945054642,-3.85899972563789,0.744622775604652,-5.31846036582301,-2.39953908545278,"var_Mptc",0.658340275091472,0.658340275091472,TRUE
"2493-02-9","2493-02-9","4-bromophenyl isocyanate",-1.84100559902551,-1.45099897990547,0.527769194901347,-2.48542660191211,-0.41657135789883,"var_Mptc",-0.390006619120039,0.390006619120039,TRUE
"2493-02-9","2493-02-9","4-bromophenyl isocyanate",-1.75134980127003,-1.45099897990547,0.527769194901347,-2.48542660191211,-0.41657135789883,"var_Mptc",-0.300350821364559,0.300350821364559,TRUE
"26839-75-8","26839-75-8","timolol",-3.57016261901271,-2.57001962360058,0.565707427337825,-3.67880618118271,-1.46123306601844,"var_Mptc",-1.00014299541213,1.00014299541213,TRUE
"26839-75-8","26839-75-8","timolol",-3.53521248035406,-2.4784023710037,0.565707427337825,-3.58718892858584,-1.36961581342156,"var_Mptc",-1.05681010935036,1.05681010935036,TRUE
"2871-01-4","2871-01-4","hc red no. 3; 2-(4-amino-2-nitroanilino)-ethanol",-1.67058885168866,-2.58878611468125,0.66233576926694,-3.88696422244445,-1.29060800691805,"var_Mptc",0.918197262992593,0.918197262992593,TRUE
"2871-01-4","2871-01-4","hc red no. 3; 2-(4-amino-2-nitroanilino)-ethanol",-2.32271042397763,-2.58878611468125,0.66233576926694,-3.88696422244445,-1.29060800691805,"var_Mptc",0.266075690703623,0.266075690703623,TRUE
"29122-68-7","29122-68-7","atenolol",-3.96657624451305,-3.521394721081,0.713273044405219,-4.91940988811523,-2.12337955404677,"var_Mptc",-0.445181523432054,0.445181523432054,TRUE
"31005-02-4","31005-02-4","7-ethoxycoumarin",-0.781780143112531,-2.13707458220922,0.590966923481748,-3.29536975223345,-0.978779412184993,"var_Mptc",1.35529443909669,1.35529443909669,FALSE
"31005-02-4","31005-02-4","7-ethoxycoumarin",-0.919153916982604,-2.13707458220922,0.590966923481748,-3.29536975223345,-0.978779412184993,"var_Mptc",1.21792066522662,1.21792066522662,FALSE
"333-41-5","333-41-5","diazinon",-2.06048074738138,-2.23998971733828,0.649157336973058,-3.51233809780547,-0.967641336871085,"var_Mptc",0.179508969956898,0.179508969956898,TRUE
"3360-41-6","3360-41-6","4-phenylbutanol",-1.08092190762393,-1.50817393316016,0.505244407405563,-2.49845297167507,-0.517894894645257,"var_Mptc",0.427252025536231,0.427252025536231,TRUE
"3593-96-2","3593-96-2","hydrocortisone-21-hexanoate; hydrocortisone caproate",-2,-3.7911829220179,0.63393249889371,-5.03369061984957,-2.54867522418623,"var_Mptc",1.7911829220179,1.7911829220179,FALSE
"3930-20-9","3930-20-9","sotalol",-4.31984585826563,-3.32351701284711,0.82004050843504,-4.93079640937979,-1.71623761631444,"var_Mptc",-0.996328845418515,0.996328845418515,TRUE
"3930-20-9","3930-20-9","sotalol",-3.88598470867013,-3.32351701284711,0.82004050843504,-4.93079640937979,-1.71623761631444,"var_Mptc",-0.562467695823015,0.562467695823015,TRUE
"3930-20-9","3930-20-9","sotalol",-4.17986287404271,-3.32351701284711,0.82004050843504,-4.93079640937979,-1.71623761631444,"var_Mptc",-0.856345861195595,0.856345861195595,TRUE
"42200-33-9","42200-33-9","nadolol",-4.10127481841051,-3.35984855913064,0.665595690975386,-4.6644161134424,-2.05528100481888,"var_Mptc",-0.74142625927987,0.74142625927987,TRUE
"437-38-7","437-38-7","fentanyl base",-1.96286612872332,-2.10993465456731,0.595363610063169,-3.27684733029112,-0.943021978843495,"var_Mptc",0.147068525843985,0.147068525843985,TRUE
"463-40-1","463-40-1","linolenic acid",-2.431798275933,-1.91615373111024,0.456656928945645,-2.81120131184371,-1.02110615037678,"var_Mptc",-0.515644544822758,0.515644544822758,TRUE
"499-75-2","499-75-2","iso-thymol; carvacrol",-1.25336580106242,-1.25293780520413,0.474611211680314,-2.18317578009755,-0.322699830310714,"var_Mptc",-0.000427995858290009,0.000427995858290009,TRUE
"50-2-2","50-2-2","dexamethasone",-4.19382002601611,-4.11944752217089,0.95660089416636,-5.99438527473695,-2.24450976960482,"var_Mptc",-0.074372503845221,0.074372503845221,TRUE
"50-22-6","50-22-6","corticosterone",-2.24178591486039,-3.15490972648286,0.773537508247288,-4.67104324264754,-1.63877621031817,"var_Mptc",0.913123811622466,0.913123811622466,TRUE
"50-22-6","50-22-6","corticosterone",-2.35454840605954,-3.15490972648286,0.773537508247288,-4.67104324264754,-1.63877621031817,"var_Mptc",0.800361320423316,0.800361320423316,TRUE
"50-22-6","50-22-6","corticosterone",-3.16494389827988,-3.2099466011254,0.773537508247288,-4.72608011729008,-1.69381308496071,"var_Mptc",0.0450027028455149,0.0450027028455149,TRUE
"50-22-6","50-22-6","corticosterone",-4,-3.34018325739803,0.773537508247288,-4.85631677356272,-1.82404974123335,"var_Mptc",-0.659816742601967,0.659816742601967,TRUE
"50-22-6","50-22-6","corticosterone",-3.33468369530231,-3.18663114091748,0.773537508247288,-4.70276465708216,-1.67049762475279,"var_Mptc",-0.148052554384833,0.148052554384833,TRUE
"50-22-6","50-22-6","corticosterone",-3.52287874528034,-3.32851539887257,0.773537508247288,-4.84464891503725,-1.81238188270788,"var_Mptc",-0.194363346407773,0.194363346407773,TRUE
"50-22-6","50-22-6","corticosterone",-3.52287874528034,-3.33470919712353,0.773537508247288,-4.85084271328821,-1.81857568095884,"var_Mptc",-0.188169548156814,0.188169548156814,TRUE
"50-22-6","50-22-6","corticosterone",-4,-3.33766288036707,0.773537508247288,-4.85379639653175,-1.82152936420239,"var_Mptc",-0.66233711963293,0.66233711963293,TRUE
"50-22-6","50-22-6","corticosterone",-3.26587485567249,-3.3044904476291,0.773537508247288,-4.82062396379378,-1.78835693146441,"var_Mptc",0.0386155919566091,0.0386155919566091,TRUE
"50-22-6","50-22-6","corticosterone",-2.58587485567249,-3.12535057067542,0.773537508247288,-4.6414840868401,-1.60921705451073,"var_Mptc",0.539475715002926,0.539475715002926,TRUE
"50-22-6","50-22-6","corticosterone",-4.22184874961636,-3.32164205923203,0.773537508247288,-4.83777557539672,-1.80550854306735,"var_Mptc",-0.900206690384326,0.900206690384326,TRUE
"50-22-6","50-22-6","corticosterone",-4.67571754470231,-3.33729068476147,0.773537508247288,-4.85342420092615,-1.82115716859679,"var_Mptc",-1.33842685994084,1.33842685994084,TRUE
"50-22-6","50-22-6","corticosterone",-3.23418248469008,-3.20106764744755,0.773537508247288,-4.71720116361224,-1.68493413128287,"var_Mptc",-0.0331148372425263,0.0331148372425263,TRUE
"50-23-7","50-23-7","hydrocortisone",-2.01894154396037,-3.57620321172197,0.820082821443951,-5.18356554175212,-1.96884088169183,"var_Mptc",1.5572616677616,1.5572616677616,TRUE
"50-23-7","50-23-7","hydrocortisone",-2.68163603566894,-3.57620321172197,0.820082821443951,-5.18356554175212,-1.96884088169183,"var_Mptc",0.894567176053034,0.894567176053034,TRUE
"50-23-7","50-23-7","hydrocortisone",-3.63827216398241,-3.43823440649373,0.820082821443951,-5.04559673652387,-1.83087207646359,"var_Mptc",-0.200037757488679,0.200037757488679,TRUE
"50-23-7","50-23-7","hydrocortisone",-3.63870046691906,-3.52500237320397,0.820082821443951,-5.13236470323412,-1.91764004317383,"var_Mptc",-0.113698093715088,0.113698093715088,TRUE
"50-23-7","50-23-7","hydrocortisone",-5.52287874528034,-3.67986489490927,0.820082821443951,-5.28722722493941,-2.07250256487912,"var_Mptc",-1.84301385037107,1.84301385037107,FALSE
"50-23-7","50-23-7","hydrocortisone",-5.52724355068279,-3.69828808435083,0.820082821443951,-5.30565041438097,-2.09092575432068,"var_Mptc",-1.82895546633196,1.82895546633196,FALSE
"50-24-8","50-24-8","prednisolone",-4.32790214206428,-3.79764036860511,0.901619187178171,-5.56481397547433,-2.0304667617359,"var_Mptc",-0.530261773459165,0.530261773459165,TRUE
"50-27-1","50-27-1","estriol",-4.39794000867204,-3.50219146171926,1.00562432070249,-5.47321513029615,-1.53116779314237,"var_Mptc",-0.895748546952781,0.895748546952781,TRUE
"50-28-2","50-28-2","beta-estradiol",-2.38721614328026,-2.78843690996103,0.763189963824689,-4.28428923905742,-1.29258458086464,"var_Mptc",0.401220766680774,0.401220766680774,TRUE
"50-28-2","50-28-2","beta-estradiol",-2.01233373507373,-2.54746661458691,0.763189963824689,-4.0433189436833,-1.05161428549052,"var_Mptc",0.535132879513184,0.535132879513184,TRUE
"50-28-2","50-28-2","beta-estradiol",-3.52287874528034,-2.77244945147001,0.763189963824689,-4.2683017805664,-1.27659712237362,"var_Mptc",-0.750429293810331,0.750429293810331,TRUE
"50-28-2","50-28-2","beta-estradiol",-2.28149831113273,-2.64396585572583,0.763189963824689,-4.13981818482222,-1.14811352662944,"var_Mptc",0.362467544593102,0.362467544593102,TRUE
"50-28-2","50-28-2","estradiol",-1.98581560249872,-2.64396585572583,0.763189963824689,-4.13981818482222,-1.14811352662944,"var_Mptc",0.658150253227112,0.658150253227112,TRUE
"50-28-2","50-28-2","estradiol",-4.69680394257951,-2.59575099449149,0.763189963824689,-4.09160332358788,-1.0998986653951,"var_Mptc",-2.10105294808802,2.10105294808802,FALSE
"50-28-2","50-28-2","estradiol",-2.36451625318509,-2.59575099449149,0.763189963824689,-4.09160332358788,-1.0998986653951,"var_Mptc",0.231234741306398,0.231234741306398,TRUE
"50-28-2","50-28-2","estradiol",-2.38090666937326,-2.78843690996103,0.763189963824689,-4.28428923905742,-1.29258458086464,"var_Mptc",0.407530240587774,0.407530240587774,TRUE
"50-28-2","50-28-2","estradiol",-2.21324857785444,-2.54733849089408,0.763189963824689,-4.04319081999047,-1.05148616179769,"var_Mptc",0.334089913039639,0.334089913039639,TRUE
"50-28-2","50-28-2","estradiol",-2.49485002168009,-2.78856733859587,0.763189963824689,-4.28441966769226,-1.29271500949948,"var_Mptc",0.293717316915779,0.293717316915779,TRUE
"50-28-2","50-28-2","estradiol",-2.52287874528034,-2.78843690996103,0.763189963824689,-4.28428923905742,-1.29258458086464,"var_Mptc",0.265558164680694,0.265558164680694,TRUE
"50-28-2","50-28-2","estradiol",-2.52287874528034,-2.78569085006185,0.763189963824689,-4.28154317915824,-1.28983852096546,"var_Mptc",0.262812104781506,0.262812104781506,TRUE
"50-28-2","50-28-2","estradiol",-2.52287874528034,-2.78569085006185,0.763189963824689,-4.28154317915824,-1.28983852096546,"var_Mptc",0.262812104781506,0.262812104781506,TRUE
"50-28-2","50-28-2","estradiol",-2.08008551934057,-2.59575099449149,0.763189963824689,-4.09160332358788,-1.0998986653951,"var_Mptc",0.515665475150918,0.515665475150918,TRUE
"50-28-2","50-28-2","estradiol",-2.34969247686806,-2.64396585572583,0.763189963824689,-4.13981818482222,-1.14811352662944,"var_Mptc",0.294273378857772,0.294273378857772,TRUE
"50-28-2","50-28-2","estradiol",-2.51173374958299,-2.64396585572583,0.763189963824689,-4.13981818482222,-1.14811352662944,"var_Mptc",0.132232106142842,0.132232106142842,TRUE
"51-21-8","51-21-8","5-fluorouracil",-4.52574969288748,-3.51315383079022,1.01441830892604,-5.50141371628526,-1.52489394529519,"var_Mptc",-1.01259586209726,1.01259586209726,TRUE
"51-21-8","51-21-8","5-fluorouracil",-4.72894468964132,-3.51966198870576,1.01441830892604,-5.50792187420079,-1.53140210321073,"var_Mptc",-1.20928270093556,1.20928270093556,TRUE
"51-21-8","51-21-8","5-fluorouracil",-4.47108329972234,-3.51315383079022,1.01441830892604,-5.50141371628526,-1.52489394529519,"var_Mptc",-0.957929468932117,0.957929468932117,TRUE
"51-21-8","51-21-8","5-fluorouracil (+ - + -)",-4.46597389394386,-3.51966198870576,1.01441830892604,-5.50792187420079,-1.53140210321073,"var_Mptc",-0.946311905238101,0.946311905238101,TRUE
"512-69-6","512-69-6","raffinose",-4.85472588171206,-4.60076482206149,0.584415670435648,-5.74621953611536,-3.45531010800762,"var_Mptc",-0.253961059650571,0.253961059650571,TRUE
"512-69-6","512-69-6","raffinose",-4.29756946355447,-4.78553324731047,0.584415670435648,-5.93098796136434,-3.6400785332566,"var_Mptc",0.487963783756001,0.487963783756001,TRUE
"513-85-9","513-85-9","2,3-butanediol",-4.30102999566398,-3.04993478098872,0.495439296373296,-4.02099580188038,-2.07887376009706,"var_Mptc",-1.25109521467526,1.25109521467526,FALSE
"51384-51-1","51384-51-1","metoprolol",-3.52461940685664,-2.93376604588301,0.655433409628807,-4.21841552875547,-1.64911656301055,"var_Mptc",-0.590853360973632,0.590853360973632,TRUE
"52-39-1","52-39-1","aldosterone",-4.23657200643706,-3.6807483634961,0.726347392789954,-5.10438925336441,-2.25710747362779,"var_Mptc",-0.55582364294096,0.55582364294096,TRUE
"52-39-1","52-39-1","aldosterone",-4.74835790885864,-3.54806967002298,0.726347392789954,-4.97171055989129,-2.12442878015467,"var_Mptc",-1.20028823883566,1.20028823883566,TRUE
"52-39-1","52-39-1","aldosterone",-4.30102999566398,-3.77651855155225,0.726347392789954,-5.20015944142056,-2.35287766168394,"var_Mptc",-0.524511444111732,0.524511444111732,TRUE
"52-39-1","52-39-1","aldosterone",-4.52287874528034,-3.73148505981821,0.726347392789954,-5.15512594968652,-2.3078441699499,"var_Mptc",-0.791393685462134,0.791393685462134,TRUE
"52-39-1","52-39-1","aldosterone",-4.52287874528034,-3.49184306173936,0.726347392789954,-4.91548395160767,-2.06820217187105,"var_Mptc",-1.03103568354098,1.03103568354098,TRUE
"52-39-1","52-39-1","aldosterone",-4.01233373507373,-3.29364030127171,0.726347392789954,-4.71728119114002,-1.8699994114034,"var_Mptc",-0.71869343380202,0.71869343380202,TRUE
"53-06-5","53-06-5","cortisone",-3.82390874094432,-3.59811213144039,0.85321825073978,-5.27041990289036,-1.92580435999043,"var_Mptc",-0.225796609503927,0.225796609503927,TRUE
"53-06-5","53-06-5","cortisone",-5,-3.7550117701843,0.85321825073978,-5.42731954163427,-2.08270399873433,"var_Mptc",-1.2449882298157,1.2449882298157,TRUE
"53-16-7","53-16-7","estrone",-2.44369749923271,-2.99574781814463,0.93624521520533,-4.83078843994708,-1.16070719634218,"var_Mptc",0.552050318911919,0.552050318911919,TRUE
"53-96-3","53-96-3","2-(acetylamino)fluorene",-1.16052197602182,-2.59712376474713,0.780524987734247,-4.12695274070626,-1.06729478878801,"var_Mptc",1.43660178872531,1.43660178872531,TRUE
"53-96-3","53-96-3","2-(acetylamino)fluorene",-1.10756666442663,-2.59712376474713,0.780524987734247,-4.12695274070626,-1.06729478878801,"var_Mptc",1.4895571003205,1.4895571003205,TRUE
"533-73-3","533-73-3","1,2,4-benzenetriol",-3.9,-2.6611290307278,0.682365468817411,-3.99856534960992,-1.32369271184567,"var_Mptc",-1.2388709692722,1.2388709692722,TRUE
"53535-33-4","53535-33-4","heptanol",-1.42481215507234,-1.39107618827064,0.43143538756213,-2.23668954789241,-0.545462828648861,"var_Mptc",-0.0337359668017037,0.0337359668017037,TRUE
"53535-33-4","53535-33-4","heptanol",-1.49485002168009,-1.46879614361349,0.43143538756213,-2.31440950323526,-0.623182783991712,"var_Mptc",-0.0260538780666022,0.0260538780666022,TRUE
"53535-33-4","53535-33-4","n-heptanol",-1.49485002168009,-1.25718722130661,0.430296592231669,-2.10056854208068,-0.413805900532537,"var_Mptc",-0.237662800373482,0.237662800373482,TRUE
"554-84-7","554-84-7","m-nitrophenol; 3-nitrophenol",-2.24848294855394,-1.98523432703365,0.609893646972285,-3.18062587509933,-0.789842778967974,"var_Mptc",-0.263248621520288,0.263248621520288,TRUE
"56-81-5","56-81-5","glycerol",-4.56863623584101,-3.5074854373263,0.487824213643596,-4.46362089606775,-2.55134997858485,"var_Mptc",-1.06115079851471,1.06115079851471,FALSE
"56-81-5","56-81-5","glycerol",-3.00594693641232,-3.55388612319443,0.487824213643596,-4.51002158193588,-2.59775066445298,"var_Mptc",0.547939186782108,0.547939186782108,TRUE
"56030-54-7","56030-54-7","sufentanil base",-1.81815641205523,-2.71600110663242,0.608127329127645,-3.9079306717226,-1.52407154154223,"var_Mptc",0.897844694577188,0.897844694577188,TRUE
"57-13-6","57-13-6","urea",-3.82973828460504,-3.53604344671188,0.678923211584706,-4.8667329414179,-2.20535395200586,"var_Mptc",-0.293694837893161,0.293694837893161,TRUE
"57-13-6","57-13-6","urea",-3.95233580539844,-3.46758435225018,0.678923211584706,-4.79827384695621,-2.13689485754416,"var_Mptc",-0.484751453148256,0.484751453148256,TRUE
"57-13-6","57-13-6","urea",-3.92564441915299,-3.55058092651635,0.678923211584706,-4.88127042122238,-2.21989143181033,"var_Mptc",-0.375063492636638,0.375063492636638,TRUE
"57-13-6","57-13-6","urea",-3.69494112531286,-3.63323175389586,0.678923211584706,-4.96392124860188,-2.30254225918984,"var_Mptc",-0.0617093714170007,0.0617093714170007,TRUE
"57-13-6","57-13-6","urea",-3.55495653854982,-3.52007567734918,0.678923211584706,-4.8507651720552,-2.18938618264316,"var_Mptc",-0.0348808612006404,0.0348808612006404,TRUE
"57-13-6","57-13-6","urea",-3.5970511706556,-3.55058092651635,0.678923211584706,-4.88127042122238,-2.21989143181033,"var_Mptc",-0.0464702441392482,0.0464702441392482,TRUE
"57-13-6","57-13-6","urea",-3.55720677406023,-3.55058092651635,0.678923211584706,-4.88127042122238,-2.21989143181033,"var_Mptc",-0.00662584754387829,0.00662584754387829,TRUE
"57-50-1","57-50-1","sucrose",-5.0268721464003,-4.95149063431976,0.772360678983492,-6.4653175651274,-3.43766370351211,"var_Mptc",-0.0753815120805434,0.0753815120805434,TRUE
"57-50-1","57-50-1","sucrose",-5.2839966563652,-5.08479736160736,0.772360678983492,-6.59862429241501,-3.57097043079972,"var_Mptc",-0.199199294757836,0.199199294757836,TRUE
"57-50-1","57-50-1","sucrose",-4.76200316671127,-4.95149063431976,0.772360678983492,-6.4653175651274,-3.43766370351211,"var_Mptc",0.189487467608487,0.189487467608487,TRUE
"57-50-1","57-50-1","sucrose",-4.26905630657226,-4.95149063431976,0.772360678983492,-6.4653175651274,-3.43766370351211,"var_Mptc",0.682434327747496,0.682434327747496,TRUE
"57-50-1","57-50-1","sucrose",-4.36451625318509,-4.95149063431976,0.772360678983492,-6.4653175651274,-3.43766370351211,"var_Mptc",0.586974381134667,0.586974381134667,TRUE
"57-50-1","57-50-1","sucrose",-3.13406733180681,-4.95149063431976,0.772360678983492,-6.4653175651274,-3.43766370351211,"var_Mptc",1.81742330251295,1.81742330251295,FALSE
"57-83-0","57-83-0","progesterone",-1.52287874528034,-2.60049019710437,0.64728452684649,-3.86916786972349,-1.33181252448524,"var_Mptc",1.07761145182403,1.07761145182403,TRUE
"57-83-0","57-83-0","progesterone",-1.70344032687277,-2.51284047778413,0.64728452684649,-3.78151815040325,-1.24416280516501,"var_Mptc",0.809400150911362,0.809400150911362,TRUE
"57-83-0","57-83-0","progesterone",-1.88605664769316,-2.70729452391223,0.64728452684649,-3.97597219653135,-1.43861685129311,"var_Mptc",0.821237876219073,0.821237876219073,TRUE
"57-83-0","57-83-0","progesterone",-1.69897000433602,-2.79082387488504,0.64728452684649,-4.05950154750416,-1.52214620226592,"var_Mptc",1.09185387054902,1.09185387054902,TRUE
"57-83-0","57-83-0","progesterone",-2.82390874094432,-2.69161775054201,0.64728452684649,-3.96029542316113,-1.42294007792289,"var_Mptc",-0.132290990402308,0.132290990402308,TRUE
"58-08-2","58-08-2","caffeine",-3.80687540164554,-3.25192070995908,0.879071108444887,-4.97490008251106,-1.5289413374071,"var_Mptc",-0.55495469168646,0.55495469168646,TRUE
"58-08-2","58-08-2","caffeine",-4.58586563707645,-3.37756315039583,0.883761531197276,-5.10973575154249,-1.64539054924917,"var_Mptc",-1.20830248668062,1.20830248668062,TRUE
"58-08-2","58-08-2","caffeine",-1.60220380347052,-3.34748256702916,0.883761531197276,-5.07965516817582,-1.6153099658825,"var_Mptc",1.74527876355864,1.74527876355864,FALSE
"58-08-2","58-08-2","caffeine",-2.60631808276205,-3.34748256702916,0.883761531197276,-5.07965516817582,-1.6153099658825,"var_Mptc",0.741164484267107,0.741164484267107,TRUE
"58-08-2","58-08-2","caffeine",-4.15490195998574,-3.37091876212696,0.883761531197276,-5.10309136327362,-1.6387461609803,"var_Mptc",-0.783983197858785,0.783983197858785,TRUE
"58-08-2","58-08-2","caffeine",-3.69897000433602,-3.34282630312981,0.883761531197276,-5.07499890427647,-1.61065370198315,"var_Mptc",-0.356143701206213,0.356143701206213,TRUE
"58-22-0","58-22-0","testosterone",-2.0571655062299,-2.56569905442499,0.72128033485924,-3.9794085107491,-1.15198959810088,"var_Mptc",0.508533548195088,0.508533548195088,TRUE
"58-22-0","58-22-0","testosterone",-2.04694894237348,-2.49445740873709,0.72128033485924,-3.9081668650612,-1.08074795241298,"var_Mptc",0.447508466363613,0.447508466363613,TRUE
"58-22-0","58-22-0","testosterone",-1.64633962279966,-2.58886634187671,0.72128033485924,-4.00257579820082,-1.17515688555259,"var_Mptc",0.942526719077045,0.942526719077045,TRUE
"58-22-0","58-22-0","testosterone",-1.41570671752568,-2.54267802106461,0.72128033485924,-3.95638747738872,-1.1289685647405,"var_Mptc",1.12697130353893,1.12697130353893,TRUE
"58-22-0","58-22-0","testosterone",-2.27083521030723,-2.71813308645909,0.72128033485924,-4.1318425427832,-1.30442363013498,"var_Mptc",0.447297876151858,0.447297876151858,TRUE
"58-22-0","58-22-0","testosterone",-2.38875983135141,-2.48770856976986,0.72128033485924,-3.90141802609398,-1.07399911344575,"var_Mptc",0.098948738418454,0.098948738418454,TRUE
"58-22-0","58-22-0","testosterone",-2.65757731917779,-2.66698896393975,0.72128033485924,-4.08069842026386,-1.25327950761564,"var_Mptc",0.00941164476195988,0.00941164476195988,TRUE
"58-22-0","58-22-0","testosterone",-2.65757731917779,-2.66005921861012,0.72128033485924,-4.07376867493423,-1.24634976228601,"var_Mptc",0.00248189943233079,0.00248189943233079,TRUE
"58-22-0","58-22-0","testosterone",-2.65757731917779,-2.66005921861012,0.72128033485924,-4.07376867493423,-1.24634976228601,"var_Mptc",0.00248189943233079,0.00248189943233079,TRUE
"58-22-0","58-22-0","testosterone",-3.39794000867204,-2.64820359678551,0.72128033485924,-4.06191305310962,-1.2344941404614,"var_Mptc",-0.749736411886528,0.749736411886528,TRUE
"58-22-0","58-22-0","testosterone",-3.06752623532285,-2.66698896393975,0.72128033485924,-4.08069842026386,-1.25327950761564,"var_Mptc",-0.4005372713831,0.4005372713831,TRUE
"58-22-0","58-22-0","testosterone",-2.13194363817696,-2.49192485535081,0.72128033485924,-3.90563431167492,-1.0782153990267,"var_Mptc",0.359981217173849,0.359981217173849,TRUE
"58-54-8","58-54-8","ethacrynic acid",-3.82390874094432,-2.63094337575475,0.653953635104504,-3.91269250055957,-1.34919425094992,"var_Mptc",-1.19296536518957,1.19296536518957,TRUE
"59-05-2","59-05-2","methotrexate",-3.40160112979023,-4.84579984383982,0.787474771570104,-6.38925039611722,-3.30234929156242,"var_Mptc",1.44419871404959,1.44419871404959,TRUE
"59-50-7","59-50-7","chlorocresol",-1.26406804435028,-1.52467128722079,0.563351515678241,-2.62884025795014,-0.420502316491434,"var_Mptc",0.260603242870506,0.260603242870506,TRUE
"59-50-7","59-50-7","chlorocresol",-1.65255620893436,-1.47952068713218,0.563351515678241,-2.58368965786154,-0.375351716402832,"var_Mptc",-0.173035521802176,0.173035521802176,TRUE
"60-12-8","60-12-8","2-phenylethanol",-1.25963731050576,-1.82260513686624,0.436112640532823,-2.67738591231057,-0.96782436142191,"var_Mptc",0.562967826360482,0.562967826360482,TRUE
"60-12-8","60-12-8","2-phenylethanol",-2.11527250510331,-1.96947499232553,0.451677829087502,-2.85476353733704,-1.08418644731403,"var_Mptc",-0.145797512777776,0.145797512777776,TRUE
"610-81-1","610-81-1","4-amino-3-nitrophenol",-2.1297393876227,-2.29381711717857,0.709433740543477,-3.68430724864379,-0.903326985713359,"var_Mptc",0.164077729555875,0.164077729555875,TRUE
"610-81-1","610-81-1","4-amino-3-nitrophenol",-2.26671923730847,-2.29381711717857,0.709433740543477,-3.68430724864379,-0.903326985713359,"var_Mptc",0.0270978798701047,0.0270978798701047,TRUE
"614-18-6","614-18-6","nicotinate, ethyl",-3.10790539730952,-1.88834197134931,0.466998621144059,-2.80365926879167,-0.973024673906953,"var_Mptc",-1.21956342596021,1.21956342596021,FALSE
"614-18-6","614-18-6","nicotinate, ethyl",-3.08618614761628,-1.91022483503927,0.466998621144059,-2.82554213248163,-0.994907537596918,"var_Mptc",-1.17596131257701,1.17596131257701,FALSE
"623-05-2","623-05-2","4-hydroxybenzyl alcohol",-2.69897000433602,-2.29610969004112,0.64881927532368,-3.56779546967554,-1.02442391040671,"var_Mptc",-0.402860314294897,0.402860314294897,TRUE
"63-36-5","63-36-5","salicylate",-3.96686900819185,-2.5380258173736,0.71620582283169,-3.94178923012371,-1.13426240462348,"var_Mptc",-1.42884319081825,1.42884319081825,FALSE
"64-17-5","64-17-5","ethanol",-2.72124639904717,-3.01301844539869,0.351273379723225,-3.70151426965621,-2.32452262114117,"var_Mptc",0.291772046351517,0.291772046351517,TRUE
"64-17-5","64-17-5","ethanol",-3.09691001300806,-2.98342854094359,0.351273379723225,-3.67192436520111,-2.29493271668607,"var_Mptc",-0.113481472064469,0.113481472064469,TRUE
"64-17-5","64-17-5","ethanol",-3.09691001300806,-3.16380583434451,0.351273379723225,-3.85230165860203,-2.47531001008699,"var_Mptc",0.066895821336451,0.066895821336451,TRUE
"64-19-7","64-19-7","acetic acid",-2.77786589964853,-2.76927633328659,0.491520514606718,-3.73265654191576,-1.80589612465742,"var_Mptc",-0.00858956636194019,0.00858956636194019,TRUE
"64-85-7","64-85-7","cortexone",-3.34678748622466,-2.77695406394045,0.688064762301698,-4.12556099805178,-1.42834712982912,"var_Mptc",-0.56983342228421,0.56983342228421,TRUE
"65-85-0","65-85-0","benzoic acid",-2.11918640771921,-1.89432545773254,0.65425570738593,-3.17666664420896,-0.611984271256117,"var_Mptc",-0.224860949986669,0.224860949986669,TRUE
"65-85-0","65-85-0","benzoic acid",-1.50863830616573,-1.82485948341417,0.65425570738593,-3.1072006698906,-0.542518296937748,"var_Mptc",0.316221177248441,0.316221177248441,TRUE
"65-85-0","65-85-0","benzoic acid",-1.50863830616573,-1.82485948341417,0.65425570738593,-3.1072006698906,-0.542518296937748,"var_Mptc",0.316221177248441,0.316221177248441,TRUE
"66-27-3","66-27-3","methyl methanesulfonate",-1.91205408690953,-2.62527879054172,0.493680466411638,-3.59289250470853,-1.65766507637491,"var_Mptc",0.713224703632193,0.713224703632193,TRUE
"66-27-3","66-27-3","methyl methanesulfonate",-2.06776764179179,-2.62527879054172,0.493680466411638,-3.59289250470853,-1.65766507637491,"var_Mptc",0.557511148749933,0.557511148749933,TRUE
"6677-98-1","6677-98-1","hydrocortisone-21-propionate",-2.46852108295775,-3.77019692816801,0.792618570035684,-5.32372932543795,-2.21666453089807,"var_Mptc",1.30167584521026,1.30167584521026,TRUE
"67-56-1","67-56-1","methanol",-3.30102999566398,-3.16102808286302,0.363594982573794,-3.87367424870765,-2.44838191701838,"var_Mptc",-0.140001912800963,0.140001912800963,TRUE
"67-56-1","67-56-1","methanol",-3.30102999566398,-3.33378028830744,0.363594982573794,-4.04642645415208,-2.62113412246281,"var_Mptc",0.0327502926434633,0.0327502926434633,TRUE
"67-56-1","67-56-1","methanol",-2.79588001734407,-3.2547975763655,0.363594982573794,-3.96744374221014,-2.54215141052086,"var_Mptc",0.45891755902143,0.45891755902143,TRUE
"68-96-2","68-96-2","17-alfa-hydroxyprogesterone",-3.22184874961636,-3.64451026740451,0.858784877713747,-5.32772862772345,-1.96129190708556,"var_Mptc",0.422661517788146,0.422661517788146,TRUE
"69-29-7","69-29-7","ethyl ether",-1.79588001734408,-2.27893596684352,0.340948780933243,-2.94719557747267,-1.61067635621436,"var_Mptc",0.483055949499436,0.483055949499436,TRUE
"69-65-8","69-65-8","mannitol",-4.72681868815271,-4.02494981363413,0.744093987382809,-5.48337402890444,-2.56652559836382,"var_Mptc",-0.70186887451858,0.70186887451858,TRUE
"69-65-8","69-65-8","mannitol",-4,-4.46913793510348,0.744093987382809,-5.92756215037378,-3.01071371983317,"var_Mptc",0.469137935103477,0.469137935103477,TRUE
"69-65-8","69-65-8","mannitol",-4.68257958814785,-3.9471980113091,0.744093987382809,-5.40562222657941,-2.4887737960388,"var_Mptc",-0.735381576838747,0.735381576838747,TRUE
"69-65-8","69-65-8","mannitol",-4.45692576496647,-3.94768955175647,0.744093987382809,-5.40611376702678,-2.48926533648616,"var_Mptc",-0.509236213209999,0.509236213209999,TRUE
"69-65-8","69-65-8","mannitol",-4.77257756999574,-4.4534676218306,0.744093987382809,-5.9118918371009,-2.99504340656029,"var_Mptc",-0.31910994816514,0.31910994816514,TRUE
"69-65-8","69-65-8","mannitol",-4.43830246734601,-3.94768955175647,0.744093987382809,-5.40611376702678,-2.48926533648616,"var_Mptc",-0.49061291558954,0.49061291558954,TRUE
"69-65-8","69-65-8","mannitol",-4.18810341360238,-4.49820226425688,0.744093987382809,-5.95662647952718,-3.03977804898657,"var_Mptc",0.310098850654495,0.310098850654495,TRUE
"69-65-8","69-65-8","mannitol",-4.00436480540245,-4.37287539713774,0.744093987382809,-5.83129961240804,-2.91445118186743,"var_Mptc",0.368510591735286,0.368510591735286,TRUE
"69-65-8","69-65-8","mannitol",-3.97265039222524,-4.52082593806941,0.744093987382809,-5.97925015333971,-3.0624017227991,"var_Mptc",0.548175545844166,0.548175545844166,TRUE
"69-65-8","69-65-8","mannitol",-3.1536628878702,-3.9471980113091,0.744093987382809,-5.40562222657941,-2.4887737960388,"var_Mptc",0.793535123438903,0.793535123438903,TRUE
"69-72-7","69-72-7","salicylic acid",-3.03151705144606,-1.90879881554431,0.718411050131775,-3.31688447380259,-0.500713157286033,"var_Mptc",-1.12271823590175,1.12271823590175,TRUE
"69-72-7","69-72-7","salicylic acid",-1.34678748622466,-1.92576475799894,0.718411050131775,-3.33385041625722,-0.517679099740656,"var_Mptc",0.578977271774276,0.578977271774276,TRUE
"71-23-8","71-23-8","n-propanol",-2.92081875395238,-2.81424950012418,0.342325017425391,-3.48520653427794,-2.14329246597041,"var_Mptc",-0.106569253828204,0.106569253828204,TRUE
"71-23-8","71-23-8","propanol",-2.76955107862173,-2.92268368609422,0.342325017425391,-3.59364072024798,-2.25172665194045,"var_Mptc",0.153132607472487,0.153132607472487,TRUE
"71-23-8","71-23-8","propanol",-2.92081875395238,-3.00178888331227,0.342325017425391,-3.67274591746604,-2.33083184915851,"var_Mptc",0.0809701293598906,0.0809701293598906,TRUE
"71-36-3","71-36-3","butanol",-2.52287874528034,-2.10863574829003,0.361969226616527,-2.81809543245843,-1.39917606412164,"var_Mptc",-0.414242996990305,0.414242996990305,TRUE
"71-36-3","71-36-3","butanol",-2.10237290870956,-2.04289369175775,0.361969226616527,-2.75235337592614,-1.33343400758936,"var_Mptc",-0.0594792169518108,0.0594792169518108,TRUE
"71-36-3","71-36-3","butanol",-2.65757731917779,-2.17547173269887,0.361969226616527,-2.88493141686726,-1.46601204853047,"var_Mptc",-0.482105586478922,0.482105586478922,TRUE
"71-36-3","71-36-3","butanol",-2.65757731917779,-2.17552684264927,0.361969226616527,-2.88498652681767,-1.46606715848088,"var_Mptc",-0.482050476528517,0.482050476528517,TRUE
"71-36-3","71-36-3","butanol",-2.60205999132796,-2.17547173269887,0.361969226616527,-2.88493141686726,-1.46601204853047,"var_Mptc",-0.426588258629092,0.426588258629092,TRUE
"71-36-3","71-36-3","n-butanol",-2.60205999132796,-2.01695032914564,0.361969226616527,-2.72641001331404,-1.30749064497725,"var_Mptc",-0.585109662182318,0.585109662182318,TRUE
"71-41-0","71-41-0","n-pentanol",-2.22184874961636,-1.76400222037747,0.378610255843612,-2.50607832183095,-1.02192611892399,"var_Mptc",-0.457846529238891,0.457846529238891,TRUE
"71-41-0","71-41-0","pentanol",-2.22184874961636,-1.94895111586332,0.378610255843612,-2.6910272173168,-1.20687501440984,"var_Mptc",-0.272897633753043,0.272897633753043,TRUE
"71-43-0","71-43-0","benzene",-0.954285941059132,-1.33956539673179,0.476293682840932,-2.27310101510002,-0.406029778363561,"var_Mptc",0.385279455672656,0.385279455672656,TRUE
"71-43-0","71-43-0","benzene",-0.795880017344075,-1.43503648898539,0.476293682840932,-2.36857210735362,-0.501500870617167,"var_Mptc",0.639156471641319,0.639156471641319,TRUE
"71-91-0","71-91-0","tetraethylammonium",-3.25387553642834,-4.96228315883784,0.984785089161641,-6.89246193359465,-3.03210438408102,"var_Mptc",1.7084076224095,1.7084076224095,TRUE
"71-91-0","71-91-0","tetraethylammonium bromide (+)",-3.36815053784018,-4.87870975690257,0.984785089161641,-6.80888853165939,-2.94853098214575,"var_Mptc",1.51055921906239,1.51055921906239,TRUE
"76-25-5","76-25-5","triamcinolone acetonide",-3.40230481407449,-4.56434761389427,1.04051141667988,-6.60374999058683,-2.52494523720171,"var_Mptc",1.16204279981978,1.16204279981978,TRUE
"76-25-5","76-25-5","triamcinolone acetonide",-4.70663744528855,-4.76382849192105,1.04051141667988,-6.80323086861361,-2.72442611522849,"var_Mptc",0.0571910466325019,0.0571910466325019,TRUE
"76180-96-6","76180-96-6","3-methyl-3h-imidazo[4,5-f]quinolin-2-amine",-2.07218350508968,-3.28916467236917,1.05086283206765,-5.34885582322176,-1.22947352151658,"var_Mptc",1.21698116727949,1.21698116727949,TRUE
"76180-96-6","76180-96-6","3-methyl-3h-imidazo[4,5-f]quinolin-2-amine",-2.43056359552234,-3.28916467236917,1.05086283206765,-5.34885582322176,-1.22947352151658,"var_Mptc",0.858601076846828,0.858601076846828,TRUE
"7732-18-5","7732-18-5","water",-2.80687540164554,-3.65744371017341,0.472134168798211,-4.58282668101791,-2.73206073932892,"var_Mptc",0.850568308527872,0.850568308527872,TRUE
"7732-18-5","7732-18-5","water",-2.98540960554622,-3.65744371017341,0.472134168798211,-4.58282668101791,-2.73206073932892,"var_Mptc",0.672034104627192,0.672034104627192,TRUE
"7732-18-5","7732-18-5","water",-2.80966830182971,-3.62470054054122,0.472134168798211,-4.55008351138571,-2.69931756969672,"var_Mptc",0.815032238711507,0.815032238711507,TRUE
"7732-18-5","7732-18-5","water",-3.14997431819434,-3.62470207886924,0.472134168798211,-4.55008504971374,-2.69931910802475,"var_Mptc",0.474727760674904,0.474727760674904,TRUE
"7732-18-5","7732-18-5","water",-3.07058107428571,-3.65744371017341,0.472134168798211,-4.58282668101791,-2.73206073932892,"var_Mptc",0.586862635887702,0.586862635887702,TRUE
"7732-18-5","7732-18-5","water",-3.24233473501217,-3.62470054054122,0.472134168798211,-4.55008351138571,-2.69931756969672,"var_Mptc",0.382365805529048,0.382365805529048,TRUE
"7732-18-5","7732-18-5","water",-3.45621525646938,-3.62470054054122,0.472134168798211,-4.55008351138571,-2.69931756969672,"var_Mptc",0.168485284071837,0.168485284071837,TRUE
"7732-18-5","7732-18-5","water",-3.27134965805094,-3.62470054054122,0.472134168798211,-4.55008351138571,-2.69931756969672,"var_Mptc",0.353350882490278,0.353350882490278,TRUE
"7732-18-5","7732-18-5","water",-3.15476521541715,-3.64104519836004,0.472134168798211,-4.56642816920453,-2.71566222751555,"var_Mptc",0.486279982942891,0.486279982942891,TRUE
"7732-18-5","7732-18-5","water",-3.52287874528034,-3.74025666627122,0.472134168798211,-4.66563963711571,-2.81487369542673,"var_Mptc",0.21737792099088,0.21737792099088,TRUE
"7732-18-5","7732-18-5","water",-3.5,-3.74025666627122,0.472134168798211,-4.66563963711571,-2.81487369542673,"var_Mptc",0.24025666627122,0.24025666627122,TRUE
"78-93-3","78-93-3","2-butanone",-2.34678748622466,-2.51180487649928,0.373863442418635,-3.2445772236398,-1.77903252935875,"var_Mptc",0.165017390274615,0.165017390274615,TRUE
"84-66-2","84-66-2","diethyl phthalate",-1.70509308939481,-1.73529689672548,0.421535770955676,-2.5615070077986,-0.909086785652353,"var_Mptc",0.0302038073306672,0.0302038073306672,TRUE
"87-66-1","87-66-1","pyrogallol",-2.81,-2.60335050740122,0.672405140659083,-3.92126458309302,-1.28543643170942,"var_Mptc",-0.206649492598779,0.206649492598779,TRUE
"88-04-0","88-04-0","chloroxylenol",-1.22875360095283,-1.6124133179195,0.642448181010334,-2.87161175269976,-0.353214883139247,"var_Mptc",0.383659716966672,0.383659716966672,TRUE
"88-04-0","88-04-0","chloroxylenol",-1.09474395125155,-1.4949094500578,0.64071582299473,-2.75071246312747,-0.239106436988125,"var_Mptc",0.400165498806246,0.400165498806246,TRUE
"88-06-2","88-06-2","2,4,6-trichlorophenol",-1.23275783168158,-1.581526377386,0.565383135061165,-2.68967732210588,-0.473375432666112,"var_Mptc",0.348768545704415,0.348768545704415,TRUE
"88-18-6","88-18-6","o-t-butylphenol",-1.12842706445412,-1.27402262464094,0.461572235329232,-2.17870420588623,-0.369341043395641,"var_Mptc",0.145595560186816,0.145595560186816,TRUE
"89-83-8","89-83-8","thymol; 2-isopropyl-5-methylphenol",-1.27607480270083,-1.41939616844131,0.541349139447386,-2.48044048175819,-0.358351855124432,"var_Mptc",0.14332136574048,0.14332136574048,TRUE
"89-83-8","89-83-8","thymol; 2-isopropyl-5-methylphenol",-1.21324857785444,-1.31167147564578,0.541349139447386,-2.37271578896266,-0.250627162328901,"var_Mptc",0.0984228977913388,0.0984228977913388,TRUE
"90-15-3","90-15-3","naphthol",-1.58502665202918,-1.62786158648055,0.608513840117912,-2.82054871311165,-0.435174459849439,"var_Mptc",0.0428349344513661,0.0428349344513661,TRUE
"90-15-3","90-15-3","naphthol",-1.52287874528034,-1.62786158648055,0.608513840117912,-2.82054871311165,-0.435174459849439,"var_Mptc",0.104982841200206,0.104982841200206,TRUE
"91-20-3","91-20-3","naphthalene",-1.55111528700206,-1.28562745445909,0.584431011873043,-2.43111223773025,-0.140142671187924,"var_Mptc",-0.265487832542971,0.265487832542971,TRUE
"91-20-3","91-20-3","naphthalene",-1.78220214249451,-1.28562745445909,0.584431011873043,-2.43111223773025,-0.140142671187924,"var_Mptc",-0.496574688035421,0.496574688035421,TRUE
"92-48-8","92-48-8","6-methylcoumarin",-1.18136926112576,-2.13762583713435,0.570887578697766,-3.25656549138197,-1.01868618288672,"var_Mptc",0.956256576008586,0.956256576008586,TRUE
"92-48-8","92-48-8","6-methylcoumarin",-1.331936361143,-2.13762583713435,0.570887578697766,-3.25656549138197,-1.01868618288672,"var_Mptc",0.805689475991346,0.805689475991346,TRUE
"93-60-7","93-60-7","nicotinate, methyl",-3.30980391997149,-2.07809101017901,0.517744951995571,-3.09287111609033,-1.06331090426769,"var_Mptc",-1.23171290979248,1.23171290979248,FALSE
"93-60-7","93-60-7","nicotinate, methyl",-3.27572413039921,-2.08976139925614,0.517744951995571,-3.10454150516746,-1.07498129334482,"var_Mptc",-1.18596273114307,1.18596273114307,FALSE
"937-20-2","937-20-2","2,4-dichloroacetophenone",-0.743772935647774,-2.19768825457415,0.612910464491773,-3.39899276497802,-0.996383744170271,"var_Mptc",1.45391531892637,1.45391531892637,FALSE
"937-20-2","937-20-2","2,4-dichloroacetophenone",-1.86052608660328,-2.19768825457415,0.612910464491773,-3.39899276497802,-0.996383744170271,"var_Mptc",0.337162167970867,0.337162167970867,TRUE
"94-13-3","94-13-3","propylparaben",-1.67615465544754,-1.60274321443839,0.612615629330541,-2.80346984792625,-0.402016580950533,"var_Mptc",-0.0734114410091464,0.0734114410091464,TRUE
"94-13-3","94-13-3","propylparaben",-1.26606734367858,-1.6776998113981,0.612615629330541,-2.87842644488596,-0.476973177910242,"var_Mptc",0.411632467719522,0.411632467719522,TRUE
"94-13-3","94-13-3","propylparaben",-1.20290590120029,-1.6776998113981,0.612615629330541,-2.87842644488596,-0.476973177910242,"var_Mptc",0.474793910197812,0.474793910197812,TRUE
"94-26-8","94-26-8","butylparaben",-0.981299501333757,-1.41791407933409,0.564948588499163,-2.52521331279245,-0.310614845875734,"var_Mptc",0.436614578000337,0.436614578000337,TRUE
"94-26-8","94-26-8","butylparaben",-1.15242734085789,-1.49103183194288,0.564948588499163,-2.59833106540124,-0.38373259848452,"var_Mptc",0.33860449108499,0.33860449108499,TRUE
"95-48-7","95-48-7","o-cresol",-1.80172783601759,-1.80792826680235,0.509472012935344,-2.80649341215563,-0.809363121449078,"var_Mptc",0.00620043078476318,0.00620043078476318,TRUE
"95-54-5","95-54-5","o-phenylenediamine",-3.34678748622466,-2.44214526827092,0.619685878253913,-3.65672958964859,-1.22756094689325,"var_Mptc",-0.904642217953741,0.904642217953741,TRUE
"95-57-8","95-57-8","o-chlorophenol",-1.48044892137827,-1.77140413982905,0.481317631669614,-2.71478669790149,-0.828021581756605,"var_Mptc",0.290955218450778,0.290955218450778,TRUE
"95-65-8","95-65-8","3,4-xylenol",-1.44278385671974,-1.69698605239247,0.553514053358794,-2.78187359697571,-0.612098507809236,"var_Mptc",0.254202195672731,0.254202195672731,TRUE
"97-00-7","97-00-7","2,4-dinitrochlorobenzene",-1.57500847696703,-1.99258371676712,0.536889484675088,-3.04488710673029,-0.940280326803944,"var_Mptc",0.417575239800087,0.417575239800087,TRUE
"97-00-7","97-00-7","2,4-dinitrochlorobenzene",-1.50012264373278,-1.99258371676712,0.536889484675088,-3.04488710673029,-0.940280326803944,"var_Mptc",0.492461073034337,0.492461073034337,TRUE
"97-53-0","97-53-0","eugenol",-1.592980675785,-1.63864803064972,0.460336156776319,-2.5409068979313,-0.736389163368135,"var_Mptc",0.0456673548647193,0.0456673548647193,TRUE
"97-53-0","97-53-0","eugenol",-1.555243965633,-1.63864803064972,0.460336156776319,-2.5409068979313,-0.736389163368135,"var_Mptc",0.0834040650167194,0.0834040650167194,TRUE
"97-54-1","97-54-1","isoeugenol",-1.74568406057766,-1.57387039040842,0.458922349666362,-2.47335819575449,-0.674382585062348,"var_Mptc",-0.171813670169243,0.171813670169243,TRUE
"97-54-1","97-54-1","isoeugenol",-1.41300909711301,-1.57387039040842,0.458922349666362,-2.47335819575449,-0.674382585062348,"var_Mptc",0.160861293295407,0.160861293295407,TRUE
"98-86-2","98-86-2","acetophenone",-1.62740828480895,-1.72871320926205,0.497062713008894,-2.70295612675948,-0.754470291764613,"var_Mptc",0.101304924453095,0.101304924453095,TRUE
"98-86-2","98-86-2","acetophenone",-1.56017144166374,-1.72871320926205,0.497062713008894,-2.70295612675948,-0.754470291764613,"var_Mptc",0.168541767598305,0.168541767598305,TRUE
"99-76-3","99-76-3","methylparaben",-1.67358220444561,-1.89839864751858,0.666798525483718,-3.20532375746666,-0.591473537570492,"var_Mptc",0.224816443072968,0.224816443072968,TRUE
"99-76-3","99-76-3","methylparaben",-1.96257350205938,-1.94533849026441,0.666798525483718,-3.2522636002125,-0.638413380316327,"var_Mptc",-0.0172350117949669,0.0172350117949669,TRUE
"99-76-3","99-76-3","methylparaben",-2.03394335230684,-2.0704506965288,0.666798525483718,-3.37737580647689,-0.763525586580713,"var_Mptc",0.0365073442219592,0.0365073442219592,TRUE
"99-76-3","99-76-3","methylparaben",-2.07572071393812,-1.98202229426631,0.67226295123747,-3.29965767869175,-0.664386909840865,"var_Mptc",-0.0936984196718136,0.0936984196718136,TRUE
"100-02-7","100-02-7","p-nitrophenol; 4-nitrophenol",-2.25,-2.18292929740208,0.618974538123627,-3.39611939212439,-0.969739202679772,"var_LogSaqd",-0.0670707025979183,0.0670707025979183,TRUE
"100-39-0","100-39-0","benzyl bromide",-1.54511979359646,-1.42786808651848,0.665048518401546,-2.73136318258551,-0.124372990451455,"var_LogSaqd",-0.117251707077975,0.117251707077975,TRUE
"100-39-0","100-39-0","benzyl bromide",-1.89202735976865,-1.42786808651848,0.665048518401546,-2.73136318258551,-0.124372990451455,"var_LogSaqd",-0.464159273250165,0.464159273250165,TRUE
"100-51-6","100-51-6","benzyl alcohol",-2.22205999132796,-2.18130532059226,0.602877515312795,-3.36294525060534,-0.999665390579187,"var_LogSaqd",-0.0407546707356956,0.0407546707356956,TRUE
"1002-62-6","1002-62-6","sodium caprate; decanoic acid soap (c10:0)",-2.95233580539844,-2.38005425636689,0.588783339890281,-3.53406960255184,-1.22603891018194,"var_LogSaqd",-0.572281549031547,0.572281549031547,TRUE
"103-11-7","103-11-7","2-ethylhexyl acrylate",-2.11289007326765,-1.29741553948365,0.682253389498085,-2.6346321828999,0.0398011039325947,"var_LogSaqd",-0.815474533783999,0.815474533783999,TRUE
"103-11-7","103-11-7","2-ethylhexyl acrylate",-1.82434537155519,-1.29741553948365,0.682253389498085,-2.6346321828999,0.0398011039325947,"var_LogSaqd",-0.526929832071539,0.526929832071539,TRUE
"104-54-1","104-54-1","cinnamyl alcohol",-1.54329916349423,-1.70661287095447,0.642237795163128,-2.9653989494742,-0.447826792434735,"var_LogSaqd",0.163313707460236,0.163313707460236,TRUE
"104-54-1","104-54-1","cinnamyl alcohol",-1.47890341621095,-1.70661287095447,0.642237795163128,-2.9653989494742,-0.447826792434735,"var_LogSaqd",0.227709454743516,0.227709454743516,TRUE
"104-85-8","104-85-8","p-tolunitrile",-1.34336049829281,-1.58023312114286,0.647996543074478,-2.85030634556884,-0.310159896716882,"var_LogSaqd",0.236872622850049,0.236872622850049,TRUE
"104-85-8","104-85-8","p-tolunitrile",-1.51076062352006,-1.58023312114286,0.647996543074478,-2.85030634556884,-0.310159896716882,"var_LogSaqd",0.0694724976227994,0.0694724976227994,TRUE
"10521-91-2","10521-91-2","5-phenylpentanol",-0.94692155651658,-1.39082610600881,0.656796397522106,-2.67814704515214,-0.103505166865485,"var_LogSaqd",0.443904549492233,0.443904549492233,TRUE
"106-24-1","106-24-1","geraniol",-0.986619380204979,-1.14135319252842,0.682513803069527,-2.47908024654469,0.196373861487853,"var_LogSaqd",0.154733812323441,0.154733812323441,TRUE
"106-24-1","106-24-1","geraniol",-1.01401437058883,-1.14135319252842,0.682513803069527,-2.47908024654469,0.196373861487853,"var_LogSaqd",0.127338821939589,0.127338821939589,TRUE
"106-41-3","106-41-3","p-bromophenol",-1.43951925261862,-1.97225493144753,0.619670446665457,-3.18680900691183,-0.757700855983239,"var_LogSaqd",0.532735678828914,0.532735678828914,TRUE
"106-44-5","106-44-5","p-cresol",-0.920818753952375,-1.71953324148694,0.606519164687236,-2.90831080427393,-0.530755678699961,"var_LogSaqd",0.798714487534569,0.798714487534569,TRUE
"106-44-5","106-44-5","p-cresol",-1.74875360095283,-1.9193106075181,0.609824134156921,-3.11456591046567,-0.724055304570537,"var_LogSaqd",0.170557006565272,0.170557006565272,TRUE
"106-48-9","106-48-9","p-chlorophenol",-1.44875360095283,-1.85962008966979,0.610720655346603,-3.05663257414913,-0.662607605190449,"var_LogSaqd",0.41086648871696,0.41086648871696,TRUE
"106-50-3","106-50-3","p-phenylenediamine",-3.61978875828839,-2.8293169533524,0.599408917972879,-4.00415843257925,-1.65447547412556,"var_LogSaqd",-0.790471804935987,0.790471804935987,TRUE
"108-39-4","108-39-4","m-cresol",-1.81172783601759,-1.88930160647417,0.609185895144891,-3.08330596095815,-0.695297251990181,"var_LogSaqd",0.0775737704565769,0.0775737704565769,TRUE
"108-46-3","108-46-3","resorcinol",-2.42023266087399,-2.74941523990948,0.57028274109437,-3.86716941245445,-1.63166106736452,"var_LogSaqd",0.329182579035492,0.329182579035492,TRUE
"108-46-3","108-46-3","resorcinol",-2.35642808060813,-2.74941523990948,0.57028274109437,-3.86716941245445,-1.63166106736452,"var_LogSaqd",0.392987159301352,0.392987159301352,TRUE
"108-46-3","108-46-3","resorcinol",-3.07,-2.67636133649876,0.568799303877426,-3.79120797209851,-1.561514700899,"var_LogSaqd",-0.393638663501244,0.393638663501244,TRUE
"108-46-3","108-46-3","resorcinol; 1,3-benzenediol",-3.62291335664286,-2.8646278105635,0.572469480392769,-3.98666799213333,-1.74258762899367,"var_LogSaqd",-0.75828554607936,0.75828554607936,TRUE
"108-73-6","108-73-6","phloroglucinol",-2.51,-2.96443627346114,0.614456312143769,-4.16877064526292,-1.76010190165935,"var_LogSaqd",0.454436273461135,0.454436273461135,TRUE
"108-88-3","108-88-3","toluene",-0.0809219076239261,-1.19675366556414,0.65102158893868,-2.47275597988395,0.0792486487556703,"var_LogSaqd",1.11583175794022,1.11583175794022,TRUE
"108-95-2","108-95-2","phenol",-2.03,-1.99709063246731,0.582591771499273,-3.13897050460588,-0.855210760328734,"var_LogSaqd",-0.0329093675326908,0.0329093675326908,TRUE
"108-95-2","108-95-2","phenol",-2.08907809237607,-2.14061729038725,0.587010303884366,-3.29115748600061,-0.990077094773895,"var_LogSaqd",0.0515391980111826,0.0515391980111826,TRUE
"108-95-2","108-95-2","phenol",-1.70996538863748,-1.99141348884324,0.582591771499273,-3.13329336098181,-0.849533616704661,"var_LogSaqd",0.281448100205756,0.281448100205756,TRUE
"108-95-2","108-95-2","phenol",-3.82792274303052,-2.18892149299954,0.587156154222236,-3.33974755527512,-1.03809543072396,"var_LogSaqd",-1.63900125003098,1.63900125003098,FALSE
"110-80-5","110-80-5","2-ethoxy ethanol",-3.60205999132796,-2.8905026118439,0.56209431729096,-3.99220747373418,-1.78879774995362,"var_LogSaqd",-0.711557379484057,0.711557379484057,TRUE
"111-27-3","111-27-3","hexanol",-1.49485002168009,-1.50941004384409,0.627224569790402,-2.73877020063328,-0.280049887054904,"var_LogSaqd",0.014560022164001,0.014560022164001,TRUE
"111-27-3","111-27-3","hexanol",-1.88605664769316,-1.7201965071221,0.627168785959249,-2.94944732760223,-0.490945686641978,"var_LogSaqd",-0.165860140571055,0.165860140571055,TRUE
"111-27-3","111-27-3","n-hexanol",-1.88605664769316,-1.49582218495304,0.62392940832368,-2.71872382526746,-0.27292054463863,"var_LogSaqd",-0.390234462740117,0.390234462740117,TRUE
"111-76-2","111-76-2","butoxyethanol",-2.25698018593163,-2.43414885602311,0.570498863235955,-3.55232662796558,-1.31597108408063,"var_LogSaqd",0.177168670091476,0.177168670091476,TRUE
"111-87-5","111-87-5","n-octanol",-1.2839966563652,-1.13123584244392,0.662876822663746,-2.43047441486486,0.168002729977021,"var_LogSaqd",-0.152760813921279,0.152760813921279,TRUE
"111-87-5","111-87-5","octanol",-1.0301183562535,-1.12773211190211,0.662876822663746,-2.42697068432305,0.17150646051883,"var_LogSaqd",0.0976137556486119,0.0976137556486119,TRUE
"111-87-5","111-87-5","octanol",-1.15490195998574,-1.32424521801181,0.662876822663746,-2.62348379043275,-0.0250066455908666,"var_LogSaqd",0.169343258026068,0.169343258026068,TRUE
"111-87-5","111-87-5","octanol",-1.2839966563652,-1.36628504820556,0.662876822663746,-2.66552362062651,-0.067046475784623,"var_LogSaqd",0.0822883918403645,0.0822883918403645,TRUE
"111-87-5","111-87-5","octanol",-1.21467016498923,-1.26721776072081,0.662876822663746,-2.56645633314175,0.0320208117001293,"var_LogSaqd",0.0525475957315824,0.0525475957315824,TRUE
"112-30-1","112-30-1","decanol",-1.833220851329,-0.920247842275683,0.701389715025664,-2.29497168372598,0.454475999174618,"var_LogSaqd",-0.912973009053317,0.912973009053317,TRUE
"112-30-1","112-30-1","decanol",-1.95860731484178,-0.920430349747095,0.701154059095379,-2.29469230557404,0.453831606079847,"var_LogSaqd",-1.03817696509469,1.03817696509469,TRUE
"112-30-1","112-30-1","decanol",-1.14508697769214,-0.86670904358167,0.701389715025664,-2.24143288503197,0.508014797868632,"var_LogSaqd",-0.27837793411047,0.27837793411047,TRUE
"112-30-1","112-30-1","decanol",-1.04575749056068,-1.07594804990285,0.701389715025664,-2.45067189135315,0.298775791547455,"var_LogSaqd",0.0301905593421665,0.0301905593421665,TRUE
"112-30-1","112-30-1","decanol",-1.09691001300806,-1.12608024049564,0.701389715025664,-2.50080408194594,0.248643600954663,"var_LogSaqd",0.0291702274875782,0.0291702274875782,TRUE
"112-30-1","112-30-1","n-decanol",-1.09691001300806,-0.875685843807787,0.701389715025664,-2.25040968525809,0.499037997642514,"var_LogSaqd",-0.221224169200273,0.221224169200273,TRUE
"112-34-5","112-34-5","diethylene glycol monobutyl ether",-2.23600035701585,-2.79621212548333,0.571953007615529,-3.91724002040976,-1.67518423055689,"var_LogSaqd",0.560211768467477,0.560211768467477,TRUE
"112-34-5","112-34-5","diethylene glycol monobutyl ether",-2.16688305055618,-2.79621212548333,0.571953007615529,-3.91724002040976,-1.67518423055689,"var_LogSaqd",0.629329074927147,0.629329074927147,TRUE
"112-80-1","112-80-1","oleic acid",-2.88605664769316,-1.17998883148992,0.794225288544861,-2.73667039703784,0.376692734058009,"var_LogSaqd",-1.70606781620324,1.70606781620324,FALSE
"117-81-7","117-81-7","bis(2-ethylhexyl)phthalate",-4.09691001300806,-2.62338822055021,0.755855140537617,-4.10486429600394,-1.14191214509649,"var_LogSaqd",-1.47352179245785,1.47352179245785,TRUE
"119-34-6","119-34-6","4-amino-2-nitrophenol",-4.06550154875643,-2.38829988959147,0.612820581727481,-3.58942822977733,-1.1871715494056,"var_LogSaqd",-1.67720165916496,1.67720165916496,FALSE
"119-36-8","119-36-8","methyl salicylate",-1.44369749923271,-1.58242055331218,0.647477304463018,-2.85147607005969,-0.313365036564663,"var_LogSaqd",0.138723054079468,0.138723054079468,TRUE
"119-61-9","119-61-9","benzophenone",-1.24920613319746,-1.48981211643106,0.679596651944615,-2.82182155424251,-0.157802678619614,"var_LogSaqd",0.2406059832336,0.2406059832336,TRUE
"119-61-9","119-61-9","benzophenone",-1.13822159828622,-1.48981211643106,0.679596651944615,-2.82182155424251,-0.157802678619614,"var_LogSaqd",0.35159051814484,0.35159051814484,TRUE
"120-80-9","120-80-9","catechol",-2.51,-2.58051599969756,0.573328472614485,-3.70423980602195,-1.45679219337317,"var_LogSaqd",0.0705159996975575,0.0705159996975575,TRUE
"120-83-2","120-83-2","2,4-dichlorophenol",-1.14874021557127,-1.41445868103806,0.63473789952806,-2.65854496411306,-0.170372397963061,"var_LogSaqd",0.265718465466789,0.265718465466789,TRUE
"120-83-2","120-83-2","2,4-dichlorophenol",-1.22136169383427,-1.67169778932517,0.63329907788454,-2.91296398197887,-0.430431596671472,"var_LogSaqd",0.4503360954909,0.4503360954909,TRUE
"1219-38-1","1219-38-1","octylparaben",-1.90585161784792,-1.23481210859,0.706067910769087,-2.61870521369741,0.149080996517413,"var_LogSaqd",-0.671039509257922,0.671039509257922,TRUE
"122-57-6","122-57-6","benzylideneacetone",-1.40794873077454,-1.65677861468762,0.64580536491389,-2.92255712991885,-0.391000099456401,"var_LogSaqd",0.248829883913085,0.248829883913085,TRUE
"122-57-6","122-57-6","benzylideneacetone",-1.11863375864077,-1.65677861468762,0.64580536491389,-2.92255712991885,-0.391000099456401,"var_LogSaqd",0.538144856046855,0.538144856046855,TRUE
"123-07-9 ","123-07-9 ","p-ethylphenol",-1.46278385671974,-1.69755969678399,0.629483040683709,-2.93134645652406,-0.463772937043922,"var_LogSaqd",0.234775840064253,0.234775840064253,TRUE
"123-31-9","123-31-9","hydroquinone",-5.0301183562535,-2.57441695348899,0.606972530502559,-3.764083113274,-1.38475079370397,"var_LogSaqd",-2.45570140276451,2.45570140276451,FALSE
"123-31-9","123-31-9","hydroquinone",-1.90385139213331,-2.53675056205559,0.606972530502559,-3.7264167218406,-1.34708440227057,"var_LogSaqd",0.632899169922276,0.632899169922276,TRUE
"123-31-9","123-31-9","hydroquinone",-2.41644259377425,-2.53675056205559,0.606972530502559,-3.7264167218406,-1.34708440227057,"var_LogSaqd",0.120307968281335,0.120307968281335,TRUE
"123-31-9","123-31-9","hydroquinone",-2.95,-2.70798641509889,0.57674217911958,-3.83840108617327,-1.57757174402451,"var_LogSaqd",-0.242013584901109,0.242013584901109,TRUE
"124-94-7","124-94-7","triamcinolone",-5.40011692792631,-4.53579977190955,0.695804734140105,-5.89957705082415,-3.17202249299494,"var_LogSaqd",-0.864317156016762,0.864317156016762,TRUE
"131-11-3","131-11-3","dimethyl phthalate",-1.55258483591006,-1.96084723897546,0.636273460809927,-3.20794322216292,-0.713751255788009,"var_LogSaqd",0.408262403065405,0.408262403065405,TRUE
"131-11-3","131-11-3","dimethyl phthalate",-1.64782103953418,-1.96084723897546,0.636273460809927,-3.20794322216292,-0.713751255788009,"var_LogSaqd",0.313026199441285,0.313026199441285,TRUE
"135-19-3","135-19-3","beta-naphthol; 2-naphthol",-1.5543957967264,-1.86077840161648,0.652037610378849,-3.13877211795903,-0.582784685273938,"var_LogSaqd",0.306382604890083,0.306382604890083,TRUE
"135-19-3","135-19-3","beta-naphthol; 2-naphthol",-1.20065945054642,-1.73042964196124,0.649712862929457,-3.00386685330298,-0.456992430619504,"var_LogSaqd",0.529770191414819,0.529770191414819,TRUE
"13523-86-9","13523-86-9","pindolol",-3.70333480973847,-3.19435299758661,0.696706909115098,-4.55989853945221,-1.82880745572102,"var_LogSaqd",-0.508981812151857,0.508981812151857,TRUE
"13655-52-2","13655-52-2","alprenolol",-2.78664164637561,-2.81385948161742,0.578955158655413,-3.94861159258203,-1.67910737065281,"var_LogSaqd",0.0272178352418058,0.0272178352418058,TRUE
"137-58-6","137-58-6","lidocaine",-2.40120949323688,-2.11408720537563,0.64208911331857,-3.37258186748003,-0.855592543271236,"var_LogSaqd",-0.287122287861246,0.287122287861246,TRUE
"137-58-6","137-58-6","lidocaine",-2.52287874528034,-2.11633470827232,0.638923798242641,-3.3686253528279,-0.864044063716743,"var_LogSaqd",-0.40654403700802,0.40654403700802,TRUE
"137-58-6","137-58-6","lidocaine",-2.52287874528034,-2.11633470827232,0.638923798242641,-3.3686253528279,-0.864044063716743,"var_LogSaqd",-0.40654403700802,0.40654403700802,TRUE
"141-05-9","141-05-9","diethyl maleate",-1.66740097646667,-1.98662898942812,0.653857140384837,-3.2681889845824,-0.705068994273841,"var_LogSaqd",0.319228012961451,0.319228012961451,TRUE
"141-05-9","141-05-9","diethyl maleate",-1.58608416024509,-1.98662898942812,0.653857140384837,-3.2681889845824,-0.705068994273841,"var_LogSaqd",0.400544829183031,0.400544829183031,TRUE
"14199-15-6","14199-15-6","methyl 4-hydroxyphenylacetate",-1.69897000433602,-1.93015003507948,0.620743149989653,-3.1468066090592,-0.71349346109976,"var_LogSaqd",0.231180030743459,0.231180030743459,TRUE
"143-08-8","143-08-8","n-nonanol",-1.22184874961636,-1.0037818663349,0.678906055481967,-2.33443773507955,0.326874002409757,"var_LogSaqd",-0.218066883281461,0.218066883281461,TRUE
"143-08-8","143-08-8","nonanol",-1.22184874961636,-1.23600982439681,0.678906055481967,-2.56666569314146,0.094646044347849,"var_LogSaqd",0.0141610747804468,0.0141610747804468,TRUE
"14371-10-9","14371-10-9","trans-cinnamaldehyde",-1.55307871254876,-1.54151323738953,0.645407380036021,-2.80651170226013,-0.276514772518928,"var_LogSaqd",-0.0115654751592302,0.0115654751592302,TRUE
"14371-10-9","14371-10-9","trans-cinnamaldehyde",-1.38433498624321,-1.54151323738953,0.645407380036021,-2.80651170226013,-0.276514772518928,"var_LogSaqd",0.15717825114632,0.15717825114632,TRUE
"145-13-1","145-13-1","hydroxypregnenolone",-3.22184874961636,-3.16182739373693,0.642588070594108,-4.42130001210138,-1.90235477537248,"var_LogSaqd",-0.0600213558794294,0.0600213558794294,TRUE
"145-13-1","145-13-1","pregnenolone",-2.82390874094432,-2.83203082983536,0.738158941761494,-4.27882235568789,-1.38523930398283,"var_LogSaqd",0.00812208889103783,0.00812208889103783,TRUE
"146-72-5","146-72-5","methylglucose",-3.68026950566978,-3.93374619334245,0.567521147863305,-5.04608764315453,-2.82140474353037,"var_LogSaqd",0.253476687672666,0.253476687672666,TRUE
"1638-22-8","1638-22-8","p-n-butylphenol; 4-butylphenol",-1.11463877996849,-1.17377980705869,0.670347319329987,-2.48766055294546,0.14010093882809,"var_LogSaqd",0.0591410270901953,0.0591410270901953,TRUE
"16590-41-3","16590-41-3","naltrexone",-2.6664407795091,-2.97042861537852,0.6629713826869,-4.26985252544485,-1.6710047053122,"var_LogSaqd",0.303987835869424,0.303987835869424,TRUE
"17194-82-0","17194-82-0","alfa-(4-hydroxyphenyl) acetamide",-3.34678748622466,-2.85639522617896,0.614469164900985,-4.06075478938489,-1.65203566297303,"var_LogSaqd",-0.490392260045696,0.490392260045696,TRUE
"18979-50-5","18979-50-5","4-propoxyphenol",-1.82490330536304,-1.68017309833096,0.636899472038294,-2.92849606352602,-0.431850133135902,"var_LogSaqd",-0.144730207032081,0.144730207032081,TRUE
"2152-44-5","2152-44-5","betamethasone-17-valerate",-2.88041422503822,-4.14459172529625,0.723901145593226,-5.56343797065897,-2.72574547993352,"var_LogSaqd",1.26417750025803,1.26417750025803,TRUE
"2203-97-6","2203-97-6","hydrocortisone-21-hemisuccinate",-3.20065945054642,-3.87131787441339,0.698891166614202,-5.24114456097722,-2.50149118784955,"var_LogSaqd",0.670658423866967,0.670658423866967,TRUE
"2493-02-9","2493-02-9","4-bromophenyl isocyanate",-1.84100559902551,-1.46695546456283,0.666044948504659,-2.77240356363196,-0.161507365493701,"var_LogSaqd",-0.374050134462677,0.374050134462677,TRUE
"2493-02-9","2493-02-9","4-bromophenyl isocyanate",-1.75134980127003,-1.46695546456283,0.666044948504659,-2.77240356363196,-0.161507365493701,"var_LogSaqd",-0.284394336707197,0.284394336707197,TRUE
"26839-75-8","26839-75-8","timolol",-3.57016261901271,-2.58739530240826,0.669901197361899,-3.90040164923758,-1.27438895557893,"var_LogSaqd",-0.982767316604455,0.982767316604455,TRUE
"26839-75-8","26839-75-8","timolol",-3.53521248035406,-2.47797476330682,0.667817908193384,-3.78689786336585,-1.16905166324778,"var_LogSaqd",-1.05723771704724,1.05723771704724,TRUE
"2871-01-4","2871-01-4","hc red no. 3; 2-(4-amino-2-nitroanilino)-ethanol",-1.67058885168866,-2.54692343083595,0.681703982733618,-3.88306323699385,-1.21078362467806,"var_LogSaqd",0.876334579147294,0.876334579147294,TRUE
"2871-01-4","2871-01-4","hc red no. 3; 2-(4-amino-2-nitroanilino)-ethanol",-2.32271042397763,-2.54692343083595,0.681703982733618,-3.88306323699385,-1.21078362467806,"var_LogSaqd",0.224213006858323,0.224213006858323,TRUE
"29122-68-7","29122-68-7","atenolol",-3.96657624451305,-3.53653914261749,0.644442808479788,-4.79964704723788,-2.27343123799711,"var_LogSaqd",-0.430037101895556,0.430037101895556,TRUE
"31005-02-4","31005-02-4","7-ethoxycoumarin",-0.781780143112531,-2.20737996430572,0.627161881092007,-3.43661725124605,-0.978142677365384,"var_LogSaqd",1.42559982119319,1.42559982119319,FALSE
"31005-02-4","31005-02-4","7-ethoxycoumarin",-0.919153916982604,-2.20737996430572,0.627161881092007,-3.43661725124605,-0.978142677365384,"var_LogSaqd",1.28822604732311,1.28822604732311,FALSE
"333-41-5","333-41-5","diazinon",-2.06048074738138,-2.18937773646376,0.700305514940636,-3.56197654574741,-0.816778927180114,"var_LogSaqd",0.128896989082381,0.128896989082381,TRUE
"3360-41-6","3360-41-6","4-phenylbutanol",-1.08092190762393,-1.53589145935489,0.637358124772615,-2.78511338390921,-0.286669534800565,"var_LogSaqd",0.45496955173096,0.45496955173096,TRUE
"3593-96-2","3593-96-2","hydrocortisone-21-hexanoate; hydrocortisone caproate",-2,-3.5827621615057,0.731789757428352,-5.01707008606527,-2.14845423694613,"var_LogSaqd",1.5827621615057,1.5827621615057,FALSE
"3930-20-9","3930-20-9","sotalol",-4.31984585826563,-3.37240539467408,0.657168216074632,-4.66045509818036,-2.0843556911678,"var_LogSaqd",-0.947440463591552,0.947440463591552,TRUE
"3930-20-9","3930-20-9","sotalol",-3.88598470867013,-3.37240539467408,0.657168216074632,-4.66045509818036,-2.0843556911678,"var_LogSaqd",-0.513579313996051,0.513579313996051,TRUE
"3930-20-9","3930-20-9","sotalol",-4.17986287404271,-3.37240539467408,0.657168216074632,-4.66045509818036,-2.0843556911678,"var_LogSaqd",-0.807457479368632,0.807457479368632,TRUE
"42200-33-9","42200-33-9","nadolol",-4.10127481841051,-3.38318631293263,0.627620682930929,-4.61332285147725,-2.15304977438801,"var_LogSaqd",-0.718088505477879,0.718088505477879,TRUE
"437-38-7","437-38-7","fentanyl base",-1.96286612872332,-2.11667072452039,0.67986220046728,-3.44920063743625,-0.784140811604517,"var_LogSaqd",0.153804595797066,0.153804595797066,TRUE
"463-40-1","463-40-1","linolenic acid",-2.431798275933,-1.40079853731628,0.787782273355067,-2.94485179309221,0.143254718459656,"var_LogSaqd",-1.03099973861672,1.03099973861672,TRUE
"499-75-2","499-75-2","iso-thymol; carvacrol",-1.25336580106242,-1.28352124637123,0.648666371289028,-2.55490733409773,-0.0121351586447371,"var_LogSaqd",0.0301554453088118,0.0301554453088118,TRUE
"50-2-2","50-2-2","dexamethasone",-4.19382002601611,-4.18398596937924,0.695859843029087,-5.54787126171625,-2.82010067704223,"var_LogSaqd",-0.00983405663686643,0.00983405663686643,TRUE
"50-22-6","50-22-6","corticosterone",-2.24178591486039,-3.18527250549913,0.682757319244807,-4.52347685121895,-1.8470681597793,"var_LogSaqd",0.943486590638735,0.943486590638735,TRUE
"50-22-6","50-22-6","corticosterone",-2.35454840605954,-3.18527250549913,0.682757319244807,-4.52347685121895,-1.8470681597793,"var_LogSaqd",0.830724099439585,0.830724099439585,TRUE
"50-22-6","50-22-6","corticosterone",-3.16494389827988,-3.21190711386468,0.69548908370936,-4.57506571793503,-1.84874850979434,"var_LogSaqd",0.046963215584805,0.046963215584805,TRUE
"50-22-6","50-22-6","corticosterone",-4,-3.37525263740437,0.695487722662763,-4.73840857382338,-2.01209670098535,"var_LogSaqd",-0.624747362595633,0.624747362595633,TRUE
"50-22-6","50-22-6","corticosterone",-3.33468369530231,-3.22053593065097,0.683558963369293,-4.56031149885479,-1.88076036244716,"var_LogSaqd",-0.114147764651336,0.114147764651336,TRUE
"50-22-6","50-22-6","corticosterone",-3.52287874528034,-3.38175619137284,0.687216630629858,-4.72870078740736,-2.03481159533832,"var_LogSaqd",-0.141122553907501,0.141122553907501,TRUE
"50-22-6","50-22-6","corticosterone",-3.52287874528034,-3.38505710055715,0.688404939656301,-4.7343307822835,-2.0357834188308,"var_LogSaqd",-0.137821644723192,0.137821644723192,TRUE
"50-22-6","50-22-6","corticosterone",-4,-3.37254652665849,0.69548908370936,-4.73570513072884,-2.00938792258815,"var_LogSaqd",-0.627453473341509,0.627453473341509,TRUE
"50-22-6","50-22-6","corticosterone",-3.26587485567249,-3.35219863480558,0.687216630629858,-4.6991432308401,-2.00525403877106,"var_LogSaqd",0.086323779133092,0.086323779133092,TRUE
"50-22-6","50-22-6","corticosterone",-2.58587485567249,-3.15234828286941,0.681819602917946,-4.48871470458859,-1.81598186115024,"var_LogSaqd",0.566473427196924,0.566473427196924,TRUE
"50-22-6","50-22-6","corticosterone",-4.22184874961636,-3.37050394519056,0.687917313629332,-4.71882187990405,-2.02218601047707,"var_LogSaqd",-0.851344804425801,0.851344804425801,TRUE
"50-22-6","50-22-6","corticosterone",-4.67571754470231,-3.3877930286817,0.688404939656301,-4.73706671040805,-2.03851934695535,"var_LogSaqd",-1.28792451602061,1.28792451602061,TRUE
"50-22-6","50-22-6","corticosterone",-3.23418248469008,-3.20365648041126,0.69548908370936,-4.5668150844816,-1.84049787634091,"var_LogSaqd",-0.030526004278824,0.030526004278824,TRUE
"50-23-7","50-23-7","hydrocortisone",-2.01894154396037,-3.62314599856009,0.650363344826466,-4.89785815441997,-2.34843384270022,"var_LogSaqd",1.60420445459972,1.60420445459972,FALSE
"50-23-7","50-23-7","hydrocortisone",-2.68163603566894,-3.62314599856009,0.650363344826466,-4.89785815441997,-2.34843384270022,"var_LogSaqd",0.941509962891153,0.941509962891153,TRUE
"50-23-7","50-23-7","hydrocortisone",-3.63827216398241,-3.46652102649887,0.652990583486819,-4.74638257013303,-2.1866594828647,"var_LogSaqd",-0.171751137483544,0.171751137483544,TRUE
"50-23-7","50-23-7","hydrocortisone",-3.63870046691906,-3.56488450115679,0.649245306517919,-4.83740530193191,-2.29236370038167,"var_LogSaqd",-0.0738159657622717,0.0738159657622717,TRUE
"50-23-7","50-23-7","hydrocortisone",-5.52287874528034,-3.74110007353221,0.652537387763639,-5.02007335354894,-2.46212679351547,"var_LogSaqd",-1.78177867174813,1.78177867174813,FALSE
"50-23-7","50-23-7","hydrocortisone",-5.52724355068279,-3.76170153999886,0.652990583486819,-5.04156308363302,-2.48183999636469,"var_LogSaqd",-1.76554201068394,1.76554201068394,FALSE
"50-24-8","50-24-8","prednisolone",-4.32790214206428,-3.86953376175527,0.682686746240049,-5.20759978438576,-2.53146773912477,"var_LogSaqd",-0.458368380309013,0.458368380309013,TRUE
"50-27-1","50-27-1","estriol",-4.39794000867204,-3.48013576770588,0.706384368646035,-4.8646491302521,-2.09562240515965,"var_LogSaqd",-0.917804240966165,0.917804240966165,TRUE
"50-28-2","50-28-2","beta-estradiol",-2.38721614328026,-2.55273485962051,0.75439978449453,-4.03135843722979,-1.07411128201124,"var_LogSaqd",0.165518716340254,0.165518716340254,TRUE
"50-28-2","50-28-2","beta-estradiol",-2.01233373507373,-2.29201612811299,0.748969625499108,-3.75999659409124,-0.824035662134739,"var_LogSaqd",0.279682393039261,0.279682393039261,TRUE
"50-28-2","50-28-2","beta-estradiol",-3.52287874528034,-2.53260356967216,0.75439978449453,-4.01122714728144,-1.05397999206288,"var_LogSaqd",-0.990275175608178,0.990275175608178,TRUE
"50-28-2","50-28-2","beta-estradiol",-2.28149831113273,-2.39825031795267,0.750930483360933,-3.8700740653401,-0.92642657056524,"var_LogSaqd",0.116752006819939,0.116752006819939,TRUE
"50-28-2","50-28-2","estradiol",-1.98581560249872,-2.39825031795267,0.750930483360933,-3.8700740653401,-0.92642657056524,"var_LogSaqd",0.412434715453949,0.412434715453949,TRUE
"50-28-2","50-28-2","estradiol",-4.69680394257951,-2.31266196321534,0.75409944451902,-3.79069687447262,-0.834627051958065,"var_LogSaqd",-2.38414197936417,2.38414197936417,FALSE
"50-28-2","50-28-2","estradiol",-2.36451625318509,-2.31266196321534,0.75409944451902,-3.79069687447262,-0.834627051958065,"var_LogSaqd",-0.0518542899697456,0.0518542899697456,TRUE
"50-28-2","50-28-2","estradiol",-2.38090666937326,-2.55273485962051,0.75439978449453,-4.03135843722979,-1.07411128201124,"var_LogSaqd",0.171828190247254,0.171828190247254,TRUE
"50-28-2","50-28-2","estradiol",-2.21324857785444,-2.29187036845433,0.748969625499108,-3.75985083443258,-0.823889902476074,"var_LogSaqd",0.0786217905998865,0.0786217905998865,TRUE
"50-28-2","50-28-2","estradiol",-2.49485002168009,-2.55288364599691,0.75439978449453,-4.03150722360619,-1.07426006838763,"var_LogSaqd",0.0580336243168174,0.0580336243168174,TRUE
"50-28-2","50-28-2","estradiol",-2.52287874528034,-2.55273485962051,0.75439978449453,-4.03135843722979,-1.07411128201124,"var_LogSaqd",0.0298561143401743,0.0298561143401743,TRUE
"50-28-2","50-28-2","estradiol",-2.52287874528034,-2.55165077967738,0.75409944451902,-4.02968569093466,-1.0736158684201,"var_LogSaqd",0.0287720343970426,0.0287720343970426,TRUE
"50-28-2","50-28-2","estradiol",-2.52287874528034,-2.55165077967738,0.75409944451902,-4.02968569093466,-1.0736158684201,"var_LogSaqd",0.0287720343970426,0.0287720343970426,TRUE
"50-28-2","50-28-2","estradiol",-2.08008551934057,-2.31266196321534,0.75409944451902,-3.79069687447262,-0.834627051958065,"var_LogSaqd",0.232576443874774,0.232576443874774,TRUE
"50-28-2","50-28-2","estradiol",-2.34969247686806,-2.39825031795267,0.750930483360933,-3.8700740653401,-0.92642657056524,"var_LogSaqd",0.0485578410846093,0.0485578410846093,TRUE
"50-28-2","50-28-2","estradiol",-2.51173374958299,-2.39825031795267,0.750930483360933,-3.8700740653401,-0.92642657056524,"var_LogSaqd",-0.113483431630321,0.113483431630321,TRUE
"51-21-8","51-21-8","5-fluorouracil",-4.52574969288748,-3.53259698122938,0.610398052964767,-4.72897716504032,-2.33621679741844,"var_LogSaqd",-0.993152711658102,0.993152711658102,TRUE
"51-21-8","51-21-8","5-fluorouracil",-4.72894468964132,-3.54002215924568,0.609419377536314,-4.73448413921686,-2.3455601792745,"var_LogSaqd",-1.18892253039564,1.18892253039564,TRUE
"51-21-8","51-21-8","5-fluorouracil",-4.47108329972234,-3.53259698122938,0.610398052964767,-4.72897716504032,-2.33621679741844,"var_LogSaqd",-0.938486318492962,0.938486318492962,TRUE
"51-21-8","51-21-8","5-fluorouracil (+ - + -)",-4.46597389394386,-3.54002215924568,0.609419377536314,-4.73448413921686,-2.3455601792745,"var_LogSaqd",-0.92595173469818,0.92595173469818,TRUE
"512-69-6","512-69-6","raffinose",-4.85472588171206,-4.45810715538599,0.601779197916317,-5.63759438330197,-3.27861992747001,"var_LogSaqd",-0.396618726326069,0.396618726326069,TRUE
"512-69-6","512-69-6","raffinose",-4.29756946355447,-4.63503042494649,0.601779197916317,-5.81451765286247,-3.4555431970305,"var_LogSaqd",0.337460961392017,0.337460961392017,TRUE
"513-85-9","513-85-9","2,3-butanediol",-4.30102999566398,-3.06854000862231,0.552584248200827,-4.15160513509593,-1.98547488214869,"var_LogSaqd",-1.23248998704167,1.23248998704167,FALSE
"51384-51-1","51384-51-1","metoprolol",-3.52461940685664,-2.95859860988841,0.601922088495262,-4.13836590333912,-1.7788313164377,"var_LogSaqd",-0.566020796968229,0.566020796968229,TRUE
"52-39-1","52-39-1","aldosterone",-4.23657200643706,-3.65932324237526,0.700441544434043,-5.03218866946598,-2.28645781528453,"var_LogSaqd",-0.577248764061804,0.577248764061804,TRUE
"52-39-1","52-39-1","aldosterone",-4.74835790885864,-3.5067113575349,0.691821582724698,-4.86268165967531,-2.1507410553945,"var_LogSaqd",-1.24164655132374,1.24164655132374,TRUE
"52-39-1","52-39-1","aldosterone",-4.30102999566398,-3.75177266429336,0.700441544434043,-5.12463809138408,-2.37890723720263,"var_LogSaqd",-0.549257331370622,0.549257331370622,TRUE
"52-39-1","52-39-1","aldosterone",-4.52287874528034,-3.72089232948281,0.6961299944513,-5.08530711860736,-2.35647754035826,"var_LogSaqd",-0.80198641579753,0.80198641579753,TRUE
"52-39-1","52-39-1","aldosterone",-4.52287874528034,-3.55284792884658,0.668199642573164,-4.86251922828998,-2.24317662940318,"var_LogSaqd",-0.970030816433763,0.970030816433763,TRUE
"52-39-1","52-39-1","aldosterone",-4.01233373507373,-3.31039649289067,0.663484392545707,-4.61082590228026,-2.00996708350109,"var_LogSaqd",-0.701937242183056,0.701937242183056,TRUE
"53-06-5","53-06-5","cortisone",-3.82390874094432,-3.61367198356576,0.676640527792446,-4.93988741803895,-2.28745654909256,"var_LogSaqd",-0.210236757378564,0.210236757378564,TRUE
"53-06-5","53-06-5","cortisone",-5,-3.81715387249419,0.676158471843385,-5.14242447730722,-2.49188326768115,"var_LogSaqd",-1.18284612750581,1.18284612750581,TRUE
"53-16-7","53-16-7","estrone",-2.44369749923271,-2.99551974109107,0.704710728043122,-4.37675276805559,-1.61428671412656,"var_LogSaqd",0.551822241858365,0.551822241858365,TRUE
"53-96-3","53-96-3","2-(acetylamino)fluorene",-1.16052197602182,-2.47885723795197,0.698881165097344,-3.84866432154277,-1.10905015436118,"var_LogSaqd",1.31833526193015,1.31833526193015,TRUE
"53-96-3","53-96-3","2-(acetylamino)fluorene",-1.10756666442663,-2.47885723795197,0.698881165097344,-3.84866432154277,-1.10905015436118,"var_LogSaqd",1.37129057352534,1.37129057352534,FALSE
"533-73-3","533-73-3","1,2,4-benzenetriol",-3.9,-2.70117066577922,0.567281180141072,-3.81304177885573,-1.58929955270272,"var_LogSaqd",-1.19882933422078,1.19882933422078,FALSE
"53535-33-4","53535-33-4","heptanol",-1.42481215507234,-1.41596746488821,0.644755107981794,-2.67968747653253,-0.152247453243898,"var_LogSaqd",-0.00884469018412681,0.00884469018412681,TRUE
"53535-33-4","53535-33-4","heptanol",-1.49485002168009,-1.5149258847323,0.644755107981794,-2.77864589637662,-0.251205873087988,"var_LogSaqd",0.0200758630522142,0.0200758630522142,TRUE
"53535-33-4","53535-33-4","n-heptanol",-1.49485002168009,-1.26225992475232,0.640374076217804,-2.51739311413921,-0.0071267353654203,"var_LogSaqd",-0.232590096927775,0.232590096927775,TRUE
"554-84-7","554-84-7","m-nitrophenol; 3-nitrophenol",-2.24848294855394,-2.1084331474668,0.619808235589142,-3.32325728922152,-0.893609005712082,"var_LogSaqd",-0.14004980108714,0.14004980108714,TRUE
"56-81-5","56-81-5","glycerol",-4.56863623584101,-3.41649870539334,0.532434483870413,-4.46007029377935,-2.37292711700733,"var_LogSaqd",-1.15213753044767,1.15213753044767,FALSE
"56-81-5","56-81-5","glycerol",-3.00594693641232,-3.46112110160602,0.532434483870413,-4.50469268999203,-2.41754951322001,"var_LogSaqd",0.455174165193703,0.455174165193703,TRUE
"56030-54-7","56030-54-7","sufentanil base",-1.81815641205523,-2.68895597123551,0.69302662848644,-4.04728816306894,-1.33062377940209,"var_LogSaqd",0.870799559180283,0.870799559180283,TRUE
"57-13-6","57-13-6","urea",-3.82973828460504,-3.54966930418839,0.580308058818185,-4.68707309947204,-2.41226550890475,"var_LogSaqd",-0.280068980416646,0.280068980416646,TRUE
"57-13-6","57-13-6","urea",-3.95233580539844,-3.48970994992727,0.58363698493662,-4.63363844040304,-2.34578145945149,"var_LogSaqd",-0.462625855471172,0.462625855471172,TRUE
"57-13-6","57-13-6","urea",-3.92564441915299,-3.56231999354596,0.579618778719885,-4.69837279983694,-2.42626718725499,"var_LogSaqd",-0.363324425607028,0.363324425607028,TRUE
"57-13-6","57-13-6","urea",-3.69494112531286,-3.70437342480713,0.583136548725783,-4.84732106030967,-2.56142578930459,"var_LogSaqd",0.00943229949426971,0.00943229949426971,TRUE
"57-13-6","57-13-6","urea",-3.55495653854982,-3.52196352606176,0.579618778719885,-4.65801633235274,-2.38591071977079,"var_LogSaqd",-0.0329930124880584,0.0329930124880584,TRUE
"57-13-6","57-13-6","urea",-3.5970511706556,-3.56231999354596,0.579618778719885,-4.69837279983694,-2.42626718725499,"var_LogSaqd",-0.0347311771096384,0.0347311771096384,TRUE
"57-13-6","57-13-6","urea",-3.55720677406023,-3.56231999354596,0.579618778719885,-4.69837279983694,-2.42626718725499,"var_LogSaqd",0.00511321948573151,0.00511321948573151,TRUE
"57-50-1","57-50-1","sucrose",-5.0268721464003,-4.87817972661808,0.563314097732842,-5.98227535817445,-3.77408409506171,"var_LogSaqd",-0.148692419782216,0.148692419782216,TRUE
"57-50-1","57-50-1","sucrose",-5.2839966563652,-5.07139492867436,0.56778526676009,-6.18425405152413,-3.95853580582458,"var_LogSaqd",-0.212601727690843,0.212601727690843,TRUE
"57-50-1","57-50-1","sucrose",-4.76200316671127,-4.87817972661808,0.563314097732842,-5.98227535817445,-3.77408409506171,"var_LogSaqd",0.116176559906815,0.116176559906815,TRUE
"57-50-1","57-50-1","sucrose",-4.26905630657226,-4.87817972661808,0.563314097732842,-5.98227535817445,-3.77408409506171,"var_LogSaqd",0.609123420045824,0.609123420045824,TRUE
"57-50-1","57-50-1","sucrose",-4.36451625318509,-4.87817972661808,0.563314097732842,-5.98227535817445,-3.77408409506171,"var_LogSaqd",0.513663473432994,0.513663473432994,TRUE
"57-50-1","57-50-1","sucrose",-3.13406733180681,-4.87817972661808,0.563314097732842,-5.98227535817445,-3.77408409506171,"var_LogSaqd",1.74411239481127,1.74411239481127,FALSE
"57-83-0","57-83-0","progesterone",-1.52287874528034,-2.45126676586855,0.720577338701435,-3.86359834972337,-1.03893518201374,"var_LogSaqd",0.928388020588213,0.928388020588213,TRUE
"57-83-0","57-83-0","progesterone",-1.70344032687277,-2.38859729492217,0.717114794757916,-3.79414229264768,-0.983052297196654,"var_LogSaqd",0.685156968049398,0.685156968049398,TRUE
"57-83-0","57-83-0","progesterone",-1.88605664769316,-2.60989049079764,0.720577338701435,-4.02222207465246,-1.19755890694283,"var_LogSaqd",0.723833843104484,0.723833843104484,TRUE
"57-83-0","57-83-0","progesterone",-1.69897000433602,-2.68877515438974,0.721053166566179,-4.10203936085945,-1.27551094792003,"var_LogSaqd",0.989805150053716,0.989805150053716,TRUE
"57-83-0","57-83-0","progesterone",-2.82390874094432,-2.59004132724494,0.720577338701435,-4.00237291109976,-1.17770974339013,"var_LogSaqd",-0.233867413699377,0.233867413699377,TRUE
"58-08-2","58-08-2","caffeine",-3.80687540164554,-3.34209782099955,0.602257473631179,-4.52252246931666,-2.16167317268244,"var_LogSaqd",-0.464777580645989,0.464777580645989,TRUE
"58-08-2","58-08-2","caffeine",-4.58586563707645,-3.4966669217286,0.60097565675452,-4.67457920896746,-2.31875463448974,"var_LogSaqd",-1.08919871534785,1.08919871534785,TRUE
"58-08-2","58-08-2","caffeine",-1.60220380347052,-3.45840060978273,0.600968809141598,-4.63629947570026,-2.28050174386519,"var_LogSaqd",1.85619680631221,1.85619680631221,FALSE
"58-08-2","58-08-2","caffeine",-2.60631808276205,-3.45840060978273,0.600968809141598,-4.63629947570026,-2.28050174386519,"var_LogSaqd",0.852082527020677,0.852082527020677,TRUE
"58-08-2","58-08-2","caffeine",-4.15490195998574,-3.481166040997,0.596094948949962,-4.64951214093893,-2.31281994105508,"var_LogSaqd",-0.67373591898874,0.67373591898874,TRUE
"58-08-2","58-08-2","caffeine",-3.69897000433602,-3.45372720097825,0.60201873591038,-4.6336839233626,-2.27377047859391,"var_LogSaqd",-0.245242803357768,0.245242803357768,TRUE
"58-22-0","58-22-0","testosterone",-2.0571655062299,-2.51250408096281,0.722160686240936,-3.92793902599505,-1.09706913593058,"var_LogSaqd",0.455338574732913,0.455338574732913,TRUE
"58-22-0","58-22-0","testosterone",-2.04694894237348,-2.40329793648828,0.725572807542127,-3.82542063927085,-0.981175233705715,"var_LogSaqd",0.356348994114804,0.356348994114804,TRUE
"58-22-0","58-22-0","testosterone",-1.64633962279966,-2.52406699087152,0.722823789729607,-3.94080161874155,-1.10733236300149,"var_LogSaqd",0.877727368071858,0.877727368071858,TRUE
"58-22-0","58-22-0","testosterone",-1.41570671752568,-2.47964625525559,0.722823789729607,-3.89638088312562,-1.06291162738556,"var_LogSaqd",1.06393953772991,1.06393953772991,TRUE
"58-22-0","58-22-0","testosterone",-2.27083521030723,-2.66808154450808,0.726405210893744,-4.09183575785982,-1.24432733115634,"var_LogSaqd",0.397246334200848,0.397246334200848,TRUE
"58-22-0","58-22-0","testosterone",-2.38875983135141,-2.41910079290754,0.721068546856569,-3.83239514474641,-1.00580644106866,"var_LogSaqd",0.0303409615561256,0.0303409615561256,TRUE
"58-22-0","58-22-0","testosterone",-2.65757731917779,-2.61966319649224,0.726155039006046,-4.04292707294409,-1.19639932004039,"var_LogSaqd",-0.0379141226855477,0.0379141226855477,TRUE
"58-22-0","58-22-0","testosterone",-2.65757731917779,-2.61454397965236,0.725572807542127,-4.03666668243493,-1.19242127686979,"var_LogSaqd",-0.0430333395254334,0.0430333395254334,TRUE
"58-22-0","58-22-0","testosterone",-2.65757731917779,-2.61454397965236,0.725572807542127,-4.03666668243493,-1.19242127686979,"var_LogSaqd",-0.0430333395254334,0.0430333395254334,TRUE
"58-22-0","58-22-0","testosterone",-3.39794000867204,-2.59897568388561,0.725572807542127,-4.02109838666818,-1.17685298110304,"var_LogSaqd",-0.798964324786433,0.798964324786433,TRUE
"58-22-0","58-22-0","testosterone",-3.06752623532285,-2.61966319649224,0.726155039006046,-4.04292707294409,-1.19639932004039,"var_LogSaqd",-0.447863038830608,0.447863038830608,TRUE
"58-22-0","58-22-0","testosterone",-2.13194363817696,-2.40058025650303,0.725572807542127,-3.8227029592856,-0.97845755372046,"var_LogSaqd",0.26863661832607,0.26863661832607,TRUE
"58-54-8","58-54-8","ethacrynic acid",-3.82390874094432,-2.51787181500433,0.705796310337942,-3.9012325832667,-1.13451104674197,"var_LogSaqd",-1.30603692593999,1.30603692593999,TRUE
"59-05-2","59-05-2","methotrexate",-3.40160112979023,-4.955816888745,0.648513513580921,-6.22690337536361,-3.6847304021264,"var_LogSaqd",1.55421575895477,1.55421575895477,FALSE
"59-50-7","59-50-7","chlorocresol",-1.26406804435028,-1.64038146406525,0.632178785985793,-2.87945188459741,-0.401311043533099,"var_LogSaqd",0.376313419714974,0.376313419714974,TRUE
"59-50-7","59-50-7","chlorocresol",-1.65255620893436,-1.56128794324464,0.632178785985793,-2.80035836377679,-0.322217522712481,"var_LogSaqd",-0.0912682656897237,0.0912682656897237,TRUE
"60-12-8","60-12-8","2-phenylethanol",-1.25963731050576,-1.84267740626625,0.610520959130983,-3.03929848616298,-0.646056326369522,"var_LogSaqd",0.583040095760489,0.583040095760489,TRUE
"60-12-8","60-12-8","2-phenylethanol",-2.11527250510331,-2.05300052169184,0.611968392352691,-3.25245857070312,-0.853542472680569,"var_LogSaqd",-0.0622719834114664,0.0622719834114664,TRUE
"610-81-1","610-81-1","4-amino-3-nitrophenol",-2.1297393876227,-2.39051207791934,0.626387915604783,-3.61823239250471,-1.16279176333396,"var_LogSaqd",0.260772690296635,0.260772690296635,TRUE
"610-81-1","610-81-1","4-amino-3-nitrophenol",-2.26671923730847,-2.39051207791934,0.626387915604783,-3.61823239250471,-1.16279176333396,"var_LogSaqd",0.123792840610865,0.123792840610865,TRUE
"614-18-6","614-18-6","nicotinate, ethyl",-3.10790539730952,-1.9356989633909,0.596424122278022,-3.10469024305582,-0.766707683725974,"var_LogSaqd",-1.17220643391862,1.17220643391862,FALSE
"614-18-6","614-18-6","nicotinate, ethyl",-3.08618614761628,-1.95725357212341,0.593462961892066,-3.12044097743185,-0.794066166814957,"var_LogSaqd",-1.12893257549287,1.12893257549287,TRUE
"623-05-2","623-05-2","4-hydroxybenzyl alcohol",-2.69897000433602,-2.3574359704705,0.62013341522139,-3.57289746430442,-1.14197447663657,"var_LogSaqd",-0.341534033865524,0.341534033865524,TRUE
"63-36-5","63-36-5","salicylate",-3.96686900819185,-2.57307747867404,0.554243358423403,-3.6593944611839,-1.48676049616417,"var_LogSaqd",-1.39379152951781,1.39379152951781,FALSE
"64-17-5","64-17-5","ethanol",-2.72124639904717,-2.94360636423632,0.567977997219755,-4.05684323878704,-1.8303694896856,"var_LogSaqd",0.222359965189146,0.222359965189146,TRUE
"64-17-5","64-17-5","ethanol",-3.09691001300806,-2.90507637900402,0.567977997219755,-4.01831325355475,-1.7918395044533,"var_LogSaqd",-0.191833634004035,0.191833634004035,TRUE
"64-17-5","64-17-5","ethanol",-3.09691001300806,-3.14002158148588,0.567977997219755,-4.2532584560366,-2.02678470693516,"var_LogSaqd",0.0431115684778196,0.0431115684778196,TRUE
"64-19-7","64-19-7","acetic acid",-2.77786589964853,-2.7640304373503,0.561873260087233,-3.86530202712128,-1.66275884757932,"var_LogSaqd",-0.0138354622982306,0.0138354622982306,TRUE
"64-85-7","64-85-7","cortexone",-3.34678748622466,-2.77141851056976,0.703620674793756,-4.15051503316552,-1.39232198797399,"var_LogSaqd",-0.575368975654905,0.575368975654905,TRUE
"65-85-0","65-85-0","benzoic acid",-2.11918640771921,-1.96403902610813,0.630696373127869,-3.20020391743875,-0.727874134777508,"var_LogSaqd",-0.155147381611079,0.155147381611079,TRUE
"65-85-0","65-85-0","benzoic acid",-1.50863830616573,-1.90649589443931,0.630696373127869,-3.14266078576993,-0.670331003108687,"var_LogSaqd",0.397857588273579,0.397857588273579,TRUE
"65-85-0","65-85-0","benzoic acid",-1.50863830616573,-1.90649589443931,0.630696373127869,-3.14266078576993,-0.670331003108687,"var_LogSaqd",0.397857588273579,0.397857588273579,TRUE
"66-27-3","66-27-3","methyl methanesulfonate",-1.91205408690953,-2.63101600257061,0.562697072230377,-3.73390226414215,-1.52812974099907,"var_LogSaqd",0.71896191566108,0.71896191566108,TRUE
"66-27-3","66-27-3","methyl methanesulfonate",-2.06776764179179,-2.63101600257061,0.562697072230377,-3.73390226414215,-1.52812974099907,"var_LogSaqd",0.56324836077882,0.56324836077882,TRUE
"6677-98-1","6677-98-1","hydrocortisone-21-propionate",-2.46852108295775,-3.71371407524412,0.715277283696176,-5.11565755128863,-2.31177059919962,"var_LogSaqd",1.24519299228637,1.24519299228637,TRUE
"67-56-1","67-56-1","methanol",-3.30102999566398,-3.08517718137779,0.561456442888424,-4.1856318094391,-1.98472255331648,"var_LogSaqd",-0.215852814286188,0.215852814286188,TRUE
"67-56-1","67-56-1","methanol",-3.30102999566398,-3.3091715043385,0.561456442888424,-4.40962613239981,-2.20871687627719,"var_LogSaqd",0.00814150867451646,0.00814150867451646,TRUE
"67-56-1","67-56-1","methanol",-2.79588001734407,-3.20882434355658,0.561456442888424,-4.3092789716179,-2.10836971549527,"var_LogSaqd",0.412944326212515,0.412944326212515,TRUE
"68-96-2","68-96-2","17-alfa-hydroxyprogesterone",-3.22184874961636,-3.549896818069,0.732273706788183,-4.98515328337384,-2.11464035276416,"var_LogSaqd",0.328048068452643,0.328048068452643,TRUE
"69-29-7","69-29-7","ethyl ether",-1.79588001734408,-2.27863829964369,0.594010998070602,-3.44289985586207,-1.11437674342531,"var_LogSaqd",0.482758282299606,0.482758282299606,TRUE
"69-65-8","69-65-8","mannitol",-4.72681868815271,-4.07930970185832,0.592156789524137,-5.23993700932563,-2.91868239439101,"var_LogSaqd",-0.64750898629439,0.64750898629439,TRUE
"69-65-8","69-65-8","mannitol",-4,-4.52831480174069,0.59238452681826,-5.68938847430448,-3.3672411291769,"var_LogSaqd",0.528314801740693,0.528314801740693,TRUE
"69-65-8","69-65-8","mannitol",-4.68257958814785,-3.97482533946421,0.592156789524137,-5.13545264693152,-2.8141980319969,"var_LogSaqd",-0.707754248683636,0.707754248683636,TRUE
"69-65-8","69-65-8","mannitol",-4.45692576496647,-3.97523739448412,0.592156789524137,-5.13586470195143,-2.81461008701681,"var_LogSaqd",-0.481688370482351,0.481688370482351,TRUE
"69-65-8","69-65-8","mannitol",-4.77257756999574,-4.50721393584544,0.59238452681826,-5.66828760840923,-3.34614026328165,"var_LogSaqd",-0.265363634150302,0.265363634150302,TRUE
"69-65-8","69-65-8","mannitol",-4.43830246734601,-3.97523739448412,0.592156789524137,-5.13586470195143,-2.81461008701681,"var_LogSaqd",-0.463065072861891,0.463065072861891,TRUE
"69-65-8","69-65-8","mannitol",-4.18810341360238,-4.57702036698608,0.594380317591785,-5.74200578946598,-3.41203494450618,"var_LogSaqd",0.388916953383696,0.388916953383696,TRUE
"69-65-8","69-65-8","mannitol",-4.00436480540245,-4.37564223121074,0.587970075954206,-5.52806358008098,-3.22322088234049,"var_LogSaqd",0.371277425808286,0.371277425808286,TRUE
"69-65-8","69-65-8","mannitol",-3.97265039222524,-4.61224036202604,0.595415330740724,-5.77925441027786,-3.44522631377422,"var_LogSaqd",0.639589969800803,0.639589969800803,TRUE
"69-65-8","69-65-8","mannitol",-3.1536628878702,-3.97482533946421,0.592156789524137,-5.13545264693152,-2.8141980319969,"var_LogSaqd",0.821162451594013,0.821162451594013,TRUE
"69-72-7","69-72-7","salicylic acid",-3.03151705144606,-1.97181314878295,0.638410638605695,-3.22309800045011,-0.720528297115784,"var_LogSaqd",-1.05970390266311,1.05970390266311,TRUE
"69-72-7","69-72-7","salicylic acid",-1.34678748622466,-1.99768990071682,0.633148160878383,-3.23866029603845,-0.756719505395194,"var_LogSaqd",0.650902414492164,0.650902414492164,TRUE
"71-23-8","71-23-8","n-propanol",-2.92081875395238,-2.73115054804847,0.570703795076577,-3.84972998639856,-1.61257110969838,"var_LogSaqd",-0.189668205903909,0.189668205903909,TRUE
"71-23-8","71-23-8","propanol",-2.76955107862173,-2.86833810077893,0.570703795076577,-3.98691753912902,-1.74975866242884,"var_LogSaqd",0.0987870221571976,0.0987870221571976,TRUE
"71-23-8","71-23-8","propanol",-2.92081875395238,-2.96835422845625,0.570703795076577,-4.08693366680634,-1.84977479010616,"var_LogSaqd",0.0475354745038712,0.0475354745038712,TRUE
"71-36-3","71-36-3","butanol",-2.52287874528034,-2.15004030694282,0.598299714136575,-3.32270774665051,-0.977372867235133,"var_LogSaqd",-0.37283843833752,0.37283843833752,TRUE
"71-36-3","71-36-3","butanol",-2.10237290870956,-2.0562428054531,0.598299714136575,-3.22891024516079,-0.883575365745414,"var_LogSaqd",-0.0461301032564596,0.0461301032564596,TRUE
"71-36-3","71-36-3","butanol",-2.65757731917779,-2.24539857040201,0.598299714136575,-3.41806601010969,-1.07273113069432,"var_LogSaqd",-0.412178748775784,0.412178748775784,TRUE
"71-36-3","71-36-3","butanol",-2.65757731917779,-2.24544470969562,0.598299714136575,-3.41811214940331,-1.07277726998793,"var_LogSaqd",-0.41213260948217,0.41213260948217,TRUE
"71-36-3","71-36-3","butanol",-2.60205999132796,-2.24539857040201,0.598299714136575,-3.41806601010969,-1.07273113069432,"var_LogSaqd",-0.356661420925954,0.356661420925954,TRUE
"71-36-3","71-36-3","n-butanol",-2.60205999132796,-2.01919561518659,0.598299714136575,-3.19186305489427,-0.846528175478899,"var_LogSaqd",-0.582864376141374,0.582864376141374,TRUE
"71-41-0","71-41-0","n-pentanol",-2.22184874961636,-1.7715232309198,0.608760972737711,-2.96469473748571,-0.578351724353885,"var_LogSaqd",-0.450325518696561,0.450325518696561,TRUE
"71-41-0","71-41-0","pentanol",-2.22184874961636,-2.00725377060445,0.608760972737711,-3.20042527717036,-0.814082264038534,"var_LogSaqd",-0.214594979011912,0.214594979011912,TRUE
"71-43-0","71-43-0","benzene",-0.954285941059132,-1.38626147524479,0.636041586251907,-2.63290298429853,-0.139619966191052,"var_LogSaqd",0.431975534185657,0.431975534185657,TRUE
"71-43-0","71-43-0","benzene",-0.795880017344075,-1.50747548990557,0.636041586251907,-2.7541169989593,-0.260833980851829,"var_LogSaqd",0.711595472561491,0.711595472561491,TRUE
"71-91-0","71-91-0","tetraethylammonium",-3.25387553642834,-5.17862410529485,0.524958085709151,-6.20754195328479,-4.14970625730492,"var_LogSaqd",1.92474856886651,1.92474856886651,FALSE
"71-91-0","71-91-0","tetraethylammonium bromide (+)",-3.36815053784018,-5.02009336771091,0.516254369460585,-6.03195193185366,-4.00823480356816,"var_LogSaqd",1.65194282987073,1.65194282987073,FALSE
"76-25-5","76-25-5","triamcinolone acetonide",-3.40230481407449,-4.57206727208493,0.716268665084002,-5.97595385564957,-3.16818068852029,"var_LogSaqd",1.16976245801044,1.16976245801044,TRUE
"76-25-5","76-25-5","triamcinolone acetonide",-4.70663744528855,-4.81022837262252,0.718132218141896,-6.21776752018064,-3.4026892250644,"var_LogSaqd",0.103590927333969,0.103590927333969,TRUE
"76180-96-6","76180-96-6","3-methyl-3h-imidazo[4,5-f]quinolin-2-amine",-2.07218350508968,-3.38877592763409,0.666715990422689,-4.69553926886256,-2.08201258640562,"var_LogSaqd",1.31659242254441,1.31659242254441,FALSE
"76180-96-6","76180-96-6","3-methyl-3h-imidazo[4,5-f]quinolin-2-amine",-2.43056359552234,-3.38877592763409,0.666715990422689,-4.69553926886256,-2.08201258640562,"var_LogSaqd",0.958212332111748,0.958212332111748,TRUE
"7732-18-5","7732-18-5","water",-2.80687540164554,-3.61394254633885,0.57285351866836,-4.73673544292883,-2.49114964974886,"var_LogSaqd",0.807067144693306,0.807067144693306,TRUE
"7732-18-5","7732-18-5","water",-2.98540960554622,-3.61394254633885,0.57285351866836,-4.73673544292883,-2.49114964974886,"var_LogSaqd",0.628532940792626,0.628532940792626,TRUE
"7732-18-5","7732-18-5","water",-2.80966830182971,-3.57110310057944,0.57285351866836,-4.69389599716942,-2.44831020398945,"var_LogSaqd",0.761434798749729,0.761434798749729,TRUE
"7732-18-5","7732-18-5","water",-3.14997431819434,-3.57109780377889,0.57285351866836,-4.69389070036888,-2.44830490718891,"var_LogSaqd",0.421123485584554,0.421123485584554,TRUE
"7732-18-5","7732-18-5","water",-3.07058107428571,-3.61394254633885,0.57285351866836,-4.73673544292883,-2.49114964974886,"var_LogSaqd",0.543361472053137,0.543361472053137,TRUE
"7732-18-5","7732-18-5","water",-3.24233473501217,-3.57110310057944,0.57285351866836,-4.69389599716942,-2.44831020398945,"var_LogSaqd",0.328768365567269,0.328768365567269,TRUE
"7732-18-5","7732-18-5","water",-3.45621525646938,-3.57110310057944,0.57285351866836,-4.69389599716942,-2.44831020398945,"var_LogSaqd",0.114887844110058,0.114887844110058,TRUE
"7732-18-5","7732-18-5","water",-3.27134965805094,-3.57110310057944,0.57285351866836,-4.69389599716942,-2.44831020398945,"var_LogSaqd",0.299753442528499,0.299753442528499,TRUE
"7732-18-5","7732-18-5","water",-3.15476521541715,-3.59248759358824,0.57285351866836,-4.71528049017822,-2.46969469699825,"var_LogSaqd",0.437722378171088,0.437722378171088,TRUE
"7732-18-5","7732-18-5","water",-3.52287874528034,-3.72229067453717,0.57285351866836,-4.84508357112715,-2.59949777794718,"var_LogSaqd",0.199411929256825,0.199411929256825,TRUE
"7732-18-5","7732-18-5","water",-3.5,-3.72229067453717,0.57285351866836,-4.84508357112715,-2.59949777794718,"var_LogSaqd",0.222290674537165,0.222290674537165,TRUE
"78-93-3","78-93-3","2-butanone",-2.34678748622466,-2.52179722262205,0.580126692750984,-3.65884554041397,-1.38474890483012,"var_LogSaqd",0.175009736397385,0.175009736397385,TRUE
"84-66-2","84-66-2","diethyl phthalate",-1.70509308939481,-1.71096888873299,0.652207806753896,-2.98929618997062,-0.432641587495351,"var_LogSaqd",0.0058757993381775,0.0058757993381775,TRUE
"87-66-1","87-66-1","pyrogallol",-2.81,-2.64885504508659,0.57616232479248,-3.77813320167986,-1.51957688849333,"var_LogSaqd",-0.161144954913406,0.161144954913406,TRUE
"88-04-0","88-04-0","chloroxylenol",-1.22875360095283,-1.66829575121002,0.668816382948856,-2.97917586178978,-0.357415640630263,"var_LogSaqd",0.439542150257191,0.439542150257191,TRUE
"88-04-0","88-04-0","chloroxylenol",-1.09474395125155,-1.53455528380574,0.663162732205077,-2.83435423892769,-0.234756328683787,"var_LogSaqd",0.439811332554189,0.439811332554189,TRUE
"88-06-2","88-06-2","2,4,6-trichlorophenol",-1.23275783168158,-1.65747043487536,0.656602877399735,-2.94441207457884,-0.370528795171883,"var_LogSaqd",0.424712603193784,0.424712603193784,TRUE
"88-18-6","88-18-6","o-t-butylphenol",-1.12842706445412,-1.27649903479102,0.658164925956938,-2.56650228966662,0.0135042200845767,"var_LogSaqd",0.148071970336901,0.148071970336901,TRUE
"89-83-8","89-83-8","thymol; 2-isopropyl-5-methylphenol",-1.27607480270083,-1.49337655393612,0.653120241236258,-2.77349222675919,-0.213260881113053,"var_LogSaqd",0.217301751235289,0.217301751235289,TRUE
"89-83-8","89-83-8","thymol; 2-isopropyl-5-methylphenol",-1.21324857785444,-1.35241041165088,0.654136225143835,-2.6345174129328,-0.0703034103689668,"var_LogSaqd",0.139161833796444,0.139161833796444,TRUE
"90-15-3","90-15-3","naphthol",-1.58502665202918,-1.71002458886802,0.65454925354988,-2.99294112582578,-0.42710805191025,"var_LogSaqd",0.124997936838835,0.124997936838835,TRUE
"90-15-3","90-15-3","naphthol",-1.52287874528034,-1.71002458886802,0.65454925354988,-2.99294112582578,-0.42710805191025,"var_LogSaqd",0.187145843587675,0.187145843587675,TRUE
"91-20-3","91-20-3","naphthalene",-1.55111528700206,-1.19468339912517,0.695480230680434,-2.55782465125882,0.168457853008484,"var_LogSaqd",-0.356431887876893,0.356431887876893,TRUE
"91-20-3","91-20-3","naphthalene",-1.78220214249451,-1.19468339912517,0.695480230680434,-2.55782465125882,0.168457853008484,"var_LogSaqd",-0.587518743369343,0.587518743369343,TRUE
"92-48-8","92-48-8","6-methylcoumarin",-1.18136926112576,-2.21944603874632,0.600942665118801,-3.39729366237917,-1.04159841511347,"var_LogSaqd",1.03807677762056,1.03807677762056,TRUE
"92-48-8","92-48-8","6-methylcoumarin",-1.331936361143,-2.21944603874632,0.600942665118801,-3.39729366237917,-1.04159841511347,"var_LogSaqd",0.88750967760332,0.88750967760332,TRUE
"93-60-7","93-60-7","nicotinate, methyl",-3.30980391997149,-2.12706362276748,0.593425616192609,-3.29017783050499,-0.963949415029962,"var_LogSaqd",-1.18274029720401,1.18274029720401,FALSE
"93-60-7","93-60-7","nicotinate, methyl",-3.27572413039921,-2.13830370415199,0.592035993274909,-3.29869425097081,-0.977913157333167,"var_LogSaqd",-1.13742042624722,1.13742042624722,TRUE
"937-20-2","937-20-2","2,4-dichloroacetophenone",-0.743772935647774,-2.18607358143084,0.66811914911325,-3.49558711369281,-0.876560049168871,"var_LogSaqd",1.44230064578307,1.44230064578307,FALSE
"937-20-2","937-20-2","2,4-dichloroacetophenone",-1.86052608660328,-2.18607358143084,0.66811914911325,-3.49558711369281,-0.876560049168871,"var_LogSaqd",0.325547494827562,0.325547494827562,TRUE
"94-13-3","94-13-3","propylparaben",-1.67615465544754,-1.62310128856246,0.660571983370097,-2.91782237596785,-0.328380201157072,"var_LogSaqd",-0.0530533668850772,0.0530533668850772,TRUE
"94-13-3","94-13-3","propylparaben",-1.26606734367858,-1.71530960089292,0.662320710983594,-3.01345819442077,-0.417161007365078,"var_LogSaqd",0.449242257214342,0.449242257214342,TRUE
"94-13-3","94-13-3","propylparaben",-1.20290590120029,-1.71530960089292,0.662320710983594,-3.01345819442077,-0.417161007365078,"var_LogSaqd",0.512403699692632,0.512403699692632,TRUE
"94-26-8","94-26-8","butylparaben",-0.981299501333757,-1.39955969513094,0.673940792521976,-2.72048364847401,-0.0786357417878623,"var_LogSaqd",0.418260193797178,0.418260193797178,TRUE
"94-26-8","94-26-8","butylparaben",-1.15242734085789,-1.49285398240976,0.674462835036487,-2.81480113908128,-0.170906825738247,"var_LogSaqd",0.340426641551872,0.340426641551872,TRUE
"95-48-7","95-48-7","o-cresol",-1.80172783601759,-1.91931987648784,0.609141236219158,-3.11323669947739,-0.72540305349829,"var_LogSaqd",0.117592040470249,0.117592040470249,TRUE
"95-54-5","95-54-5","o-phenylenediamine",-3.34678748622466,-2.52769368840298,0.6012754344929,-3.70619354000907,-1.3491938367969,"var_LogSaqd",-0.819093797821677,0.819093797821677,TRUE
"95-57-8","95-57-8","o-chlorophenol",-1.48044892137827,-1.86946467608183,0.612152540532542,-3.06928365552561,-0.669645696638045,"var_LogSaqd",0.389015754703556,0.389015754703556,TRUE
"95-65-8","95-65-8","3,4-xylenol",-1.44278385671974,-1.80433824868763,0.629278869104633,-3.03772483213271,-0.570951665242553,"var_LogSaqd",0.361554391967893,0.361554391967893,TRUE
"97-00-7","97-00-7","2,4-dinitrochlorobenzene",-1.57500847696703,-1.92506974306308,0.687771743828585,-3.27310236096711,-0.577037125159059,"var_LogSaqd",0.350061266096055,0.350061266096055,TRUE
"97-00-7","97-00-7","2,4-dinitrochlorobenzene",-1.50012264373278,-1.92506974306308,0.687771743828585,-3.27310236096711,-0.577037125159059,"var_LogSaqd",0.424947099330305,0.424947099330305,TRUE
"97-53-0","97-53-0","eugenol",-1.592980675785,-1.66767576128656,0.641267192032325,-2.92455945766992,-0.410792064903204,"var_LogSaqd",0.0746950855015622,0.0746950855015622,TRUE
"97-53-0","97-53-0","eugenol",-1.555243965633,-1.66767576128656,0.641267192032325,-2.92455945766992,-0.410792064903204,"var_LogSaqd",0.112431795653562,0.112431795653562,TRUE
"97-54-1","97-54-1","isoeugenol",-1.74568406057766,-1.57732709688183,0.65528351366536,-2.86168278366593,-0.292971410097723,"var_LogSaqd",-0.168356963695832,0.168356963695832,TRUE
"97-54-1","97-54-1","isoeugenol",-1.41300909711301,-1.57732709688183,0.65528351366536,-2.86168278366593,-0.292971410097723,"var_LogSaqd",0.164317999768818,0.164317999768818,TRUE
"98-86-2","98-86-2","acetophenone",-1.62740828480895,-1.78712708340366,0.625947966667698,-3.01398509807235,-0.560269068734972,"var_LogSaqd",0.159718798594711,0.159718798594711,TRUE
"98-86-2","98-86-2","acetophenone",-1.56017144166374,-1.78712708340366,0.625947966667698,-3.01398509807235,-0.560269068734972,"var_LogSaqd",0.226955641739921,0.226955641739921,TRUE
"99-76-3","99-76-3","methylparaben",-1.67358220444561,-1.95329991654758,0.643997123529071,-3.21553427866456,-0.691065554430601,"var_LogSaqd",0.279717712101971,0.279717712101971,TRUE
"99-76-3","99-76-3","methylparaben",-1.96257350205938,-2.02251490740687,0.644235396671984,-3.28521628488396,-0.75981352992978,"var_LogSaqd",0.059941405347488,0.059941405347488,TRUE
"99-76-3","99-76-3","methylparaben",-2.03394335230684,-2.17346239871963,0.646622570284094,-3.44084263647646,-0.906082160962811,"var_LogSaqd",0.139519046412794,0.139519046412794,TRUE
"99-76-3","99-76-3","methylparaben",-2.07572071393812,-2.0564290039024,0.645714161021804,-3.32202875950514,-0.790829248299667,"var_LogSaqd",-0.0192917100357173,0.0192917100357173,TRUE
"100-02-7","100-02-7","p-nitrophenol; 4-nitrophenol",-2.25,-2.14595090755267,0.523306958531446,-3.1716325462743,-1.12026926883103,"var_LogSoce",-0.104049092447334,0.104049092447334,TRUE
"100-39-0","100-39-0","benzyl bromide",-1.54511979359646,-1.39491990604725,0.568763257310524,-2.50969589037588,-0.280143921718624,"var_LogSoce",-0.150199887549209,0.150199887549209,TRUE
"100-39-0","100-39-0","benzyl bromide",-1.89202735976865,-1.39491990604725,0.568763257310524,-2.50969589037588,-0.280143921718624,"var_LogSoce",-0.497107453721399,0.497107453721399,TRUE
"100-51-6","100-51-6","benzyl alcohol",-2.22205999132796,-2.12304196325283,0.543835378449518,-3.18895930501389,-1.05712462149178,"var_LogSoce",-0.0990180280751276,0.0990180280751276,TRUE
"1002-62-6","1002-62-6","sodium caprate; decanoic acid soap (c10:0)",-2.95233580539844,-2.54542213413429,0.346613814966155,-3.22478521146795,-1.86605905680063,"var_LogSoce",-0.406913671264152,0.406913671264152,TRUE
"103-11-7","103-11-7","2-ethylhexyl acrylate",-2.11289007326765,-1.31672217597695,0.554173659174058,-2.40290254795811,-0.230541803995802,"var_LogSoce",-0.796167897290695,0.796167897290695,TRUE
"103-11-7","103-11-7","2-ethylhexyl acrylate",-1.82434537155519,-1.31672217597695,0.554173659174058,-2.40290254795811,-0.230541803995802,"var_LogSoce",-0.507623195578236,0.507623195578236,TRUE
"104-54-1","104-54-1","cinnamyl alcohol",-1.54329916349423,-1.64011366965143,0.598957671193979,-2.81407070519163,-0.466156634111229,"var_LogSoce",0.0968145061571977,0.0968145061571977,TRUE
"104-54-1","104-54-1","cinnamyl alcohol",-1.47890341621095,-1.64011366965143,0.598957671193979,-2.81407070519163,-0.466156634111229,"var_LogSoce",0.161210253440478,0.161210253440478,TRUE
"104-85-8","104-85-8","p-tolunitrile",-1.34336049829281,-1.51660873116199,0.609305878481628,-2.71084825298598,-0.322369209337998,"var_LogSoce",0.173248232869179,0.173248232869179,TRUE
"104-85-8","104-85-8","p-tolunitrile",-1.51076062352006,-1.51660873116199,0.609305878481628,-2.71084825298598,-0.322369209337998,"var_LogSoce",0.00584810764192922,0.00584810764192922,TRUE
"10521-91-2","10521-91-2","5-phenylpentanol",-0.94692155651658,-1.3621278935123,0.550881057985016,-2.44185476716293,-0.282401019861674,"var_LogSoce",0.415206336995724,0.415206336995724,TRUE
"106-24-1","106-24-1","geraniol",-0.986619380204979,-1.15834397181118,0.561851847628221,-2.25957359316249,-0.0571143504598648,"var_LogSoce",0.171724591606198,0.171724591606198,TRUE
"106-24-1","106-24-1","geraniol",-1.01401437058883,-1.15834397181118,0.561851847628221,-2.25957359316249,-0.0571143504598648,"var_LogSoce",0.144329601222347,0.144329601222347,TRUE
"106-41-3","106-41-3","p-bromophenol",-1.43951925261862,-1.95082239881554,0.483422536897041,-2.89833057113374,-1.00331422649734,"var_LogSoce",0.511303146196915,0.511303146196915,TRUE
"106-44-5","106-44-5","p-cresol",-0.920818753952375,-1.68936477362945,0.488173811397301,-2.64618544396816,-0.732544103290743,"var_LogSoce",0.768546019677077,0.768546019677077,TRUE
"106-44-5","106-44-5","p-cresol",-1.74875360095283,-1.86363403028277,0.497546983538724,-2.83882611801867,-0.888441942546872,"var_LogSoce",0.114880429329941,0.114880429329941,TRUE
"106-48-9","106-48-9","p-chlorophenol",-1.44875360095283,-1.83129617861175,0.465256477864694,-2.74319887522656,-0.919393481996954,"var_LogSoce",0.382542577658925,0.382542577658925,TRUE
"106-50-3","106-50-3","p-phenylenediamine",-3.61978875828839,-2.77950717135495,0.649644741312331,-4.05281086432712,-1.50620347838278,"var_LogSoce",-0.84028158693344,0.84028158693344,TRUE
"108-39-4","108-39-4","m-cresol",-1.81172783601759,-1.83839149388469,0.493445227032589,-2.80554413886856,-0.871238848900817,"var_LogSoce",0.0266636578671009,0.0266636578671009,TRUE
"108-46-3","108-46-3","resorcinol",-2.42023266087399,-2.85420433052443,0.463351620461284,-3.76237350662855,-1.94603515442032,"var_LogSoce",0.433971669650443,0.433971669650443,TRUE
"108-46-3","108-46-3","resorcinol",-2.35642808060813,-2.85420433052443,0.463351620461284,-3.76237350662855,-1.94603515442032,"var_LogSoce",0.497776249916303,0.497776249916303,TRUE
"108-46-3","108-46-3","resorcinol",-3.07,-2.79700560118587,0.459276119572554,-3.69718679554808,-1.89682440682367,"var_LogSoce",-0.272994398814129,0.272994398814129,TRUE
"108-46-3","108-46-3","resorcinol; 1,3-benzenediol",-3.62291335664286,-2.94565952233798,0.472180681886295,-3.87113365883512,-2.02018538584084,"var_LogSoce",-0.67725383430488,0.67725383430488,TRUE
"108-73-6","108-73-6","phloroglucinol",-2.51,-2.94853404859973,0.661251941173036,-4.24458785329888,-1.65248024390058,"var_LogSoce",0.438534048599731,0.438534048599731,TRUE
"108-88-3","108-88-3","toluene",-0.0809219076239261,-1.19842144002383,0.556071620708765,-2.28832181661301,-0.108521063434654,"var_LogSoce",1.11749953239991,1.11749953239991,FALSE
"108-95-2","108-95-2","phenol",-2.03,-1.99158812245802,0.454393673500592,-2.88219972251918,-1.10097652239686,"var_LogSoce",-0.0384118775419786,0.0384118775419786,TRUE
"108-95-2","108-95-2","phenol",-2.08907809237607,-2.09003189611042,0.464941050502169,-3.00131635509467,-1.17874743712616,"var_LogSoce",0.000953803734346614,0.000953803734346614,TRUE
"108-95-2","108-95-2","phenol",-1.70996538863748,-1.98645384817521,0.452907658798834,-2.87415285942092,-1.09875483692949,"var_LogSoce",0.276488459537725,0.276488459537725,TRUE
"108-95-2","108-95-2","phenol",-3.82792274303052,-2.12971604479673,0.465342095178975,-3.04178655134752,-1.21764553824594,"var_LogSoce",-1.69820669823379,1.69820669823379,FALSE
"110-80-5","110-80-5","2-ethoxy ethanol",-3.60205999132796,-2.95074420001963,0.535068660368583,-3.99947877434205,-1.90200962569721,"var_LogSoce",-0.651315791308331,0.651315791308331,TRUE
"111-27-3","111-27-3","hexanol",-1.49485002168009,-1.45360933827646,0.53673511877814,-2.50561017108162,-0.401608505471311,"var_LogSoce",-0.041240683403625,0.041240683403625,TRUE
"111-27-3","111-27-3","hexanol",-1.88605664769316,-1.65143592447341,0.540392646864536,-2.7106055123279,-0.592266336618917,"var_LogSoce",-0.234620723219752,0.234620723219752,TRUE
"111-27-3","111-27-3","n-hexanol",-1.88605664769316,-1.44465295582655,0.527500489317631,-2.4785539148891,-0.410751996763991,"var_LogSoce",-0.441403691866613,0.441403691866613,TRUE
"111-76-2","111-76-2","butoxyethanol",-2.25698018593163,-2.54543701486931,0.465140203359984,-3.45711181345488,-1.63376221628374,"var_LogSoce",0.288456828937679,0.288456828937679,TRUE
"111-87-5","111-87-5","n-octanol",-1.2839966563652,-1.11109928394553,0.551684941759727,-2.19240176979459,-0.029796798096464,"var_LogSoce",-0.172897372419672,0.172897372419672,TRUE
"111-87-5","111-87-5","octanol",-1.0301183562535,-1.10880928018828,0.540131268693484,-2.16746656682751,-0.0501519935490553,"var_LogSoce",0.0786909239347839,0.0786909239347839,TRUE
"111-87-5","111-87-5","octanol",-1.15490195998574,-1.29423431916291,0.540131268693484,-2.35289160580214,-0.23557703252368,"var_LogSoce",0.139332359177169,0.139332359177169,TRUE
"111-87-5","111-87-5","octanol",-1.2839966563652,-1.33288605940354,0.551684941759727,-2.4141885452526,-0.251583573554474,"var_LogSoce",0.0488894030383384,0.0488894030383384,TRUE
"111-87-5","111-87-5","octanol",-1.21467016498923,-1.2394085504138,0.551684941759727,-2.32071103626286,-0.158106064564736,"var_LogSoce",0.0247383854245702,0.0247383854245702,TRUE
"112-30-1","112-30-1","decanol",-1.833220851329,-0.98680016245155,0.575672166909317,-2.11511760959381,0.14151728469071,"var_LogSoce",-0.84642068887745,0.84642068887745,TRUE
"112-30-1","112-30-1","decanol",-1.95860731484178,-0.986326108523187,0.5750935025276,-2.11350937347728,0.14085715643091,"var_LogSoce",-0.972281206318593,0.972281206318593,TRUE
"112-30-1","112-30-1","decanol",-1.14508697769214,-0.939530092687968,0.548409104168801,-2.01441193685882,0.135351751482882,"var_LogSoce",-0.205556885004172,0.205556885004172,TRUE
"112-30-1","112-30-1","decanol",-1.04575749056068,-1.14170678935943,0.548409104168801,-2.21658863353028,-0.0668249451885794,"var_LogSoce",0.0959492987987498,0.0959492987987498,TRUE
"112-30-1","112-30-1","decanol",-1.09691001300806,-1.18777894162388,0.562677644739964,-2.29062712531421,-0.0849307579335454,"var_LogSoce",0.0908689286158155,0.0908689286158155,TRUE
"112-30-1","112-30-1","n-decanol",-1.09691001300806,-0.945847091094718,0.562677644739964,-2.04869527478505,0.157001092595612,"var_LogSoce",-0.151062921913342,0.151062921913342,TRUE
"112-34-5","112-34-5","diethylene glycol monobutyl ether",-2.23600035701585,-3.024773139667,0.473172885146749,-3.95219199455463,-2.09735428477937,"var_LogSoce",0.788772782651149,0.788772782651149,TRUE
"112-34-5","112-34-5","diethylene glycol monobutyl ether",-2.16688305055618,-3.024773139667,0.473172885146749,-3.95219199455463,-2.09735428477937,"var_LogSoce",0.857890089110819,0.857890089110819,TRUE
"112-80-1","112-80-1","oleic acid",-2.88605664769316,-1.56677308747121,0.53815300915732,-2.62155298541956,-0.511993189522868,"var_LogSoce",-1.31928356022195,1.31928356022195,FALSE
"117-81-7","117-81-7","bis(2-ethylhexyl)phthalate",-4.09691001300806,-2.63380276862853,0.672997749551384,-3.95287835774924,-1.31472717950782,"var_LogSoce",-1.46310724437953,1.46310724437953,FALSE
"119-34-6","119-34-6","4-amino-2-nitrophenol",-4.06550154875643,-2.34592282391133,0.59707269331793,-3.51618530281447,-1.17566034500819,"var_LogSoce",-1.7195787248451,1.7195787248451,FALSE
"119-36-8","119-36-8","methyl salicylate",-1.44369749923271,-1.52830882771398,0.578565807437499,-2.66229781029148,-0.394319845136486,"var_LogSoce",0.0846113284812735,0.0846113284812735,TRUE
"119-61-9","119-61-9","benzophenone",-1.24920613319746,-1.47847556942008,0.58639193512992,-2.62780376227473,-0.329147376565441,"var_LogSoce",0.229269436222624,0.229269436222624,TRUE
"119-61-9","119-61-9","benzophenone",-1.13822159828622,-1.47847556942008,0.58639193512992,-2.62780376227473,-0.329147376565441,"var_LogSoce",0.340253971133864,0.340253971133864,TRUE
"120-80-9","120-80-9","catechol",-2.51,-2.66304137663221,0.470368661823183,-3.58496395380564,-1.74111879945877,"var_LogSoce",0.153041376632206,0.153041376632206,TRUE
"120-83-2","120-83-2","2,4-dichlorophenol",-1.14874021557127,-1.39590002694326,0.478196979537719,-2.33316610683718,-0.458633947049326,"var_LogSoce",0.247159811371985,0.247159811371985,TRUE
"120-83-2","120-83-2","2,4-dichlorophenol",-1.22136169383427,-1.63935165413485,0.477484438920431,-2.57522115441889,-0.703482153850805,"var_LogSoce",0.41798996030058,0.41798996030058,TRUE
"1219-38-1","1219-38-1","octylparaben",-1.90585161784792,-1.27607784972082,0.491844567193773,-2.24009320142062,-0.312062498021027,"var_LogSoce",-0.629773768127098,0.629773768127098,TRUE
"122-57-6","122-57-6","benzylideneacetone",-1.40794873077454,-1.60057989635706,0.58018722225453,-2.73774685197594,-0.463412940738185,"var_LogSoce",0.192631165582523,0.192631165582523,TRUE
"122-57-6","122-57-6","benzylideneacetone",-1.11863375864077,-1.60057989635706,0.58018722225453,-2.73774685197594,-0.463412940738185,"var_LogSoce",0.481946137716293,0.481946137716293,TRUE
"123-07-9 ","123-07-9 ","p-ethylphenol",-1.46278385671974,-1.6418220465524,0.510477523691031,-2.64235799298682,-0.64128610011798,"var_LogSoce",0.17903818983266,0.17903818983266,TRUE
"123-31-9","123-31-9","hydroquinone",-5.0301183562535,-2.51626170718062,0.626412831491831,-3.74403085690461,-1.28849255745663,"var_LogSoce",-2.51385664907288,2.51385664907288,FALSE
"123-31-9","123-31-9","hydroquinone",-1.90385139213331,-2.48041535617812,0.626412831491831,-3.70818450590211,-1.25264620645413,"var_LogSoce",0.576563964044807,0.576563964044807,TRUE
"123-31-9","123-31-9","hydroquinone",-2.41644259377425,-2.48041535617812,0.626412831491831,-3.70818450590211,-1.25264620645413,"var_LogSoce",0.0639727624038664,0.0639727624038664,TRUE
"123-31-9","123-31-9","hydroquinone",-2.95,-2.7173634773738,0.538304211665715,-3.7724397322386,-1.662287222509,"var_LogSoce",-0.232636522626198,0.232636522626198,TRUE
"124-94-7","124-94-7","triamcinolone",-5.40011692792631,-4.43990793420625,0.881000110697032,-6.16666815117244,-2.71314771724007,"var_LogSoce",-0.960208993720058,0.960208993720058,TRUE
"131-11-3","131-11-3","dimethyl phthalate",-1.55258483591006,-1.9025369385773,0.590772532504147,-3.06045110228543,-0.744622774869172,"var_LogSoce",0.34995210266724,0.34995210266724,TRUE
"131-11-3","131-11-3","dimethyl phthalate",-1.64782103953418,-1.9025369385773,0.590772532504147,-3.06045110228543,-0.744622774869172,"var_LogSoce",0.25471589904312,0.25471589904312,TRUE
"135-19-3","135-19-3","beta-naphthol; 2-naphthol",-1.5543957967264,-1.83061143039969,0.551168501225961,-2.91090169280258,-0.750321167996809,"var_LogSoce",0.276215633673293,0.276215633673293,TRUE
"135-19-3","135-19-3","beta-naphthol; 2-naphthol",-1.20065945054642,-1.70837018947368,0.54487824557682,-2.77633155080425,-0.640408828143113,"var_LogSoce",0.50771073892726,0.50771073892726,TRUE
"13523-86-9","13523-86-9","pindolol",-3.70333480973847,-3.13397981047215,1.07854839037885,-5.2479346556147,-1.0200249653296,"var_LogSoce",-0.56935499926632,0.56935499926632,TRUE
"13655-52-2","13655-52-2","alprenolol",-2.78664164637561,-3.03805963784647,0.501182579573308,-4.02037749381016,-2.05574178188279,"var_LogSoce",0.251417991470862,0.251417991470862,TRUE
"137-58-6","137-58-6","lidocaine",-2.40120949323688,-2.05943378864656,0.540134910389779,-3.11809821301052,-1.00076936428259,"var_LogSoce",-0.341775704590322,0.341775704590322,TRUE
"137-58-6","137-58-6","lidocaine",-2.52287874528034,-2.0668777788762,0.531374136911857,-3.10837108722344,-1.02538447052896,"var_LogSoce",-0.456000966404142,0.456000966404142,TRUE
"137-58-6","137-58-6","lidocaine",-2.52287874528034,-2.0668777788762,0.531374136911857,-3.10837108722344,-1.02538447052896,"var_LogSoce",-0.456000966404142,0.456000966404142,TRUE
"141-05-9","141-05-9","diethyl maleate",-1.66740097646667,-1.89938899218087,0.706840904706007,-3.28479716540465,-0.513980818957096,"var_LogSoce",0.231988015714201,0.231988015714201,TRUE
"141-05-9","141-05-9","diethyl maleate",-1.58608416024509,-1.89938899218087,0.706840904706007,-3.28479716540465,-0.513980818957096,"var_LogSoce",0.313304831935781,0.313304831935781,TRUE
"14199-15-6","14199-15-6","methyl 4-hydroxyphenylacetate",-1.69897000433602,-1.89660297811697,0.550590746933545,-2.97576084210672,-0.817445114127227,"var_LogSoce",0.197632973780954,0.197632973780954,TRUE
"143-08-8","143-08-8","n-nonanol",-1.22184874961636,-1.02162982721865,0.55501368519193,-2.10945665019483,0.066196995757537,"var_LogSoce",-0.200218922397714,0.200218922397714,TRUE
"143-08-8","143-08-8","nonanol",-1.22184874961636,-1.23980432575374,0.55501368519193,-2.32763114872992,-0.151977502777556,"var_LogSoce",0.0179555761373795,0.0179555761373795,TRUE
"14371-10-9","14371-10-9","trans-cinnamaldehyde",-1.55307871254876,-1.4837864223743,0.579683708619917,-2.61996649126934,-0.347606353479262,"var_LogSoce",-0.0692922901744606,0.0692922901744606,TRUE
"14371-10-9","14371-10-9","trans-cinnamaldehyde",-1.38433498624321,-1.4837864223743,0.579683708619917,-2.61996649126934,-0.347606353479262,"var_LogSoce",0.0994514361310894,0.0994514361310894,TRUE
"145-13-1","145-13-1","hydroxypregnenolone",-3.22184874961636,-3.25183178624167,0.452330782773481,-4.13840012047769,-2.36526345200564,"var_LogSoce",0.029983036625306,0.029983036625306,TRUE
"145-13-1","145-13-1","pregnenolone",-2.82390874094432,-2.88887585328685,0.624975672904406,-4.11382817217948,-1.66392353439421,"var_LogSoce",0.0649671123425257,0.0649671123425257,TRUE
"146-72-5","146-72-5","methylglucose",-3.68026950566978,-4.10127499782402,0.743845264659262,-5.55921171655617,-2.64333827909186,"var_LogSoce",0.421005492154238,0.421005492154238,TRUE
"1638-22-8","1638-22-8","p-n-butylphenol; 4-butylphenol",-1.11463877996849,-1.17046062695417,0.534835422669432,-2.21873805538626,-0.122183198522083,"var_LogSoce",0.0558218469856797,0.0558218469856797,TRUE
"16590-41-3","16590-41-3","naltrexone",-2.6664407795091,-2.91061316511672,0.653363210677136,-4.19120505804391,-1.63002127218953,"var_LogSoce",0.244172385607619,0.244172385607619,TRUE
"17194-82-0","17194-82-0","alfa-(4-hydroxyphenyl) acetamide",-3.34678748622466,-2.82653948631671,0.684688346954843,-4.16852864634821,-1.48455032628522,"var_LogSoce",-0.520247999907945,0.520247999907945,TRUE
"18979-50-5","18979-50-5","4-propoxyphenol",-1.82490330536304,-1.63397409902482,0.53737373800811,-2.68722662552072,-0.58072157252893,"var_LogSoce",-0.190929206338215,0.190929206338215,TRUE
"2152-44-5","2152-44-5","betamethasone-17-valerate",-2.88041422503822,-3.98370273382874,0.661620455740758,-5.28047882708062,-2.68692664057685,"var_LogSoce",1.10328850879052,1.10328850879052,TRUE
"2203-97-6","2203-97-6","hydrocortisone-21-hemisuccinate",-3.20065945054642,-3.68168883496004,0.753601350154936,-5.15874748126371,-2.20463018865636,"var_LogSoce",0.481029384413615,0.481029384413615,TRUE
"2493-02-9","2493-02-9","4-bromophenyl isocyanate",-1.84100559902551,-1.44013266809985,0.527442328024879,-2.47391963102861,-0.406345705171089,"var_LogSoce",-0.40087293092566,0.40087293092566,TRUE
"2493-02-9","2493-02-9","4-bromophenyl isocyanate",-1.75134980127003,-1.44013266809985,0.527442328024879,-2.47391963102861,-0.406345705171089,"var_LogSoce",-0.311217133170179,0.311217133170179,TRUE
"26839-75-8","26839-75-8","timolol",-3.57016261901271,-2.47831021248861,0.700217242709109,-3.85073600819846,-1.10588441677876,"var_LogSoce",-1.0918524065241,1.0918524065241,TRUE
"26839-75-8","26839-75-8","timolol",-3.53521248035406,-2.37819172102467,0.692683998842545,-3.73585235875606,-1.02053108329328,"var_LogSoce",-1.15702075932939,1.15702075932939,TRUE
"2871-01-4","2871-01-4","hc red no. 3; 2-(4-amino-2-nitroanilino)-ethanol",-1.67058885168866,-2.48267104371167,0.86921648061628,-4.18633534571958,-0.77900674170376,"var_LogSoce",0.812082192023008,0.812082192023008,TRUE
"2871-01-4","2871-01-4","hc red no. 3; 2-(4-amino-2-nitroanilino)-ethanol",-2.32271042397763,-2.48267104371167,0.86921648061628,-4.18633534571958,-0.77900674170376,"var_LogSoce",0.159960619734038,0.159960619734038,TRUE
"29122-68-7","29122-68-7","atenolol",-3.96657624451305,-3.42811854473025,1.03401322790373,-5.45478447142155,-1.40145261803894,"var_LogSoce",-0.538457699782804,0.538457699782804,TRUE
"31005-02-4","31005-02-4","7-ethoxycoumarin",-0.781780143112531,-2.15122422234312,0.599666583311601,-3.32657072563386,-0.975877719052378,"var_LogSoce",1.36944407923059,1.36944407923059,FALSE
"31005-02-4","31005-02-4","7-ethoxycoumarin",-0.919153916982604,-2.15122422234312,0.599666583311601,-3.32657072563386,-0.975877719052378,"var_LogSoce",1.23207030536051,1.23207030536051,FALSE
"333-41-5","333-41-5","diazinon",-2.06048074738138,-2.16001921011503,0.593519546500661,-3.32331752125633,-0.996720898973736,"var_LogSoce",0.0995384627336513,0.0995384627336513,TRUE
"3360-41-6","3360-41-6","4-phenylbutanol",-1.08092190762393,-1.49215888826385,0.542571641929498,-2.55559930644567,-0.428718470082037,"var_LogSoce",0.411236980639923,0.411236980639923,TRUE
"3593-96-2","3593-96-2","hydrocortisone-21-hexanoate; hydrocortisone caproate",-2,-3.46918244001698,0.662230913342217,-4.76715503016773,-2.17120984986624,"var_LogSoce",1.46918244001698,1.46918244001698,FALSE
"3930-20-9","3930-20-9","sotalol",-4.31984585826563,-3.30919218917783,0.82311430062757,-4.92249621840786,-1.69588815994779,"var_LogSoce",-1.0106536690878,1.0106536690878,TRUE
"3930-20-9","3930-20-9","sotalol",-3.88598470867013,-3.30919218917783,0.82311430062757,-4.92249621840786,-1.69588815994779,"var_LogSoce",-0.576792519492304,0.576792519492304,TRUE
"3930-20-9","3930-20-9","sotalol",-4.17986287404271,-3.30919218917783,0.82311430062757,-4.92249621840786,-1.69588815994779,"var_LogSoce",-0.870670684864884,0.870670684864884,TRUE
"42200-33-9","42200-33-9","nadolol",-4.10127481841051,-3.33124814672066,0.850325428883076,-4.99788598733149,-1.66461030610983,"var_LogSoce",-0.770026671689847,0.770026671689847,TRUE
"437-38-7","437-38-7","fentanyl base",-1.96286612872332,-2.05879413254798,0.528355611050144,-3.09437113020626,-1.0232171348897,"var_LogSoce",0.0959280038246568,0.0959280038246568,TRUE
"463-40-1","463-40-1","linolenic acid",-2.431798275933,-1.73796678657376,0.581934831144658,-2.87855905561729,-0.597374517530234,"var_LogSoce",-0.693831489359237,0.693831489359237,TRUE
"499-75-2","499-75-2","iso-thymol; carvacrol",-1.25336580106242,-1.25440385646201,0.500212994885921,-2.23482132643842,-0.273986386485603,"var_LogSoce",0.00103805539958901,0.00103805539958901,TRUE
"50-2-2","50-2-2","dexamethasone",-4.19382002601611,-4.09980618712573,0.748060242354132,-5.56600426213983,-2.63360811211163,"var_LogSoce",-0.0940138388903771,0.0940138388903771,TRUE
"50-22-6","50-22-6","corticosterone",-2.24178591486039,-3.07682025429899,0.731028273482891,-4.50963567032545,-1.64400483827252,"var_LogSoce",0.835034339438598,0.835034339438598,TRUE
"50-22-6","50-22-6","corticosterone",-2.35454840605954,-3.07682025429899,0.731028273482891,-4.50963567032545,-1.64400483827252,"var_LogSoce",0.722271848239448,0.722271848239448,TRUE
"50-22-6","50-22-6","corticosterone",-3.16494389827988,-3.10033711189346,0.759731752827114,-4.58941134743461,-1.61126287635232,"var_LogSoce",-0.0646067863864164,0.0646067863864164,TRUE
"50-22-6","50-22-6","corticosterone",-4,-3.26220206185615,0.755069331941154,-4.74213795246081,-1.78226617125148,"var_LogSoce",-0.737797938143854,0.737797938143854,TRUE
"50-22-6","50-22-6","corticosterone",-3.33468369530231,-3.11068443831714,0.734950056793149,-4.55118654963171,-1.67018232700257,"var_LogSoce",-0.223999256985173,0.223999256985173,TRUE
"50-22-6","50-22-6","corticosterone",-3.52287874528034,-3.26727336169379,0.746657369318185,-4.73072180555743,-1.80382491783015,"var_LogSoce",-0.255605383586548,0.255605383586548,TRUE
"50-22-6","50-22-6","corticosterone",-3.52287874528034,-3.27020343954739,0.750860883166109,-4.74189077055296,-1.79851610854181,"var_LogSoce",-0.252675305732954,0.252675305732954,TRUE
"50-22-6","50-22-6","corticosterone",-4,-3.25989748929366,0.755129942077249,-4.73995217576507,-1.77984280282225,"var_LogSoce",-0.74010251070634,0.74010251070634,TRUE
"50-22-6","50-22-6","corticosterone",-3.26587485567249,-3.2381510338463,0.746657369318185,-4.70159947770995,-1.77470258998266,"var_LogSoce",-0.0277238218261879,0.0277238218261879,TRUE
"50-22-6","50-22-6","corticosterone",-2.58587485567249,-3.04518741923069,0.727770812247692,-4.47161821123616,-1.61875662722521,"var_LogSoce",0.459312563558196,0.459312563558196,TRUE
"50-22-6","50-22-6","corticosterone",-4.22184874961636,-3.25579781135145,0.749133982660771,-4.72410041736656,-1.78749520533634,"var_LogSoce",-0.966050938264912,0.966050938264912,TRUE
"50-22-6","50-22-6","corticosterone",-4.67571754470231,-3.27257813532916,0.750860883166109,-4.74426546633474,-1.80089080432359,"var_LogSoce",-1.40313940937315,1.40313940937315,TRUE
"50-22-6","50-22-6","corticosterone",-3.23418248469008,-3.09275951868232,0.755074133500321,-4.57270482034295,-1.61281421702169,"var_LogSoce",-0.14142296600776,0.14142296600776,TRUE
"50-23-7","50-23-7","hydrocortisone",-2.01894154396037,-3.55349811262099,0.715949137381812,-4.95675842188934,-2.15023780335264,"var_LogSoce",1.53455656866062,1.53455656866062,FALSE
"50-23-7","50-23-7","hydrocortisone",-2.68163603566894,-3.55349811262099,0.715949137381812,-4.95675842188934,-2.15023780335264,"var_LogSoce",0.871862076952048,0.871862076952048,TRUE
"50-23-7","50-23-7","hydrocortisone",-3.63827216398241,-3.40319670943742,0.695784399628168,-4.76693413270863,-2.03945928616621,"var_LogSoce",-0.235075454544992,0.235075454544992,TRUE
"50-23-7","50-23-7","hydrocortisone",-3.63870046691906,-3.49888863566219,0.711472171927144,-4.89337409263939,-2.10440317868499,"var_LogSoce",-0.139811831256869,0.139811831256869,TRUE
"50-23-7","50-23-7","hydrocortisone",-5.52287874528034,-3.66452422707827,0.724713146378159,-5.08496199397946,-2.24408646017708,"var_LogSoce",-1.85835451820207,1.85835451820207,FALSE
"50-23-7","50-23-7","hydrocortisone",-5.52724355068279,-3.68386993973753,0.726549829845323,-5.10790760623436,-2.2598322732407,"var_LogSoce",-1.84337361094526,1.84337361094526,FALSE
"50-24-8","50-24-8","prednisolone",-4.32790214206428,-3.79512334989727,0.745455250375498,-5.25621564063325,-2.3340310591613,"var_LogSoce",-0.532778792167008,0.532778792167008,TRUE
"50-27-1","50-27-1","estriol",-4.39794000867204,-3.53019803337834,0.697995461764775,-4.8982691384373,-2.16212692831938,"var_LogSoce",-0.867741975293704,0.867741975293704,TRUE
"50-28-2","50-28-2","beta-estradiol",-2.38721614328026,-2.71581604653385,0.678707426694157,-4.0460826028544,-1.3855494902133,"var_LogSoce",0.328599903253592,0.328599903253592,TRUE
"50-28-2","50-28-2","beta-estradiol",-2.01233373507373,-2.44359728730366,0.664807622292052,-3.74662022699609,-1.14057434761124,"var_LogSoce",0.431263552229935,0.431263552229935,TRUE
"50-28-2","50-28-2","beta-estradiol",-3.52287874528034,-2.69638527923397,0.678707426694157,-4.02665183555451,-1.36611872291342,"var_LogSoce",-0.826493466046374,0.826493466046374,TRUE
"50-28-2","50-28-2","beta-estradiol",-2.28149831113273,-2.55340028714453,0.669805323081061,-3.8662187203834,-1.24058185390565,"var_LogSoce",0.271901976011796,0.271901976011796,TRUE
"50-28-2","50-28-2","estradiol",-1.98581560249872,-2.55340028714453,0.669805323081061,-3.8662187203834,-1.24058185390565,"var_LogSoce",0.567584684645806,0.567584684645806,TRUE
"50-28-2","50-28-2","estradiol",-4.69680394257951,-2.48320215425921,0.677933738585509,-3.8119522818868,-1.15445202663161,"var_LogSoce",-2.2136017883203,2.2136017883203,FALSE
"50-28-2","50-28-2","estradiol",-2.36451625318509,-2.48320215425921,0.677933738585509,-3.8119522818868,-1.15445202663161,"var_LogSoce",0.118685901074117,0.118685901074117,TRUE
"50-28-2","50-28-2","estradiol",-2.38090666937326,-2.71581604653385,0.678707426694157,-4.0460826028544,-1.3855494902133,"var_LogSoce",0.334909377160593,0.334909377160593,TRUE
"50-28-2","50-28-2","estradiol",-2.21324857785444,-2.44348214876036,0.664807622292052,-3.74650508845279,-1.14045920906794,"var_LogSoce",0.230233570905924,0.230233570905924,TRUE
"50-28-2","50-28-2","estradiol",-2.49485002168009,-2.71593277292191,0.678707426694157,-4.04619932924246,-1.38566621660136,"var_LogSoce",0.221082751241817,0.221082751241817,TRUE
"50-28-2","50-28-2","estradiol",-2.52287874528034,-2.71581604653385,0.678707426694157,-4.0460826028544,-1.3855494902133,"var_LogSoce",0.192937301253512,0.192937301253512,TRUE
"50-28-2","50-28-2","estradiol",-2.52287874528034,-2.71355791360021,0.677933738585509,-4.04230804122781,-1.38480778597261,"var_LogSoce",0.190679168319873,0.190679168319873,TRUE
"50-28-2","50-28-2","estradiol",-2.52287874528034,-2.71355791360021,0.677933738585509,-4.04230804122781,-1.38480778597261,"var_LogSoce",0.190679168319873,0.190679168319873,TRUE
"50-28-2","50-28-2","estradiol",-2.08008551934057,-2.48320215425921,0.677933738585509,-3.8119522818868,-1.15445202663161,"var_LogSoce",0.403116634918637,0.403116634918637,TRUE
"50-28-2","50-28-2","estradiol",-2.34969247686806,-2.55340028714453,0.669805323081061,-3.8662187203834,-1.24058185390565,"var_LogSoce",0.203707810276466,0.203707810276466,TRUE
"50-28-2","50-28-2","estradiol",-2.51173374958299,-2.55340028714453,0.669805323081061,-3.8662187203834,-1.24058185390565,"var_LogSoce",0.0416665375615359,0.0416665375615359,TRUE
"51-21-8","51-21-8","5-fluorouracil",-4.52574969288748,-3.5877413773746,0.75848914648641,-5.07438010448797,-2.10110265026124,"var_LogSoce",-0.938008315512877,0.938008315512877,TRUE
"51-21-8","51-21-8","5-fluorouracil",-4.72894468964132,-3.59668144784047,0.754744984628204,-5.07598161771175,-2.11738127796919,"var_LogSoce",-1.13226324180085,1.13226324180085,TRUE
"51-21-8","51-21-8","5-fluorouracil",-4.47108329972234,-3.5877413773746,0.75848914648641,-5.07438010448797,-2.10110265026124,"var_LogSoce",-0.883341922347737,0.883341922347737,TRUE
"51-21-8","51-21-8","5-fluorouracil (+ - + -)",-4.46597389394386,-3.59668144784047,0.754744984628204,-5.07598161771175,-2.11738127796919,"var_LogSoce",-0.869292446103395,0.869292446103395,TRUE
"512-69-6","512-69-6","raffinose",-4.85472588171206,-4.6244480794611,1.1042072797846,-6.78869434783891,-2.46020181108328,"var_LogSoce",-0.230277802250962,0.230277802250962,TRUE
"512-69-6","512-69-6","raffinose",-4.29756946355447,-4.78514864872531,1.21639093856934,-7.16927488832121,-2.40102240912941,"var_LogSoce",0.487579185170841,0.487579185170841,TRUE
"513-85-9","513-85-9","2,3-butanediol",-4.30102999566398,-3.09209763767037,0.588365825542522,-4.24529465573371,-1.93890061960702,"var_LogSoce",-1.20893235799361,1.20893235799361,FALSE
"51384-51-1","51384-51-1","metoprolol",-3.52461940685664,-3.02162023527008,0.629236774332516,-4.25492431296181,-1.78831615757835,"var_LogSoce",-0.50299917158656,0.50299917158656,TRUE
"52-39-1","52-39-1","aldosterone",-4.23657200643706,-3.54403145243661,0.926120732574384,-5.3592280882824,-1.72883481659082,"var_LogSoce",-0.692540554000452,0.692540554000452,TRUE
"52-39-1","52-39-1","aldosterone",-4.74835790885864,-3.39105221233956,0.934153981824143,-5.22199401671488,-1.56011040796424,"var_LogSoce",-1.35730569651908,1.35730569651908,TRUE
"52-39-1","52-39-1","aldosterone",-4.30102999566398,-3.62835425043006,0.976612117693488,-5.5425140011093,-1.71419449975083,"var_LogSoce",-0.672675745233915,0.672675745233915,TRUE
"52-39-1","52-39-1","aldosterone",-4.52287874528034,-3.59501657976353,0.955205147375083,-5.46721866861869,-1.72281449090837,"var_LogSoce",-0.927862165516808,0.927862165516808,TRUE
"52-39-1","52-39-1","aldosterone",-4.52287874528034,-3.43811453511631,0.824632407747585,-5.05439405430158,-1.82183501593105,"var_LogSoce",-1.08476421016403,1.08476421016403,TRUE
"52-39-1","52-39-1","aldosterone",-4.01233373507373,-3.2161736732731,0.803934667269961,-4.79188562112222,-1.64046172542397,"var_LogSoce",-0.796160061800635,0.796160061800635,TRUE
"53-06-5","53-06-5","cortisone",-3.82390874094432,-3.53679610699309,0.78236672902065,-5.07023489587356,-2.00335731811262,"var_LogSoce",-0.287112633951231,0.287112633951231,TRUE
"53-06-5","53-06-5","cortisone",-5,-3.72793413319956,0.78049250447453,-5.25769944196964,-2.19816882442948,"var_LogSoce",-1.27206586680044,1.27206586680044,TRUE
"53-16-7","53-16-7","estrone",-2.44369749923271,-3.06246993241284,0.61640683143706,-4.27062732202948,-1.8543125427962,"var_LogSoce",0.618772433180127,0.618772433180127,TRUE
"53-96-3","53-96-3","2-(acetylamino)fluorene",-1.16052197602182,-2.56710160296187,0.714220435405602,-3.96697365635685,-1.16722954956689,"var_LogSoce",1.40657962694005,1.40657962694005,FALSE
"53-96-3","53-96-3","2-(acetylamino)fluorene",-1.10756666442663,-2.56710160296187,0.714220435405602,-3.96697365635685,-1.16722954956689,"var_LogSoce",1.45953493853524,1.45953493853524,FALSE
"533-73-3","533-73-3","1,2,4-benzenetriol",-3.9,-2.79841569999352,0.475355363962668,-3.73011221336035,-1.8667191866267,"var_LogSoce",-1.10158430000648,1.10158430000648,FALSE
"53535-33-4","53535-33-4","heptanol",-1.42481215507234,-1.36586160019558,0.548306182456659,-2.44054171781064,-0.291181482580533,"var_LogSoce",-0.0589505548767555,0.0589505548767555,TRUE
"53535-33-4","53535-33-4","heptanol",-1.49485002168009,-1.45880156138498,0.548306182456659,-2.53348167900003,-0.384121443769925,"var_LogSoce",-0.036048460295113,0.036048460295113,TRUE
"53535-33-4","53535-33-4","n-heptanol",-1.49485002168009,-1.22300956675934,0.524990706707893,-2.25199135190681,-0.194027781611873,"var_LogSoce",-0.271840454920747,0.271840454920747,TRUE
"554-84-7","554-84-7","m-nitrophenol; 3-nitrophenol",-2.24848294855394,-2.06546250429456,0.524006225944955,-3.09251470714667,-1.03841030144245,"var_LogSoce",-0.183020444259381,0.183020444259381,TRUE
"56-81-5","56-81-5","glycerol",-4.56863623584101,-3.55472123263382,0.597861466896491,-4.72652970775094,-2.38291275751669,"var_LogSoce",-1.01391500320719,1.01391500320719,TRUE
"56-81-5","56-81-5","glycerol",-3.00594693641232,-3.59537138003249,0.611983692552641,-4.79485941743567,-2.39588334262931,"var_LogSoce",0.58942444362017,0.58942444362017,TRUE
"56030-54-7","56030-54-7","sufentanil base",-1.81815641205523,-2.58629914913749,0.608651805260968,-3.77925668744899,-1.393341610826,"var_LogSoce",0.768142737082262,0.768142737082262,TRUE
"57-13-6","57-13-6","urea",-3.82973828460504,-3.55383010181207,0.698384992539232,-4.92266468718897,-2.18499551643517,"var_LogSoce",-0.27590818279297,0.27590818279297,TRUE
"57-13-6","57-13-6","urea",-3.95233580539844,-3.4751296984075,0.71489580590658,-4.8763254779844,-2.07393391883061,"var_LogSoce",-0.477206106990935,0.477206106990935,TRUE
"57-13-6","57-13-6","urea",-3.92564441915299,-3.57053101971296,0.69500260640701,-4.9327361282707,-2.20832591115522,"var_LogSoce",-0.355113399440028,0.355113399440028,TRUE
"57-13-6","57-13-6","urea",-3.69494112531286,-3.67137948450875,0.712395108493177,-5.06767389715538,-2.27508507186213,"var_LogSoce",-0.0235616408041084,0.0235616408041084,TRUE
"57-13-6","57-13-6","urea",-3.55495653854982,-3.53432156356155,0.69500260640701,-4.89652667211929,-2.17211645500381,"var_LogSoce",-0.0206349749882722,0.0206349749882722,TRUE
"57-13-6","57-13-6","urea",-3.5970511706556,-3.57053101971296,0.69500260640701,-4.9327361282707,-2.20832591115522,"var_LogSoce",-0.026520150942638,0.026520150942638,TRUE
"57-13-6","57-13-6","urea",-3.55720677406023,-3.57053101971296,0.69500260640701,-4.9327361282707,-2.20832591115522,"var_LogSoce",0.0133242456527318,0.0133242456527318,TRUE
"57-50-1","57-50-1","sucrose",-5.0268721464003,-5.38402858523357,0.92165197971741,-7.19046646547969,-3.57759070498744,"var_LogSoce",0.357156438833267,0.357156438833267,TRUE
"57-50-1","57-50-1","sucrose",-5.2839966563652,-5.52900909051062,0.946983847156953,-7.38509743093825,-3.67292075008299,"var_LogSoce",0.245012434145423,0.245012434145423,TRUE
"57-50-1","57-50-1","sucrose",-4.76200316671127,-5.38402858523357,0.92165197971741,-7.19046646547969,-3.57759070498744,"var_LogSoce",0.622025418522298,0.622025418522298,TRUE
"57-50-1","57-50-1","sucrose",-4.26905630657226,-5.38402858523357,0.92165197971741,-7.19046646547969,-3.57759070498744,"var_LogSoce",1.11497227866131,1.11497227866131,TRUE
"57-50-1","57-50-1","sucrose",-4.36451625318509,-5.38402858523357,0.92165197971741,-7.19046646547969,-3.57759070498744,"var_LogSoce",1.01951233204848,1.01951233204848,TRUE
"57-50-1","57-50-1","sucrose",-3.13406733180681,-5.38402858523357,0.92165197971741,-7.19046646547969,-3.57759070498744,"var_LogSoce",2.24996125342676,2.24996125342676,FALSE
"57-83-0","57-83-0","progesterone",-1.52287874528034,-2.45204787611015,0.664685965682733,-3.75483236884831,-1.149263383372,"var_LogSoce",0.929169130829815,0.929169130829815,TRUE
"57-83-0","57-83-0","progesterone",-1.70344032687277,-2.38687535902743,0.629176762835162,-3.62006181418435,-1.15368890387051,"var_LogSoce",0.683435032154663,0.683435032154663,TRUE
"57-83-0","57-83-0","progesterone",-1.88605664769316,-2.60183585514167,0.639334767624466,-3.85493199968562,-1.34873971059771,"var_LogSoce",0.715779207448506,0.715779207448506,TRUE
"57-83-0","57-83-0","progesterone",-1.69897000433602,-2.67525140774229,0.666149590564625,-3.98090460524896,-1.36959821023563,"var_LogSoce",0.976281403406273,0.976281403406273,TRUE
"57-83-0","57-83-0","progesterone",-2.82390874094432,-2.58327911058034,0.639334767624466,-3.83637525512429,-1.33018296603639,"var_LogSoce",-0.24062963036398,0.24062963036398,TRUE
"58-08-2","58-08-2","caffeine",-3.80687540164554,-3.36168439510697,0.675489301120559,-4.68564342530326,-2.03772536491067,"var_LogSoce",-0.445191006538574,0.445191006538574,TRUE
"58-08-2","58-08-2","caffeine",-4.58586563707645,-3.51328323086895,0.672301137708699,-4.830993460778,-2.1955730009599,"var_LogSoce",-1.0725824062075,1.0725824062075,TRUE
"58-08-2","58-08-2","caffeine",-1.60220380347052,-3.47712187428537,0.672279037692517,-4.79478878816271,-2.15945496040804,"var_LogSoce",1.87491807081485,1.87491807081485,FALSE
"58-08-2","58-08-2","caffeine",-2.60631808276205,-3.47712187428537,0.672279037692517,-4.79478878816271,-2.15945496040804,"var_LogSoce",0.870803791523323,0.870803791523323,TRUE
"58-08-2","58-08-2","caffeine",-4.15490195998574,-3.51321712887661,0.656669236379684,-4.80028883218079,-2.22614542557243,"var_LogSoce",-0.641684831109132,0.641684831109132,TRUE
"58-08-2","58-08-2","caffeine",-3.69897000433602,-3.46978633189571,0.675673122082519,-4.79410565117745,-2.14546701261397,"var_LogSoce",-0.229183672440309,0.229183672440309,TRUE
"58-22-0","58-22-0","testosterone",-2.0571655062299,-2.50431570390812,0.646062661718737,-3.77059852087684,-1.23803288693939,"var_LogSoce",0.447150197678218,0.447150197678218,TRUE
"58-22-0","58-22-0","testosterone",-2.04694894237348,-2.40863390482129,0.654976542790105,-3.69238792868989,-1.12487988095268,"var_LogSoce",0.361684962447808,0.361684962447808,TRUE
"58-22-0","58-22-0","testosterone",-1.64633962279966,-2.51564993809608,0.66327259520477,-3.81566422469743,-1.21563565149473,"var_LogSoce",0.869310315296422,0.869310315296422,TRUE
"58-22-0","58-22-0","testosterone",-1.41570671752568,-2.47483924084039,0.647788693917047,-3.7445050809178,-1.20517340076298,"var_LogSoce",1.05913252331471,1.05913252331471,TRUE
"58-22-0","58-22-0","testosterone",-2.27083521030723,-2.65635541008346,0.673865400792662,-3.97713159563708,-1.33557922452985,"var_LogSoce",0.385520199776235,0.385520199776235,TRUE
"58-22-0","58-22-0","testosterone",-2.38875983135141,-2.41541899631097,0.643226447358312,-3.67614283313326,-1.15469515948868,"var_LogSoce",0.0266591649595633,0.0266591649595633,TRUE
"58-22-0","58-22-0","testosterone",-2.65757731917779,-2.61139451168322,0.656505584280428,-3.89814545687286,-1.32464356649358,"var_LogSoce",-0.0461828074945725,0.0461828074945725,TRUE
"58-22-0","58-22-0","testosterone",-2.65757731917779,-2.60575174940815,0.654976542790105,-3.88950577327675,-1.32199772553954,"var_LogSoce",-0.0518255697696417,0.0518255697696417,TRUE
"58-22-0","58-22-0","testosterone",-2.65757731917779,-2.60575174940815,0.654976542790105,-3.88950577327675,-1.32199772553954,"var_LogSoce",-0.0518255697696417,0.0518255697696417,TRUE
"58-22-0","58-22-0","testosterone",-3.39794000867204,-2.59102373240976,0.654976542790105,-3.87477775627837,-1.30726970854116,"var_LogSoce",-0.80691627626228,0.80691627626228,TRUE
"58-22-0","58-22-0","testosterone",-3.06752623532285,-2.61139451168322,0.656505584280428,-3.89814545687286,-1.32464356649358,"var_LogSoce",-0.456131723639633,0.456131723639633,TRUE
"58-22-0","58-22-0","testosterone",-2.13194363817696,-2.40632960761544,0.654976542790105,-3.69008363148405,-1.12257558374684,"var_LogSoce",0.274385969438482,0.274385969438482,TRUE
"58-54-8","58-54-8","ethacrynic acid",-3.82390874094432,-2.49097662920995,0.722237313423156,-3.90656176351934,-1.07539149490057,"var_LogSoce",-1.33293211173437,1.33293211173437,TRUE
"59-05-2","59-05-2","methotrexate",-3.40160112979023,-4.76212371113157,1.06724130852325,-6.85391667583714,-2.670330746426,"var_LogSoce",1.36052258134134,1.36052258134134,TRUE
"59-50-7","59-50-7","chlorocresol",-1.26406804435028,-1.6079651567434,0.472263656921838,-2.5336019243102,-0.682328389176593,"var_LogSoce",0.343897112393116,0.343897112393116,TRUE
"59-50-7","59-50-7","chlorocresol",-1.65255620893436,-1.53175847025375,0.486699248323593,-2.48568899696799,-0.577827943539505,"var_LogSoce",-0.120797738680614,0.120797738680614,TRUE
"60-12-8","60-12-8","2-phenylethanol",-1.25963731050576,-1.80114703131741,0.543472537077529,-2.86635320398937,-0.735940858645454,"var_LogSoce",0.54150972081165,0.54150972081165,TRUE
"60-12-8","60-12-8","2-phenylethanol",-2.11527250510331,-1.99085910066259,0.546093873029422,-3.06120309180025,-0.920515109524918,"var_LogSoce",-0.124413404440724,0.124413404440724,TRUE
"610-81-1","610-81-1","4-amino-3-nitrophenol",-2.1297393876227,-2.35792633779517,0.591351842461755,-3.51697594902021,-1.19887672657013,"var_LogSoce",0.228186950172472,0.228186950172472,TRUE
"610-81-1","610-81-1","4-amino-3-nitrophenol",-2.26671923730847,-2.35792633779517,0.591351842461755,-3.51697594902021,-1.19887672657013,"var_LogSoce",0.0912071004867019,0.0912071004867019,TRUE
"614-18-6","614-18-6","nicotinate, ethyl",-3.10790539730952,-1.92183409888775,0.50305167109905,-2.90781537424188,-0.935852823533609,"var_LogSoce",-1.18607129842177,1.18607129842177,FALSE
"614-18-6","614-18-6","nicotinate, ethyl",-3.08618614761628,-1.95299871015366,0.494590328937015,-2.92239575487021,-0.983601665437111,"var_LogSoce",-1.13318743746262,1.13318743746262,FALSE
"623-05-2","623-05-2","4-hydroxybenzyl alcohol",-2.69897000433602,-2.29161756929619,0.66390251692915,-3.59286650247733,-0.990368636115058,"var_LogSoce",-0.407352435039828,0.407352435039828,TRUE
"63-36-5","63-36-5","salicylate",-3.96686900819185,-2.73226943828368,0.351395120897106,-3.421003875242,-2.04353500132535,"var_LogSoce",-1.23459956990817,1.23459956990817,FALSE
"64-17-5","64-17-5","ethanol",-2.72124639904717,-2.98962587694559,0.525396301025168,-4.01940262695492,-1.95984912693626,"var_LogSoce",0.268379477898417,0.268379477898417,TRUE
"64-17-5","64-17-5","ethanol",-3.09691001300806,-2.95390334910326,0.525396301025168,-3.98368009911259,-1.92412659909393,"var_LogSoce",-0.143006663904796,0.143006663904796,TRUE
"64-17-5","64-17-5","ethanol",-3.09691001300806,-3.17162744859174,0.525396301025168,-4.20140419860106,-2.14185069858241,"var_LogSoce",0.0747174355836759,0.0747174355836759,TRUE
"64-19-7","64-19-7","acetic acid",-2.77786589964853,-2.8005398845361,0.510741949655984,-3.80159410586183,-1.79948566321037,"var_LogSoce",0.0226739848875726,0.0226739848875726,TRUE
"64-85-7","64-85-7","cortexone",-3.34678748622466,-2.70662883959473,0.63898708164664,-3.95904351962215,-1.45421415956732,"var_LogSoce",-0.640158646629926,0.640158646629926,TRUE
"65-85-0","65-85-0","benzoic acid",-2.11918640771921,-1.91938599831149,0.583368026042487,-3.06278732935477,-0.775984667268216,"var_LogSoce",-0.199800409407719,0.199800409407719,TRUE
"65-85-0","65-85-0","benzoic acid",-1.50863830616573,-1.8672468909479,0.555350565937194,-2.9557340001848,-0.778759781710999,"var_LogSoce",0.358608584782169,0.358608584782169,TRUE
"65-85-0","65-85-0","benzoic acid",-1.50863830616573,-1.8672468909479,0.555350565937194,-2.9557340001848,-0.778759781710999,"var_LogSoce",0.358608584782169,0.358608584782169,TRUE
"66-27-3","66-27-3","methyl methanesulfonate",-1.91205408690953,-2.74184638142712,0.453087789874524,-3.62989844958119,-1.85379431327306,"var_LogSoce",0.829792294517594,0.829792294517594,TRUE
"66-27-3","66-27-3","methyl methanesulfonate",-2.06776764179179,-2.74184638142712,0.453087789874524,-3.62989844958119,-1.85379431327306,"var_LogSoce",0.674078739635334,0.674078739635334,TRUE
"6677-98-1","6677-98-1","hydrocortisone-21-propionate",-2.46852108295775,-3.60124642931434,0.730844572518729,-5.03370179145104,-2.16879106717763,"var_LogSoce",1.13272534635659,1.13272534635659,TRUE
"67-56-1","67-56-1","methanol",-3.30102999566398,-3.1230925576513,0.539726924385924,-4.18095732944771,-2.06522778585489,"var_LogSoce",-0.177937438012683,0.177937438012683,TRUE
"67-56-1","67-56-1","methanol",-3.30102999566398,-3.33127522976128,0.535870889523988,-4.3815821732283,-2.28096828629427,"var_LogSoce",0.0302452340973027,0.0302452340973027,TRUE
"67-56-1","67-56-1","methanol",-2.79588001734407,-3.23807301951818,0.535870889523988,-4.28837996298519,-2.18776607605116,"var_LogSoce",0.442193002174107,0.442193002174107,TRUE
"68-96-2","68-96-2","17-alfa-hydroxyprogesterone",-3.22184874961636,-3.55397520790468,0.781219728082209,-5.08516587494581,-2.02278454086356,"var_LogSoce",0.332126458288325,0.332126458288325,TRUE
"69-29-7","69-29-7","ethyl ether",-1.79588001734408,-2.25496062609155,0.523813406235437,-3.281634902313,-1.22828634987009,"var_LogSoce",0.459080608747468,0.459080608747468,TRUE
"69-65-8","69-65-8","mannitol",-4.72681868815271,-4.02033855234431,1.04660002272994,-6.071674596895,-1.96900250779362,"var_LogSoce",-0.706480135808397,0.706480135808397,TRUE
"69-65-8","69-65-8","mannitol",-4,-4.39944596856991,1.34399743814142,-7.0336809473271,-1.76521098981272,"var_LogSoce",0.399445968569909,0.399445968569909,TRUE
"69-65-8","69-65-8","mannitol",-4.68257958814785,-3.93253040162995,1.04660002272994,-5.98386644618064,-1.88119435707926,"var_LogSoce",-0.750049186517899,0.750049186517899,TRUE
"69-65-8","69-65-8","mannitol",-4.45692576496647,-3.93315802859375,1.04660002272994,-5.98449407314444,-1.88182198404306,"var_LogSoce",-0.523767736372721,0.523767736372721,TRUE
"69-65-8","69-65-8","mannitol",-4.77257756999574,-4.38176136011948,1.34399743814142,-7.01599633887667,-1.7475263813623,"var_LogSoce",-0.390816209876256,0.390816209876256,TRUE
"69-65-8","69-65-8","mannitol",-4.43830246734601,-3.93315802859375,1.04660002272994,-5.98449407314444,-1.88182198404306,"var_LogSoce",-0.505144438752262,0.505144438752262,TRUE
"69-65-8","69-65-8","mannitol",-4.18810341360238,-4.4259305794719,1.36288485537303,-7.09718489600304,-1.75467626294076,"var_LogSoce",0.23782716586952,0.23782716586952,TRUE
"69-65-8","69-65-8","mannitol",-4.00436480540245,-4.30493925203624,1.302926714231,-6.858675611929,-1.75120289214349,"var_LogSoce",0.300574446633792,0.300574446633792,TRUE
"69-65-8","69-65-8","mannitol",-3.97265039222524,-4.44820458609882,1.37275880129354,-7.13881183663416,-1.75759733556348,"var_LogSoce",0.475554193873582,0.475554193873582,TRUE
"69-65-8","69-65-8","mannitol",-3.1536628878702,-3.93253040162995,1.04660002272994,-5.98386644618064,-1.88119435707926,"var_LogSoce",0.778867513759751,0.778867513759751,TRUE
"69-72-7","69-72-7","salicylic acid",-3.03151705144606,-1.95148522493176,0.570339710736317,-3.06935105797494,-0.833619391888574,"var_LogSoce",-1.0800318265143,1.0800318265143,TRUE
"69-72-7","69-72-7","salicylic acid",-1.34678748622466,-1.97879814864324,0.554844070558735,-3.06629252693836,-0.89130377034812,"var_LogSoce",0.63201066241858,0.63201066241858,TRUE
"71-23-8","71-23-8","n-propanol",-2.92081875395238,-2.81852731401003,0.488446928772002,-3.77588329440315,-1.86117133361691,"var_LogSoce",-0.10229143994235,0.10229143994235,TRUE
"71-23-8","71-23-8","propanol",-2.76955107862173,-2.94669995059502,0.488446928772002,-3.90405593098814,-1.9893439702019,"var_LogSoce",0.17714887197329,0.17714887197329,TRUE
"71-23-8","71-23-8","propanol",-2.92081875395238,-3.04023642081615,0.488446928772002,-3.99759240120927,-2.08288044042302,"var_LogSoce",0.119417666863767,0.119417666863767,TRUE
"71-36-3","71-36-3","butanol",-2.52287874528034,-2.10150980075167,0.530912791320014,-3.1420988717389,-1.06092072976444,"var_LogSoce",-0.421368944528671,0.421368944528671,TRUE
"71-36-3","71-36-3","butanol",-2.10237290870956,-2.01538917513866,0.530912791320014,-3.05597824612589,-0.974800104151434,"var_LogSoce",-0.0869837335708983,0.0869837335708983,TRUE
"71-36-3","71-36-3","butanol",-2.65757731917779,-2.18906344744849,0.530912791320014,-3.22965251843571,-1.14847437646126,"var_LogSoce",-0.468513871729304,0.468513871729304,TRUE
"71-36-3","71-36-3","butanol",-2.65757731917779,-2.18912772337034,0.530912791320014,-3.22971679435757,-1.14853865238311,"var_LogSoce",-0.468449595807449,0.468449595807449,TRUE
"71-36-3","71-36-3","butanol",-2.60205999132796,-2.18906344744849,0.530912791320014,-3.22965251843571,-1.14847437646126,"var_LogSoce",-0.412996543879474,0.412996543879474,TRUE
"71-36-3","71-36-3","n-butanol",-2.60205999132796,-1.98139603271726,0.530912791320014,-3.02198510370449,-0.94080696173003,"var_LogSoce",-0.620663958610701,0.620663958610701,TRUE
"71-41-0","71-41-0","n-pentanol",-2.22184874961636,-1.72734651507931,0.530399579003535,-2.76692968992624,-0.687763340232377,"var_LogSoce",-0.494502234537054,0.494502234537054,TRUE
"71-41-0","71-41-0","pentanol",-2.22184874961636,-1.94769061006536,0.530399579003535,-2.98727378491228,-0.908107435218426,"var_LogSoce",-0.274158139551005,0.274158139551005,TRUE
"71-43-0","71-43-0","benzene",-0.954285941059132,-1.32260930717152,0.548396508363791,-2.39746646356455,-0.247752150778492,"var_LogSoce",0.36832336611239,0.36832336611239,TRUE
"71-43-0","71-43-0","benzene",-0.795880017344075,-1.4358570676141,0.548396508363791,-2.51071422400713,-0.36099991122107,"var_LogSoce",0.639977050270025,0.639977050270025,TRUE
"71-91-0","71-91-0","tetraethylammonium",-3.25387553642834,-5.20023126675099,0.767803153591411,-6.70512544779016,-3.69533708571183,"var_LogSoce",1.94635573032265,1.94635573032265,FALSE
"71-91-0","71-91-0","tetraethylammonium bromide (+)",-3.36815053784018,-5.09210398085775,0.741083848984103,-6.5446283248666,-3.63957963684891,"var_LogSoce",1.72395344301757,1.72395344301757,FALSE
"76-25-5","76-25-5","triamcinolone acetonide",-3.40230481407449,-4.4791441068312,0.76582378991782,-5.98015873507013,-2.97812947859227,"var_LogSoce",1.07683929275671,1.07683929275671,TRUE
"76-25-5","76-25-5","triamcinolone acetonide",-4.70663744528855,-4.70551171970609,0.772322379346689,-6.2192635832256,-3.19175985618658,"var_LogSoce",-0.00112572558245549,0.00112572558245549,TRUE
"76180-96-6","76180-96-6","3-methyl-3h-imidazo[4,5-f]quinolin-2-amine",-2.07218350508968,-3.45210964130912,0.698880333105098,-4.82191509419511,-2.08230418842313,"var_LogSoce",1.37992613621944,1.37992613621944,FALSE
"76180-96-6","76180-96-6","3-methyl-3h-imidazo[4,5-f]quinolin-2-amine",-2.43056359552234,-3.45210964130912,0.698880333105098,-4.82191509419511,-2.08230418842313,"var_LogSoce",1.02154604578678,1.02154604578678,TRUE
"7732-18-5","7732-18-5","water",-2.80687540164554,-3.60536828942024,0.572876129494899,-4.72820550323024,-2.48253107561024,"var_LogSoce",0.798492887774701,0.798492887774701,TRUE
"7732-18-5","7732-18-5","water",-2.98540960554622,-3.60536828942024,0.572876129494899,-4.72820550323024,-2.48253107561024,"var_LogSoce",0.619958683874021,0.619958683874021,TRUE
"7732-18-5","7732-18-5","water",-2.80966830182971,-3.56665847486823,0.572876129494899,-4.68949568867824,-2.44382126105823,"var_LogSoce",0.756990173038524,0.756990173038524,TRUE
"7732-18-5","7732-18-5","water",-3.14997431819434,-3.56668093905315,0.572876129494899,-4.68951815286315,-2.44384372524315,"var_LogSoce",0.416706620858812,0.416706620858812,TRUE
"7732-18-5","7732-18-5","water",-3.07058107428571,-3.60536828942024,0.572876129494899,-4.72820550323024,-2.48253107561024,"var_LogSoce",0.534787215134532,0.534787215134532,TRUE
"7732-18-5","7732-18-5","water",-3.24233473501217,-3.56665847486823,0.572876129494899,-4.68949568867824,-2.44382126105823,"var_LogSoce",0.324323739856065,0.324323739856065,TRUE
"7732-18-5","7732-18-5","water",-3.45621525646938,-3.56665847486823,0.572876129494899,-4.68949568867824,-2.44382126105823,"var_LogSoce",0.110443218398854,0.110443218398854,TRUE
"7732-18-5","7732-18-5","water",-3.27134965805094,-3.56665847486823,0.572876129494899,-4.68949568867824,-2.44382126105823,"var_LogSoce",0.295308816817295,0.295308816817295,TRUE
"7732-18-5","7732-18-5","water",-3.15476521541715,-3.58598154835775,0.572876129494899,-4.70881876216775,-2.46314433454775,"var_LogSoce",0.431216332940604,0.431216332940604,TRUE
"7732-18-5","7732-18-5","water",-3.52287874528034,-3.7032718891346,0.572876129494899,-4.8261091029446,-2.5804346753246,"var_LogSoce",0.180393143854262,0.180393143854262,TRUE
"7732-18-5","7732-18-5","water",-3.5,-3.7032718891346,0.572876129494899,-4.8261091029446,-2.5804346753246,"var_LogSoce",0.203271889134602,0.203271889134602,TRUE
"78-93-3","78-93-3","2-butanone",-2.34678748622466,-2.51105589014967,0.527000235576866,-3.54397635188033,-1.47813542841901,"var_LogSoce",0.164268403925008,0.164268403925008,TRUE
"84-66-2","84-66-2","diethyl phthalate",-1.70509308939481,-1.66766285691705,0.571908090025116,-2.78860271336628,-0.546723000467826,"var_LogSoce",-0.0374302324777565,0.0374302324777565,TRUE
"87-66-1","87-66-1","pyrogallol",-2.81,-2.74698270231921,0.472617102892617,-3.67331222398874,-1.82065318064968,"var_LogSoce",-0.0630172976807915,0.0630172976807915,TRUE
"88-04-0","88-04-0","chloroxylenol",-1.22875360095283,-1.66583396006582,0.544457803839425,-2.73297125559109,-0.598696664540546,"var_LogSoce",0.43708035911299,0.43708035911299,TRUE
"88-04-0","88-04-0","chloroxylenol",-1.09474395125155,-1.53381644092489,0.529785796482713,-2.57219660203101,-0.495436279818777,"var_LogSoce",0.439072489673344,0.439072489673344,TRUE
"88-06-2","88-06-2","2,4,6-trichlorophenol",-1.23275783168158,-1.62971356425423,0.49784912984827,-2.60549785875684,-0.653929269751619,"var_LogSoce",0.396955732572647,0.396955732572647,TRUE
"88-18-6","88-18-6","o-t-butylphenol",-1.12842706445412,-1.25068181517281,0.5322977670037,-2.29398543850006,-0.207378191845559,"var_LogSoce",0.122254750718691,0.122254750718691,TRUE
"89-83-8","89-83-8","thymol; 2-isopropyl-5-methylphenol",-1.27607480270083,-1.45946508425909,0.510461819332724,-2.45997025015123,-0.458959918366955,"var_LogSoce",0.183390281558264,0.183390281558264,TRUE
"89-83-8","89-83-8","thymol; 2-isopropyl-5-methylphenol",-1.21324857785444,-1.32752879929775,0.512987925655885,-2.33298513358329,-0.322072465012218,"var_LogSoce",0.114280221443314,0.114280221443314,TRUE
"90-15-3","90-15-3","naphthol",-1.58502665202918,-1.67471662543432,0.547055930205694,-2.74694624863748,-0.602487002231159,"var_LogSoce",0.08968997340514,0.08968997340514,TRUE
"90-15-3","90-15-3","naphthol",-1.52287874528034,-1.67471662543432,0.547055930205694,-2.74694624863748,-0.602487002231159,"var_LogSoce",0.15183788015398,0.15183788015398,TRUE
"91-20-3","91-20-3","naphthalene",-1.55111528700206,-1.2639095982086,0.619269812178272,-2.47767843007801,-0.0501407663391829,"var_LogSoce",-0.287205688793463,0.287205688793463,TRUE
"91-20-3","91-20-3","naphthalene",-1.78220214249451,-1.2639095982086,0.619269812178272,-2.47767843007801,-0.0501407663391829,"var_LogSoce",-0.518292544285913,0.518292544285913,TRUE
"92-48-8","92-48-8","6-methylcoumarin",-1.18136926112576,-2.20549599107812,0.519513557473687,-3.22374256372654,-1.18724941842969,"var_LogSoce",1.02412672995236,1.02412672995236,FALSE
"92-48-8","92-48-8","6-methylcoumarin",-1.331936361143,-2.20549599107812,0.519513557473687,-3.22374256372654,-1.18724941842969,"var_LogSoce",0.873559629935117,0.873559629935117,TRUE
"93-60-7","93-60-7","nicotinate, methyl",-3.30980391997149,-2.10386907959812,0.541215125952774,-3.16465072646555,-1.04308743273068,"var_LogSoce",-1.20593484037337,1.20593484037337,FALSE
"93-60-7","93-60-7","nicotinate, methyl",-3.27572413039921,-2.11947354241675,0.537042445357996,-3.17207673531842,-1.06687034951508,"var_LogSoce",-1.15625058798246,1.15625058798246,FALSE
"937-20-2","937-20-2","2,4-dichloroacetophenone",-0.743772935647774,-2.12988547915067,0.733561594323003,-3.56766620402376,-0.692104754277585,"var_LogSoce",1.3861125435029,1.3861125435029,TRUE
"937-20-2","937-20-2","2,4-dichloroacetophenone",-1.86052608660328,-2.12988547915067,0.733561594323003,-3.56766620402376,-0.692104754277585,"var_LogSoce",0.269359392547392,0.269359392547392,TRUE
"94-13-3","94-13-3","propylparaben",-1.67615465544754,-1.60216846408817,0.557244214928635,-2.69436712534829,-0.509969802828042,"var_LogSoce",-0.0739861913593745,0.0739861913593745,TRUE
"94-13-3","94-13-3","propylparaben",-1.26606734367858,-1.68906336887836,0.561934637114425,-2.79045525762264,-0.587671480134088,"var_LogSoce",0.422996025199782,0.422996025199782,TRUE
"94-13-3","94-13-3","propylparaben",-1.20290590120029,-1.68906336887836,0.561934637114425,-2.79045525762264,-0.587671480134088,"var_LogSoce",0.486157467678072,0.486157467678072,TRUE
"94-26-8","94-26-8","butylparaben",-0.981299501333757,-1.39591262012645,0.539640550886252,-2.45360809986351,-0.3382171403894,"var_LogSoce",0.414613118792697,0.414613118792697,TRUE
"94-26-8","94-26-8","butylparaben",-1.15242734085789,-1.48287356591884,0.540972200962873,-2.54317907980607,-0.422568052031614,"var_LogSoce",0.330446225060954,0.330446225060954,TRUE
"95-48-7","95-48-7","o-cresol",-1.80172783601759,-1.86874655856391,0.494144251615628,-2.83726929173054,-0.900223825397282,"var_LogSoce",0.067018722546323,0.067018722546323,TRUE
"95-54-5","95-54-5","o-phenylenediamine",-3.34678748622466,-2.468129195845,0.618997823404487,-3.6813649297178,-1.25489346197221,"var_LogSoce",-0.87865829037966,0.87865829037966,TRUE
"95-57-8","95-57-8","o-chlorophenol",-1.48044892137827,-1.8291098288557,0.488440348889909,-2.78645291267992,-0.871766745031477,"var_LogSoce",0.348660907477429,0.348660907477429,TRUE
"95-65-8","95-65-8","3,4-xylenol",-1.44278385671974,-1.7448441072431,0.528144085142733,-2.78000651412285,-0.70968170036334,"var_LogSoce",0.302060250523357,0.302060250523357,TRUE
"97-00-7","97-00-7","2,4-dinitrochlorobenzene",-1.57500847696703,-1.88579232170759,0.720959019003235,-3.29887199895393,-0.472712644461246,"var_LogSoce",0.310783844740557,0.310783844740557,TRUE
"97-00-7","97-00-7","2,4-dinitrochlorobenzene",-1.50012264373278,-1.88579232170759,0.720959019003235,-3.29887199895393,-0.472712644461246,"var_LogSoce",0.385669677974807,0.385669677974807,TRUE
"97-53-0","97-53-0","eugenol",-1.592980675785,-1.61455602553989,0.56163662809281,-2.7153638166018,-0.513748234477982,"var_LogSoce",0.0215753497548894,0.0215753497548894,TRUE
"97-53-0","97-53-0","eugenol",-1.555243965633,-1.61455602553989,0.56163662809281,-2.7153638166018,-0.513748234477982,"var_LogSoce",0.0593120599068895,0.0593120599068895,TRUE
"97-54-1","97-54-1","isoeugenol",-1.74568406057766,-1.52662661639628,0.588570264024823,-2.68022433388493,-0.373028898907625,"var_LogSoce",-0.219057444181381,0.219057444181381,TRUE
"97-54-1","97-54-1","isoeugenol",-1.41300909711301,-1.52662661639628,0.588570264024823,-2.68022433388493,-0.373028898907625,"var_LogSoce",0.113617519283269,0.113617519283269,TRUE
"98-86-2","98-86-2","acetophenone",-1.62740828480895,-1.71959128489846,0.568167804009849,-2.83320018075776,-0.605982389039153,"var_LogSoce",0.0921830000895063,0.0921830000895063,TRUE
"98-86-2","98-86-2","acetophenone",-1.56017144166374,-1.71959128489846,0.568167804009849,-2.83320018075776,-0.605982389039153,"var_LogSoce",0.159419843234716,0.159419843234716,TRUE
"99-76-3","99-76-3","methylparaben",-1.67358220444561,-1.9168626217407,0.593400344705128,-3.07992729736275,-0.753797946118654,"var_LogSoce",0.243280417295095,0.243280417295095,TRUE
"99-76-3","99-76-3","methylparaben",-1.96257350205938,-1.9817349015336,0.586421008978723,-3.1311200791319,-0.832349723935306,"var_LogSoce",0.0191613994742226,0.0191613994742226,TRUE
"99-76-3","99-76-3","methylparaben",-2.03394335230684,-2.12107917141505,0.601197179214242,-3.29942564267496,-0.942732700155131,"var_LogSoce",0.0871358191082057,0.0871358191082057,TRUE
"99-76-3","99-76-3","methylparaben",-2.07572071393812,-2.01409531509203,0.599357856464151,-3.18883671376177,-0.839353916422294,"var_LogSoce",-0.0616253988460906,0.0616253988460906,TRUE
"100-02-7","100-02-7","p-nitrophenol; 4-nitrophenol",-2.25,-2.16400170025073,0.607581958955785,-3.35486233980406,-0.973141060697387,"var_Texpi",-0.0859982997492743,0.0859982997492743,TRUE
"100-39-0","100-39-0","benzyl bromide",-1.54511979359646,-1.42021332039561,0.646411765383021,-2.68718038054633,-0.153246260244888,"var_Texpi",-0.12490647320085,0.12490647320085,TRUE
"100-39-0","100-39-0","benzyl bromide",-1.89202735976865,-1.42021332039561,0.646411765383021,-2.68718038054633,-0.153246260244888,"var_Texpi",-0.47181403937304,0.47181403937304,TRUE
"100-51-6","100-51-6","benzyl alcohol",-2.22205999132796,-2.18510600525018,0.607583855564398,-3.37597036215641,-0.994241648343964,"var_Texpi",-0.036953986077775,0.036953986077775,TRUE
"1002-62-6","1002-62-6","sodium caprate; decanoic acid soap (c10:0)",-2.95233580539844,-2.33937848380772,0.675711811793695,-3.66377363492336,-1.01498333269208,"var_Texpi",-0.612957321590719,0.612957321590719,TRUE
"103-11-7","103-11-7","2-ethylhexyl acrylate",-2.11289007326765,-1.32511727591831,0.645038061346172,-2.5893918761568,-0.0608426756798084,"var_Texpi",-0.787772797349345,0.787772797349345,TRUE
"103-11-7","103-11-7","2-ethylhexyl acrylate",-1.82434537155519,-1.32511727591831,0.645038061346172,-2.5893918761568,-0.0608426756798084,"var_Texpi",-0.499228095636885,0.499228095636885,TRUE
"104-54-1","104-54-1","cinnamyl alcohol",-1.54329916349423,-1.68553448598365,0.64680148849731,-2.95326540343838,-0.417803568528924,"var_Texpi",0.14223532248942,0.14223532248942,TRUE
"104-54-1","104-54-1","cinnamyl alcohol",-1.47890341621095,-1.68553448598365,0.64680148849731,-2.95326540343838,-0.417803568528924,"var_Texpi",0.2066310697727,0.2066310697727,TRUE
"104-85-8","104-85-8","p-tolunitrile",-1.34336049829281,-1.56161948468079,0.646829160427484,-2.82940463911866,-0.293834330242921,"var_Texpi",0.21825898638798,0.21825898638798,TRUE
"104-85-8","104-85-8","p-tolunitrile",-1.51076062352006,-1.56161948468079,0.646829160427484,-2.82940463911866,-0.293834330242921,"var_Texpi",0.0508588611607306,0.0508588611607306,TRUE
"10521-91-2","10521-91-2","5-phenylpentanol",-0.94692155651658,-1.35462204812651,0.676944981840168,-2.68143421253324,-0.02780988371978,"var_Texpi",0.40770049160993,0.40770049160993,TRUE
"106-24-1","106-24-1","geraniol",-0.986619380204979,-1.14750823883944,0.64683780350915,-2.41531033371738,0.120293856038493,"var_Texpi",0.160888858634463,0.160888858634463,TRUE
"106-24-1","106-24-1","geraniol",-1.01401437058883,-1.14750823883944,0.64683780350915,-2.41531033371738,0.120293856038493,"var_Texpi",0.133493868250611,0.133493868250611,TRUE
"106-41-3","106-41-3","p-bromophenol",-1.43951925261862,-1.95776122877106,0.604693804774682,-3.14296108612944,-0.772561371412686,"var_Texpi",0.518241976152443,0.518241976152443,TRUE
"106-44-5","106-44-5","p-cresol",-0.920818753952375,-1.66653659712979,0.673709404915625,-2.98700703076442,-0.346066163495169,"var_Texpi",0.745717843177419,0.745717843177419,TRUE
"106-44-5","106-44-5","p-cresol",-1.74875360095283,-1.90217217150799,0.608013073522622,-3.09387779561233,-0.710466547403655,"var_Texpi",0.153418570555163,0.153418570555163,TRUE
"106-48-9","106-48-9","p-chlorophenol",-1.44875360095283,-1.84106721432345,0.605971431137,-3.02877121935197,-0.653363209294927,"var_Texpi",0.392313613370617,0.392313613370617,TRUE
"106-50-3","106-50-3","p-phenylenediamine",-3.61978875828839,-2.80285691484437,0.644349416143353,-4.06578177048534,-1.5399320592034,"var_Texpi",-0.816931843444019,0.816931843444019,TRUE
"108-39-4","108-39-4","m-cresol",-1.81172783601759,-1.87795694686252,0.607508183124813,-3.06867298578715,-0.687240907937889,"var_Texpi",0.066229110844932,0.066229110844932,TRUE
"108-46-3","108-46-3","resorcinol",-2.42023266087399,-2.72284121456528,0.646555774793995,-3.99009053316151,-1.45559189596905,"var_Texpi",0.302608553691289,0.302608553691289,TRUE
"108-46-3","108-46-3","resorcinol",-2.35642808060813,-2.72284121456528,0.646555774793995,-3.99009053316151,-1.45559189596905,"var_Texpi",0.366413133957149,0.366413133957149,TRUE
"108-46-3","108-46-3","resorcinol",-3.07,-2.6360295666829,0.679319387135262,-3.96749556546801,-1.30456356789778,"var_Texpi",-0.433970433317104,0.433970433317104,TRUE
"108-46-3","108-46-3","resorcinol; 1,3-benzenediol",-3.62291335664286,-2.85809662984019,0.603324241082962,-4.0406121423628,-1.67558111731758,"var_Texpi",-0.764816726802671,0.764816726802671,TRUE
"108-73-6","108-73-6","phloroglucinol",-2.51,-2.92529810965482,0.677183315432779,-4.25257740790306,-1.59801881140657,"var_Texpi",0.415298109654817,0.415298109654817,TRUE
"108-88-3","108-88-3","toluene",-0.0809219076239261,-1.20914034786124,0.669578986100841,-2.52151516061889,0.103234464896407,"var_Texpi",1.12821844023731,1.12821844023731,TRUE
"108-95-2","108-95-2","phenol",-2.03,-1.93335606019898,0.693361886166867,-3.29234535708604,-0.574366763311926,"var_Texpi",-0.0966439398010155,0.0966439398010155,TRUE
"108-95-2","108-95-2","phenol",-2.08907809237607,-2.12092975383052,0.576337423466783,-3.25055110382542,-0.991308403835629,"var_Texpi",0.0318516614544544,0.0318516614544544,TRUE
"108-95-2","108-95-2","phenol",-1.70996538863748,-1.92747595221796,0.693361886166867,-3.28646524910502,-0.568486655330901,"var_Texpi",0.21751056358048,0.21751056358048,TRUE
"108-95-2","108-95-2","phenol",-3.82792274303052,-2.18060764619074,0.550308263866557,-3.25921184336919,-1.10200344901229,"var_Texpi",-1.64731509683978,1.64731509683978,FALSE
"110-80-5","110-80-5","2-ethoxy ethanol",-3.60205999132796,-2.93306719737721,0.632947382301674,-4.17364406668849,-1.69249032806593,"var_Texpi",-0.668992793950749,0.668992793950749,TRUE
"111-27-3","111-27-3","hexanol",-1.49485002168009,-1.4896413080123,0.666029429649691,-2.7950589901257,-0.184223625898908,"var_Texpi",-0.00520871366778808,0.00520871366778808,TRUE
"111-27-3","111-27-3","hexanol",-1.88605664769316,-1.72958450596023,0.606394478412957,-2.91811768364963,-0.541051328270838,"var_Texpi",-0.156472141732925,0.156472141732925,TRUE
"111-27-3","111-27-3","n-hexanol",-1.88605664769316,-1.46927935478226,0.678642503249587,-2.79941866115145,-0.139140048413067,"var_Texpi",-0.416777292910902,0.416777292910902,TRUE
"111-76-2","111-76-2","butoxyethanol",-2.25698018593163,-2.44080568002729,0.677952948861432,-3.7695934597957,-1.11201790025888,"var_Texpi",0.183825494095658,0.183825494095658,TRUE
"111-87-5","111-87-5","n-octanol",-1.2839966563652,-1.10848804315103,0.678852977486133,-2.43903987902385,0.222063792721786,"var_Texpi",-0.175508613214166,0.175508613214166,TRUE
"111-87-5","111-87-5","octanol",-1.0301183562535,-1.10939118038031,0.667040431859888,-2.41679042682569,0.198008066065068,"var_Texpi",0.0792728241268135,0.0792728241268135,TRUE
"111-87-5","111-87-5","octanol",-1.15490195998574,-1.33543054177913,0.610990303283221,-2.53297153621424,-0.137889547344013,"var_Texpi",0.180528581793387,0.180528581793387,TRUE
"111-87-5","111-87-5","octanol",-1.2839966563652,-1.37885358476535,0.610990303283221,-2.57639457920047,-0.18131259033024,"var_Texpi",0.0948569284001528,0.0948569284001528,TRUE
"111-87-5","111-87-5","octanol",-1.21467016498923,-1.26490135612333,0.638400529263756,-2.51616639348029,-0.0136363187663688,"var_Texpi",0.0502311911341009,0.0502311911341009,TRUE
"112-30-1","112-30-1","decanol",-1.833220851329,-0.925219967140483,0.67714674072942,-2.25242757897015,0.40198764468918,"var_Texpi",-0.908000884188517,0.908000884188517,TRUE
"112-30-1","112-30-1","decanol",-1.95860731484178,-0.925086869529708,0.67714674072942,-2.25229448135937,0.402120742299955,"var_Texpi",-1.03352044531207,1.03352044531207,TRUE
"112-30-1","112-30-1","decanol",-1.14508697769214,-0.874818471111447,0.664822947155533,-2.17787144753629,0.428234505313398,"var_Texpi",-0.270268506580693,0.270268506580693,TRUE
"112-30-1","112-30-1","decanol",-1.04575749056068,-1.11655519582189,0.606487766546507,-2.30527121825305,0.0721608266092597,"var_Texpi",0.0707977052612137,0.0707977052612137,TRUE
"112-30-1","112-30-1","decanol",-1.09691001300806,-1.16839864445297,0.606487766546507,-2.35711466688412,0.0203173779781849,"var_Texpi",0.0714886314449084,0.0714886314449084,TRUE
"112-30-1","112-30-1","n-decanol",-1.09691001300806,-0.879136848666092,0.67714674072942,-2.20634446049575,0.448070763163571,"var_Texpi",-0.217773164341968,0.217773164341968,TRUE
"112-34-5","112-34-5","diethylene glycol monobutyl ether",-2.23600035701585,-2.85266527095025,0.645151835320511,-4.11716286817845,-1.58816767372205,"var_Texpi",0.616664913934398,0.616664913934398,TRUE
"112-34-5","112-34-5","diethylene glycol monobutyl ether",-2.16688305055618,-2.85266527095025,0.645151835320511,-4.11716286817845,-1.58816767372205,"var_Texpi",0.685782220394068,0.685782220394068,TRUE
"112-80-1","112-80-1","oleic acid",-2.88605664769316,-1.24197628040681,0.67260014525259,-2.56027256510189,0.0763200042882655,"var_Texpi",-1.64408036728635,1.64408036728635,FALSE
"117-81-7","117-81-7","bis(2-ethylhexyl)phthalate",-4.09691001300806,-2.65850124274536,0.66789143707641,-3.96756845941512,-1.34943402607559,"var_Texpi",-1.4384087702627,1.4384087702627,FALSE
"119-34-6","119-34-6","4-amino-2-nitrophenol",-4.06550154875643,-2.35946498417721,0.638874032722786,-3.61165808831387,-1.10727188004055,"var_Texpi",-1.70603656457922,1.70603656457922,FALSE
"119-36-8","119-36-8","methyl salicylate",-1.44369749923271,-1.57137069221939,0.645903133474831,-2.83734083383005,-0.305400550608717,"var_Texpi",0.127673192986676,0.127673192986676,TRUE
"119-61-9","119-61-9","benzophenone",-1.24920613319746,-1.48059012235949,0.646524484274972,-2.74777811153844,-0.213402133180549,"var_Texpi",0.231383989162034,0.231383989162034,TRUE
"119-61-9","119-61-9","benzophenone",-1.13822159828622,-1.48059012235949,0.646524484274972,-2.74777811153844,-0.213402133180549,"var_Texpi",0.342368524073274,0.342368524073274,TRUE
"120-80-9","120-80-9","catechol",-2.51,-2.53944369808936,0.678218396402496,-3.86875175503826,-1.21013564114047,"var_Texpi",0.0294436980893638,0.0294436980893638,TRUE
"120-83-2","120-83-2","2,4-dichlorophenol",-1.14874021557127,-1.36407743431476,0.677761809765685,-2.6924905814555,-0.0356642871740209,"var_Texpi",0.215337218743493,0.215337218743493,TRUE
"120-83-2","120-83-2","2,4-dichlorophenol",-1.22136169383427,-1.65632416847786,0.604885245660072,-2.8418992499716,-0.470749086984119,"var_Texpi",0.43496247464359,0.43496247464359,TRUE
"1219-38-1","1219-38-1","octylparaben",-1.90585161784792,-1.21277414531946,0.67613760819353,-2.53800385737878,0.112455566739862,"var_Texpi",-0.693077472528463,0.693077472528463,TRUE
"122-57-6","122-57-6","benzylideneacetone",-1.40794873077454,-1.63390926552432,0.64618170875278,-2.90042541467976,-0.367393116368867,"var_Texpi",0.225960534749776,0.225960534749776,TRUE
"122-57-6","122-57-6","benzylideneacetone",-1.11863375864077,-1.63390926552432,0.64618170875278,-2.90042541467976,-0.367393116368867,"var_Texpi",0.515275506883546,0.515275506883546,TRUE
"123-07-9 ","123-07-9 ","p-ethylphenol",-1.46278385671974,-1.68221389995719,0.607088074781138,-2.87210652652822,-0.492321273386163,"var_Texpi",0.219430043237453,0.219430043237453,TRUE
"123-31-9","123-31-9","hydroquinone",-5.0301183562535,-2.54598023378215,0.618166853738959,-3.7575872671105,-1.33437320045379,"var_Texpi",-2.48413812247135,2.48413812247135,FALSE
"123-31-9","123-31-9","hydroquinone",-1.90385139213331,-2.50138793046144,0.63277027010085,-3.74161765985911,-1.26115820106378,"var_Texpi",0.597536538328131,0.597536538328131,TRUE
"123-31-9","123-31-9","hydroquinone",-2.41644259377425,-2.50138793046144,0.63277027010085,-3.74161765985911,-1.26115820106378,"var_Texpi",0.0849453366871908,0.0849453366871908,TRUE
"123-31-9","123-31-9","hydroquinone",-2.95,-2.65477829073768,0.67080601125197,-3.96955807279154,-1.33999850868382,"var_Texpi",-0.295221709262319,0.295221709262319,TRUE
"124-94-7","124-94-7","triamcinolone",-5.40011692792631,-4.56289886733422,0.604837430076319,-5.74838023028381,-3.37741750438464,"var_Texpi",-0.837218060592088,0.837218060592088,TRUE
"131-11-3","131-11-3","dimethyl phthalate",-1.55258483591006,-1.94846620682719,0.646381041410175,-3.21537304799113,-0.681559365663245,"var_Texpi",0.395881370917128,0.395881370917128,TRUE
"131-11-3","131-11-3","dimethyl phthalate",-1.64782103953418,-1.94846620682719,0.646381041410175,-3.21537304799113,-0.681559365663245,"var_Texpi",0.300645167293008,0.300645167293008,TRUE
"135-19-3","135-19-3","beta-naphthol; 2-naphthol",-1.5543957967264,-1.84893880573453,0.607338281887351,-3.03932183823374,-0.658555773235322,"var_Texpi",0.29454300900813,0.29454300900813,TRUE
"135-19-3","135-19-3","beta-naphthol; 2-naphthol",-1.20065945054642,-1.69719024589899,0.646035112781909,-2.96341906695153,-0.430961424846452,"var_Texpi",0.496530795352573,0.496530795352573,TRUE
"13523-86-9","13523-86-9","pindolol",-3.70333480973847,-3.2053561476856,0.67726836976179,-4.53280215241871,-1.87791014295249,"var_Texpi",-0.497978662052871,0.497978662052871,TRUE
"13655-52-2","13655-52-2","alprenolol",-2.78664164637561,-2.80877432920065,0.678237396446995,-4.13811962623676,-1.47942903216454,"var_Texpi",0.0221326828250397,0.0221326828250397,TRUE
"137-58-6","137-58-6","lidocaine",-2.40120949323688,-2.10360852295153,0.612208896032171,-3.30353795917458,-0.903679086728476,"var_Texpi",-0.29760097028535,0.29760097028535,TRUE
"137-58-6","137-58-6","lidocaine",-2.52287874528034,-2.10497009599737,0.612208896032171,-3.30489953222042,-0.905040659774311,"var_Texpi",-0.417908649282975,0.417908649282975,TRUE
"137-58-6","137-58-6","lidocaine",-2.52287874528034,-2.10497009599737,0.612208896032171,-3.30489953222042,-0.905040659774311,"var_Texpi",-0.417908649282975,0.417908649282975,TRUE
"141-05-9","141-05-9","diethyl maleate",-1.66740097646667,-1.99173964297314,0.646309513772014,-3.25850628996629,-0.724972995979993,"var_Texpi",0.324338666506471,0.324338666506471,TRUE
"141-05-9","141-05-9","diethyl maleate",-1.58608416024509,-1.99173964297314,0.646309513772014,-3.25850628996629,-0.724972995979993,"var_Texpi",0.405655482728051,0.405655482728051,TRUE
"14199-15-6","14199-15-6","methyl 4-hydroxyphenylacetate",-1.69897000433602,-1.88781429815055,0.677979478153659,-3.21665407533172,-0.558974520969377,"var_Texpi",0.188844293814527,0.188844293814527,TRUE
"143-08-8","143-08-8","n-nonanol",-1.22184874961636,-0.989618603440488,0.677295650697123,-2.31711807880685,0.337880871925873,"var_Texpi",-0.232230146175872,0.232230146175872,TRUE
"143-08-8","143-08-8","nonanol",-1.22184874961636,-1.25731338533136,0.606431221584112,-2.44591857963622,-0.0687081910265008,"var_Texpi",0.0354646357150006,0.0354646357150006,TRUE
"14371-10-9","14371-10-9","trans-cinnamaldehyde",-1.55307871254876,-1.5284672066431,0.646907824652508,-2.79640654296201,-0.26052787032418,"var_Texpi",-0.0246115059056646,0.0246115059056646,TRUE
"14371-10-9","14371-10-9","trans-cinnamaldehyde",-1.38433498624321,-1.5284672066431,0.646907824652508,-2.79640654296201,-0.26052787032418,"var_Texpi",0.144132220399885,0.144132220399885,TRUE
"145-13-1","145-13-1","hydroxypregnenolone",-3.22184874961636,-3.14628248834381,0.61544079596948,-4.35254644844399,-1.94001852824363,"var_Texpi",-0.0755662612725483,0.0755662612725483,TRUE
"145-13-1","145-13-1","pregnenolone",-2.82390874094432,-2.86541409718036,0.61544079596948,-4.07167805728054,-1.65915013708018,"var_Texpi",0.0415053562360388,0.0415053562360388,TRUE
"146-72-5","146-72-5","methylglucose",-3.68026950566978,-3.95060973662086,0.67761602617828,-5.27873714793029,-2.62248232531144,"var_Texpi",0.270340230951085,0.270340230951085,TRUE
"1638-22-8","1638-22-8","p-n-butylphenol; 4-butylphenol",-1.11463877996849,-1.16000811783915,0.645937833371007,-2.42604627124633,0.106030035568019,"var_Texpi",0.0453693378706641,0.0453693378706641,TRUE
"16590-41-3","16590-41-3","naltrexone",-2.6664407795091,-2.938764144905,0.678157483370559,-4.26795281231129,-1.6095754774987,"var_Texpi",0.272323365395898,0.272323365395898,TRUE
"17194-82-0","17194-82-0","alfa-(4-hydroxyphenyl) acetamide",-3.34678748622466,-2.82304577630961,0.67675993254519,-4.14949524409818,-1.49659630852104,"var_Texpi",-0.523741709915051,0.523741709915051,TRUE
"18979-50-5","18979-50-5","4-propoxyphenol",-1.82490330536304,-1.64950425143396,0.645873301724283,-2.91541592281355,-0.38359258005436,"var_Texpi",-0.175399053929085,0.175399053929085,TRUE
"2152-44-5","2152-44-5","betamethasone-17-valerate",-2.88041422503822,-4.20258250569254,0.586776933456405,-5.35266529526709,-3.05249971611798,"var_Texpi",1.32216828065432,1.32216828065432,FALSE
"2203-97-6","2203-97-6","hydrocortisone-21-hemisuccinate",-3.20065945054642,-3.84074849294222,0.677419208980928,-5.16849014254483,-2.5130068433396,"var_Texpi",0.640089042395795,0.640089042395795,TRUE
"2493-02-9","2493-02-9","4-bromophenyl isocyanate",-1.84100559902551,-1.44458099589734,0.646371743656688,-2.71146961346445,-0.177692378330232,"var_Texpi",-0.39642460312817,0.39642460312817,TRUE
"2493-02-9","2493-02-9","4-bromophenyl isocyanate",-1.75134980127003,-1.44458099589734,0.646371743656688,-2.71146961346445,-0.177692378330232,"var_Texpi",-0.30676880537269,0.30676880537269,TRUE
"26839-75-8","26839-75-8","timolol",-3.57016261901271,-2.57887035174781,0.641888138045275,-3.83697110231655,-1.32076960117907,"var_Texpi",-0.991292267264898,0.991292267264898,TRUE
"26839-75-8","26839-75-8","timolol",-3.53521248035406,-2.45488459718213,0.668511834392914,-3.76516779259224,-1.14460140177202,"var_Texpi",-1.08032788317193,1.08032788317193,TRUE
"2871-01-4","2871-01-4","hc red no. 3; 2-(4-amino-2-nitroanilino)-ethanol",-1.67058885168866,-2.56103495446087,0.644899550995725,-3.82503807441249,-1.29703183450925,"var_Texpi",0.890446102772214,0.890446102772214,TRUE
"2871-01-4","2871-01-4","hc red no. 3; 2-(4-amino-2-nitroanilino)-ethanol",-2.32271042397763,-2.56103495446087,0.644899550995725,-3.82503807441249,-1.29703183450925,"var_Texpi",0.238324530483244,0.238324530483244,TRUE
"29122-68-7","29122-68-7","atenolol",-3.96657624451305,-3.53235442232884,0.677053745965616,-4.85937976442145,-2.20532908023624,"var_Texpi",-0.434221822184206,0.434221822184206,TRUE
"31005-02-4","31005-02-4","7-ethoxycoumarin",-0.781780143112531,-2.18122782315093,0.638409676231484,-3.43251078856464,-0.929944857737226,"var_Texpi",1.3994476800384,1.3994476800384,FALSE
"31005-02-4","31005-02-4","7-ethoxycoumarin",-0.919153916982604,-2.18122782315093,0.638409676231484,-3.43251078856464,-0.929944857737226,"var_Texpi",1.26207390616833,1.26207390616833,FALSE
"333-41-5","333-41-5","diazinon",-2.06048074738138,-2.16210363377262,0.678188741901773,-3.49135356790009,-0.83285369964514,"var_Texpi",0.101622886391236,0.101622886391236,TRUE
"3360-41-6","3360-41-6","4-phenylbutanol",-1.08092190762393,-1.49508971389068,0.676998332099759,-2.82200644480621,-0.168172982975156,"var_Texpi",0.414167806266753,0.414167806266753,TRUE
"3593-96-2","3593-96-2","hydrocortisone-21-hexanoate; hydrocortisone caproate",-2,-3.58340848198142,0.665914249534621,-4.88860041106928,-2.27821655289357,"var_Texpi",1.58340848198142,1.58340848198142,FALSE
"3930-20-9","3930-20-9","sotalol",-4.31984585826563,-3.36926077515019,0.643531739869064,-4.63058298529356,-2.10793856500683,"var_Texpi",-0.950585083115437,0.950585083115437,TRUE
"3930-20-9","3930-20-9","sotalol",-3.88598470867013,-3.36926077515019,0.643531739869064,-4.63058298529356,-2.10793856500683,"var_Texpi",-0.516723933519937,0.516723933519937,TRUE
"3930-20-9","3930-20-9","sotalol",-4.17986287404271,-3.36926077515019,0.643531739869064,-4.63058298529356,-2.10793856500683,"var_Texpi",-0.810602098892518,0.810602098892518,TRUE
"42200-33-9","42200-33-9","nadolol",-4.10127481841051,-3.37690827486254,0.674701279322055,-4.69932278233377,-2.05449376739131,"var_Texpi",-0.724366543547973,0.724366543547973,TRUE
"437-38-7","437-38-7","fentanyl base",-1.96286612872332,-2.07438132089478,0.678272721115917,-3.40379585428197,-0.74496678750758,"var_Texpi",0.111515192171457,0.111515192171457,TRUE
"463-40-1","463-40-1","linolenic acid",-2.431798275933,-1.48303353147984,0.677069808963479,-2.81009035704826,-0.15597670591142,"var_Texpi",-0.948764744453161,0.948764744453161,TRUE
"499-75-2","499-75-2","iso-thymol; carvacrol",-1.25336580106242,-1.26051053906627,0.64594522210934,-2.52656317440057,0.00554209626803703,"var_Texpi",0.00714473800384852,0.00714473800384852,TRUE
"50-2-2","50-2-2","dexamethasone",-4.19382002601611,-4.20271039798988,0.607541814969583,-5.39349235533027,-3.0119284406495,"var_Texpi",0.00889037197377363,0.00889037197377363,TRUE
"50-22-6","50-22-6","corticosterone",-2.24178591486039,-3.15277346445508,0.676688569030482,-4.47908305975483,-1.82646386915534,"var_Texpi",0.910987549594692,0.910987549594692,TRUE
"50-22-6","50-22-6","corticosterone",-2.35454840605954,-3.15277346445508,0.676688569030482,-4.47908305975483,-1.82646386915534,"var_Texpi",0.798225058395542,0.798225058395542,TRUE
"50-22-6","50-22-6","corticosterone",-3.16494389827988,-3.18500122947629,0.676688569030482,-4.51131082477604,-1.85869163417655,"var_Texpi",0.0200573311964147,0.0200573311964147,TRUE
"50-22-6","50-22-6","corticosterone",-4,-3.37922815732819,0.60528675596695,-4.56559019902341,-2.19286611563297,"var_Texpi",-0.620771842671807,0.620771842671807,TRUE
"50-22-6","50-22-6","corticosterone",-3.33468369530231,-3.19360027989292,0.664228585927182,-4.4954883083102,-1.89171225147565,"var_Texpi",-0.141083415409388,0.141083415409388,TRUE
"50-22-6","50-22-6","corticosterone",-3.52287874528034,-3.38259649609408,0.60528675596695,-4.5689585377893,-2.19623445439886,"var_Texpi",-0.140282249186259,0.140282249186259,TRUE
"50-22-6","50-22-6","corticosterone",-3.52287874528034,-3.3865788219431,0.60528675596695,-4.57294086363832,-2.20021678024788,"var_Texpi",-0.136299923337239,0.136299923337239,TRUE
"50-22-6","50-22-6","corticosterone",-4,-3.37660854040403,0.60528675596695,-4.56297058209925,-2.19024649870881,"var_Texpi",-0.623391459595966,0.623391459595966,TRUE
"50-22-6","50-22-6","corticosterone",-3.26587485567249,-3.34774927993909,0.616641074211884,-4.55636578539438,-2.1391327744838,"var_Texpi",0.0818744242666032,0.0818744242666032,TRUE
"50-22-6","50-22-6","corticosterone",-2.58587485567249,-3.11435348309636,0.689382283686781,-4.46554275912245,-1.76316420707027,"var_Texpi",0.528478627423868,0.528478627423868,TRUE
"50-22-6","50-22-6","corticosterone",-4.22184874961636,-3.36905314347934,0.610937538055803,-4.56649071806872,-2.17161556888997,"var_Texpi",-0.852795606137015,0.852795606137015,TRUE
"50-22-6","50-22-6","corticosterone",-4.67571754470231,-3.38924471640484,0.60528675596695,-4.57560675810006,-2.20288267470962,"var_Texpi",-1.28647282829747,1.28647282829747,FALSE
"50-22-6","50-22-6","corticosterone",-3.23418248469008,-3.17633135874441,0.676688569030482,-4.50264095404416,-1.85002176344466,"var_Texpi",-0.0578511259456702,0.0578511259456702,TRUE
"50-23-7","50-23-7","hydrocortisone",-2.01894154396037,-3.6362985355518,0.626109819923063,-4.86347378260101,-2.4091232885026,"var_Texpi",1.61735699159143,1.61735699159143,FALSE
"50-23-7","50-23-7","hydrocortisone",-2.68163603566894,-3.6362985355518,0.626109819923063,-4.86347378260101,-2.4091232885026,"var_Texpi",0.954662499882864,0.954662499882864,TRUE
"50-23-7","50-23-7","hydrocortisone",-3.63827216398241,-3.46412527927759,0.678842763099825,-4.79465709495324,-2.13359346360193,"var_Texpi",-0.174146884704823,0.174146884704823,TRUE
"50-23-7","50-23-7","hydrocortisone",-3.63870046691906,-3.56940495743273,0.657236571748443,-4.85758863805968,-2.28122127680579,"var_Texpi",-0.0692955094863255,0.0692955094863255,TRUE
"50-23-7","50-23-7","hydrocortisone",-5.52287874528034,-3.77180097861451,0.568208992636943,-4.88549060418292,-2.6581113530461,"var_Texpi",-1.75107776666583,1.75107776666583,FALSE
"50-23-7","50-23-7","hydrocortisone",-5.52724355068279,-3.79538199655967,0.559093402259126,-4.89120506498755,-2.69955892813178,"var_Texpi",-1.73186155412312,1.73186155412312,FALSE
"50-24-8","50-24-8","prednisolone",-4.32790214206428,-3.88399885959046,0.607425899567899,-5.07455362274354,-2.69344409643738,"var_Texpi",-0.443903282473823,0.443903282473823,TRUE
"50-27-1","50-27-1","estriol",-4.39794000867204,-3.50704914761455,0.608360231192042,-4.69943520075095,-2.31466309447815,"var_Texpi",-0.890890861057492,0.890890861057492,TRUE
"50-28-2","50-28-2","beta-estradiol",-2.38721614328026,-2.64901781553222,0.627630383696885,-3.87917336757811,-1.41886226348632,"var_Texpi",0.261801672251959,0.261801672251959,TRUE
"50-28-2","50-28-2","beta-estradiol",-2.01233373507373,-2.3394653476842,0.655635821810745,-3.62451155843326,-1.05441913693514,"var_Texpi",0.327131612610469,0.327131612610469,TRUE
"50-28-2","50-28-2","beta-estradiol",-3.52287874528034,-2.62567429520803,0.629917759222809,-3.86031310328474,-1.39103548713132,"var_Texpi",-0.897204450072309,0.897204450072309,TRUE
"50-28-2","50-28-2","beta-estradiol",-2.28149831113273,-2.46520204556192,0.643818140953812,-3.72708560183139,-1.20331848929244,"var_Texpi",0.183703734429186,0.183703734429186,TRUE
"50-28-2","50-28-2","estradiol",-1.98581560249872,-2.46520204556192,0.643818140953812,-3.72708560183139,-1.20331848929244,"var_Texpi",0.479386443063196,0.479386443063196,TRUE
"50-28-2","50-28-2","estradiol",-4.69680394257951,-2.37057866997349,0.655635821810745,-3.65562488072255,-1.08553245922443,"var_Texpi",-2.32622527260602,2.32622527260602,FALSE
"50-28-2","50-28-2","estradiol",-2.36451625318509,-2.37057866997349,0.655635821810745,-3.65562488072255,-1.08553245922443,"var_Texpi",0.00606241678840291,0.00606241678840291,TRUE
"50-28-2","50-28-2","estradiol",-2.38090666937326,-2.64901781553222,0.627630383696885,-3.87917336757811,-1.41886226348632,"var_Texpi",0.268111146158959,0.268111146158959,TRUE
"50-28-2","50-28-2","estradiol",-2.21324857785444,-2.3393294977415,0.655635821810745,-3.62437570849056,-1.05428328699244,"var_Texpi",0.126080919887063,0.126080919887063,TRUE
"50-28-2","50-28-2","estradiol",-2.49485002168009,-2.64915628231559,0.627630383696885,-3.87931183436149,-1.4190007302697,"var_Texpi",0.154306260635503,0.154306260635503,TRUE
"50-28-2","50-28-2","estradiol",-2.52287874528034,-2.64901781553222,0.627630383696885,-3.87917336757811,-1.41886226348632,"var_Texpi",0.126139070251879,0.126139070251879,TRUE
"50-28-2","50-28-2","estradiol",-2.52287874528034,-2.64730012886493,0.627630383696885,-3.87745568091083,-1.41714457681903,"var_Texpi",0.12442138358459,0.12442138358459,TRUE
"50-28-2","50-28-2","estradiol",-2.52287874528034,-2.64730012886493,0.627630383696885,-3.87745568091083,-1.41714457681903,"var_Texpi",0.12442138358459,0.12442138358459,TRUE
"50-28-2","50-28-2","estradiol",-2.08008551934057,-2.37057866997349,0.655635821810745,-3.65562488072255,-1.08553245922443,"var_Texpi",0.290493150632923,0.290493150632923,TRUE
"50-28-2","50-28-2","estradiol",-2.34969247686806,-2.46520204556192,0.643818140953812,-3.72708560183139,-1.20331848929244,"var_Texpi",0.115509568693856,0.115509568693856,TRUE
"50-28-2","50-28-2","estradiol",-2.51173374958299,-2.46520204556192,0.643818140953812,-3.72708560183139,-1.20331848929244,"var_Texpi",-0.0465317040210738,0.0465317040210738,TRUE
"51-21-8","51-21-8","5-fluorouracil",-4.52574969288748,-3.53936791164771,0.640855115138794,-4.79544393731974,-2.28329188597567,"var_Texpi",-0.986381781239773,0.986381781239773,TRUE
"51-21-8","51-21-8","5-fluorouracil",-4.72894468964132,-3.54661023210877,0.640855115138794,-4.8026862577808,-2.29053420643673,"var_Texpi",-1.18233445753255,1.18233445753255,TRUE
"51-21-8","51-21-8","5-fluorouracil",-4.47108329972234,-3.53936791164771,0.640855115138794,-4.79544393731974,-2.28329188597567,"var_Texpi",-0.931715388074634,0.931715388074634,TRUE
"51-21-8","51-21-8","5-fluorouracil (+ - + -)",-4.46597389394386,-3.54661023210877,0.640855115138794,-4.8026862577808,-2.29053420643673,"var_Texpi",-0.919363661835095,0.919363661835095,TRUE
"512-69-6","512-69-6","raffinose",-4.85472588171206,-4.54870282255365,0.679427815721676,-5.88038134136814,-3.21702430373917,"var_Texpi",-0.306023059158408,0.306023059158408,TRUE
"512-69-6","512-69-6","raffinose",-4.29756946355447,-4.73142411616717,0.679427815721676,-6.06310263498165,-3.39974559735268,"var_Texpi",0.433854652612697,0.433854652612697,TRUE
"513-85-9","513-85-9","2,3-butanediol",-4.30102999566398,-3.07544722360238,0.629783143227951,-4.30982218432916,-1.8410722628756,"var_Texpi",-1.2255827720616,1.2255827720616,TRUE
"51384-51-1","51384-51-1","metoprolol",-3.52461940685664,-2.94550131978733,0.676118524245978,-4.27069362730945,-1.62030901226521,"var_Texpi",-0.579118087069309,0.579118087069309,TRUE
"52-39-1","52-39-1","aldosterone",-4.23657200643706,-3.67344902801273,0.610209910984984,-4.8694604535433,-2.47743760248217,"var_Texpi",-0.563122978424325,0.563122978424325,TRUE
"52-39-1","52-39-1","aldosterone",-4.74835790885864,-3.49373665665541,0.654957015296548,-4.77745240663664,-2.21002090667418,"var_Texpi",-1.25462125220323,1.25462125220323,TRUE
"52-39-1","52-39-1","aldosterone",-4.30102999566398,-3.7670077852017,0.610209910984984,-4.96301921073227,-2.57099635967113,"var_Texpi",-0.53402221046228,0.53402221046228,TRUE
"52-39-1","52-39-1","aldosterone",-4.52287874528034,-3.73343198765972,0.610209910984984,-4.92944341319029,-2.53742056212915,"var_Texpi",-0.789446757620618,0.789446757620618,TRUE
"52-39-1","52-39-1","aldosterone",-4.52287874528034,-3.55505276242304,0.610209910984984,-4.75106418795361,-2.35904133689247,"var_Texpi",-0.967825982857298,0.967825982857298,TRUE
"52-39-1","52-39-1","aldosterone",-4.01233373507373,-3.28448487373452,0.664292740593765,-4.5864986452983,-1.98247110217074,"var_Texpi",-0.727848861339211,0.727848861339211,TRUE
"53-06-5","53-06-5","cortisone",-3.82390874094432,-3.59884500327762,0.676096821476182,-4.92399477337094,-2.27369523318431,"var_Texpi",-0.225063737666696,0.225063737666696,TRUE
"53-06-5","53-06-5","cortisone",-5,-3.83391207400247,0.606178726141214,-5.02202237723925,-2.64580177076569,"var_Texpi",-1.16608792599753,1.16608792599753,TRUE
"53-16-7","53-16-7","estrone",-2.44369749923271,-3.02304644089572,0.609720668892865,-4.21809895192573,-1.8279939298657,"var_Texpi",0.579348941663006,0.579348941663006,TRUE
"53-96-3","53-96-3","2-(acetylamino)fluorene",-1.16052197602182,-2.50547337273116,0.637983971754874,-3.75592195737072,-1.25502478809161,"var_Texpi",1.34495139670934,1.34495139670934,FALSE
"53-96-3","53-96-3","2-(acetylamino)fluorene",-1.10756666442663,-2.50547337273116,0.637983971754874,-3.75592195737072,-1.25502478809161,"var_Texpi",1.39790670830453,1.39790670830453,FALSE
"533-73-3","533-73-3","1,2,4-benzenetriol",-3.9,-2.66678566576342,0.67003171477501,-3.98004782672244,-1.35352350480441,"var_Texpi",-1.23321433423658,1.23321433423658,TRUE
"53535-33-4","53535-33-4","heptanol",-1.42481215507234,-1.41277176034455,0.63617729679786,-2.65967926206836,-0.165864258620745,"var_Texpi",-0.0120403947277887,0.0120403947277887,TRUE
"53535-33-4","53535-33-4","heptanol",-1.49485002168009,-1.52621352543732,0.608116276702198,-2.71812142777362,-0.334305623101009,"var_Texpi",0.031363503757226,0.031363503757226,TRUE
"53535-33-4","53535-33-4","n-heptanol",-1.49485002168009,-1.23564946353726,0.677651369720019,-2.5638461481885,0.0925472211139737,"var_Texpi",-0.259200558142827,0.259200558142827,TRUE
"554-84-7","554-84-7","m-nitrophenol; 3-nitrophenol",-2.24848294855394,-2.09054133180675,0.607476048996734,-3.28119438784035,-0.899888275773155,"var_Texpi",-0.157941616747187,0.157941616747187,TRUE
"56-81-5","56-81-5","glycerol",-4.56863623584101,-3.43746492548653,0.673101279367934,-4.75674343304768,-2.11818641792538,"var_Texpi",-1.13117131035448,1.13117131035448,TRUE
"56-81-5","56-81-5","glycerol",-3.00594693641232,-3.48366024158366,0.673101279367934,-4.80293874914481,-2.16438173402251,"var_Texpi",0.477713305171338,0.477713305171338,TRUE
"56030-54-7","56030-54-7","sufentanil base",-1.81815641205523,-2.65428161316361,0.675269734798458,-3.97781029336859,-1.33075293295864,"var_Texpi",0.836125201108385,0.836125201108385,TRUE
"57-13-6","57-13-6","urea",-3.82973828460504,-3.52296688683436,0.691090534803593,-4.87750433504941,-2.16842943861932,"var_Texpi",-0.306771397770675,0.306771397770675,TRUE
"57-13-6","57-13-6","urea",-3.95233580539844,-3.46159563943184,0.691090534803593,-4.81613308764688,-2.1070581912168,"var_Texpi",-0.490740165966598,0.490740165966598,TRUE
"57-13-6","57-13-6","urea",-3.92564441915299,-3.53593488088799,0.691090534803593,-4.89047232910303,-2.18139743267295,"var_Texpi",-0.389709538265002,0.389709538265002,TRUE
"57-13-6","57-13-6","urea",-3.69494112531286,-3.70364378125393,0.614619338021695,-4.90829768377646,-2.49898987873141,"var_Texpi",0.00870265594107478,0.00870265594107478,TRUE
"57-13-6","57-13-6","urea",-3.55495653854982,-3.4902467473033,0.707490625655782,-4.87692837358863,-2.10356512101797,"var_Texpi",-0.0647097912465187,0.0647097912465187,TRUE
"57-13-6","57-13-6","urea",-3.5970511706556,-3.53593488088799,0.691090534803593,-4.89047232910303,-2.18139743267295,"var_Texpi",-0.0611162897676119,0.0611162897676119,TRUE
"57-13-6","57-13-6","urea",-3.55720677406023,-3.53593488088799,0.691090534803593,-4.89047232910303,-2.18139743267295,"var_Texpi",-0.021271893172242,0.021271893172242,TRUE
"57-50-1","57-50-1","sucrose",-5.0268721464003,-4.99386646239565,0.66450930916578,-6.29630470836058,-3.69142821643072,"var_Texpi",-0.033005684004646,0.033005684004646,TRUE
"57-50-1","57-50-1","sucrose",-5.2839966563652,-5.21210396965069,0.613252267118743,-6.41407841320342,-4.01012952609795,"var_Texpi",-0.071892686714512,0.071892686714512,TRUE
"57-50-1","57-50-1","sucrose",-4.76200316671127,-4.99386646239565,0.66450930916578,-6.29630470836058,-3.69142821643072,"var_Texpi",0.231863295684384,0.231863295684384,TRUE
"57-50-1","57-50-1","sucrose",-4.26905630657226,-4.99386646239565,0.66450930916578,-6.29630470836058,-3.69142821643072,"var_Texpi",0.724810155823394,0.724810155823394,TRUE
"57-50-1","57-50-1","sucrose",-4.36451625318509,-4.99386646239565,0.66450930916578,-6.29630470836058,-3.69142821643072,"var_Texpi",0.629350209210564,0.629350209210564,TRUE
"57-50-1","57-50-1","sucrose",-3.13406733180681,-4.99386646239565,0.66450930916578,-6.29630470836058,-3.69142821643072,"var_Texpi",1.85979913058884,1.85979913058884,FALSE
"57-83-0","57-83-0","progesterone",-1.52287874528034,-2.45011132438734,0.675009065338523,-3.77312909245085,-1.12709355632384,"var_Texpi",0.927232579107001,0.927232579107001,TRUE
"57-83-0","57-83-0","progesterone",-1.70344032687277,-2.38772680928299,0.661962725735711,-3.68517375172499,-1.090279866841,"var_Texpi",0.684286482410224,0.684286482410224,TRUE
"57-83-0","57-83-0","progesterone",-1.88605664769316,-2.64361290492046,0.600417284907977,-3.8204307833401,-1.46679502650083,"var_Texpi",0.757556257227302,0.757556257227302,TRUE
"57-83-0","57-83-0","progesterone",-1.69897000433602,-2.72526840969206,0.600417284907977,-3.90208628811169,-1.54845053127242,"var_Texpi",1.02629840535604,1.02629840535604,TRUE
"57-83-0","57-83-0","progesterone",-2.82390874094432,-2.6206109963713,0.606305099794439,-3.8089689919684,-1.43225300077419,"var_Texpi",-0.203297744573025,0.203297744573025,TRUE
"58-08-2","58-08-2","caffeine",-3.80687540164554,-3.31508418262677,0.667288153215381,-4.62296896292891,-2.00719940232462,"var_Texpi",-0.491791219018774,0.491791219018774,TRUE
"58-08-2","58-08-2","caffeine",-4.58586563707645,-3.49126149120894,0.623968193092907,-4.71423914967103,-2.26828383274684,"var_Texpi",-1.09460414586751,1.09460414586751,TRUE
"58-08-2","58-08-2","caffeine",-1.60220380347052,-3.44688565302805,0.636050060786359,-4.69354377216932,-2.20022753388679,"var_Texpi",1.84468184955753,1.84468184955753,FALSE
"58-08-2","58-08-2","caffeine",-2.60631808276205,-3.44688565302805,0.636050060786359,-4.69354377216932,-2.20022753388679,"var_Texpi",0.840567570266004,0.840567570266004,TRUE
"58-08-2","58-08-2","caffeine",-4.15490195998574,-3.47017011741126,0.636050060786359,-4.71682823655253,-2.22351199827,"var_Texpi",-0.684731842574478,0.684731842574478,TRUE
"58-08-2","58-08-2","caffeine",-3.69897000433602,-3.44215182125846,0.636050060786359,-4.68880994039972,-2.1954937021172,"var_Texpi",-0.256818183077561,0.256818183077561,TRUE
"58-22-0","58-22-0","testosterone",-2.0571655062299,-2.51706397964349,0.638544134143955,-3.76861048256564,-1.26551747672133,"var_Texpi",0.459898473413585,0.459898473413585,TRUE
"58-22-0","58-22-0","testosterone",-2.04694894237348,-2.39259911119119,0.67534417361715,-3.7162736914808,-1.06892453090157,"var_Texpi",0.345650168817706,0.345650168817706,TRUE
"58-22-0","58-22-0","testosterone",-1.64633962279966,-2.52549511780416,0.648848879593117,-3.79723892180667,-1.25375131380166,"var_Texpi",0.879155495004505,0.879155495004505,TRUE
"58-22-0","58-22-0","testosterone",-1.41570671752568,-2.47948428190888,0.648848879593117,-3.75122808591139,-1.20774047790637,"var_Texpi",1.0637775643832,1.0637775643832,TRUE
"58-22-0","58-22-0","testosterone",-2.27083521030723,-2.69215087911378,0.613492589698327,-3.8945963549225,-1.48970540330506,"var_Texpi",0.421315668806549,0.421315668806549,TRUE
"58-22-0","58-22-0","testosterone",-2.38875983135141,-2.40923981002659,0.664618641033872,-3.71189234645298,-1.1065872736002,"var_Texpi",0.0204799786751839,0.0204799786751839,TRUE
"58-22-0","58-22-0","testosterone",-2.65757731917779,-2.64179271184471,0.613492589698327,-3.84423818765344,-1.43934723603599,"var_Texpi",-0.0157846073330754,0.0157846073330754,TRUE
"58-22-0","58-22-0","testosterone",-2.65757731917779,-2.63616409984374,0.613492589698327,-3.83860957565246,-1.43371862403501,"var_Texpi",-0.0214132193340539,0.0214132193340539,TRUE
"58-22-0","58-22-0","testosterone",-2.65757731917779,-2.63616409984374,0.613492589698327,-3.83860957565246,-1.43371862403501,"var_Texpi",-0.0214132193340539,0.0214132193340539,TRUE
"58-22-0","58-22-0","testosterone",-3.39794000867204,-2.61778010505979,0.618423011056024,-3.8298892067296,-1.40567100338999,"var_Texpi",-0.780159903612247,0.780159903612247,TRUE
"58-22-0","58-22-0","testosterone",-3.06752623532285,-2.64179271184471,0.613492589698327,-3.84423818765344,-1.43934723603599,"var_Texpi",-0.425733523478136,0.425733523478136,TRUE
"58-22-0","58-22-0","testosterone",-2.13194363817696,-2.38996579185442,0.67534417361715,-3.71364037214404,-1.06629121156481,"var_Texpi",0.258022153677462,0.258022153677462,TRUE
"58-54-8","58-54-8","ethacrynic acid",-3.82390874094432,-2.51253415043762,0.668841723505119,-3.82346392850765,-1.20160437236759,"var_Texpi",-1.3113745905067,1.3113745905067,FALSE
"59-05-2","59-05-2","methotrexate",-3.40160112979023,-5.04523949345042,0.576339330944578,-6.1748645821018,-3.91561440479905,"var_Texpi",1.64363836366019,1.64363836366019,FALSE
"59-50-7","59-50-7","chlorocresol",-1.26406804435028,-1.61873885983316,0.607045174306635,-2.80854740147416,-0.428930318192153,"var_Texpi",0.354670815482877,0.354670815482877,TRUE
"59-50-7","59-50-7","chlorocresol",-1.65255620893436,-1.52156419607058,0.646506522047463,-2.78871697928361,-0.254411412857555,"var_Texpi",-0.130992012863777,0.130992012863777,TRUE
"60-12-8","60-12-8","2-phenylethanol",-1.25963731050576,-1.81473047305264,0.675184583520328,-3.13809225675248,-0.491368689352798,"var_Texpi",0.555093162546879,0.555093162546879,TRUE
"60-12-8","60-12-8","2-phenylethanol",-2.11527250510331,-2.05616059659072,0.607607893789787,-3.24707206841871,-0.865249124762742,"var_Texpi",-0.0591119085125857,0.0591119085125857,TRUE
"610-81-1","610-81-1","4-amino-3-nitrophenol",-2.1297393876227,-2.35917365886971,0.646819652622188,-3.6269401780092,-1.09140713973023,"var_Texpi",0.229434271247015,0.229434271247015,TRUE
"610-81-1","610-81-1","4-amino-3-nitrophenol",-2.26671923730847,-2.35917365886971,0.646819652622188,-3.6269401780092,-1.09140713973023,"var_Texpi",0.0924544215612451,0.0924544215612451,TRUE
"614-18-6","614-18-6","nicotinate, ethyl",-3.10790539730952,-1.9072249380593,0.665455396983912,-3.21151751614776,-0.602932359970829,"var_Texpi",-1.20068045925022,1.20068045925022,TRUE
"614-18-6","614-18-6","nicotinate, ethyl",-3.08618614761628,-1.9291425237814,0.665455396983912,-3.23343510186986,-0.62484994569293,"var_Texpi",-1.15704362383488,1.15704362383488,TRUE
"623-05-2","623-05-2","4-hydroxybenzyl alcohol",-2.69897000433602,-2.31659993030582,0.677635698501546,-3.64476589936885,-0.988433961242794,"var_Texpi",-0.382370074030197,0.382370074030197,TRUE
"63-36-5","63-36-5","salicylate",-3.96686900819185,-2.55599140103352,0.641388870386936,-3.81311358699192,-1.29886921507513,"var_Texpi",-1.41087760715833,1.41087760715833,FALSE
"64-17-5","64-17-5","ethanol",-2.72124639904717,-2.9766140256106,0.666293243741256,-4.28254878334346,-1.67067926787774,"var_Texpi",0.25536762656343,0.25536762656343,TRUE
"64-17-5","64-17-5","ethanol",-3.09691001300806,-2.93271257721593,0.678941836165966,-4.26343857610123,-1.60198657833064,"var_Texpi",-0.164197435792127,0.164197435792127,TRUE
"64-17-5","64-17-5","ethanol",-3.09691001300806,-3.20040002441325,0.60649832278152,-4.38913673706503,-2.01166331176147,"var_Texpi",0.10349001140519,0.10349001140519,TRUE
"64-19-7","64-19-7","acetic acid",-2.77786589964853,-2.73701544659872,0.678281707771867,-4.06644759383158,-1.40758329936586,"var_Texpi",-0.0408504530498077,0.0408504530498077,TRUE
"64-85-7","64-85-7","cortexone",-3.34678748622466,-2.77885029723107,0.611165843862256,-3.97673535120109,-1.58096524326105,"var_Texpi",-0.567937188993588,0.567937188993588,TRUE
"65-85-0","65-85-0","benzoic acid",-2.11918640771921,-1.91202573668954,0.68084691810194,-3.24648569616934,-0.577565777209735,"var_Texpi",-0.207160671029672,0.207160671029672,TRUE
"65-85-0","65-85-0","benzoic acid",-1.50863830616573,-1.85747316073924,0.667307017835394,-3.16539491569661,-0.549551405781869,"var_Texpi",0.348834854573511,0.348834854573511,TRUE
"65-85-0","65-85-0","benzoic acid",-1.50863830616573,-1.85747316073924,0.667307017835394,-3.16539491569661,-0.549551405781869,"var_Texpi",0.348834854573511,0.348834854573511,TRUE
"66-27-3","66-27-3","methyl methanesulfonate",-1.91205408690953,-2.61988690333118,0.645042955664638,-3.88417109643387,-1.35560271022849,"var_Texpi",0.707832816421649,0.707832816421649,TRUE
"66-27-3","66-27-3","methyl methanesulfonate",-2.06776764179179,-2.61988690333118,0.645042955664638,-3.88417109643387,-1.35560271022849,"var_Texpi",0.552119261539389,0.552119261539389,TRUE
"6677-98-1","6677-98-1","hydrocortisone-21-propionate",-2.46852108295775,-3.69857029578529,0.671252150749531,-5.01422451125437,-2.38291608031621,"var_Texpi",1.23004921282754,1.23004921282754,TRUE
"67-56-1","67-56-1","methanol",-3.30102999566398,-3.10669687518509,0.677325500271981,-4.43425485571817,-1.77913889465201,"var_Texpi",-0.19433312047889,0.19433312047889,TRUE
"67-56-1","67-56-1","methanol",-3.30102999566398,-3.36192061630471,0.607540248300452,-4.55269950297359,-2.17114172963582,"var_Texpi",0.060890620640726,0.060890620640726,TRUE
"67-56-1","67-56-1","methanol",-2.79588001734407,-3.24823230826916,0.635698289295404,-4.49420095528815,-2.00226366125017,"var_Texpi",0.452352290925091,0.452352290925091,TRUE
"68-96-2","68-96-2","17-alfa-hydroxyprogesterone",-3.22184874961636,-3.59566109104269,0.611371130959127,-4.79394850772258,-2.3973736743628,"var_Texpi",0.373812341426327,0.373812341426327,TRUE
"69-29-7","69-29-7","ethyl ether",-1.79588001734408,-2.31061311636221,0.633437736394625,-3.55215107969567,-1.06907515302874,"var_Texpi",0.514733099018128,0.514733099018128,TRUE
"69-65-8","69-65-8","mannitol",-4.72681868815271,-4.11550646752903,0.647791065216912,-5.38517695535418,-2.84583597970388,"var_Texpi",-0.611312220623678,0.611312220623678,TRUE
"69-65-8","69-65-8","mannitol",-4,-4.58967587573269,0.634872434817793,-5.83402584797556,-3.34532590348981,"var_Texpi",0.589675875732685,0.589675875732685,TRUE
"69-65-8","69-65-8","mannitol",-4.68257958814785,-3.99645847169994,0.681249442641807,-5.33170737927788,-2.661209564122,"var_Texpi",-0.686121116447907,0.686121116447907,TRUE
"69-65-8","69-65-8","mannitol",-4.45692576496647,-3.99690929118727,0.681249442641807,-5.33215819876521,-2.66166038360932,"var_Texpi",-0.460016473779205,0.460016473779205,TRUE
"69-65-8","69-65-8","mannitol",-4.77257756999574,-4.56563063368406,0.641299220978377,-5.82257710680168,-3.30868416056644,"var_Texpi",-0.206946936311681,0.206946936311681,TRUE
"69-65-8","69-65-8","mannitol",-4.43830246734601,-3.99690929118727,0.681249442641807,-5.33215819876521,-2.66166038360932,"var_Texpi",-0.441393176158745,0.441393176158745,TRUE
"69-65-8","69-65-8","mannitol",-4.18810341360238,-4.64678141651344,0.615975937606014,-5.85409425422123,-3.43946857880565,"var_Texpi",0.45867800291106,0.45867800291106,TRUE
"69-65-8","69-65-8","mannitol",-4.00436480540245,-4.41219358454982,0.695111770373236,-5.77461265448136,-3.04977451461828,"var_Texpi",0.407828779147369,0.407828779147369,TRUE
"69-65-8","69-65-8","mannitol",-3.97265039222524,-4.68775210613728,0.603691783192711,-5.870988001195,-3.50451621107957,"var_Texpi",0.715101713912043,0.715101713912043,TRUE
"69-65-8","69-65-8","mannitol",-3.1536628878702,-3.99645847169994,0.681249442641807,-5.33170737927788,-2.661209564122,"var_Texpi",0.842795583829743,0.842795583829743,TRUE
"69-72-7","69-72-7","salicylic acid",-3.03151705144606,-1.92386529393709,0.67189702186628,-3.240783456795,-0.60694713107918,"var_Texpi",-1.10765175750897,1.10765175750897,TRUE
"69-72-7","69-72-7","salicylic acid",-1.34678748622466,-1.94710238330792,0.67189702186628,-3.26402054616583,-0.630184220450007,"var_Texpi",0.600314897083256,0.600314897083256,TRUE
"71-23-8","71-23-8","n-propanol",-2.92081875395238,-2.77075069105679,0.677867889081739,-4.09937175365699,-1.44212962845658,"var_Texpi",-0.150068062895595,0.150068062895595,TRUE
"71-23-8","71-23-8","propanol",-2.76955107862173,-2.92645008702727,0.636118363438224,-4.17324207936619,-1.67965809468835,"var_Texpi",0.156899008405539,0.156899008405539,TRUE
"71-23-8","71-23-8","propanol",-2.92081875395238,-3.03997206597201,0.607880980493439,-4.23141878773915,-1.84852534420487,"var_Texpi",0.119153312019633,0.119153312019633,TRUE
"71-36-3","71-36-3","butanol",-2.52287874528034,-2.16578594265397,0.638201354702521,-3.41666059787091,-0.914911287437031,"var_Texpi",-0.357092802626368,0.357092802626368,TRUE
"71-36-3","71-36-3","butanol",-2.10237290870956,-2.05832200067328,0.665388251269198,-3.36248297316091,-0.754161028185655,"var_Texpi",-0.0440509080362763,0.0440509080362763,TRUE
"71-36-3","71-36-3","butanol",-2.65757731917779,-2.27503805202791,0.612125279289534,-3.4748035994354,-1.07527250462042,"var_Texpi",-0.382539267149878,0.382539267149878,TRUE
"71-36-3","71-36-3","butanol",-2.65757731917779,-2.27508821178535,0.612125279289534,-3.47485375919284,-1.07532266437787,"var_Texpi",-0.382489107392436,0.382489107392436,TRUE
"71-36-3","71-36-3","butanol",-2.60205999132796,-2.27503805202791,0.612125279289534,-3.4748035994354,-1.07527250462042,"var_Texpi",-0.327021939300048,0.327021939300048,TRUE
"71-36-3","71-36-3","n-butanol",-2.60205999132796,-2.0158742756,0.67658457270674,-3.34198003810521,-0.689768513094786,"var_Texpi",-0.586185715727962,0.586185715727962,TRUE
"71-41-0","71-41-0","n-pentanol",-2.22184874961636,-1.76081700864882,0.6762472955578,-3.08626170794211,-0.435372309355532,"var_Texpi",-0.46103174096754,0.46103174096754,TRUE
"71-41-0","71-41-0","pentanol",-2.22184874961636,-2.02988095560891,0.606697862043541,-3.21900876521424,-0.840753146003566,"var_Texpi",-0.191967794007455,0.191967794007455,TRUE
"71-43-0","71-43-0","benzene",-0.954285941059132,-1.36405727978494,0.63924985460182,-2.61698699480451,-0.111127564765373,"var_Texpi",0.409771338725807,0.409771338725807,TRUE
"71-43-0","71-43-0","benzene",-0.795880017344075,-1.50272419509661,0.604643690598377,-2.68782582866943,-0.31762256152379,"var_Texpi",0.706844177752533,0.706844177752533,TRUE
"71-91-0","71-91-0","tetraethylammonium",-3.25387553642834,-5.19364728158553,0.577868191791066,-6.32626893749602,-4.06102562567505,"var_Texpi",1.9397717451572,1.9397717451572,FALSE
"71-91-0","71-91-0","tetraethylammonium bromide (+)",-3.36815053784018,-4.99699718723238,0.675770680128429,-6.3215077202841,-3.67248665418066,"var_Texpi",1.6288466493922,1.6288466493922,FALSE
"76-25-5","76-25-5","triamcinolone acetonide",-3.40230481407449,-4.57237964616758,0.67281911028878,-5.89110510233359,-3.25365419000157,"var_Texpi",1.17007483209309,1.17007483209309,TRUE
"76-25-5","76-25-5","triamcinolone acetonide",-4.70663744528855,-4.84298820555889,0.605677544511969,-6.03011619280235,-3.65586021831543,"var_Texpi",0.136350760270345,0.136350760270345,TRUE
"76180-96-6","76180-96-6","3-methyl-3h-imidazo[4,5-f]quinolin-2-amine",-2.07218350508968,-3.41277465819255,0.641094151623334,-4.66931919537428,-2.15623012101081,"var_Texpi",1.34059115310287,1.34059115310287,FALSE
"76180-96-6","76180-96-6","3-methyl-3h-imidazo[4,5-f]quinolin-2-amine",-2.43056359552234,-3.41277465819255,0.641094151623334,-4.66931919537428,-2.15623012101081,"var_Texpi",0.982211062670207,0.982211062670207,TRUE
"7732-18-5","7732-18-5","water",-2.80687540164554,-3.60173963436407,0.642883578932787,-4.86179144907233,-2.3416878196558,"var_Texpi",0.794864232718527,0.794864232718527,TRUE
"7732-18-5","7732-18-5","water",-2.98540960554622,-3.60173963436407,0.642883578932787,-4.86179144907233,-2.3416878196558,"var_Texpi",0.616330028817847,0.616330028817847,TRUE
"7732-18-5","7732-18-5","water",-2.80966830182971,-3.55557523306401,0.651761988503675,-4.83302873053121,-2.2781217355968,"var_Texpi",0.745906931234296,0.745906931234296,TRUE
"7732-18-5","7732-18-5","water",-3.14997431819434,-3.55557644781877,0.651761988503675,-4.83302994528597,-2.27812295035156,"var_Texpi",0.405602129624425,0.405602129624425,TRUE
"7732-18-5","7732-18-5","water",-3.07058107428571,-3.60173963436407,0.642883578932787,-4.86179144907233,-2.3416878196558,"var_Texpi",0.531158560078357,0.531158560078357,TRUE
"7732-18-5","7732-18-5","water",-3.24233473501217,-3.55557523306401,0.651761988503675,-4.83302873053121,-2.2781217355968,"var_Texpi",0.313240498051836,0.313240498051836,TRUE
"7732-18-5","7732-18-5","water",-3.45621525646938,-3.55557523306401,0.651761988503675,-4.83302873053121,-2.2781217355968,"var_Texpi",0.0993599765946254,0.0993599765946254,TRUE
"7732-18-5","7732-18-5","water",-3.27134965805094,-3.55557523306401,0.651761988503675,-4.83302873053121,-2.2781217355968,"var_Texpi",0.284225575013066,0.284225575013066,TRUE
"7732-18-5","7732-18-5","water",-3.15476521541715,-3.57861946949976,0.647307561968492,-4.84734229095801,-2.30989664804152,"var_Texpi",0.423854254082612,0.423854254082612,TRUE
"7732-18-5","7732-18-5","water",-3.52287874528034,-3.71849713160968,0.621213083566141,-4.93607477539932,-2.50091948782005,"var_Texpi",0.195618386329343,0.195618386329343,TRUE
"7732-18-5","7732-18-5","water",-3.5,-3.71849713160968,0.621213083566141,-4.93607477539932,-2.50091948782005,"var_Texpi",0.218497131609683,0.218497131609683,TRUE
"78-93-3","78-93-3","2-butanone",-2.34678748622466,-2.5418740692665,0.634102289368228,-3.78471455642823,-1.29903358210478,"var_Texpi",0.195086583041842,0.195086583041842,TRUE
"84-66-2","84-66-2","diethyl phthalate",-1.70509308939481,-1.69905433417358,0.678243634277609,-3.02841185735769,-0.369696810989464,"var_Texpi",-0.00603875522123221,0.00603875522123221,TRUE
"87-66-1","87-66-1","pyrogallol",-2.81,-2.60993515771099,0.678117507355956,-3.93904547212867,-1.28082484329332,"var_Texpi",-0.200064842289006,0.200064842289006,TRUE
"88-04-0","88-04-0","chloroxylenol",-1.22875360095283,-1.66438322115097,0.606785495376162,-2.85368279208824,-0.475083650213689,"var_Texpi",0.435629620198136,0.435629620198136,TRUE
"88-04-0","88-04-0","chloroxylenol",-1.09474395125155,-1.50587867935897,0.645970171356955,-2.7719802152186,-0.239777143499333,"var_Texpi",0.411134728107416,0.411134728107416,TRUE
"88-06-2","88-06-2","2,4,6-trichlorophenol",-1.23275783168158,-1.64722629667205,0.605760078836434,-2.83451605119146,-0.459936542152636,"var_Texpi",0.414468464990467,0.414468464990467,TRUE
"88-18-6","88-18-6","o-t-butylphenol",-1.12842706445412,-1.26353788696842,0.645896573678956,-2.52949517137918,0.00241939744233299,"var_Texpi",0.135110822514301,0.135110822514301,TRUE
"89-83-8","89-83-8","thymol; 2-isopropyl-5-methylphenol",-1.27607480270083,-1.48316208110164,0.608047961969724,-2.6749360865623,-0.291388075640982,"var_Texpi",0.207087278400811,0.207087278400811,TRUE
"89-83-8","89-83-8","thymol; 2-isopropyl-5-methylphenol",-1.21324857785444,-1.32279872128732,0.646705071245889,-2.59034066092927,-0.05525678164538,"var_Texpi",0.109550143432883,0.109550143432883,TRUE
"90-15-3","90-15-3","naphthol",-1.58502665202918,-1.69983550815447,0.610432040753107,-2.89628230803056,-0.50338870827838,"var_Texpi",0.11480885612529,0.11480885612529,TRUE
"90-15-3","90-15-3","naphthol",-1.52287874528034,-1.69983550815447,0.610432040753107,-2.89628230803056,-0.50338870827838,"var_Texpi",0.17695676287413,0.17695676287413,TRUE
"91-20-3","91-20-3","naphthalene",-1.55111528700206,-1.19927294102326,0.646017236493008,-2.46546672454956,0.0669208425030359,"var_Texpi",-0.3518423459788,0.3518423459788,TRUE
"91-20-3","91-20-3","naphthalene",-1.78220214249451,-1.19927294102326,0.646017236493008,-2.46546672454956,0.0669208425030359,"var_Texpi",-0.58292920147125,0.58292920147125,TRUE
"92-48-8","92-48-8","6-methylcoumarin",-1.18136926112576,-2.18702131706023,0.642805603812068,-3.44692030053189,-0.92712233358858,"var_Texpi",1.00565205593447,1.00565205593447,TRUE
"92-48-8","92-48-8","6-methylcoumarin",-1.331936361143,-2.18702131706023,0.642805603812068,-3.44692030053189,-0.92712233358858,"var_Texpi",0.855084955917233,0.855084955917233,TRUE
"93-60-7","93-60-7","nicotinate, methyl",-3.30980391997149,-2.0936237316954,0.665389669069651,-3.39778748307192,-0.789459980318882,"var_Texpi",-1.21618018827609,1.21618018827609,TRUE
"93-60-7","93-60-7","nicotinate, methyl",-3.27572413039921,-2.10500243918839,0.665389669069651,-3.40916619056491,-0.800838687811878,"var_Texpi",-1.17072169121082,1.17072169121082,TRUE
"937-20-2","937-20-2","2,4-dichloroacetophenone",-0.743772935647774,-2.18475852875567,0.641650023180575,-3.4423925741896,-0.927124483321745,"var_Texpi",1.4409855931079,1.4409855931079,FALSE
"937-20-2","937-20-2","2,4-dichloroacetophenone",-1.86052608660328,-2.18475852875567,0.641650023180575,-3.4423925741896,-0.927124483321745,"var_Texpi",0.324232442152393,0.324232442152393,TRUE
"94-13-3","94-13-3","propylparaben",-1.67615465544754,-1.58092353654408,0.679165833474571,-2.91208857015424,-0.249758502933918,"var_Texpi",-0.095231118903462,0.095231118903462,TRUE
"94-13-3","94-13-3","propylparaben",-1.26606734367858,-1.68878034269168,0.647046421531278,-2.95699132889298,-0.420569356490371,"var_Texpi",0.422712999013096,0.422712999013096,TRUE
"94-13-3","94-13-3","propylparaben",-1.20290590120029,-1.68878034269168,0.647046421531278,-2.95699132889298,-0.420569356490371,"var_Texpi",0.485874441491386,0.485874441491386,TRUE
"94-26-8","94-26-8","butylparaben",-0.981299501333757,-1.36414623520124,0.677827318435485,-2.69268777933479,-0.0356046910676888,"var_Texpi",0.382846733867483,0.382846733867483,TRUE
"94-26-8","94-26-8","butylparaben",-1.15242734085789,-1.47235556057567,0.646436921315473,-2.739371926354,-0.205339194797346,"var_Texpi",0.319928219717783,0.319928219717783,TRUE
"95-48-7","95-48-7","o-cresol",-1.80172783601759,-1.90418269699925,0.607439562806588,-3.09476424010017,-0.71360115389834,"var_Texpi",0.102454860981663,0.102454860981663,TRUE
"95-54-5","95-54-5","o-phenylenediamine",-3.34678748622466,-2.49889956415892,0.644227945966346,-3.76158633825296,-1.23621279006488,"var_Texpi",-0.847887922065738,0.847887922065738,TRUE
"95-57-8","95-57-8","o-chlorophenol",-1.48044892137827,-1.86069614739052,0.606070936360413,-3.04859518265693,-0.672797112124109,"var_Texpi",0.380247226012249,0.380247226012249,TRUE
"95-65-8","95-65-8","3,4-xylenol",-1.44278385671974,-1.78883215602974,0.60643131488005,-2.97743753319464,-0.600226778864844,"var_Texpi",0.346048299310001,0.346048299310001,TRUE
"97-00-7","97-00-7","2,4-dinitrochlorobenzene",-1.57500847696703,-1.93425619654411,0.646164369002769,-3.20073835978954,-0.667774033298686,"var_Texpi",0.359247719577083,0.359247719577083,TRUE
"97-00-7","97-00-7","2,4-dinitrochlorobenzene",-1.50012264373278,-1.93425619654411,0.646164369002769,-3.20073835978954,-0.667774033298686,"var_Texpi",0.434133552811333,0.434133552811333,TRUE
"97-53-0","97-53-0","eugenol",-1.592980675785,-1.65415362959578,0.646930169049038,-2.92213676093189,-0.386170498259665,"var_Texpi",0.061172953810779,0.061172953810779,TRUE
"97-53-0","97-53-0","eugenol",-1.555243965633,-1.65415362959578,0.646930169049038,-2.92213676093189,-0.386170498259665,"var_Texpi",0.0989096639627791,0.0989096639627791,TRUE
"97-54-1","97-54-1","isoeugenol",-1.74568406057766,-1.57009289951312,0.646828736349741,-2.83787722275861,-0.302308576267626,"var_Texpi",-0.175591161064541,0.175591161064541,TRUE
"97-54-1","97-54-1","isoeugenol",-1.41300909711301,-1.57009289951312,0.646828736349741,-2.83787722275861,-0.302308576267626,"var_Texpi",0.157083802400109,0.157083802400109,TRUE
"98-86-2","98-86-2","acetophenone",-1.62740828480895,-1.76196889127022,0.646814910115086,-3.02972611509578,-0.494211667444647,"var_Texpi",0.134560606461265,0.134560606461265,TRUE
"98-86-2","98-86-2","acetophenone",-1.56017144166374,-1.76196889127022,0.646814910115086,-3.02972611509578,-0.494211667444647,"var_Texpi",0.201797449606475,0.201797449606475,TRUE
"99-76-3","99-76-3","methylparaben",-1.67358220444561,-1.90743436756391,0.67926704164076,-3.2387977691798,-0.576070965948024,"var_Texpi",0.233852163118303,0.233852163118303,TRUE
"99-76-3","99-76-3","methylparaben",-1.96257350205938,-1.99044608574788,0.648792804132824,-3.26207998184822,-0.718812189647548,"var_Texpi",0.0278725836885023,0.0278725836885023,TRUE
"99-76-3","99-76-3","methylparaben",-2.03394335230684,-2.16406366516365,0.608411898006776,-3.35655098525693,-0.971576345070368,"var_Texpi",0.130120312856808,0.130120312856808,TRUE
"99-76-3","99-76-3","methylparaben",-2.07572071393812,-2.02589721816613,0.648792804132824,-3.29753111426647,-0.754263322065799,"var_Texpi",-0.0498234957719874,0.0498234957719874,TRUE
"100-02-7","100-02-7","p-nitrophenol; 4-nitrophenol",-2.25,-2.0792805750058,0.513433578614739,-3.08561038909068,-1.07295076092091,"var_mu_MWa",-0.170719424994203,0.170719424994203,TRUE
"100-39-0","100-39-0","benzyl bromide",-1.54511979359646,-1.38075749078174,0.457769590512287,-2.27798588818582,-0.483529093377653,"var_mu_MWa",-0.164362302814725,0.164362302814725,TRUE
"100-39-0","100-39-0","benzyl bromide",-1.89202735976865,-1.38075749078174,0.457769590512287,-2.27798588818582,-0.483529093377653,"var_mu_MWa",-0.511269868986915,0.511269868986915,TRUE
"100-51-6","100-51-6","benzyl alcohol",-2.22205999132796,-2.06783239888577,0.495746359122498,-3.03949526276586,-1.09616953500567,"var_mu_MWa",-0.154227592442191,0.154227592442191,TRUE
"1002-62-6","1002-62-6","sodium caprate; decanoic acid soap (c10:0)",-2.95233580539844,-2.66185623070445,0.617056464368639,-3.87128690086698,-1.45242556054191,"var_mu_MWa",-0.290479574693993,0.290479574693993,TRUE
"103-11-7","103-11-7","2-ethylhexyl acrylate",-2.11289007326765,-1.32062566848178,0.454610944766039,-2.21166312022321,-0.429588216740339,"var_mu_MWa",-0.792264404785874,0.792264404785874,TRUE
"103-11-7","103-11-7","2-ethylhexyl acrylate",-1.82434537155519,-1.32062566848178,0.454610944766039,-2.21166312022321,-0.429588216740339,"var_mu_MWa",-0.503719703073414,0.503719703073414,TRUE
"104-54-1","104-54-1","cinnamyl alcohol",-1.54329916349423,-1.62487677709873,0.465558229824974,-2.53737090755567,-0.712382646641776,"var_mu_MWa",0.0815776136044957,0.0815776136044957,TRUE
"104-54-1","104-54-1","cinnamyl alcohol",-1.47890341621095,-1.62487677709873,0.465558229824974,-2.53737090755567,-0.712382646641776,"var_mu_MWa",0.145973360887776,0.145973360887776,TRUE
"104-85-8","104-85-8","p-tolunitrile",-1.34336049829281,-1.50113906898541,0.445688204105903,-2.37468794903299,-0.627590188937844,"var_mu_MWa",0.157778570692605,0.157778570692605,TRUE
"104-85-8","104-85-8","p-tolunitrile",-1.51076062352006,-1.50113906898541,0.445688204105903,-2.37468794903299,-0.627590188937844,"var_mu_MWa",-0.00962155453464519,0.00962155453464519,TRUE
"10521-91-2","10521-91-2","5-phenylpentanol",-0.94692155651658,-1.37395297979282,0.451976275305668,-2.25982647939193,-0.488079480193715,"var_mu_MWa",0.427031423276244,0.427031423276244,TRUE
"106-24-1","106-24-1","geraniol",-0.986619380204979,-1.14376142051243,0.430165348214649,-1.98688550301315,-0.300637338011721,"var_mu_MWa",0.157142040307454,0.157142040307454,TRUE
"106-24-1","106-24-1","geraniol",-1.01401437058883,-1.14376142051243,0.430165348214649,-1.98688550301315,-0.300637338011721,"var_mu_MWa",0.129747049923603,0.129747049923603,TRUE
"106-41-3","106-41-3","p-bromophenol",-1.43951925261862,-1.87356518255353,0.508731032330152,-2.87067800592063,-0.876452359186431,"var_mu_MWa",0.434045929934908,0.434045929934908,TRUE
"106-44-5","106-44-5","p-cresol",-0.920818753952375,-1.69665001957665,0.454073327372629,-2.58663374122701,-0.806666297926301,"var_mu_MWa",0.775831265624279,0.775831265624279,TRUE
"106-44-5","106-44-5","p-cresol",-1.74875360095283,-1.79345212373552,0.463707307211263,-2.70231844586959,-0.884585801601444,"var_mu_MWa",0.0446985227826893,0.0446985227826893,TRUE
"106-48-9","106-48-9","p-chlorophenol",-1.44875360095283,-1.75334654802232,0.473263028769315,-2.68094208441018,-0.825751011634465,"var_mu_MWa",0.304592947069493,0.304592947069493,TRUE
"106-50-3","106-50-3","p-phenylenediamine",-3.61978875828839,-2.78015949214816,0.575354395831945,-3.90785410797877,-1.65246487631754,"var_mu_MWa",-0.839629266140232,0.839629266140232,TRUE
"108-39-4","108-39-4","m-cresol",-1.81172783601759,-1.76966810389865,0.465309764565075,-2.68167524244619,-0.857660965351098,"var_mu_MWa",-0.0420597321189446,0.0420597321189446,TRUE
"108-46-3","108-46-3","resorcinol",-2.42023266087399,-2.82955956485104,0.586339466679904,-3.97878491954365,-1.68033421015843,"var_mu_MWa",0.40932690397705,0.40932690397705,TRUE
"108-46-3","108-46-3","resorcinol",-2.35642808060813,-2.82955956485104,0.586339466679904,-3.97878491954365,-1.68033421015843,"var_mu_MWa",0.47313148424291,0.47313148424291,TRUE
"108-46-3","108-46-3","resorcinol",-3.07,-2.80276226863485,0.582923908920814,-3.94529313011964,-1.66023140715005,"var_mu_MWa",-0.267237731365155,0.267237731365155,TRUE
"108-46-3","108-46-3","resorcinol; 1,3-benzenediol",-3.62291335664286,-2.87800709621922,0.5925592136945,-4.03942315506044,-1.716591037378,"var_mu_MWa",-0.744906260423636,0.744906260423636,TRUE
"108-73-6","108-73-6","phloroglucinol",-2.51,-3.00713044295885,0.617311778896649,-4.21706152959628,-1.79719935632142,"var_mu_MWa",0.497130442958851,0.497130442958851,TRUE
"108-88-3","108-88-3","toluene",-0.0809219076239261,-1.28224945289554,0.38716546766664,-2.04109376952216,-0.523405136268927,"var_mu_MWa",1.20132754527162,1.20132754527162,FALSE
"108-95-2","108-95-2","phenol",-2.03,-1.99469847780066,0.461223756853177,-2.89869704123288,-1.09069991436843,"var_mu_MWa",-0.0353015221993438,0.0353015221993438,TRUE
"108-95-2","108-95-2","phenol",-2.08907809237607,-2.00490373146906,0.462306260547901,-2.91102400214295,-1.09878346079518,"var_mu_MWa",-0.0841743609070065,0.0841743609070065,TRUE
"108-95-2","108-95-2","phenol",-1.70996538863748,-1.98928031892784,0.460641511539406,-2.89213768154508,-1.08642295631061,"var_mu_MWa",0.279314930290365,0.279314930290365,TRUE
"108-95-2","108-95-2","phenol",-3.82792274303052,-2.02149207142344,0.464080412871735,-2.93108968065204,-1.11189446219484,"var_mu_MWa",-1.80643067160708,1.80643067160708,FALSE
"110-80-5","110-80-5","2-ethoxy ethanol",-3.60205999132796,-2.96809393578971,0.588052010942292,-4.1206758772366,-1.81551199434282,"var_mu_MWa",-0.633966055538249,0.633966055538249,TRUE
"111-27-3","111-27-3","hexanol",-1.49485002168009,-1.46732985739427,0.435368418279747,-2.32065195722258,-0.614007757565966,"var_mu_MWa",-0.0275201642858192,0.0275201642858192,TRUE
"111-27-3","111-27-3","hexanol",-1.88605664769316,-1.60128576872089,0.447931102381868,-2.47923072938935,-0.723340808052423,"var_mu_MWa",-0.284770878972275,0.284770878972275,TRUE
"111-27-3","111-27-3","n-hexanol",-1.88605664769316,-1.47048759192725,0.435660463432558,-2.32438210025507,-0.61659308359944,"var_mu_MWa",-0.415569055765907,0.415569055765907,TRUE
"111-76-2","111-76-2","butoxyethanol",-2.25698018593163,-2.58807726074599,0.560047715770338,-3.68577078365585,-1.49038373783613,"var_mu_MWa",0.331097074814361,0.331097074814361,TRUE
"111-87-5","111-87-5","n-octanol",-1.2839966563652,-1.12352759295809,0.426598237348087,-1.95966013816034,-0.28739504775584,"var_mu_MWa",-0.160469063407109,0.160469063407109,TRUE
"111-87-5","111-87-5","octanol",-1.0301183562535,-1.10765781162227,0.425254493638329,-1.9411566191534,-0.274159004091148,"var_mu_MWa",0.0775394553687725,0.0775394553687725,TRUE
"111-87-5","111-87-5","octanol",-1.15490195998574,-1.23093116858521,0.435804721730542,-2.08510842317708,-0.376753913993351,"var_mu_MWa",0.0760292085994729,0.0760292085994729,TRUE
"111-87-5","111-87-5","octanol",-1.2839966563652,-1.27097477965889,0.439287824329935,-2.13197891534556,-0.40997064397222,"var_mu_MWa",-0.0130218767063082,0.0130218767063082,TRUE
"111-87-5","111-87-5","octanol",-1.21467016498923,-1.20882952464144,0.433894102678114,-2.05926196589055,-0.35839708339234,"var_mu_MWa",-0.00584064034778708,0.00584064034778708,TRUE
"112-30-1","112-30-1","decanol",-1.833220851329,-0.971030660076991,0.40905504438426,-1.77277854707014,-0.169282773083842,"var_mu_MWa",-0.862190191252009,0.862190191252009,FALSE
"112-30-1","112-30-1","decanol",-1.95860731484178,-0.970626953735357,0.409019235935466,-1.77230465616887,-0.168949251301845,"var_mu_MWa",-0.987980361106423,0.987980361106423,FALSE
"112-30-1","112-30-1","decanol",-1.14508697769214,-0.910530466109916,0.403732227936506,-1.70184563286547,-0.119215299354364,"var_mu_MWa",-0.234556511582224,0.234556511582224,TRUE
"112-30-1","112-30-1","decanol",-1.04575749056068,-1.05604971509605,0.416675417312576,-1.8727335330287,-0.239365897163403,"var_mu_MWa",0.010292224535372,0.010292224535372,TRUE
"112-30-1","112-30-1","decanol",-1.09691001300806,-1.10324831411923,0.420961973985543,-1.92833378313089,-0.278162845107566,"var_mu_MWa",0.00633830111116995,0.00633830111116995,TRUE
"112-30-1","112-30-1","n-decanol",-1.09691001300806,-0.929076301560288,0.405350438806279,-1.7235631616206,-0.134589441499981,"var_mu_MWa",-0.167833711447772,0.167833711447772,TRUE
"112-34-5","112-34-5","diethylene glycol monobutyl ether",-2.23600035701585,-3.01884229551517,0.642859329431969,-4.27884658120183,-1.75883800982851,"var_mu_MWa",0.782841938499315,0.782841938499315,TRUE
"112-34-5","112-34-5","diethylene glycol monobutyl ether",-2.16688305055618,-3.01884229551517,0.642859329431969,-4.27884658120183,-1.75883800982851,"var_mu_MWa",0.851959244958985,0.851959244958985,TRUE
"112-80-1","112-80-1","oleic acid",-2.88605664769316,-1.68087170629966,0.553851763020149,-2.76642116181916,-0.595322250780173,"var_mu_MWa",-1.2051849413935,1.2051849413935,FALSE
"117-81-7","117-81-7","bis(2-ethylhexyl)phthalate",-4.09691001300806,-2.75715283201607,0.771208886469802,-4.26872224949689,-1.24558341453526,"var_mu_MWa",-1.33975718099199,1.33975718099199,TRUE
"119-34-6","119-34-6","4-amino-2-nitrophenol",-4.06550154875643,-2.33370615220934,0.541592558374052,-3.39522756662248,-1.2721847377962,"var_mu_MWa",-1.73179539654709,1.73179539654709,FALSE
"119-36-8","119-36-8","methyl salicylate",-1.44369749923271,-1.51732797437542,0.462128729990558,-2.42310028515691,-0.611555663593929,"var_mu_MWa",0.0736304751427117,0.0736304751427117,TRUE
"119-61-9","119-61-9","benzophenone",-1.24920613319746,-1.4616773447359,0.472474673468881,-2.38772770473491,-0.535626984736896,"var_mu_MWa",0.212471211538442,0.212471211538442,TRUE
"119-61-9","119-61-9","benzophenone",-1.13822159828622,-1.4616773447359,0.472474673468881,-2.38772770473491,-0.535626984736896,"var_mu_MWa",0.323455746449682,0.323455746449682,TRUE
"120-80-9","120-80-9","catechol",-2.51,-2.67344196748829,0.566064944788548,-3.78292925927385,-1.56395467570274,"var_mu_MWa",0.163441967488294,0.163441967488294,TRUE
"120-83-2","120-83-2","2,4-dichlorophenol",-1.14874021557127,-1.39957023503152,0.456839181844437,-2.29497503144661,-0.504165438616419,"var_mu_MWa",0.250830019460246,0.250830019460246,TRUE
"120-83-2","120-83-2","2,4-dichlorophenol",-1.22136169383427,-1.56333132503955,0.472912939024341,-2.49024068552726,-0.636421964551841,"var_mu_MWa",0.341969631205279,0.341969631205279,TRUE
"1219-38-1","1219-38-1","octylparaben",-1.90585161784792,-1.29275014197126,0.486302854762585,-2.24590373730593,-0.339596546636596,"var_mu_MWa",-0.613101475876657,0.613101475876657,TRUE
"122-57-6","122-57-6","benzylideneacetone",-1.40794873077454,-1.5826774642117,0.465591668528053,-2.49523713452668,-0.670117793896717,"var_mu_MWa",0.17472873343716,0.17472873343716,TRUE
"122-57-6","122-57-6","benzylideneacetone",-1.11863375864077,-1.5826774642117,0.465591668528053,-2.49523713452668,-0.670117793896717,"var_mu_MWa",0.46404370557093,0.46404370557093,TRUE
"123-07-9 ","123-07-9 ","p-ethylphenol",-1.46278385671974,-1.56911502290427,0.452656950768456,-2.45632264641044,-0.681907399398091,"var_mu_MWa",0.106331166184525,0.106331166184525,TRUE
"123-31-9","123-31-9","hydroquinone",-5.0301183562535,-2.48335878121109,0.513443746695589,-3.48970852473444,-1.47700903768773,"var_mu_MWa",-2.54675957504241,2.54675957504241,FALSE
"123-31-9","123-31-9","hydroquinone",-1.90385139213331,-2.46188982513012,0.511110119226472,-3.46366565881401,-1.46011399144623,"var_mu_MWa",0.55803843299681,0.55803843299681,TRUE
"123-31-9","123-31-9","hydroquinone",-2.41644259377425,-2.46188982513012,0.511110119226472,-3.46366565881401,-1.46011399144623,"var_mu_MWa",0.0454472313558703,0.0454472313558703,TRUE
"123-31-9","123-31-9","hydroquinone",-2.95,-2.74006187856302,0.542186075939366,-3.80274658740418,-1.67737716972187,"var_mu_MWa",-0.209938121436976,0.209938121436976,TRUE
"124-94-7","124-94-7","triamcinolone",-5.40011692792631,-4.51043013453493,1.14619100730623,-6.75696450885514,-2.26389576021472,"var_mu_MWa",-0.889686793391376,0.889686793391376,TRUE
"131-11-3","131-11-3","dimethyl phthalate",-1.55258483591006,-1.89467532558698,0.524339725407172,-2.92238118738504,-0.866969463788922,"var_mu_MWa",0.342090489676919,0.342090489676919,TRUE
"131-11-3","131-11-3","dimethyl phthalate",-1.64782103953418,-1.89467532558698,0.524339725407172,-2.92238118738504,-0.866969463788922,"var_mu_MWa",0.246854286052799,0.246854286052799,TRUE
"135-19-3","135-19-3","beta-naphthol; 2-naphthol",-1.5543957967264,-1.76770254289842,0.482717397946643,-2.71382864287384,-0.821576442923,"var_mu_MWa",0.213306746172021,0.213306746172021,TRUE
"135-19-3","135-19-3","beta-naphthol; 2-naphthol",-1.20065945054642,-1.6903521230442,0.474722197130954,-2.62080762942087,-0.759896616667532,"var_mu_MWa",0.489692672497781,0.489692672497781,TRUE
"13523-86-9","13523-86-9","pindolol",-3.70333480973847,-3.21129011788916,0.736541380117755,-4.65491122291996,-1.76766901285836,"var_mu_MWa",-0.49204469184931,0.49204469184931,TRUE
"13655-52-2","13655-52-2","alprenolol",-2.78664164637561,-3.03980612182242,0.710426641565131,-4.43224233929008,-1.64736990435477,"var_mu_MWa",0.253164475446813,0.253164475446813,TRUE
"137-58-6","137-58-6","lidocaine",-2.40120949323688,-1.99425961397239,0.557981056547896,-3.08790248480626,-0.900616743138511,"var_mu_MWa",-0.406949879264493,0.406949879264493,TRUE
"137-58-6","137-58-6","lidocaine",-2.52287874528034,-1.99992805892964,0.558470117482555,-3.09452948919545,-0.905326628663836,"var_mu_MWa",-0.522950686350696,0.522950686350696,TRUE
"137-58-6","137-58-6","lidocaine",-2.52287874528034,-1.99992805892964,0.558470117482555,-3.09452948919545,-0.905326628663836,"var_mu_MWa",-0.522950686350696,0.522950686350696,TRUE
"141-05-9","141-05-9","diethyl maleate",-1.66740097646667,-1.9112639052808,0.513884677820582,-2.91847787380914,-0.904049936752458,"var_mu_MWa",0.24386292881413,0.24386292881413,TRUE
"141-05-9","141-05-9","diethyl maleate",-1.58608416024509,-1.9112639052808,0.513884677820582,-2.91847787380914,-0.904049936752458,"var_mu_MWa",0.32517974503571,0.32517974503571,TRUE
"14199-15-6","14199-15-6","methyl 4-hydroxyphenylacetate",-1.69897000433602,-1.90872934673111,0.5093617748972,-2.90707842552962,-0.910380267932593,"var_mu_MWa",0.209759342395086,0.209759342395086,TRUE
"143-08-8","143-08-8","n-nonanol",-1.22184874961636,-1.03150375830544,0.416825902907126,-1.84848252800341,-0.214524988607478,"var_mu_MWa",-0.190344991310915,0.190344991310915,TRUE
"143-08-8","143-08-8","nonanol",-1.22184874961636,-1.17354243538076,0.429217728703734,-2.01480918364007,-0.332275687121437,"var_mu_MWa",-0.0483063142356044,0.0483063142356044,TRUE
"14371-10-9","14371-10-9","trans-cinnamaldehyde",-1.55307871254876,-1.47175417416074,0.450147210549129,-2.35404270683703,-0.589465641484445,"var_mu_MWa",-0.0813245383880215,0.0813245383880215,TRUE
"14371-10-9","14371-10-9","trans-cinnamaldehyde",-1.38433498624321,-1.47175417416074,0.450147210549129,-2.35404270683703,-0.589465641484445,"var_mu_MWa",0.0874191879175286,0.0874191879175286,TRUE
"145-13-1","145-13-1","hydroxypregnenolone",-3.22184874961636,-3.25489372947185,0.819668482151818,-4.86144395448941,-1.64834350445429,"var_mu_MWa",0.0330449798554895,0.0330449798554895,TRUE
"145-13-1","145-13-1","pregnenolone",-2.82390874094432,-2.89494740642648,0.744953606645552,-4.35505647545176,-1.43483833740119,"var_mu_MWa",0.0710386654821562,0.0710386654821562,TRUE
"146-72-5","146-72-5","methylglucose",-3.68026950566978,-4.14635766818049,0.85484642414311,-5.82185665950099,-2.47085867686,"var_mu_MWa",0.466088162510711,0.466088162510711,TRUE
"1638-22-8","1638-22-8","p-n-butylphenol; 4-butylphenol",-1.11463877996849,-1.14530763180162,0.426568260358498,-1.98138142210428,-0.309233841498966,"var_mu_MWa",0.0306688518331311,0.0306688518331311,TRUE
"16590-41-3","16590-41-3","naltrexone",-2.6664407795091,-2.96958391220808,0.77402837081228,-4.48667951900015,-1.45248830541601,"var_mu_MWa",0.303143132698976,0.303143132698976,TRUE
"17194-82-0","17194-82-0","alfa-(4-hydroxyphenyl) acetamide",-3.34678748622466,-2.86990366349302,0.616487401392149,-4.07821897022163,-1.66158835676441,"var_mu_MWa",-0.47688382273164,0.47688382273164,TRUE
"18979-50-5","18979-50-5","4-propoxyphenol",-1.82490330536304,-1.61022256740528,0.470977327815612,-2.53333812992388,-0.687107004886682,"var_mu_MWa",-0.214680737957758,0.214680737957758,TRUE
"2152-44-5","2152-44-5","betamethasone-17-valerate",-2.88041422503822,-3.97993633294664,1.101582367128,-6.13903777251753,-1.82083489337576,"var_mu_MWa",1.09952210790842,1.09952210790842,TRUE
"2203-97-6","2203-97-6","hydrocortisone-21-hemisuccinate",-3.20065945054642,-3.78501586744103,1.05400848653583,-5.85087250105127,-1.7191592338308,"var_mu_MWa",0.584356416894612,0.584356416894612,TRUE
"2493-02-9","2493-02-9","4-bromophenyl isocyanate",-1.84100559902551,-1.41774704687086,0.475090994041218,-2.34892539519165,-0.486568698550074,"var_mu_MWa",-0.423258552154649,0.423258552154649,TRUE
"2493-02-9","2493-02-9","4-bromophenyl isocyanate",-1.75134980127003,-1.41774704687086,0.475090994041218,-2.34892539519165,-0.486568698550074,"var_mu_MWa",-0.333602754399169,0.333602754399169,TRUE
"26839-75-8","26839-75-8","timolol",-3.57016261901271,-2.47871899013761,0.666297292813602,-3.78466168405227,-1.17277629622295,"var_mu_MWa",-1.0914436288751,1.0914436288751,TRUE
"26839-75-8","26839-75-8","timolol",-3.53521248035406,-2.40846802084501,0.655855608074607,-3.69394501267124,-1.12299102901879,"var_mu_MWa",-1.12674445950905,1.12674445950905,TRUE
"2871-01-4","2871-01-4","hc red no. 3; 2-(4-amino-2-nitroanilino)-ethanol",-1.67058885168866,-2.51390120455913,0.598204634738627,-3.68638228864684,-1.34142012047142,"var_mu_MWa",0.843312352870472,0.843312352870472,TRUE
"2871-01-4","2871-01-4","hc red no. 3; 2-(4-amino-2-nitroanilino)-ethanol",-2.32271042397763,-2.51390120455913,0.598204634738627,-3.68638228864684,-1.34142012047142,"var_mu_MWa",0.191190780581501,0.191190780581501,TRUE
"29122-68-7","29122-68-7","atenolol",-3.96657624451305,-3.49812949945729,0.799426993612185,-5.06500640693717,-1.93125259197741,"var_mu_MWa",-0.468446745055762,0.468446745055762,TRUE
"31005-02-4","31005-02-4","7-ethoxycoumarin",-0.781780143112531,-2.13604475755956,0.536534120521749,-3.18765163378218,-1.08443788133693,"var_mu_MWa",1.35426461444702,1.35426461444702,FALSE
"31005-02-4","31005-02-4","7-ethoxycoumarin",-0.919153916982604,-2.13604475755956,0.536534120521749,-3.18765163378218,-1.08443788133693,"var_mu_MWa",1.21689084057695,1.21689084057695,FALSE
"333-41-5","333-41-5","diazinon",-2.06048074738138,-2.20638126080554,0.631423655872281,-3.44397162631521,-0.968790895295865,"var_mu_MWa",0.145900513424156,0.145900513424156,TRUE
"3360-41-6","3360-41-6","4-phenylbutanol",-1.08092190762393,-1.50436723989343,0.458108785162833,-2.40226045881258,-0.60647402097428,"var_mu_MWa",0.423445332269502,0.423445332269502,TRUE
"3593-96-2","3593-96-2","hydrocortisone-21-hexanoate; hydrocortisone caproate",-2,-3.52395466561152,0.959492222329034,-5.40455942137642,-1.64334990984661,"var_mu_MWa",1.52395466561152,1.52395466561152,TRUE
"3930-20-9","3930-20-9","sotalol",-4.31984585826563,-3.35196163370404,0.779873394011018,-4.88051348596563,-1.82340978144244,"var_mu_MWa",-0.967884224561595,0.967884224561595,TRUE
"3930-20-9","3930-20-9","sotalol",-3.88598470867013,-3.35196163370404,0.779873394011018,-4.88051348596563,-1.82340978144244,"var_mu_MWa",-0.534023074966095,0.534023074966095,TRUE
"3930-20-9","3930-20-9","sotalol",-4.17986287404271,-3.35196163370404,0.779873394011018,-4.88051348596563,-1.82340978144244,"var_mu_MWa",-0.827901240338675,0.827901240338675,TRUE
"42200-33-9","42200-33-9","nadolol",-4.10127481841051,-3.37955736659298,0.815300018581719,-4.97754540301315,-1.78156933017281,"var_mu_MWa",-0.721717451817531,0.721717451817531,TRUE
"437-38-7","437-38-7","fentanyl base",-1.96286612872332,-2.09610379885603,0.639888925285521,-3.35028609241565,-0.841921505296404,"var_mu_MWa",0.133237670132706,0.133237670132706,TRUE
"463-40-1","463-40-1","linolenic acid",-2.431798275933,-1.80519670493962,0.565354801011457,-2.91329211492207,-0.69710129495716,"var_mu_MWa",-0.626601570993384,0.626601570993384,TRUE
"499-75-2","499-75-2","iso-thymol; carvacrol",-1.25336580106242,-1.23068383932349,0.434295980385575,-2.08190396087922,-0.379463717767768,"var_mu_MWa",-0.0226819617389251,0.0226819617389251,TRUE
"50-2-2","50-2-2","dexamethasone",-4.19382002601611,-4.14920981675369,1.06094040059164,-6.22865300191331,-2.06976663159407,"var_mu_MWa",-0.0446102092624194,0.0446102092624194,TRUE
"50-22-6","50-22-6","corticosterone",-2.24178591486039,-3.16171179025846,0.837689243763977,-4.80358270803586,-1.51984087248107,"var_mu_MWa",0.919925875398071,0.919925875398071,TRUE
"50-22-6","50-22-6","corticosterone",-2.35454840605954,-3.16171179025846,0.837689243763977,-4.80358270803586,-1.51984087248107,"var_mu_MWa",0.807163384198921,0.807163384198921,TRUE
"50-22-6","50-22-6","corticosterone",-3.16494389827988,-3.19063048657609,0.843069511282142,-4.84304672868909,-1.53821424446309,"var_mu_MWa",0.0256865882962125,0.0256865882962125,TRUE
"50-22-6","50-22-6","corticosterone",-4,-3.28440443881142,0.860754822223528,-4.97148389036953,-1.5973249872533,"var_mu_MWa",-0.715595561188581,0.715595561188581,TRUE
"50-22-6","50-22-6","corticosterone",-3.33468369530231,-3.18505661144292,0.8420298210888,-4.83543506077697,-1.53467816210887,"var_mu_MWa",-0.149627083859391,0.149627083859391,TRUE
"50-22-6","50-22-6","corticosterone",-3.52287874528034,-3.28704152158654,0.861257490251414,-4.97510620247931,-1.59897684069377,"var_mu_MWa",-0.235837223693798,0.235837223693798,TRUE
"50-22-6","50-22-6","corticosterone",-3.52287874528034,-3.29048993934764,0.861388005537355,-4.97881043020085,-1.60216944849442,"var_mu_MWa",-0.232388805932704,0.232388805932704,TRUE
"50-22-6","50-22-6","corticosterone",-4,-3.2819575557983,0.859762418118251,-4.96709189531007,-1.59682321628652,"var_mu_MWa",-0.718042444201703,0.718042444201703,TRUE
"50-22-6","50-22-6","corticosterone",-3.26587485567249,-3.26938178303691,0.857896866832289,-4.9508596420282,-1.58790392404563,"var_mu_MWa",0.00350692736442371,0.00350692736442371,TRUE
"50-22-6","50-22-6","corticosterone",-2.58587485567249,-3.14055317826055,0.833774488659842,-4.77475117603384,-1.50635518048726,"var_mu_MWa",0.554678322588063,0.554678322588063,TRUE
"50-22-6","50-22-6","corticosterone",-4.22184874961636,-3.28169427518397,0.860238529561137,-4.9677617931238,-1.59562675724415,"var_mu_MWa",-0.940154474432385,0.940154474432385,TRUE
"50-22-6","50-22-6","corticosterone",-4.67571754470231,-3.29300174562981,0.862394681250875,-4.98329532088153,-1.6027081703781,"var_mu_MWa",-1.3827157990725,1.3827157990725,TRUE
"50-22-6","50-22-6","corticosterone",-3.23418248469008,-3.18276374383881,0.842117644646174,-4.83331432734531,-1.53221316033231,"var_mu_MWa",-0.0514187408512665,0.0514187408512665,TRUE
"50-23-7","50-23-7","hydrocortisone",-2.01894154396037,-3.61091554651985,0.866244310637118,-5.3087543953686,-1.9130766976711,"var_mu_MWa",1.59197400255948,1.59197400255948,TRUE
"50-23-7","50-23-7","hydrocortisone",-2.68163603566894,-3.61091554651985,0.866244310637118,-5.3087543953686,-1.9130766976711,"var_mu_MWa",0.929279510850914,0.929279510850914,TRUE
"50-23-7","50-23-7","hydrocortisone",-3.63827216398241,-3.48898192719612,0.844426382504512,-5.14405763690497,-1.83390621748728,"var_mu_MWa",-0.149290236786287,0.149290236786287,TRUE
"50-23-7","50-23-7","hydrocortisone",-3.63870046691906,-3.57283312692502,0.859379976294374,-5.257217880462,-1.88844837338805,"var_mu_MWa",-0.0658673399940373,0.0658673399940373,TRUE
"50-23-7","50-23-7","hydrocortisone",-5.52287874528034,-3.6883129934947,0.880364573430461,-5.4138275574184,-1.96279842957099,"var_mu_MWa",-1.83456575178564,1.83456575178564,FALSE
"50-23-7","50-23-7","hydrocortisone",-5.52724355068279,-3.70206337959459,0.882897142587808,-5.4325417790667,-1.97158498012249,"var_mu_MWa",-1.8251801710882,1.8251801710882,FALSE
"50-24-8","50-24-8","prednisolone",-4.32790214206428,-3.82410154687191,0.952027373512795,-5.69007519895699,-1.95812789478683,"var_mu_MWa",-0.503800595192371,0.503800595192371,TRUE
"50-27-1","50-27-1","estriol",-4.39794000867204,-3.57536693188266,0.830487089157673,-5.2031216266317,-1.94761223713362,"var_mu_MWa",-0.822573076789384,0.822573076789384,TRUE
"50-28-2","50-28-2","beta-estradiol",-2.38721614328026,-2.71171179933206,0.676084293298721,-4.03683701419755,-1.38658658446657,"var_mu_MWa",0.3244956560518,0.3244956560518,TRUE
"50-28-2","50-28-2","beta-estradiol",-2.01233373507373,-2.50953851023587,0.646967723568881,-3.77759524843088,-1.24148177204086,"var_mu_MWa",0.49720477516214,0.49720477516214,TRUE
"50-28-2","50-28-2","beta-estradiol",-3.52287874528034,-2.69841935591437,0.674143551569318,-4.01974071699023,-1.37709799483851,"var_mu_MWa",-0.824459389365969,0.824459389365969,TRUE
"50-28-2","50-28-2","beta-estradiol",-2.28149831113273,-2.59038287897971,0.658462724804596,-3.88096981959672,-1.2997959383627,"var_mu_MWa",0.30888456784698,0.30888456784698,TRUE
"50-28-2","50-28-2","estradiol",-1.98581560249872,-2.59038287897971,0.658462724804596,-3.88096981959672,-1.2997959383627,"var_mu_MWa",0.60456727648099,0.60456727648099,TRUE
"50-28-2","50-28-2","estradiol",-4.69680394257951,-2.55125086254669,0.652873387061835,-3.83088270118788,-1.27161902390549,"var_mu_MWa",-2.14555308003282,2.14555308003282,FALSE
"50-28-2","50-28-2","estradiol",-2.36451625318509,-2.55125086254669,0.652873387061835,-3.83088270118788,-1.27161902390549,"var_mu_MWa",0.186734609361597,0.186734609361597,TRUE
"50-28-2","50-28-2","estradiol",-2.38090666937326,-2.71171179933206,0.676084293298721,-4.03683701419755,-1.38658658446657,"var_mu_MWa",0.3308051299588,0.3308051299588,TRUE
"50-28-2","50-28-2","estradiol",-2.21324857785444,-2.50941793492502,0.64693714633254,-3.7774147417368,-1.24142112811324,"var_mu_MWa",0.296169357070578,0.296169357070578,TRUE
"50-28-2","50-28-2","estradiol",-2.49485002168009,-2.71183416587253,0.676116511990925,-4.03702252937475,-1.38664580237032,"var_mu_MWa",0.216984144192445,0.216984144192445,TRUE
"50-28-2","50-28-2","estradiol",-2.52287874528034,-2.71171179933206,0.676084293298721,-4.03683701419755,-1.38658658446657,"var_mu_MWa",0.18883305405172,0.18883305405172,TRUE
"50-28-2","50-28-2","estradiol",-2.52287874528034,-2.7093365375524,0.675748740602175,-4.03380406913266,-1.38486900597214,"var_mu_MWa",0.186457792272058,0.186457792272058,TRUE
"50-28-2","50-28-2","estradiol",-2.52287874528034,-2.7093365375524,0.675748740602175,-4.03380406913266,-1.38486900597214,"var_mu_MWa",0.186457792272058,0.186457792272058,TRUE
"50-28-2","50-28-2","estradiol",-2.08008551934057,-2.55125086254669,0.652873387061835,-3.83088270118788,-1.27161902390549,"var_mu_MWa",0.471165343206116,0.471165343206116,TRUE
"50-28-2","50-28-2","estradiol",-2.34969247686806,-2.59038287897971,0.658462724804596,-3.88096981959672,-1.2997959383627,"var_mu_MWa",0.24069040211165,0.24069040211165,TRUE
"50-28-2","50-28-2","estradiol",-2.51173374958299,-2.59038287897971,0.658462724804596,-3.88096981959672,-1.2997959383627,"var_mu_MWa",0.0786491293967195,0.0786491293967195,TRUE
"51-21-8","51-21-8","5-fluorouracil",-4.52574969288748,-3.61830604885752,0.700242596421018,-4.99078153784271,-2.24583055987233,"var_mu_MWa",-0.90744364402996,0.90744364402996,TRUE
"51-21-8","51-21-8","5-fluorouracil",-4.72894468964132,-3.62693204390581,0.701492775067912,-5.00185788303892,-2.2520062047727,"var_mu_MWa",-1.10201264573551,1.10201264573551,TRUE
"51-21-8","51-21-8","5-fluorouracil",-4.47108329972234,-3.61830604885752,0.700242596421018,-4.99078153784271,-2.24583055987233,"var_mu_MWa",-0.85277725086482,0.85277725086482,TRUE
"51-21-8","51-21-8","5-fluorouracil (+ - + -)",-4.46597389394386,-3.62693204390581,0.701492775067912,-5.00185788303892,-2.2520062047727,"var_mu_MWa",-0.839041850038051,0.839041850038051,TRUE
"512-69-6","512-69-6","raffinose",-4.85472588171206,-4.73840842081933,1.40077200830728,-7.4839215571016,-1.99289528453706,"var_mu_MWa",-0.116317460892727,0.116317460892727,TRUE
"512-69-6","512-69-6","raffinose",-4.29756946355447,-4.90692457691293,1.45436882645835,-7.7574874767713,-2.05636167705457,"var_mu_MWa",0.609355113358463,0.609355113358463,TRUE
"513-85-9","513-85-9","2,3-butanediol",-4.30102999566398,-3.06691868044939,0.591230449242353,-4.2257303609644,-1.90810699993438,"var_mu_MWa",-1.23411131521459,1.23411131521459,FALSE
"51384-51-1","51384-51-1","metoprolol",-3.52461940685664,-3.04314614411952,0.724358937991015,-4.46288966258191,-1.62340262565713,"var_mu_MWa",-0.481473262737123,0.481473262737123,TRUE
"52-39-1","52-39-1","aldosterone",-4.23657200643706,-3.55308722550548,0.908687412657326,-5.33411455431384,-1.77205989669712,"var_mu_MWa",-0.683484780931578,0.683484780931578,TRUE
"52-39-1","52-39-1","aldosterone",-4.74835790885864,-3.46179825340766,0.89030843683124,-5.2068027895969,-1.71679371721843,"var_mu_MWa",-1.28655965545098,1.28655965545098,TRUE
"52-39-1","52-39-1","aldosterone",-4.30102999566398,-3.64118862685411,0.926682810428305,-5.45748693529359,-1.82489031841463,"var_mu_MWa",-0.65984136880987,0.65984136880987,TRUE
"52-39-1","52-39-1","aldosterone",-4.52287874528034,-3.60567281677108,0.919416536091451,-5.40772922751032,-1.80361640603183,"var_mu_MWa",-0.917205928509264,0.917205928509264,TRUE
"52-39-1","52-39-1","aldosterone",-4.52287874528034,-3.43397538061355,0.884845543013543,-5.1682726449201,-1.69967811630701,"var_mu_MWa",-1.08890336466679,1.08890336466679,TRUE
"52-39-1","52-39-1","aldosterone",-4.01233373507373,-3.28394623204879,0.855703308122822,-4.96112471596952,-1.60676774812806,"var_mu_MWa",-0.728387503024943,0.728387503024943,TRUE
"53-06-5","53-06-5","cortisone",-3.82390874094432,-3.63769722119722,0.913082101238184,-5.42733813962407,-1.84805630277038,"var_mu_MWa",-0.186211519747096,0.186211519747096,TRUE
"53-06-5","53-06-5","cortisone",-5,-3.75848549948139,0.93738548002152,-5.59576104032356,-1.92120995863921,"var_mu_MWa",-1.24151450051861,1.24151450051861,TRUE
"53-16-7","53-16-7","estrone",-2.44369749923271,-3.07334585072513,0.73075541534042,-4.50562646479235,-1.64106523665791,"var_mu_MWa",0.629648351492421,0.629648351492421,TRUE
"53-96-3","53-96-3","2-(acetylamino)fluorene",-1.16052197602182,-2.59475095462166,0.615105695312137,-3.80035811743345,-1.38914379180988,"var_mu_MWa",1.43422897859984,1.43422897859984,FALSE
"53-96-3","53-96-3","2-(acetylamino)fluorene",-1.10756666442663,-2.59475095462166,0.615105695312137,-3.80035811743345,-1.38914379180988,"var_mu_MWa",1.48718429019503,1.48718429019503,FALSE
"533-73-3","533-73-3","1,2,4-benzenetriol",-3.9,-2.81056131855983,0.58827597022466,-3.96358222020016,-1.6575404169195,"var_mu_MWa",-1.08943868144017,1.08943868144017,TRUE
"53535-33-4","53535-33-4","heptanol",-1.42481215507234,-1.34292059132627,0.432839882152793,-2.19128676034574,-0.494554422306794,"var_mu_MWa",-0.0818915637460724,0.0818915637460724,TRUE
"53535-33-4","53535-33-4","heptanol",-1.49485002168009,-1.40388585761743,0.438368593060384,-2.26308830001578,-0.544683415219075,"var_mu_MWa",-0.0909641640626626,0.0909641640626626,TRUE
"53535-33-4","53535-33-4","n-heptanol",-1.49485002168009,-1.24226230976404,0.423863747255608,-2.07303525438503,-0.41148936514305,"var_mu_MWa",-0.252587711916048,0.252587711916048,TRUE
"554-84-7","554-84-7","m-nitrophenol; 3-nitrophenol",-2.24848294855394,-1.99658094519502,0.504219304193644,-2.98485078141456,-1.00831110897548,"var_mu_MWa",-0.251902003358918,0.251902003358918,TRUE
"56-81-5","56-81-5","glycerol",-4.56863623584101,-3.58344679931916,0.667160713511961,-4.8910817978026,-2.27581180083571,"var_mu_MWa",-0.985189436521855,0.985189436521855,TRUE
"56-81-5","56-81-5","glycerol",-3.00594693641232,-3.62566070046669,0.673042704070956,-4.94482440044577,-2.30649700048762,"var_mu_MWa",0.619713764054374,0.619713764054374,TRUE
"56030-54-7","56030-54-7","sufentanil base",-1.81815641205523,-2.64094632854588,0.75052559007224,-4.11197648508747,-1.16991617200429,"var_mu_MWa",0.822789916490651,0.822789916490651,TRUE
"57-13-6","57-13-6","urea",-3.82973828460504,-3.62356651294333,0.710231299835876,-5.01561986062164,-2.23151316526501,"var_mu_MWa",-0.206171771661713,0.206171771661713,TRUE
"57-13-6","57-13-6","urea",-3.95233580539844,-3.54510630672951,0.696674111327218,-4.91058756493086,-2.17962504852816,"var_mu_MWa",-0.40722949866893,0.40722949866893,TRUE
"57-13-6","57-13-6","urea",-3.92564441915299,-3.64022143961907,0.713142887948125,-5.03798149999739,-2.24246137924074,"var_mu_MWa",-0.285422979533925,0.285422979533925,TRUE
"57-13-6","57-13-6","urea",-3.69494112531286,-3.6690556891815,0.718211894624742,-5.076751002646,-2.26136037571701,"var_mu_MWa",-0.0258854361313592,0.0258854361313592,TRUE
"57-13-6","57-13-6","urea",-3.55495653854982,-3.61818441525621,0.709292953716214,-5.00839860453999,-2.22797022597243,"var_mu_MWa",0.0632278767063927,0.0632278767063927,TRUE
"57-13-6","57-13-6","urea",-3.5970511706556,-3.64022143961907,0.713142887948125,-5.03798149999739,-2.24246137924074,"var_mu_MWa",0.0431702689634652,0.0431702689634652,TRUE
"57-13-6","57-13-6","urea",-3.55720677406023,-3.64022143961907,0.713142887948125,-5.03798149999739,-2.24246137924074,"var_mu_MWa",0.0830146655588351,0.0830146655588351,TRUE
"57-50-1","57-50-1","sucrose",-5.0268721464003,-5.51220947839597,1.43994367901656,-8.33449908926843,-2.6899198675235,"var_mu_MWa",0.485337331995666,0.485337331995666,TRUE
"57-50-1","57-50-1","sucrose",-5.2839966563652,-5.57772325101876,1.46300615927649,-8.44521532320068,-2.71023117883685,"var_mu_MWa",0.293726594653564,0.293726594653564,TRUE
"57-50-1","57-50-1","sucrose",-4.76200316671127,-5.51220947839597,1.43994367901656,-8.33449908926843,-2.6899198675235,"var_mu_MWa",0.750206311684696,0.750206311684696,TRUE
"57-50-1","57-50-1","sucrose",-4.26905630657226,-5.51220947839597,1.43994367901656,-8.33449908926843,-2.6899198675235,"var_mu_MWa",1.24315317182371,1.24315317182371,TRUE
"57-50-1","57-50-1","sucrose",-4.36451625318509,-5.51220947839597,1.43994367901656,-8.33449908926843,-2.6899198675235,"var_mu_MWa",1.14769322521088,1.14769322521088,TRUE
"57-50-1","57-50-1","sucrose",-3.13406733180681,-5.51220947839597,1.43994367901656,-8.33449908926843,-2.6899198675235,"var_mu_MWa",2.37814214658916,2.37814214658916,TRUE
"57-83-0","57-83-0","progesterone",-1.52287874528034,-2.52100788936511,0.669833975776315,-3.83388248188669,-1.20813329684353,"var_mu_MWa",0.998129144084773,0.998129144084773,TRUE
"57-83-0","57-83-0","progesterone",-1.70344032687277,-2.43892299238701,0.657983445669595,-3.72857054589942,-1.14927543887461,"var_mu_MWa",0.735482665514241,0.735482665514241,TRUE
"57-83-0","57-83-0","progesterone",-1.88605664769316,-2.5876058157031,0.679653731246983,-3.91972712894718,-1.25548450245901,"var_mu_MWa",0.701549168009936,0.701549168009936,TRUE
"57-83-0","57-83-0","progesterone",-1.69897000433602,-2.66348649939133,0.690959648380981,-4.01776741021806,-1.30920558856461,"var_mu_MWa",0.964516495055314,0.964516495055314,TRUE
"57-83-0","57-83-0","progesterone",-2.82390874094432,-2.57591470248015,0.677924217931911,-3.90464616962669,-1.2471832353336,"var_mu_MWa",-0.247994038464173,0.247994038464173,TRUE
"58-08-2","58-08-2","caffeine",-3.80687540164554,-3.42123925006422,0.710450350515263,-4.81372193707413,-2.0287565630543,"var_mu_MWa",-0.385636151581324,0.385636151581324,TRUE
"58-08-2","58-08-2","caffeine",-4.58586563707645,-3.52927307210492,0.726022432125648,-4.95227703907119,-2.10626910513865,"var_mu_MWa",-1.05659256497153,1.05659256497153,TRUE
"58-08-2","58-08-2","caffeine",-1.60220380347052,-3.50575644172532,0.722603919330684,-4.92206012361346,-2.08945275983718,"var_mu_MWa",1.9035526382548,1.9035526382548,FALSE
"58-08-2","58-08-2","caffeine",-2.60631808276205,-3.50575644172532,0.722603919330684,-4.92206012361346,-2.08945275983718,"var_mu_MWa",0.899438358963272,0.899438358963272,TRUE
"58-08-2","58-08-2","caffeine",-4.15490195998574,-3.53991339023447,0.727569586126479,-4.96594977904237,-2.11387700142658,"var_mu_MWa",-0.614988569751266,0.614988569751266,TRUE
"58-08-2","58-08-2","caffeine",-3.69897000433602,-3.49882723683868,0.721599723738351,-4.91316269536585,-2.08449177831151,"var_mu_MWa",-0.20014276749734,0.20014276749734,TRUE
"58-22-0","58-22-0","testosterone",-2.0571655062299,-2.52163308821057,0.668989575641417,-3.83285265646774,-1.21041351995339,"var_mu_MWa",0.464467581980665,0.464467581980665,TRUE
"58-22-0","58-22-0","testosterone",-2.04694894237348,-2.4709771172469,0.661842752463505,-3.76818891207537,-1.17376532241843,"var_mu_MWa",0.424028174873422,0.424028174873422,TRUE
"58-22-0","58-22-0","testosterone",-1.64633962279966,-2.54699187415841,0.67259627186538,-3.86528056701455,-1.22870318130226,"var_mu_MWa",0.900652251358748,0.900652251358748,TRUE
"58-22-0","58-22-0","testosterone",-1.41570671752568,-2.50504452419124,0.666640709385566,-3.81166031458695,-1.19842873379553,"var_mu_MWa",1.08933780666556,1.08933780666556,TRUE
"58-22-0","58-22-0","testosterone",-2.27083521030723,-2.64386987507318,0.68655485487848,-3.989517390635,-1.29822235951136,"var_mu_MWa",0.373034664765949,0.373034664765949,TRUE
"58-22-0","58-22-0","testosterone",-2.38875983135141,-2.46403997919001,0.6608549552367,-3.75931569145394,-1.16876426692607,"var_mu_MWa",0.0752801478385954,0.0752801478385954,TRUE
"58-22-0","58-22-0","testosterone",-2.65757731917779,-2.59762934772159,0.679841104058003,-3.93011791167528,-1.26514078376791,"var_mu_MWa",-0.0599479714561961,0.0599479714561961,TRUE
"58-22-0","58-22-0","testosterone",-2.65757731917779,-2.59168793143442,0.678676621287608,-3.92189410915813,-1.26148175371071,"var_mu_MWa",-0.065889387743371,0.065889387743371,TRUE
"58-22-0","58-22-0","testosterone",-2.65757731917779,-2.59168793143442,0.678676621287608,-3.92189410915813,-1.26148175371071,"var_mu_MWa",-0.065889387743371,0.065889387743371,TRUE
"58-22-0","58-22-0","testosterone",-3.39794000867204,-2.58357810037564,0.67781869407133,-3.91210274075544,-1.25505345999583,"var_mu_MWa",-0.814361908296403,0.814361908296403,TRUE
"58-22-0","58-22-0","testosterone",-3.06752623532285,-2.59762934772159,0.679841104058003,-3.93011791167528,-1.26514078376791,"var_mu_MWa",-0.469896887601256,0.469896887601256,TRUE
"58-22-0","58-22-0","testosterone",-2.13194363817696,-2.46851783467088,0.661182051086308,-3.76443465480005,-1.17260101454172,"var_mu_MWa",0.336574196493924,0.336574196493924,TRUE
"58-54-8","58-54-8","ethacrynic acid",-3.82390874094432,-2.54391735033233,0.669736284671753,-3.85660046828896,-1.23123423237569,"var_mu_MWa",-1.27999139061199,1.27999139061199,TRUE
"59-05-2","59-05-2","methotrexate",-3.40160112979023,-4.77813632425745,1.27468001274215,-7.27650914923206,-2.27976349928284,"var_mu_MWa",1.37653519446722,1.37653519446722,TRUE
"59-50-7","59-50-7","chlorocresol",-1.26406804435028,-1.52928110874111,0.460100702878007,-2.431078486382,-0.627483731100211,"var_mu_MWa",0.265213064390825,0.265213064390825,TRUE
"59-50-7","59-50-7","chlorocresol",-1.65255620893436,-1.50100054056286,0.457561881762108,-2.39782182881659,-0.604179252309132,"var_mu_MWa",-0.151555668371497,0.151555668371497,TRUE
"60-12-8","60-12-8","2-phenylethanol",-1.25963731050576,-1.8267319385123,0.47668401282859,-2.76103260365633,-0.892431273368261,"var_mu_MWa",0.567094628006537,0.567094628006537,TRUE
"60-12-8","60-12-8","2-phenylethanol",-2.11527250510331,-1.93359325121386,0.487824047339083,-2.88972838399847,-0.97745811842926,"var_mu_MWa",-0.181679253889447,0.181679253889447,TRUE
"610-81-1","610-81-1","4-amino-3-nitrophenol",-2.1297393876227,-2.35281370027433,0.553924316319276,-3.43850536026011,-1.26712204028855,"var_mu_MWa",0.223074312651633,0.223074312651633,TRUE
"610-81-1","610-81-1","4-amino-3-nitrophenol",-2.26671923730847,-2.35281370027433,0.553924316319276,-3.43850536026011,-1.26712204028855,"var_mu_MWa",0.0860944629658627,0.0860944629658627,TRUE
"614-18-6","614-18-6","nicotinate, ethyl",-3.10790539730952,-1.92411560514814,0.492834612655901,-2.89007144595371,-0.958159764342575,"var_mu_MWa",-1.18378979216138,1.18378979216138,FALSE
"614-18-6","614-18-6","nicotinate, ethyl",-3.08618614761628,-1.95273845041656,0.496031626159368,-2.92496043768892,-0.980516463144198,"var_mu_MWa",-1.13344769719972,1.13344769719972,FALSE
"623-05-2","623-05-2","4-hydroxybenzyl alcohol",-2.69897000433602,-2.31800365149022,0.531703210410124,-3.36014194389406,-1.27586535908637,"var_mu_MWa",-0.380966352845804,0.380966352845804,TRUE
"63-36-5","63-36-5","salicylate",-3.96686900819185,-2.72429738169552,0.583825413266341,-3.86859519169755,-1.57999957169349,"var_mu_MWa",-1.24257162649633,1.24257162649633,FALSE
"64-17-5","64-17-5","ethanol",-2.72124639904717,-3.08506415231434,0.590412260130638,-4.24227218217039,-1.92785612245829,"var_mu_MWa",0.363817753267168,0.363817753267168,TRUE
"64-17-5","64-17-5","ethanol",-3.09691001300806,-3.06261243405328,0.587435310557733,-4.21398564274644,-1.91123922536013,"var_mu_MWa",-0.0342975789547766,0.0342975789547766,TRUE
"64-17-5","64-17-5","ethanol",-3.09691001300806,-3.19940082866487,0.60576742106737,-4.38670497395692,-2.01209668337283,"var_mu_MWa",0.102490815656811,0.102490815656811,TRUE
"64-19-7","64-19-7","acetic acid",-2.77786589964853,-2.82752616122642,0.556677734819209,-3.91861452147207,-1.73643780098077,"var_mu_MWa",0.0496602615778863,0.0496602615778863,TRUE
"64-85-7","64-85-7","cortexone",-3.34678748622466,-2.69574937503831,0.719807674945683,-4.10657241793184,-1.28492633214477,"var_mu_MWa",-0.651038111186355,0.651038111186355,TRUE
"65-85-0","65-85-0","benzoic acid",-2.11918640771921,-1.94041670982139,0.490389735074203,-2.90158059056682,-0.979252829075949,"var_mu_MWa",-0.178769697897824,0.178769697897824,TRUE
"65-85-0","65-85-0","benzoic acid",-1.50863830616573,-1.87257283977658,0.483366633810397,-2.81997144204496,-0.925174237508201,"var_mu_MWa",0.363934533610849,0.363934533610849,TRUE
"65-85-0","65-85-0","benzoic acid",-1.50863830616573,-1.87257283977658,0.483366633810397,-2.81997144204496,-0.925174237508201,"var_mu_MWa",0.363934533610849,0.363934533610849,TRUE
"66-27-3","66-27-3","methyl methanesulfonate",-1.91205408690953,-2.70319648333794,0.565470754326885,-3.81151916181864,-1.59487380485725,"var_mu_MWa",0.791142396428411,0.791142396428411,TRUE
"66-27-3","66-27-3","methyl methanesulfonate",-2.06776764179179,-2.70319648333794,0.565470754326885,-3.81151916181864,-1.59487380485725,"var_mu_MWa",0.635428841546151,0.635428841546151,TRUE
"6677-98-1","6677-98-1","hydrocortisone-21-propionate",-2.46852108295775,-3.7053305451165,0.970721034487572,-5.60794377271214,-1.80271731752086,"var_mu_MWa",1.23680946215875,1.23680946215875,TRUE
"67-56-1","67-56-1","methanol",-3.30102999566398,-3.21837337561025,0.60004406296075,-4.39445973901332,-2.04228701220718,"var_mu_MWa",-0.0826566200537302,0.0826566200537302,TRUE
"67-56-1","67-56-1","methanol",-3.30102999566398,-3.34549573763617,0.617439665318984,-4.55567748166138,-2.13531399361096,"var_mu_MWa",0.0444657419721906,0.0444657419721906,TRUE
"67-56-1","67-56-1","methanol",-2.79588001734407,-3.28626947711731,0.609262273201258,-4.48042353259178,-2.09211542164285,"var_mu_MWa",0.490389459773243,0.490389459773243,TRUE
"68-96-2","68-96-2","17-alfa-hydroxyprogesterone",-3.22184874961636,-3.58869313559858,0.873827387449482,-5.30139481499957,-1.8759914561976,"var_mu_MWa",0.366844385982223,0.366844385982223,TRUE
"69-29-7","69-29-7","ethyl ether",-1.79588001734408,-2.29277884696698,0.50050088675433,-3.27376058500547,-1.31179710892849,"var_mu_MWa",0.496898829622901,0.496898829622901,TRUE
"69-65-8","69-65-8","mannitol",-4.72681868815271,-4.12239985897492,0.888878337338945,-5.86460140015926,-2.38019831779059,"var_mu_MWa",-0.604418829177787,0.604418829177787,TRUE
"69-65-8","69-65-8","mannitol",-4,-4.53410978160172,0.985240473008926,-6.46518110869921,-2.60303845450422,"var_mu_MWa",0.534109781601718,0.534109781601718,TRUE
"69-65-8","69-65-8","mannitol",-4.68257958814785,-4.06398591965472,0.875857822906468,-5.7806672525514,-2.34730458675804,"var_mu_MWa",-0.618593668493128,0.618593668493128,TRUE
"69-65-8","69-65-8","mannitol",-4.45692576496647,-4.06461533611214,0.876157792354053,-5.78188460912608,-2.34734606309819,"var_mu_MWa",-0.392310428854334,0.392310428854334,TRUE
"69-65-8","69-65-8","mannitol",-4.77257756999574,-4.52238167842216,0.982356789348798,-6.4478009855458,-2.59696237129851,"var_mu_MWa",-0.250195891573583,0.250195891573583,TRUE
"69-65-8","69-65-8","mannitol",-4.43830246734601,-4.06461533611214,0.876157792354053,-5.78188460912608,-2.34734606309819,"var_mu_MWa",-0.373687131233874,0.373687131233874,TRUE
"69-65-8","69-65-8","mannitol",-4.18810341360238,-4.54465077403711,0.987839494541391,-6.48081618333824,-2.60848536473599,"var_mu_MWa",0.356547360434734,0.356547360434734,TRUE
"69-65-8","69-65-8","mannitol",-4.00436480540245,-4.4879889327794,0.973948941560759,-6.39692885823848,-2.57904900732031,"var_mu_MWa",0.483624127376945,0.483624127376945,TRUE
"69-65-8","69-65-8","mannitol",-3.97265039222524,-4.55589200408558,0.99061872379818,-6.49750470273001,-2.61427930544115,"var_mu_MWa",0.583241611860342,0.583241611860342,TRUE
"69-65-8","69-65-8","mannitol",-3.1536628878702,-4.06398591965472,0.875857822906468,-5.7806672525514,-2.34730458675804,"var_mu_MWa",0.910323031784522,0.910323031784522,TRUE
"69-72-7","69-72-7","salicylic acid",-3.03151705144606,-1.96846568784584,0.494504799245294,-2.93769509436661,-0.999236281325061,"var_mu_MWa",-1.06305136360022,1.06305136360022,FALSE
"69-72-7","69-72-7","salicylic acid",-1.34678748622466,-1.99449351877877,0.497358325752465,-2.9693158372536,-1.01967120030393,"var_mu_MWa",0.647706032554105,0.647706032554105,TRUE
"71-23-8","71-23-8","n-propanol",-2.92081875395238,-2.93574217477794,0.578342781213046,-4.06929402595551,-1.80219032360037,"var_mu_MWa",0.0149234208255593,0.0149234208255593,TRUE
"71-23-8","71-23-8","propanol",-2.76955107862173,-3.01666637589467,0.588899737859498,-4.17090986209929,-1.86242288969006,"var_mu_MWa",0.247115297272945,0.247115297272945,TRUE
"71-23-8","71-23-8","propanol",-2.92081875395238,-3.07577621883438,0.596770405205751,-4.24544621303765,-1.90610622463111,"var_mu_MWa",0.154957464881999,0.154957464881999,TRUE
"71-36-3","71-36-3","butanol",-2.52287874528034,-2.10658680532549,0.48419709985481,-3.05561312104092,-1.15756048961006,"var_mu_MWa",-0.416291939954852,0.416291939954852,TRUE
"71-36-3","71-36-3","butanol",-2.10237290870956,-2.05327367825823,0.478645302870813,-2.99141847188502,-1.11512888463143,"var_mu_MWa",-0.0490992304513336,0.0490992304513336,TRUE
"71-36-3","71-36-3","butanol",-2.65757731917779,-2.16078704665356,0.489907292658906,-3.12100534026502,-1.2005687530421,"var_mu_MWa",-0.49679027252423,0.49679027252423,TRUE
"71-36-3","71-36-3","butanol",-2.65757731917779,-2.1608504104677,0.489924226980185,-3.12110189534887,-1.20059892558654,"var_mu_MWa",-0.496726908710086,0.496726908710086,TRUE
"71-36-3","71-36-3","butanol",-2.60205999132796,-2.16078704665356,0.489907292658906,-3.12100534026502,-1.2005687530421,"var_mu_MWa",-0.4412729446744,0.4412729446744,TRUE
"71-36-3","71-36-3","n-butanol",-2.60205999132796,-2.03225373643225,0.476483854287725,-2.9661620908362,-1.09834538202831,"var_mu_MWa",-0.569806254895705,0.569806254895705,TRUE
"71-41-0","71-41-0","n-pentanol",-2.22184874961636,-1.77240438767867,0.455563239842981,-2.66530833777092,-0.879500437586431,"var_mu_MWa",-0.449444361937687,0.449444361937687,TRUE
"71-41-0","71-41-0","pentanol",-2.22184874961636,-1.91578726772915,0.469846628072911,-2.83668665875205,-0.994887876706241,"var_mu_MWa",-0.306061481887213,0.306061481887213,TRUE
"71-43-0","71-43-0","benzene",-0.954285941059132,-1.30149519515601,0.404748006455619,-2.09480128780902,-0.508189102503,"var_mu_MWa",0.34720925409688,0.34720925409688,TRUE
"71-43-0","71-43-0","benzene",-0.795880017344075,-1.37722765121722,0.411373763530222,-2.18352022773645,-0.57093507469798,"var_mu_MWa",0.58134763387314,0.58134763387314,TRUE
"71-91-0","71-91-0","tetraethylammonium",-3.25387553642834,-5.17262602172987,0.842902762783439,-6.82471543678541,-3.52053660667433,"var_mu_MWa",1.91875048530153,1.91875048530153,FALSE
"71-91-0","71-91-0","tetraethylammonium bromide (+)",-3.36815053784018,-5.1339526747391,0.837486446907894,-6.77542611067857,-3.49247923879963,"var_mu_MWa",1.76580213689892,1.76580213689892,FALSE
"76-25-5","76-25-5","triamcinolone acetonide",-3.40230481407449,-4.6244596393271,1.23314624258033,-7.04142627478455,-2.20749300386964,"var_mu_MWa",1.22215482525261,1.22215482525261,TRUE
"76-25-5","76-25-5","triamcinolone acetonide",-4.70663744528855,-4.7781568230612,1.27534468811784,-7.27783241177216,-2.27848123435025,"var_mu_MWa",0.0715193777726544,0.0715193777726544,TRUE
"76180-96-6","76180-96-6","3-methyl-3h-imidazo[4,5-f]quinolin-2-amine",-2.07218350508968,-3.51316556142347,0.733078763663263,-4.94999993820346,-2.07633118464347,"var_mu_MWa",1.44098205633379,1.44098205633379,FALSE
"76180-96-6","76180-96-6","3-methyl-3h-imidazo[4,5-f]quinolin-2-amine",-2.43056359552234,-3.51316556142347,0.733078763663263,-4.94999993820346,-2.07633118464347,"var_mu_MWa",1.08260196590113,1.08260196590113,TRUE
"7732-18-5","7732-18-5","water",-2.80687540164554,-3.63738874942756,0.694532230378036,-4.99867192096851,-2.27610557788661,"var_mu_MWa",0.830513347782016,0.830513347782016,TRUE
"7732-18-5","7732-18-5","water",-2.98540960554622,-3.63738874942756,0.694532230378036,-4.99867192096851,-2.27610557788661,"var_mu_MWa",0.651979143881336,0.651979143881336,TRUE
"7732-18-5","7732-18-5","water",-2.80966830182971,-3.61330286232353,0.690446425662717,-4.96657785662246,-2.26002786802461,"var_mu_MWa",0.803634560493823,0.803634560493823,TRUE
"7732-18-5","7732-18-5","water",-3.14997431819434,-3.61331698545731,0.690459086835251,-4.9666167956544,-2.26001717526021,"var_mu_MWa",0.463342667262967,0.463342667262967,TRUE
"7732-18-5","7732-18-5","water",-3.07058107428571,-3.63738874942756,0.694532230378036,-4.99867192096851,-2.27610557788661,"var_mu_MWa",0.566807675141846,0.566807675141846,TRUE
"7732-18-5","7732-18-5","water",-3.24233473501217,-3.61330286232353,0.690446425662717,-4.96657785662246,-2.26002786802461,"var_mu_MWa",0.370968127311363,0.370968127311363,TRUE
"7732-18-5","7732-18-5","water",-3.45621525646938,-3.61330286232353,0.690446425662717,-4.96657785662246,-2.26002786802461,"var_mu_MWa",0.157087605854152,0.157087605854152,TRUE
"7732-18-5","7732-18-5","water",-3.27134965805094,-3.61330286232353,0.690446425662717,-4.96657785662246,-2.26002786802461,"var_mu_MWa",0.341953204272593,0.341953204272593,TRUE
"7732-18-5","7732-18-5","water",-3.15476521541715,-3.62532599836687,0.692482954616245,-4.98259258941471,-2.26805940731904,"var_mu_MWa",0.470560782949724,0.470560782949724,TRUE
"7732-18-5","7732-18-5","water",-3.52287874528034,-3.69830598907564,0.704974145930438,-5.0800553150993,-2.31655666305198,"var_mu_MWa",0.175427243795301,0.175427243795301,TRUE
"7732-18-5","7732-18-5","water",-3.5,-3.69830598907564,0.704974145930438,-5.0800553150993,-2.31655666305198,"var_mu_MWa",0.198305989075641,0.198305989075641,TRUE
"78-93-3","78-93-3","2-butanone",-2.34678748622466,-2.52674602436048,0.527393146012574,-3.56043659054513,-1.49305545817584,"var_mu_MWa",0.179958538135824,0.179958538135824,TRUE
"84-66-2","84-66-2","diethyl phthalate",-1.70509308939481,-1.70604375528225,0.518919902342402,-2.72312676387336,-0.688960746691142,"var_mu_MWa",0.000950665887439861,0.000950665887439861,TRUE
"87-66-1","87-66-1","pyrogallol",-2.81,-2.76234301253476,0.58712356922137,-3.91310520820865,-1.61158081686087,"var_mu_MWa",-0.0476569874652397,0.0476569874652397,TRUE
"88-04-0","88-04-0","chloroxylenol",-1.22875360095283,-1.60068390506923,0.471768531589199,-2.52535022698406,-0.676017583154403,"var_mu_MWa",0.371930304116403,0.371930304116403,TRUE
"88-04-0","88-04-0","chloroxylenol",-1.09474395125155,-1.5126370224104,0.462679912467522,-2.41948965084675,-0.60578439397406,"var_mu_MWa",0.417893071158854,0.417893071158854,TRUE
"88-06-2","88-06-2","2,4,6-trichlorophenol",-1.23275783168158,-1.55779590763676,0.48892082552431,-2.51608072566441,-0.599511089609113,"var_mu_MWa",0.325038075955181,0.325038075955181,TRUE
"88-18-6","88-18-6","o-t-butylphenol",-1.12842706445412,-1.232298367402,0.434234424924975,-2.08339784025495,-0.381198894549045,"var_mu_MWa",0.103871302947876,0.103871302947876,TRUE
"89-83-8","89-83-8","thymol; 2-isopropyl-5-methylphenol",-1.27607480270083,-1.38587500014646,0.451106595944497,-2.27004392819767,-0.501706072095247,"var_mu_MWa",0.109800197445631,0.109800197445631,TRUE
"89-83-8","89-83-8","thymol; 2-isopropyl-5-methylphenol",-1.21324857785444,-1.29923478248261,0.443008207556906,-2.16753086929415,-0.430938695671075,"var_mu_MWa",0.0859862046281712,0.0859862046281712,TRUE
"90-15-3","90-15-3","naphthol",-1.58502665202918,-1.60589912429904,0.468885372421651,-2.52491445424547,-0.686883794352601,"var_mu_MWa",0.0208724722698577,0.0208724722698577,TRUE
"90-15-3","90-15-3","naphthol",-1.52287874528034,-1.60589912429904,0.468885372421651,-2.52491445424547,-0.686883794352601,"var_mu_MWa",0.0830203790186976,0.0830203790186976,TRUE
"91-20-3","91-20-3","naphthalene",-1.55111528700206,-1.21445487889924,0.421890181784127,-2.04135963519613,-0.387550122602349,"var_mu_MWa",-0.336660408102821,0.336660408102821,TRUE
"91-20-3","91-20-3","naphthalene",-1.78220214249451,-1.21445487889924,0.421890181784127,-2.04135963519613,-0.387550122602349,"var_mu_MWa",-0.567747263595271,0.567747263595271,TRUE
"92-48-8","92-48-8","6-methylcoumarin",-1.18136926112576,-2.18115857093006,0.530468284440635,-3.22087640843371,-1.14144073342642,"var_mu_MWa",0.999789309804302,0.999789309804302,TRUE
"92-48-8","92-48-8","6-methylcoumarin",-1.331936361143,-2.18115857093006,0.530468284440635,-3.22087640843371,-1.14144073342642,"var_mu_MWa",0.849222209787062,0.849222209787062,TRUE
"93-60-7","93-60-7","nicotinate, methyl",-3.30980391997149,-2.10871240339908,0.506081959408941,-3.1006330438406,-1.11679176295756,"var_mu_MWa",-1.20109151657241,1.20109151657241,FALSE
"93-60-7","93-60-7","nicotinate, methyl",-3.27572413039921,-2.12345865800178,0.507743638652671,-3.11863618976101,-1.12828112624254,"var_mu_MWa",-1.15226547239743,1.15226547239743,FALSE
"937-20-2","937-20-2","2,4-dichloroacetophenone",-0.743772935647774,-2.13526081879818,0.541000506552312,-3.19562181164071,-1.07489982595565,"var_mu_MWa",1.39148788315041,1.39148788315041,FALSE
"937-20-2","937-20-2","2,4-dichloroacetophenone",-1.86052608660328,-2.13526081879818,0.541000506552312,-3.19562181164071,-1.07489982595565,"var_mu_MWa",0.274734732194902,0.274734732194902,TRUE
"94-13-3","94-13-3","propylparaben",-1.67615465544754,-1.61713388556192,0.48737798932046,-2.57239474463002,-0.661873026493817,"var_mu_MWa",-0.0590207698856211,0.0590207698856211,TRUE
"94-13-3","94-13-3","propylparaben",-1.26606734367858,-1.6723418754895,0.493093351424695,-2.6388048442819,-0.705878906697095,"var_mu_MWa",0.406274531810917,0.406274531810917,TRUE
"94-13-3","94-13-3","propylparaben",-1.20290590120029,-1.6723418754895,0.493093351424695,-2.6388048442819,-0.705878906697095,"var_mu_MWa",0.469435974289207,0.469435974289207,TRUE
"94-26-8","94-26-8","butylparaben",-0.981299501333757,-1.40856249698508,0.471744447434831,-2.33318161395735,-0.483943380012815,"var_mu_MWa",0.427262995651327,0.427262995651327,TRUE
"94-26-8","94-26-8","butylparaben",-1.15242734085789,-1.46327199570815,0.477273833953229,-2.39872871025648,-0.527815281159819,"var_mu_MWa",0.310844654850258,0.310844654850258,TRUE
"95-48-7","95-48-7","o-cresol",-1.80172783601759,-1.79761638291047,0.468111529917771,-2.7151149815493,-0.88011778427164,"var_mu_MWa",-0.00411145310711825,0.00411145310711825,TRUE
"95-54-5","95-54-5","o-phenylenediamine",-3.34678748622466,-2.45719737642253,0.535758077848749,-3.50728320900607,-1.40711154383898,"var_mu_MWa",-0.889590109802133,0.889590109802133,TRUE
"95-57-8","95-57-8","o-chlorophenol",-1.48044892137827,-1.75919057055879,0.473989330225473,-2.68820965780072,-0.830171483316864,"var_mu_MWa",0.278741649180521,0.278741649180521,TRUE
"95-65-8","95-65-8","3,4-xylenol",-1.44278385671974,-1.67422474542987,0.462558672339678,-2.58083974321564,-0.767609747644099,"var_mu_MWa",0.231440888710129,0.231440888710129,TRUE
"97-00-7","97-00-7","2,4-dinitrochlorobenzene",-1.57500847696703,-1.89186256935106,0.528047406653236,-2.9268354863914,-0.856889652310718,"var_mu_MWa",0.316854092384031,0.316854092384031,TRUE
"97-00-7","97-00-7","2,4-dinitrochlorobenzene",-1.50012264373278,-1.89186256935106,0.528047406653236,-2.9268354863914,-0.856889652310718,"var_mu_MWa",0.391739925618281,0.391739925618281,TRUE
"97-53-0","97-53-0","eugenol",-1.592980675785,-1.6033850640548,0.478777350534521,-2.54178867110246,-0.664981457007139,"var_mu_MWa",0.0104043882697993,0.0104043882697993,TRUE
"97-53-0","97-53-0","eugenol",-1.555243965633,-1.6033850640548,0.478777350534521,-2.54178867110246,-0.664981457007139,"var_mu_MWa",0.0481410984217994,0.0481410984217994,TRUE
"97-54-1","97-54-1","isoeugenol",-1.74568406057766,-1.51761477156371,0.469834202737609,-2.43848980892943,-0.596739734197999,"var_mu_MWa",-0.228069289013947,0.228069289013947,TRUE
"97-54-1","97-54-1","isoeugenol",-1.41300909711301,-1.51761477156371,0.469834202737609,-2.43848980892943,-0.596739734197999,"var_mu_MWa",0.104605674450703,0.104605674450703,TRUE
"98-86-2","98-86-2","acetophenone",-1.62740828480895,-1.70330145167599,0.466276157758391,-2.61720272088244,-0.789400182469547,"var_mu_MWa",0.0758931668670435,0.0758931668670435,TRUE
"98-86-2","98-86-2","acetophenone",-1.56017144166374,-1.70330145167599,0.466276157758391,-2.61720272088244,-0.789400182469547,"var_mu_MWa",0.143130010012253,0.143130010012253,TRUE
"99-76-3","99-76-3","methylparaben",-1.67358220444561,-1.9382837044342,0.508685611614156,-2.93530750319795,-0.941259905670454,"var_mu_MWa",0.26470149998859,0.26470149998859,TRUE
"99-76-3","99-76-3","methylparaben",-1.96257350205938,-1.97046562542332,0.512194847627608,-2.97436752677343,-0.96656372407321,"var_mu_MWa",0.0078921233639413,0.0078921233639413,TRUE
"99-76-3","99-76-3","methylparaben",-2.03394335230684,-2.06551942131002,0.522481782890162,-3.08958371577474,-1.04145512684531,"var_mu_MWa",0.0315760690031839,0.0315760690031839,TRUE
"99-76-3","99-76-3","methylparaben",-2.07572071393812,-2.00460435313125,0.515775748264754,-3.01552481973016,-0.993683886532328,"var_mu_MWa",-0.0711163608068741,0.0711163608068741,TRUE
"100-02-7","100-02-7","p-nitrophenol; 4-nitrophenol",-2.25,-2.03770374796171,0.587004165378239,-3.18823191210306,-0.887175583820362,"var_mu_Mptc",-0.212296252038289,0.212296252038289,TRUE
"100-39-0","100-39-0","benzyl bromide",-1.54511979359646,-1.42036712418141,0.426699358754145,-2.25669786733954,-0.584036381023289,"var_mu_Mptc",-0.124752669415047,0.124752669415047,TRUE
"100-39-0","100-39-0","benzyl bromide",-1.89202735976865,-1.42036712418141,0.426699358754145,-2.25669786733954,-0.584036381023289,"var_mu_Mptc",-0.471660235587237,0.471660235587237,TRUE
"100-51-6","100-51-6","benzyl alcohol",-2.22205999132796,-2.08072679174499,0.450607613359855,-2.96391771393031,-1.19753586955968,"var_mu_Mptc",-0.141333199582968,0.141333199582968,TRUE
"1002-62-6","1002-62-6","sodium caprate; decanoic acid soap (c10:0)",-2.95233580539844,-2.40779744870224,0.803852411219131,-3.98334817469173,-0.832246722712739,"var_mu_Mptc",-0.544538356696204,0.544538356696204,TRUE
"103-11-7","103-11-7","2-ethylhexyl acrylate",-2.11289007326765,-1.36354803345962,0.344238643210627,-2.03825577415245,-0.688840292766795,"var_mu_Mptc",-0.749342039808026,0.749342039808026,FALSE
"103-11-7","103-11-7","2-ethylhexyl acrylate",-1.82434537155519,-1.36354803345962,0.344238643210627,-2.03825577415245,-0.688840292766795,"var_mu_Mptc",-0.460797338095566,0.460797338095566,TRUE
"104-54-1","104-54-1","cinnamyl alcohol",-1.54329916349423,-1.64125504052657,0.472917354645003,-2.56817305563077,-0.71433702542236,"var_mu_Mptc",0.0979558770323368,0.0979558770323368,TRUE
"104-54-1","104-54-1","cinnamyl alcohol",-1.47890341621095,-1.64125504052657,0.472917354645003,-2.56817305563077,-0.71433702542236,"var_mu_Mptc",0.162351624315617,0.162351624315617,TRUE
"104-85-8","104-85-8","p-tolunitrile",-1.34336049829281,-1.52101151650438,0.463286406007837,-2.42905287227974,-0.612970160729016,"var_mu_Mptc",0.177651018211566,0.177651018211566,TRUE
"104-85-8","104-85-8","p-tolunitrile",-1.51076062352006,-1.52101151650438,0.463286406007837,-2.42905287227974,-0.612970160729016,"var_mu_Mptc",0.0102508929843166,0.0102508929843166,TRUE
"10521-91-2","10521-91-2","5-phenylpentanol",-0.94692155651658,-1.38442829721116,0.461242485812247,-2.28846356940317,-0.480393025019161,"var_mu_Mptc",0.437506740694584,0.437506740694584,TRUE
"106-24-1","106-24-1","geraniol",-0.986619380204979,-1.19137097164775,0.407183970173719,-1.98945155318824,-0.393290390107262,"var_mu_Mptc",0.204751591442771,0.204751591442771,TRUE
"106-24-1","106-24-1","geraniol",-1.01401437058883,-1.19137097164775,0.407183970173719,-1.98945155318824,-0.393290390107262,"var_mu_Mptc",0.17735660105892,0.17735660105892,TRUE
"106-41-3","106-41-3","p-bromophenol",-1.43951925261862,-1.8559382569203,0.516249878829219,-2.86778801942557,-0.844088494415029,"var_mu_Mptc",0.416419004301677,0.416419004301677,TRUE
"106-44-5","106-44-5","p-cresol",-0.920818753952375,-1.66795818335287,0.473975238640701,-2.59694965108865,-0.738966715617098,"var_mu_Mptc",0.747139429400497,0.747139429400497,TRUE
"106-44-5","106-44-5","p-cresol",-1.74875360095283,-1.78603627729049,0.480967822517667,-2.72873320942511,-0.843339345155858,"var_mu_Mptc",0.0372826763376559,0.0372826763376559,TRUE
"106-48-9","106-48-9","p-chlorophenol",-1.44875360095283,-1.73553820839342,0.488553035192645,-2.693102157371,-0.777974259415835,"var_mu_Mptc",0.286784607440589,0.286784607440589,TRUE
"106-50-3","106-50-3","p-phenylenediamine",-3.61978875828839,-2.7201868960606,0.679441684329149,-4.05189259734573,-1.38848119477547,"var_mu_Mptc",-0.89960186222779,0.89960186222779,TRUE
"108-39-4","108-39-4","m-cresol",-1.81172783601759,-1.76907117098768,0.459154642797977,-2.66901427087171,-0.869128071103642,"var_mu_Mptc",-0.0426566650299118,0.0426566650299118,TRUE
"108-46-3","108-46-3","resorcinol",-2.42023266087399,-2.73982465525628,0.635056495644889,-3.98453538672026,-1.49511392379229,"var_mu_Mptc",0.319591994382286,0.319591994382286,TRUE
"108-46-3","108-46-3","resorcinol",-2.35642808060813,-2.73982465525628,0.635056495644889,-3.98453538672026,-1.49511392379229,"var_mu_Mptc",0.383396574648146,0.383396574648146,TRUE
"108-46-3","108-46-3","resorcinol",-3.07,-2.70335911014931,0.632256115044786,-3.94258109563709,-1.46413712466153,"var_mu_Mptc",-0.366640889850686,0.366640889850686,TRUE
"108-46-3","108-46-3","resorcinol; 1,3-benzenediol",-3.62291335664286,-2.80279489885189,0.639921545232267,-4.05704112750713,-1.54854867019665,"var_mu_Mptc",-0.820118457790972,0.820118457790972,TRUE
"108-73-6","108-73-6","phloroglucinol",-2.51,-2.87102678084272,0.808255356557643,-4.4552072796957,-1.28684628198974,"var_mu_Mptc",0.361026780842721,0.361026780842721,TRUE
"108-88-3","108-88-3","toluene",-0.0809219076239261,-1.31181254120065,0.310643195361125,-1.92067320410846,-0.702951878292847,"var_mu_Mptc",1.23089063357673,1.23089063357673,FALSE
"108-95-2","108-95-2","phenol",-2.03,-1.95389142697615,0.485264669960212,-2.90501018009817,-1.00277267385414,"var_mu_Mptc",-0.0761085730238458,0.0761085730238458,TRUE
"108-95-2","108-95-2","phenol",-2.08907809237607,-1.99911210135809,0.488291752955519,-2.95616393715091,-1.04206026556527,"var_mu_Mptc",-0.0899659910179795,0.0899659910179795,TRUE
"108-95-2","108-95-2","phenol",-1.70996538863748,-1.94817606826775,0.484883420646419,-2.89854757273473,-0.997804563800768,"var_mu_Mptc",0.238210679630269,0.238210679630269,TRUE
"108-95-2","108-95-2","phenol",-3.82792274303052,-2.02396707726149,0.489963585276358,-2.98429570440316,-1.06363845011983,"var_mu_Mptc",-1.80395566576902,1.80395566576902,FALSE
"110-80-5","110-80-5","2-ethoxy ethanol",-3.60205999132796,-2.95493080144137,0.416841634298703,-3.77194040466683,-2.13792119821592,"var_mu_Mptc",-0.647129189886586,0.647129189886586,TRUE
"111-27-3","111-27-3","hexanol",-1.49485002168009,-1.47589954943106,0.39556274075859,-2.25120252131789,-0.700596577544223,"var_mu_Mptc",-0.0189504722490308,0.0189504722490308,TRUE
"111-27-3","111-27-3","hexanol",-1.88605664769316,-1.62518573387918,0.402390405715169,-2.41387092908091,-0.836500538677454,"var_mu_Mptc",-0.260870913813976,0.260870913813976,TRUE
"111-27-3","111-27-3","n-hexanol",-1.88605664769316,-1.47350478187888,0.395448932767714,-2.2485846901036,-0.698424873654155,"var_mu_Mptc",-0.412551865814284,0.412551865814284,TRUE
"111-76-2","111-76-2","butoxyethanol",-2.25698018593163,-2.55786392421394,0.423059416965062,-3.38706038146546,-1.72866746696241,"var_mu_Mptc",0.300883738282305,0.300883738282305,TRUE
"111-87-5","111-87-5","n-octanol",-1.2839966563652,-1.14576932225766,0.414019964852788,-1.95724845336913,-0.3342901911462,"var_mu_Mptc",-0.138227334107536,0.138227334107536,TRUE
"111-87-5","111-87-5","octanol",-1.0301183562535,-1.13072645369427,0.413368742472937,-1.94092918894122,-0.320523718447309,"var_mu_Mptc",0.100608097440766,0.100608097440766,TRUE
"111-87-5","111-87-5","octanol",-1.15490195998574,-1.26945988647969,0.419413713573011,-2.09151076508279,-0.447409007876586,"var_mu_Mptc",0.114557926493948,0.114557926493948,TRUE
"111-87-5","111-87-5","octanol",-1.2839966563652,-1.31170829617321,0.421272085029916,-2.13740158283185,-0.486015009514575,"var_mu_Mptc",0.0277116398080102,0.0277116398080102,TRUE
"111-87-5","111-87-5","octanol",-1.21467016498923,-1.24176922115891,0.418200140043101,-2.06144149564338,-0.422096946674429,"var_mu_Mptc",0.027099056169676,0.027099056169676,TRUE
"112-30-1","112-30-1","decanol",-1.833220851329,-1.02694975666619,0.406847643710971,-1.82437113833969,-0.22952837499269,"var_mu_Mptc",-0.806271094662808,0.806271094662808,FALSE
"112-30-1","112-30-1","decanol",-1.95860731484178,-1.02630070650116,0.406812491462179,-1.82365318976703,-0.22894822323529,"var_mu_Mptc",-0.93230660834062,0.93230660834062,FALSE
"112-30-1","112-30-1","decanol",-1.14508697769214,-0.964322385997819,0.403469729436231,-1.75512305569283,-0.173521716302806,"var_mu_Mptc",-0.180764591694321,0.180764591694321,TRUE
"112-30-1","112-30-1","decanol",-1.04575749056068,-1.12189844145231,0.412022880436904,-1.92946328710864,-0.314333595795979,"var_mu_Mptc",0.0761409508916306,0.0761409508916306,TRUE
"112-30-1","112-30-1","decanol",-1.09691001300806,-1.17147792160458,0.414751350131598,-1.98439056786251,-0.358565275346645,"var_mu_Mptc",0.0745679085965161,0.0745679085965161,TRUE
"112-30-1","112-30-1","n-decanol",-1.09691001300806,-0.982879056932956,0.404467680795278,-1.7756357112917,-0.190122402574211,"var_mu_Mptc",-0.114030956075104,0.114030956075104,TRUE
"112-34-5","112-34-5","diethylene glycol monobutyl ether",-2.23600035701585,-3.0302842159387,0.392357797736996,-3.79930549950321,-2.26126293237418,"var_mu_Mptc",0.794283858922845,0.794283858922845,FALSE
"112-34-5","112-34-5","diethylene glycol monobutyl ether",-2.16688305055618,-3.0302842159387,0.392357797736996,-3.79930549950321,-2.26126293237418,"var_mu_Mptc",0.863401165382515,0.863401165382515,FALSE
"112-80-1","112-80-1","oleic acid",-2.88605664769316,-1.85008216543272,0.465530826712401,-2.76252258578903,-0.937641745076414,"var_mu_Mptc",-1.03597448226044,1.03597448226044,FALSE
"117-81-7","117-81-7","bis(2-ethylhexyl)phthalate",-4.09691001300806,-2.89317321180538,0.443559152364206,-3.76254915043923,-2.02379727317154,"var_mu_Mptc",-1.20373680120268,1.20373680120268,FALSE
"119-34-6","119-34-6","4-amino-2-nitrophenol",-4.06550154875643,-2.29150880653366,0.60791386849579,-3.48301998878541,-1.09999762428191,"var_mu_Mptc",-1.77399274222277,1.77399274222277,FALSE
"119-36-8","119-36-8","methyl salicylate",-1.44369749923271,-1.54743302749115,0.429016764836661,-2.388305886571,-0.70656016841129,"var_mu_Mptc",0.103735528258435,0.103735528258435,TRUE
"119-61-9","119-61-9","benzophenone",-1.24920613319746,-1.49743103743663,0.482590769269863,-2.44330894520557,-0.551553129667703,"var_mu_Mptc",0.248224904239174,0.248224904239174,TRUE
"119-61-9","119-61-9","benzophenone",-1.13822159828622,-1.49743103743663,0.482590769269863,-2.44330894520557,-0.551553129667703,"var_mu_Mptc",0.359209439150414,0.359209439150414,TRUE
"120-80-9","120-80-9","catechol",-2.51,-2.58824707916858,0.615042865132456,-3.7937310948282,-1.38276306350897,"var_mu_Mptc",0.0782470791685843,0.0782470791685843,TRUE
"120-83-2","120-83-2","2,4-dichlorophenol",-1.14874021557127,-1.37999511104453,0.468360371516693,-2.29798143921725,-0.462008782871815,"var_mu_Mptc",0.231254895473264,0.231254895473264,TRUE
"120-83-2","120-83-2","2,4-dichlorophenol",-1.22136169383427,-1.55990309718797,0.480849929930561,-2.50236895985188,-0.617437234524075,"var_mu_Mptc",0.338541403353705,0.338541403353705,TRUE
"1219-38-1","1219-38-1","octylparaben",-1.90585161784792,-1.34816024488738,0.47336865824267,-2.27596281504301,-0.420357674731743,"var_mu_Mptc",-0.557691372960543,0.557691372960543,TRUE
"122-57-6","122-57-6","benzylideneacetone",-1.40794873077454,-1.59576678525343,0.477298787412574,-2.53127240858207,-0.660261161924781,"var_mu_Mptc",0.187818054478886,0.187818054478886,TRUE
"122-57-6","122-57-6","benzylideneacetone",-1.11863375864077,-1.59576678525343,0.477298787412574,-2.53127240858207,-0.660261161924781,"var_mu_Mptc",0.477133026612656,0.477133026612656,TRUE
"123-07-9 ","123-07-9 ","p-ethylphenol",-1.46278385671974,-1.56789580750109,0.480690901220506,-2.51004997389328,-0.625741641108893,"var_mu_Mptc",0.105111950781345,0.105111950781345,TRUE
"123-31-9","123-31-9","hydroquinone",-5.0301183562535,-2.42035050462821,0.665233984966559,-3.72420911516266,-1.11649189409375,"var_mu_Mptc",-2.60976785162529,2.60976785162529,FALSE
"123-31-9","123-31-9","hydroquinone",-1.90385139213331,-2.39540455697827,0.662711564297542,-3.69431922300145,-1.09648989095509,"var_mu_Mptc",0.491553164844959,0.491553164844959,TRUE
"123-31-9","123-31-9","hydroquinone",-2.41644259377425,-2.39540455697827,0.662711564297542,-3.69431922300145,-1.09648989095509,"var_mu_Mptc",-0.0210380367959808,0.0210380367959808,TRUE
"123-31-9","123-31-9","hydroquinone",-2.95,-2.63768660916189,0.686112947664179,-3.98246798658368,-1.2929052317401,"var_mu_Mptc",-0.312313390838114,0.312313390838114,TRUE
"124-94-7","124-94-7","triamcinolone",-5.40011692792631,-4.49493673717315,1.09915284016522,-6.64927630389698,-2.34059717044931,"var_mu_Mptc",-0.905180190753164,0.905180190753164,TRUE
"131-11-3","131-11-3","dimethyl phthalate",-1.55258483591006,-1.92227572647944,0.461134465194486,-2.82609927826063,-1.01845217469825,"var_mu_Mptc",0.369690890569379,0.369690890569379,TRUE
"131-11-3","131-11-3","dimethyl phthalate",-1.64782103953418,-1.92227572647944,0.461134465194486,-2.82609927826063,-1.01845217469825,"var_mu_Mptc",0.27445468694526,0.27445468694526,TRUE
"135-19-3","135-19-3","beta-naphthol; 2-naphthol",-1.5543957967264,-1.73803260115233,0.579871870800581,-2.87458146792147,-0.601483734383193,"var_mu_Mptc",0.183636804425932,0.183636804425932,TRUE
"135-19-3","135-19-3","beta-naphthol; 2-naphthol",-1.20065945054642,-1.64838719820879,0.573920160920729,-2.77327071361342,-0.52350368280416,"var_mu_Mptc",0.447727747662369,0.447727747662369,TRUE
"13523-86-9","13523-86-9","pindolol",-3.70333480973847,-3.25106655798727,0.762736477347792,-4.74603005358894,-1.7561030623856,"var_mu_Mptc",-0.452268251751203,0.452268251751203,TRUE
"13655-52-2","13655-52-2","alprenolol",-2.78664164637561,-2.92891460845537,0.645419804894517,-4.19393742604863,-1.66389179086212,"var_mu_Mptc",0.142272962079762,0.142272962079762,TRUE
"137-58-6","137-58-6","lidocaine",-2.40120949323688,-2.00452783698539,0.531492049497407,-3.04625225400031,-0.962803419970471,"var_mu_Mptc",-0.39668165625149,0.39668165625149,TRUE
"137-58-6","137-58-6","lidocaine",-2.52287874528034,-2.00569140557764,0.531567094230248,-3.04756291026892,-0.963819900886351,"var_mu_Mptc",-0.517187339702703,0.517187339702703,TRUE
"137-58-6","137-58-6","lidocaine",-2.52287874528034,-2.00569140557764,0.531567094230248,-3.04756291026892,-0.963819900886351,"var_mu_Mptc",-0.517187339702703,0.517187339702703,TRUE
"141-05-9","141-05-9","diethyl maleate",-1.66740097646667,-1.97347183341875,0.448983309052961,-2.85347911916256,-1.09346454767495,"var_mu_Mptc",0.306070856952084,0.306070856952084,TRUE
"141-05-9","141-05-9","diethyl maleate",-1.58608416024509,-1.97347183341875,0.448983309052961,-2.85347911916256,-1.09346454767495,"var_mu_Mptc",0.387387673173664,0.387387673173664,TRUE
"14199-15-6","14199-15-6","methyl 4-hydroxyphenylacetate",-1.69897000433602,-1.88954937513236,0.511379901990545,-2.89185398303383,-0.887244767230889,"var_mu_Mptc",0.190579370796337,0.190579370796337,TRUE
"143-08-8","143-08-8","n-nonanol",-1.22184874961636,-1.06369140442366,0.410901179937241,-1.86905771710066,-0.258325091746672,"var_mu_Mptc",-0.158157345192697,0.158157345192697,TRUE
"143-08-8","143-08-8","nonanol",-1.22184874961636,-1.22353643153849,0.418486800046467,-2.04377055962956,-0.403302303447413,"var_mu_Mptc",0.00168768192212831,0.00168768192212831,TRUE
"14371-10-9","14371-10-9","trans-cinnamaldehyde",-1.55307871254876,-1.49786386841219,0.428490668423186,-2.33770557852163,-0.658022158302744,"var_mu_Mptc",-0.055214844136571,0.055214844136571,TRUE
"14371-10-9","14371-10-9","trans-cinnamaldehyde",-1.38433498624321,-1.49786386841219,0.428490668423186,-2.33770557852163,-0.658022158302744,"var_mu_Mptc",0.113528882168979,0.113528882168979,TRUE
"145-13-1","145-13-1","hydroxypregnenolone",-3.22184874961636,-3.0662411109012,0.927633020676815,-4.88440183142776,-1.24808039037465,"var_mu_Mptc",-0.155607638715157,0.155607638715157,TRUE
"145-13-1","145-13-1","pregnenolone",-2.82390874094432,-2.93896797428976,0.776711649708962,-4.46132280771932,-1.41661314086019,"var_mu_Mptc",0.115059233345437,0.115059233345437,TRUE
"146-72-5","146-72-5","methylglucose",-3.68026950566978,-4.03707019781442,0.823760290659317,-5.65164036750668,-2.42250002812216,"var_mu_Mptc",0.356800692144642,0.356800692144642,TRUE
"1638-22-8","1638-22-8","p-n-butylphenol; 4-butylphenol",-1.11463877996849,-1.17043019522839,0.437533431342248,-2.0279957206592,-0.312864669797588,"var_mu_Mptc",0.0557914152599035,0.0557914152599035,TRUE
"16590-41-3","16590-41-3","naltrexone",-2.6664407795091,-2.95150344250899,0.735266181702819,-4.39262515864651,-1.51038172637146,"var_mu_Mptc",0.285062662999889,0.285062662999889,TRUE
"17194-82-0","17194-82-0","alfa-(4-hydroxyphenyl) acetamide",-3.34678748622466,-2.78437828739407,0.732635374865561,-4.22034362213057,-1.34841295265757,"var_mu_Mptc",-0.562409198830593,0.562409198830593,TRUE
"18979-50-5","18979-50-5","4-propoxyphenol",-1.82490330536304,-1.60589322971261,0.49255261754655,-2.57129636010385,-0.640490099321373,"var_mu_Mptc",-0.21901007565043,0.21901007565043,TRUE
"2152-44-5","2152-44-5","betamethasone-17-valerate",-2.88041422503822,-4.13251088558171,0.866520395891286,-5.83089086152863,-2.43413090963479,"var_mu_Mptc",1.25209666054349,1.25209666054349,TRUE
"2203-97-6","2203-97-6","hydrocortisone-21-hemisuccinate",-3.20065945054642,-3.87677067425602,0.826244347227411,-5.49620959482175,-2.25733175369029,"var_mu_Mptc",0.676111223709601,0.676111223709601,TRUE
"2493-02-9","2493-02-9","4-bromophenyl isocyanate",-1.84100559902551,-1.44188681105573,0.471503301202169,-2.36603328141198,-0.517740340699479,"var_mu_Mptc",-0.399118787969779,0.399118787969779,TRUE
"2493-02-9","2493-02-9","4-bromophenyl isocyanate",-1.75134980127003,-1.44188681105573,0.471503301202169,-2.36603328141198,-0.517740340699479,"var_mu_Mptc",-0.309462990214299,0.309462990214299,TRUE
"26839-75-8","26839-75-8","timolol",-3.57016261901271,-2.55154108109694,0.567454418947465,-3.66375174223397,-1.43933041995991,"var_mu_Mptc",-1.01862153791577,1.01862153791577,TRUE
"26839-75-8","26839-75-8","timolol",-3.53521248035406,-2.47052937559844,0.561805275110831,-3.57166771481567,-1.36939103638121,"var_mu_Mptc",-1.06468310475562,1.06468310475562,TRUE
"2871-01-4","2871-01-4","hc red no. 3; 2-(4-amino-2-nitroanilino)-ethanol",-1.67058885168866,-2.54663771201875,0.641427129702347,-3.80383488623535,-1.28944053780215,"var_mu_Mptc",0.876048860330094,0.876048860330094,TRUE
"2871-01-4","2871-01-4","hc red no. 3; 2-(4-amino-2-nitroanilino)-ethanol",-2.32271042397763,-2.54663771201875,0.641427129702347,-3.80383488623535,-1.28944053780215,"var_mu_Mptc",0.223927288041124,0.223927288041124,TRUE
"29122-68-7","29122-68-7","atenolol",-3.96657624451305,-3.50156575777461,0.764098833785895,-4.99919947199496,-2.00393204355425,"var_mu_Mptc",-0.465010486738444,0.465010486738444,TRUE
"31005-02-4","31005-02-4","7-ethoxycoumarin",-0.781780143112531,-2.12617165368746,0.551319807021197,-3.206758475449,-1.04558483192591,"var_mu_Mptc",1.34439151057492,1.34439151057492,FALSE
"31005-02-4","31005-02-4","7-ethoxycoumarin",-0.919153916982604,-2.12617165368746,0.551319807021197,-3.206758475449,-1.04558483192591,"var_mu_Mptc",1.20701773670485,1.20701773670485,FALSE
"333-41-5","333-41-5","diazinon",-2.06048074738138,-2.25076879715016,0.609633086827476,-3.44564964733201,-1.0558879469683,"var_mu_Mptc",0.190288049768776,0.190288049768776,TRUE
"3360-41-6","3360-41-6","4-phenylbutanol",-1.08092190762393,-1.50523377399791,0.457941110481454,-2.40279835054156,-0.607669197454265,"var_mu_Mptc",0.424311866373984,0.424311866373984,TRUE
"3593-96-2","3593-96-2","hydrocortisone-21-hexanoate; hydrocortisone caproate",-2,-3.77307152003077,0.702987880120093,-5.15092776506615,-2.39521527499539,"var_mu_Mptc",1.77307152003077,1.77307152003077,FALSE
"3930-20-9","3930-20-9","sotalol",-4.31984585826563,-3.31027647998976,0.832560408610854,-4.94209488086703,-1.67845807911249,"var_mu_Mptc",-1.00956937827587,1.00956937827587,TRUE
"3930-20-9","3930-20-9","sotalol",-3.88598470867013,-3.31027647998976,0.832560408610854,-4.94209488086703,-1.67845807911249,"var_mu_Mptc",-0.575708228680371,0.575708228680371,TRUE
"3930-20-9","3930-20-9","sotalol",-4.17986287404271,-3.31027647998976,0.832560408610854,-4.94209488086703,-1.67845807911249,"var_mu_Mptc",-0.869586394052952,0.869586394052952,TRUE
"42200-33-9","42200-33-9","nadolol",-4.10127481841051,-3.37264507416796,0.711825370385169,-4.76782280012289,-1.97746734821303,"var_mu_Mptc",-0.728629744242553,0.728629744242553,TRUE
"437-38-7","437-38-7","fentanyl base",-1.96286612872332,-2.13921941692874,0.56220773582676,-3.24114657914919,-1.03729225470829,"var_mu_Mptc",0.176353288205417,0.176353288205417,TRUE
"463-40-1","463-40-1","linolenic acid",-2.431798275933,-1.97417112876873,0.448931626995516,-2.85407711767994,-1.09426513985752,"var_mu_Mptc",-0.457627147164271,0.457627147164271,TRUE
"499-75-2","499-75-2","iso-thymol; carvacrol",-1.25336580106242,-1.24380242449115,0.424365579848628,-2.07555896099446,-0.412045887987839,"var_mu_Mptc",-0.00956337657126971,0.00956337657126971,TRUE
"50-2-2","50-2-2","dexamethasone",-4.19382002601611,-4.12248689721655,1.03611058332247,-6.15326364052858,-2.09171015390452,"var_mu_Mptc",-0.0713331287995578,0.0713331287995578,TRUE
"50-22-6","50-22-6","corticosterone",-2.24178591486039,-3.16983714278972,0.784968456538283,-4.70837531760476,-1.63129896797469,"var_mu_Mptc",0.928051227929331,0.928051227929331,TRUE
"50-22-6","50-22-6","corticosterone",-2.35454840605954,-3.16983714278972,0.784968456538283,-4.70837531760476,-1.63129896797469,"var_mu_Mptc",0.815288736730181,0.815288736730181,TRUE
"50-22-6","50-22-6","corticosterone",-3.16494389827988,-3.21801138162571,0.789932193683874,-4.7662784812461,-1.66974428200532,"var_mu_Mptc",0.0530674833458322,0.0530674833458322,TRUE
"50-22-6","50-22-6","corticosterone",-4,-3.32657094611759,0.80123323109765,-4.89698807906898,-1.7561538131662,"var_mu_Mptc",-0.67342905388241,0.67342905388241,TRUE
"50-22-6","50-22-6","corticosterone",-3.33468369530231,-3.1972105581031,0.787785096827408,-4.74126934788481,-1.65315176832138,"var_mu_Mptc",-0.137473137199215,0.137473137199215,TRUE
"50-22-6","50-22-6","corticosterone",-3.52287874528034,-3.31807753111542,0.800343267634423,-4.88675033567889,-1.74940472655196,"var_mu_Mptc",-0.204801214164915,0.204801214164915,TRUE
"50-22-6","50-22-6","corticosterone",-3.52287874528034,-3.32334462909941,0.800895052195776,-4.89309893140313,-1.75359032679569,"var_mu_Mptc",-0.199534116180934,0.199534116180934,TRUE
"50-22-6","50-22-6","corticosterone",-4,-3.32394130249596,0.800957584066952,-4.89381816726718,-1.75406443772473,"var_mu_Mptc",-0.676058697504043,0.676058697504043,TRUE
"50-22-6","50-22-6","corticosterone",-3.26587485567249,-3.29781074254911,0.79822364917671,-4.86232909493546,-1.73329239016276,"var_mu_Mptc",0.0319358868766177,0.0319358868766177,TRUE
"50-22-6","50-22-6","corticosterone",-2.58587485567249,-3.14458371574679,0.782378888239179,-4.67804633669558,-1.611121094798,"var_mu_Mptc",0.558708860074302,0.558708860074302,TRUE
"50-22-6","50-22-6","corticosterone",-4.22184874961636,-3.31260231947946,0.799770083935173,-4.8801516839924,-1.74505295496652,"var_mu_Mptc",-0.909246430136903,0.909246430136903,TRUE
"50-22-6","50-22-6","corticosterone",-4.67571754470231,-3.32603441032522,0.801176982125228,-4.89634129529066,-1.75572752535977,"var_mu_Mptc",-1.34968313437709,1.34968313437709,TRUE
"50-22-6","50-22-6","corticosterone",-3.23418248469008,-3.20973776908659,0.789077477128987,-4.7563296242594,-1.66314591391377,"var_mu_Mptc",-0.024444715603491,0.024444715603491,TRUE
"50-23-7","50-23-7","hydrocortisone",-2.01894154396037,-3.58385702826176,0.852572539364401,-5.25489920541598,-1.91281485110753,"var_mu_Mptc",1.56491548430139,1.56491548430139,TRUE
"50-23-7","50-23-7","hydrocortisone",-2.68163603566894,-3.58385702826176,0.852572539364401,-5.25489920541598,-1.91281485110753,"var_mu_Mptc",0.902220992592816,0.902220992592816,TRUE
"50-23-7","50-23-7","hydrocortisone",-3.63827216398241,-3.45548666569795,0.84061942581281,-5.10310074029105,-1.80787259110484,"var_mu_Mptc",-0.182785498284464,0.182785498284464,TRUE
"50-23-7","50-23-7","hydrocortisone",-3.63870046691906,-3.53884294103395,0.848361857614435,-5.20163218195824,-1.87605370010966,"var_mu_Mptc",-0.0998575258851093,0.0998575258851093,TRUE
"50-23-7","50-23-7","hydrocortisone",-5.52287874528034,-3.67510377503648,0.861172117586952,-5.36300112550691,-1.98720642456606,"var_mu_Mptc",-1.84777497024386,1.84777497024386,FALSE
"50-23-7","50-23-7","hydrocortisone",-5.52724355068279,-3.69137086438873,0.86271429975588,-5.38229089191025,-2.0004508368672,"var_mu_Mptc",-1.83587268629406,1.83587268629406,FALSE
"50-24-8","50-24-8","prednisolone",-4.32790214206428,-3.79498437986027,0.949855772247513,-5.65670169346539,-1.93326706625514,"var_mu_Mptc",-0.532917762204012,0.532917762204012,TRUE
"50-27-1","50-27-1","estriol",-4.39794000867204,-3.49831514948632,0.996637641666874,-5.45172492715339,-1.54490537181925,"var_mu_Mptc",-0.89962485918572,0.89962485918572,TRUE
"50-28-2","50-28-2","beta-estradiol",-2.38721614328026,-2.77293227939685,0.734637502703941,-4.21282178469658,-1.33304277409713,"var_mu_Mptc",0.385716136116591,0.385716136116591,TRUE
"50-28-2","50-28-2","beta-estradiol",-2.01233373507373,-2.55089950952186,0.715617150695947,-3.95350912488592,-1.1482898941578,"var_mu_Mptc",0.538565774448129,0.538565774448129,TRUE
"50-28-2","50-28-2","beta-estradiol",-3.52287874528034,-2.75852366077029,0.73338799784478,-4.19596413654606,-1.32108318499452,"var_mu_Mptc",-0.764355084510049,0.764355084510049,TRUE
"50-28-2","50-28-2","beta-estradiol",-2.28149831113273,-2.63959783510932,0.723155665276188,-4.05698293905065,-1.22221273116799,"var_mu_Mptc",0.358099523976593,0.358099523976593,TRUE
"50-28-2","50-28-2","estradiol",-1.98581560249872,-2.63959783510932,0.723155665276188,-4.05698293905065,-1.22221273116799,"var_mu_Mptc",0.653782232610602,0.653782232610602,TRUE
"50-28-2","50-28-2","estradiol",-4.69680394257951,-2.59885000641464,0.71968267621238,-4.00942805179091,-1.18827196103838,"var_mu_Mptc",-2.09795393616487,2.09795393616487,FALSE
"50-28-2","50-28-2","estradiol",-2.36451625318509,-2.59885000641464,0.71968267621238,-4.00942805179091,-1.18827196103838,"var_mu_Mptc",0.234333753229552,0.234333753229552,TRUE
"50-28-2","50-28-2","estradiol",-2.38090666937326,-2.77293227939685,0.734637502703941,-4.21282178469658,-1.33304277409713,"var_mu_Mptc",0.392025610023591,0.392025610023591,TRUE
"50-28-2","50-28-2","estradiol",-2.21324857785444,-2.5507696562394,0.715606172210127,-3.95335775377125,-1.14818155870755,"var_mu_Mptc",0.33752107838496,0.33752107838496,TRUE
"50-28-2","50-28-2","estradiol",-2.49485002168009,-2.77306428458157,0.73464895993244,-4.21297624604916,-1.33315232311399,"var_mu_Mptc",0.278214262901484,0.278214262901484,TRUE
"50-28-2","50-28-2","estradiol",-2.52287874528034,-2.77293227939685,0.734637502703941,-4.21282178469658,-1.33304277409713,"var_mu_Mptc",0.250053534116511,0.250053534116511,TRUE
"50-28-2","50-28-2","estradiol",-2.52287874528034,-2.7702027380135,0.734400635540961,-4.20962798367378,-1.33077749235321,"var_mu_Mptc",0.247323992733155,0.247323992733155,TRUE
"50-28-2","50-28-2","estradiol",-2.52287874528034,-2.7702027380135,0.734400635540961,-4.20962798367378,-1.33077749235321,"var_mu_Mptc",0.247323992733155,0.247323992733155,TRUE
"50-28-2","50-28-2","estradiol",-2.08008551934057,-2.59885000641464,0.71968267621238,-4.00942805179091,-1.18827196103838,"var_mu_Mptc",0.518764487074072,0.518764487074072,TRUE
"50-28-2","50-28-2","estradiol",-2.34969247686806,-2.63959783510932,0.723155665276188,-4.05698293905065,-1.22221273116799,"var_mu_Mptc",0.289905358241263,0.289905358241263,TRUE
"50-28-2","50-28-2","estradiol",-2.51173374958299,-2.63959783510932,0.723155665276188,-4.05698293905065,-1.22221273116799,"var_mu_Mptc",0.127864085526332,0.127864085526332,TRUE
"51-21-8","51-21-8","5-fluorouracil",-4.52574969288748,-3.49785302980455,1.00895789940269,-5.47541051263382,-1.52029554697528,"var_mu_Mptc",-1.02789666308293,1.02789666308293,TRUE
"51-21-8","51-21-8","5-fluorouracil",-4.72894468964132,-3.5053688415749,1.00988344487334,-5.48474039352665,-1.52599728962314,"var_mu_Mptc",-1.22357584806642,1.22357584806642,TRUE
"51-21-8","51-21-8","5-fluorouracil",-4.47108329972234,-3.49785302980455,1.00895789940269,-5.47541051263382,-1.52029554697528,"var_mu_Mptc",-0.973230269917787,0.973230269917787,TRUE
"51-21-8","51-21-8","5-fluorouracil (+ - + -)",-4.46597389394386,-3.5053688415749,1.00988344487334,-5.48474039352665,-1.52599728962314,"var_mu_Mptc",-0.960605052368964,0.960605052368964,TRUE
"512-69-6","512-69-6","raffinose",-4.85472588171206,-4.74696916816784,0.786725742801804,-6.28895162405937,-3.2049867122763,"var_mu_Mptc",-0.107756713544223,0.107756713544223,TRUE
"512-69-6","512-69-6","raffinose",-4.29756946355447,-4.92457363331505,0.806047727373737,-6.50442717896757,-3.34472008766252,"var_mu_Mptc",0.627004169760579,0.627004169760579,TRUE
"513-85-9","513-85-9","2,3-butanediol",-4.30102999566398,-3.05940525643151,0.538484849173612,-4.11483556081179,-2.00397495205123,"var_mu_Mptc",-1.24162473923247,1.24162473923247,FALSE
"51384-51-1","51384-51-1","metoprolol",-3.52461940685664,-2.98011759452786,0.670580392202571,-4.2944551632449,-1.66578002581082,"var_mu_Mptc",-0.544501812328783,0.544501812328783,TRUE
"52-39-1","52-39-1","aldosterone",-4.23657200643706,-3.64929479254479,0.794643119688671,-5.20679530713459,-2.091794277955,"var_mu_Mptc",-0.587277213892269,0.587277213892269,TRUE
"52-39-1","52-39-1","aldosterone",-4.74835790885864,-3.53488976871214,0.783021696192451,-5.06961229324934,-2.00016724417493,"var_mu_Mptc",-1.2134681401465,1.2134681401465,TRUE
"52-39-1","52-39-1","aldosterone",-4.30102999566398,-3.74145865363778,0.804130578520868,-5.31755458753868,-2.16536271973688,"var_mu_Mptc",-0.559571342026197,0.559571342026197,TRUE
"52-39-1","52-39-1","aldosterone",-4.52287874528034,-3.69854015957448,0.799698486226246,-5.26594919257792,-2.13113112657104,"var_mu_Mptc",-0.824338585705862,0.824338585705862,TRUE
"52-39-1","52-39-1","aldosterone",-4.52287874528034,-3.47744091811712,0.777250218769347,-5.00085134690504,-1.9540304893292,"var_mu_Mptc",-1.04543782716322,1.04543782716322,TRUE
"52-39-1","52-39-1","aldosterone",-4.01233373507373,-3.30414688425062,0.76009702833551,-4.79393705978822,-1.81435670871302,"var_mu_Mptc",-0.708186850823107,0.708186850823107,TRUE
"53-06-5","53-06-5","cortisone",-3.82390874094432,-3.6127467868956,0.890242059442198,-5.3576212234023,-1.86787235038889,"var_mu_Mptc",-0.211161954048723,0.211161954048723,TRUE
"53-06-5","53-06-5","cortisone",-5,-3.7489361574698,0.905149090041288,-5.52302837395072,-1.97484394098887,"var_mu_Mptc",-1.2510638425302,1.2510638425302,TRUE
"53-16-7","53-16-7","estrone",-2.44369749923271,-2.99675947197256,0.885940136626623,-4.73320213976074,-1.26031680418438,"var_mu_Mptc",0.55306197273985,0.55306197273985,TRUE
"53-96-3","53-96-3","2-(acetylamino)fluorene",-1.16052197602182,-2.58188820323019,0.71960616623566,-3.99231628905208,-1.17146011740829,"var_mu_Mptc",1.42136622720837,1.42136622720837,FALSE
"53-96-3","53-96-3","2-(acetylamino)fluorene",-1.10756666442663,-2.58188820323019,0.71960616623566,-3.99231628905208,-1.17146011740829,"var_mu_Mptc",1.47432153880356,1.47432153880356,FALSE
"533-73-3","533-73-3","1,2,4-benzenetriol",-3.9,-2.70760195882315,0.669390843504039,-4.01960801209107,-1.39559590555524,"var_mu_Mptc",-1.19239804117685,1.19239804117685,TRUE
"53535-33-4","53535-33-4","heptanol",-1.42481215507234,-1.36773081860672,0.401006591759002,-2.15370373845436,-0.581757898759073,"var_mu_Mptc",-0.0570813364656233,0.0570813364656233,TRUE
"53535-33-4","53535-33-4","heptanol",-1.49485002168009,-1.43619731939371,0.40419775810525,-2.22842492528,-0.643969713507424,"var_mu_Mptc",-0.0586527022863765,0.0586527022863765,TRUE
"53535-33-4","53535-33-4","n-heptanol",-1.49485002168009,-1.25095693294252,0.394806832566917,-2.02477832477368,-0.477135541111366,"var_mu_Mptc",-0.243893088737567,0.243893088737567,TRUE
"554-84-7","554-84-7","m-nitrophenol; 3-nitrophenol",-2.24848294855394,-1.96731509843912,0.561309650130223,-3.06748201269435,-0.86714818418388,"var_mu_Mptc",-0.281167850114823,0.281167850114823,TRUE
"56-81-5","56-81-5","glycerol",-4.56863623584101,-3.55584189098249,0.561571814390507,-4.65652264718788,-2.45516113477709,"var_mu_Mptc",-1.01279434485853,1.01279434485853,TRUE
"56-81-5","56-81-5","glycerol",-3.00594693641232,-3.60058016679343,0.564256116089883,-4.70652215432961,-2.49463817925726,"var_mu_Mptc",0.594633230381114,0.594633230381114,TRUE
"56030-54-7","56030-54-7","sufentanil base",-1.81815641205523,-2.73799704572667,0.613741251326857,-3.94092989832731,-1.53506419312603,"var_mu_Mptc",0.91984063367144,0.91984063367144,TRUE
"57-13-6","57-13-6","urea",-3.82973828460504,-3.55584750126302,0.752911054140169,-5.03155316737775,-2.08014183514829,"var_mu_Mptc",-0.273890783342016,0.273890783342016,TRUE
"57-13-6","57-13-6","urea",-3.95233580539844,-3.48030088653473,0.744922732145762,-4.94034944154042,-2.02025233152904,"var_mu_Mptc",-0.47203491886371,0.47203491886371,TRUE
"57-13-6","57-13-6","urea",-3.92564441915299,-3.5718882395941,0.754618201326397,-5.05093991419384,-2.09283656499436,"var_mu_Mptc",-0.353756179558891,0.353756179558891,TRUE
"57-13-6","57-13-6","urea",-3.69494112531286,-3.6201158900201,0.759774213104668,-5.10927334770525,-2.13095843233495,"var_mu_Mptc",-0.0748252352927574,0.0748252352927574,TRUE
"57-13-6","57-13-6","urea",-3.55495653854982,-3.54665476153896,0.751934451559446,-5.02044628659548,-2.07286323648245,"var_mu_Mptc",-0.00830177701085644,0.00830177701085644,TRUE
"57-13-6","57-13-6","urea",-3.5970511706556,-3.5718882395941,0.754618201326397,-5.05093991419384,-2.09283656499436,"var_mu_Mptc",-0.0251629310615011,0.0251629310615011,TRUE
"57-13-6","57-13-6","urea",-3.55720677406023,-3.5718882395941,0.754618201326397,-5.05093991419384,-2.09283656499436,"var_mu_Mptc",0.0146814655338687,0.0146814655338687,TRUE
"57-50-1","57-50-1","sucrose",-5.0268721464003,-5.20110583272895,1.06789381410874,-7.29417770838207,-3.10803395707583,"var_mu_Mptc",0.174233686328647,0.174233686328647,TRUE
"57-50-1","57-50-1","sucrose",-5.2839966563652,-5.29475024281826,1.08328871281323,-7.4179961199322,-3.17150436570433,"var_mu_Mptc",0.0107535864530632,0.0107535864530632,TRUE
"57-50-1","57-50-1","sucrose",-4.76200316671127,-5.20110583272895,1.06789381410874,-7.29417770838207,-3.10803395707583,"var_mu_Mptc",0.439102666017678,0.439102666017678,TRUE
"57-50-1","57-50-1","sucrose",-4.26905630657226,-5.20110583272895,1.06789381410874,-7.29417770838207,-3.10803395707583,"var_mu_Mptc",0.932049526156687,0.932049526156687,TRUE
"57-50-1","57-50-1","sucrose",-4.36451625318509,-5.20110583272895,1.06789381410874,-7.29417770838207,-3.10803395707583,"var_mu_Mptc",0.836589579543857,0.836589579543857,TRUE
"57-50-1","57-50-1","sucrose",-3.13406733180681,-5.20110583272895,1.06789381410874,-7.29417770838207,-3.10803395707583,"var_mu_Mptc",2.06703850092214,2.06703850092214,TRUE
"57-83-0","57-83-0","progesterone",-1.52287874528034,-2.60679222804346,0.632789175690991,-3.8470590123978,-1.36652544368912,"var_mu_Mptc",1.08391348276312,1.08391348276312,TRUE
"57-83-0","57-83-0","progesterone",-1.70344032687277,-2.51922495923001,0.626190383585935,-3.74655811105844,-1.29189180740158,"var_mu_Mptc",0.815784632357242,0.815784632357242,TRUE
"57-83-0","57-83-0","progesterone",-1.88605664769316,-2.69142881999271,0.639233199592079,-3.94432589119318,-1.43853174879223,"var_mu_Mptc",0.805372172299547,0.805372172299547,TRUE
"57-83-0","57-83-0","progesterone",-1.69897000433602,-2.77173974976993,0.64540854535077,-4.03674049865744,-1.50673900088242,"var_mu_Mptc",1.07276974543391,1.07276974543391,TRUE
"57-83-0","57-83-0","progesterone",-2.82390874094432,-2.67789333357599,0.638198249718083,-3.92876190302343,-1.42702476412855,"var_mu_Mptc",-0.146015407368328,0.146015407368328,TRUE
"58-08-2","58-08-2","caffeine",-3.80687540164554,-3.27178051239349,0.870829909344316,-4.97860713470835,-1.56495389007863,"var_mu_Mptc",-0.535094889252049,0.535094889252049,TRUE
"58-08-2","58-08-2","caffeine",-4.58586563707645,-3.38549032815478,0.886487275247045,-5.12300538763899,-1.64797526867057,"var_mu_Mptc",-1.20037530892167,1.20037530892167,TRUE
"58-08-2","58-08-2","caffeine",-1.60220380347052,-3.35931329962257,0.88369609161235,-5.09135763918277,-1.62726896006236,"var_mu_Mptc",1.75710949615205,1.75710949615205,FALSE
"58-08-2","58-08-2","caffeine",-2.60631808276205,-3.35931329962257,0.88369609161235,-5.09135763918277,-1.62726896006236,"var_mu_Mptc",0.752995216860517,0.752995216860517,TRUE
"58-08-2","58-08-2","caffeine",-4.15490195998574,-3.38809293721475,0.886765265579225,-5.12615285775003,-1.65003301667947,"var_mu_Mptc",-0.766809022770993,0.766809022770993,TRUE
"58-08-2","58-08-2","caffeine",-3.69897000433602,-3.35354226509642,0.883081925556331,-5.08438283918683,-1.62270169100602,"var_mu_Mptc",-0.345427739239597,0.345427739239597,TRUE
"58-22-0","58-22-0","testosterone",-2.0571655062299,-2.56003916714404,0.687475130853733,-3.90749042361736,-1.21258791067072,"var_mu_Mptc",0.502873660914141,0.502873660914141,TRUE
"58-22-0","58-22-0","testosterone",-2.04694894237348,-2.5010342804944,0.682787103078617,-3.83929700252849,-1.16277155846031,"var_mu_Mptc",0.454085338120917,0.454085338120917,TRUE
"58-22-0","58-22-0","testosterone",-1.64633962279966,-2.58501190651853,0.689468934480728,-3.93637101810075,-1.2336527949363,"var_mu_Mptc",0.938672283718866,0.938672283718866,TRUE
"58-22-0","58-22-0","testosterone",-1.41570671752568,-2.54062887283875,0.68592941159364,-3.88505051956228,-1.19620722611521,"var_mu_Mptc",1.12492215531307,1.12492215531307,TRUE
"58-22-0","58-22-0","testosterone",-2.27083521030723,-2.69973413712635,0.698702822067503,-4.06919166837866,-1.33027660587405,"var_mu_Mptc",0.428898926819123,0.428898926819123,TRUE
"58-22-0","58-22-0","testosterone",-2.38875983135141,-2.49183482793255,0.682059078814268,-3.82867062240851,-1.15499903345658,"var_mu_Mptc",0.103074996581136,0.103074996581136,TRUE
"58-22-0","58-22-0","testosterone",-2.65757731917779,-2.65057245418806,0.694730796352645,-4.01224481503924,-1.28890009333688,"var_mu_Mptc",-0.00700486498972896,0.00700486498972896,TRUE
"58-22-0","58-22-0","testosterone",-2.65757731917779,-2.64373124182773,0.694179852224915,-4.00432375218857,-1.2831387314669,"var_mu_Mptc",-0.0138460773500571,0.0138460773500571,TRUE
"58-22-0","58-22-0","testosterone",-2.65757731917779,-2.64373124182773,0.694179852224915,-4.00432375218857,-1.2831387314669,"var_mu_Mptc",-0.0138460773500571,0.0138460773500571,TRUE
"58-22-0","58-22-0","testosterone",-3.39794000867204,-2.63388367762866,0.693387564242516,-3.99292330354399,-1.27484405171332,"var_mu_Mptc",-0.764056331043384,0.764056331043384,TRUE
"58-22-0","58-22-0","testosterone",-3.06752623532285,-2.65057245418806,0.694730796352645,-4.01224481503924,-1.28890009333688,"var_mu_Mptc",-0.416953781134789,0.416953781134789,TRUE
"58-22-0","58-22-0","testosterone",-2.13194363817696,-2.4984274891024,0.68258072852666,-3.83628571701466,-1.16056926119015,"var_mu_Mptc",0.366483850925444,0.366483850925444,TRUE
"58-54-8","58-54-8","ethacrynic acid",-3.82390874094432,-2.62156531677888,0.639971478955574,-3.8759094155318,-1.36722121802595,"var_mu_Mptc",-1.20234342416544,1.20234342416544,TRUE
"59-05-2","59-05-2","methotrexate",-3.40160112979023,-4.82440555965433,0.952947756328182,-6.69218316205757,-2.95662795725109,"var_mu_Mptc",1.4228044298641,1.4228044298641,TRUE
"59-50-7","59-50-7","chlorocresol",-1.26406804435028,-1.51043139476277,0.502159188999494,-2.49466340520178,-0.526199384323763,"var_mu_Mptc",0.246363350412491,0.246363350412491,TRUE
"59-50-7","59-50-7","chlorocresol",-1.65255620893436,-1.47557219171809,0.500154624801868,-2.45587525632975,-0.495269127106424,"var_mu_Mptc",-0.176984017216274,0.176984017216274,TRUE
"60-12-8","60-12-8","2-phenylethanol",-1.25963731050576,-1.82868745460573,0.424509261959892,-2.66072560804711,-0.996649301164337,"var_mu_Mptc",0.569050144099965,0.569050144099965,TRUE
"60-12-8","60-12-8","2-phenylethanol",-2.11527250510331,-1.94954275278351,0.442730404284726,-2.81729434518157,-1.08179116038545,"var_mu_Mptc",-0.165729752319802,0.165729752319802,TRUE
"610-81-1","610-81-1","4-amino-3-nitrophenol",-2.1297393876227,-2.28618913302265,0.657630666784474,-3.57514523992022,-0.997233026125077,"var_mu_Mptc",0.156449745399947,0.156449745399947,TRUE
"610-81-1","610-81-1","4-amino-3-nitrophenol",-2.26671923730847,-2.28618913302265,0.657630666784474,-3.57514523992022,-0.997233026125077,"var_mu_Mptc",0.019469895714177,0.019469895714177,TRUE
"614-18-6","614-18-6","nicotinate, ethyl",-3.10790539730952,-1.90445610106829,0.449592399239143,-2.78565720357701,-1.02325499855957,"var_mu_Mptc",-1.20344929624123,1.20344929624123,FALSE
"614-18-6","614-18-6","nicotinate, ethyl",-3.08618614761628,-1.92952101374192,0.450964296972639,-2.81341103580829,-1.04563099167555,"var_mu_Mptc",-1.15666513387436,1.15666513387436,FALSE
"623-05-2","623-05-2","4-hydroxybenzyl alcohol",-2.69897000433602,-2.27926025596661,0.611191235626458,-3.47719507779447,-1.08132543413875,"var_mu_Mptc",-0.419709748369408,0.419709748369408,TRUE
"63-36-5","63-36-5","salicylate",-3.96686900819185,-2.60058226133423,0.686393712598137,-3.94591393802658,-1.25525058464188,"var_mu_Mptc",-1.36628674685762,1.36628674685762,FALSE
"64-17-5","64-17-5","ethanol",-2.72124639904717,-3.06857380951417,0.431545055392274,-3.91440211808302,-2.22274550094531,"var_mu_Mptc",0.347327410466997,0.347327410466997,TRUE
"64-17-5","64-17-5","ethanol",-3.09691001300806,-3.04356396307447,0.430052862175545,-3.88646757293854,-2.2006603532104,"var_mu_Mptc",-0.0533460499335923,0.0533460499335923,TRUE
"64-17-5","64-17-5","ethanol",-3.09691001300806,-3.19597122581203,0.439226866078006,-4.05685588332492,-2.33508656829914,"var_mu_Mptc",0.0990612128039676,0.0990612128039676,TRUE
"64-19-7","64-19-7","acetic acid",-2.77786589964853,-2.8036961908712,0.526050289110759,-3.83475475752829,-1.77263762421411,"var_mu_Mptc",0.0258302912226691,0.0258302912226691,TRUE
"64-85-7","64-85-7","cortexone",-3.34678748622466,-2.76337515445074,0.67819339108534,-4.092634200978,-1.43411610792347,"var_mu_Mptc",-0.583412331773922,0.583412331773922,TRUE
"65-85-0","65-85-0","benzoic acid",-2.11918640771921,-1.88491496172555,0.590656881306866,-3.04260244908701,-0.72722747436409,"var_mu_Mptc",-0.234271445993662,0.234271445993662,TRUE
"65-85-0","65-85-0","benzoic acid",-1.50863830616573,-1.81535229364816,0.586032110726793,-2.96397523067267,-0.666729356623641,"var_mu_Mptc",0.306713987482425,0.306713987482425,TRUE
"65-85-0","65-85-0","benzoic acid",-1.50863830616573,-1.81535229364816,0.586032110726793,-2.96397523067267,-0.666729356623641,"var_mu_Mptc",0.306713987482425,0.306713987482425,TRUE
"66-27-3","66-27-3","methyl methanesulfonate",-1.91205408690953,-2.67022175996776,0.518282193047826,-3.68605485834149,-1.65438866159402,"var_mu_Mptc",0.758167673058225,0.758167673058225,TRUE
"66-27-3","66-27-3","methyl methanesulfonate",-2.06776764179179,-2.67022175996776,0.518282193047826,-3.68605485834149,-1.65438866159402,"var_mu_Mptc",0.602454118175965,0.602454118175965,TRUE
"6677-98-1","6677-98-1","hydrocortisone-21-propionate",-2.46852108295775,-3.78100986734618,0.853205328063427,-5.4532923103505,-2.10872742434186,"var_mu_Mptc",1.31248878438843,1.31248878438843,TRUE
"67-56-1","67-56-1","methanol",-3.30102999566398,-3.21031941676573,0.448662103210347,-4.089697139058,-2.33094169447345,"var_mu_Mptc",-0.0907105788982547,0.0907105788982547,TRUE
"67-56-1","67-56-1","methanol",-3.30102999566398,-3.35491207745754,0.457484416065443,-4.25158153294581,-2.45824262196928,"var_mu_Mptc",0.0538820817935628,0.0538820817935628,TRUE
"67-56-1","67-56-1","methanol",-2.79588001734407,-3.28804959503002,0.453383447466878,-4.17668115206511,-2.39941803799494,"var_mu_Mptc",0.492169577685954,0.492169577685954,TRUE
"68-96-2","68-96-2","17-alfa-hydroxyprogesterone",-3.22184874961636,-3.62838178652883,0.895188271345885,-5.38295079836677,-1.8738127746909,"var_mu_Mptc",0.406533036912472,0.406533036912472,TRUE
"69-29-7","69-29-7","ethyl ether",-1.79588001734408,-2.28790692328534,0.371159417824869,-3.01537938222208,-1.56043446434859,"var_mu_Mptc",0.492026905941257,0.492026905941257,TRUE
"69-65-8","69-65-8","mannitol",-4.72681868815271,-4.02497210618737,0.87492637034694,-5.73982779206737,-2.31011642030737,"var_mu_Mptc",-0.701846581965342,0.701846581965342,TRUE
"69-65-8","69-65-8","mannitol",-4,-4.44541547414379,0.9330150285337,-6.27412493006984,-2.61670601821774,"var_mu_Mptc",0.445415474143791,0.445415474143791,TRUE
"69-65-8","69-65-8","mannitol",-4.68257958814785,-3.96083473034207,0.866388804017754,-5.65895678621687,-2.26271267446727,"var_mu_Mptc",-0.72174485780578,0.72174485780578,TRUE
"69-65-8","69-65-8","mannitol",-4.45692576496647,-3.9614196982646,0.866466293596296,-5.65969363371334,-2.26314576281586,"var_mu_Mptc",-0.49550606670187,0.49550606670187,TRUE
"69-65-8","69-65-8","mannitol",-4.77257756999574,-4.43251996599774,0.931177314049152,-6.25762750153408,-2.60741243046141,"var_mu_Mptc",-0.340057603997996,0.340057603997996,TRUE
"69-65-8","69-65-8","mannitol",-4.43830246734601,-3.9614196982646,0.866466293596296,-5.65969363371334,-2.26314576281586,"var_mu_Mptc",-0.476882769081411,0.476882769081411,TRUE
"69-65-8","69-65-8","mannitol",-4.18810341360238,-4.46223886578983,0.935417951452042,-6.29565805063583,-2.62881968094383,"var_mu_Mptc",0.274135452187449,0.274135452187449,TRUE
"69-65-8","69-65-8","mannitol",-4.00436480540245,-4.38265364972904,0.924104957012783,-6.19389936547409,-2.57140793398398,"var_mu_Mptc",0.378288844326589,0.378288844326589,TRUE
"69-65-8","69-65-8","mannitol",-3.97265039222524,-4.4772609138792,0.937568814036881,-6.31489578939149,-2.63962603836691,"var_mu_Mptc",0.50461052165396,0.50461052165396,TRUE
"69-65-8","69-65-8","mannitol",-3.1536628878702,-3.96083473034207,0.866388804017754,-5.65895678621687,-2.26271267446727,"var_mu_Mptc",0.80717184247187,0.80717184247187,TRUE
"69-72-7","69-72-7","salicylic acid",-3.03151705144606,-1.89835021015603,0.624157967965193,-3.12169982736781,-0.675000592944254,"var_mu_Mptc",-1.13316684129003,1.13316684129003,TRUE
"69-72-7","69-72-7","salicylic acid",-1.34678748622466,-1.91952907081599,0.625879961717827,-3.14625379578293,-0.692804345849047,"var_mu_Mptc",0.572741584591327,0.572741584591327,TRUE
"71-23-8","71-23-8","n-propanol",-2.92081875395238,-2.89981244284752,0.414995165612174,-3.71320296744738,-2.08642191824766,"var_mu_Mptc",-0.0210063111048631,0.0210063111048631,TRUE
"71-23-8","71-23-8","propanol",-2.76955107862173,-2.99081063549904,0.42032007052878,-3.81463797373545,-2.16698329726263,"var_mu_Mptc",0.221259556877311,0.221259556877311,TRUE
"71-23-8","71-23-8","propanol",-2.92081875395238,-3.05724653310115,0.424250774405386,-3.88877805093571,-2.22571501526659,"var_mu_Mptc",0.13642777914877,0.13642777914877,TRUE
"71-36-3","71-36-3","butanol",-2.52287874528034,-2.10642807816464,0.381710415720351,-2.85458049297653,-1.35827566335275,"var_mu_Mptc",-0.416450667115701,0.416450667115701,TRUE
"71-36-3","71-36-3","butanol",-2.10237290870956,-2.04894250868724,0.379085029960321,-2.79194916740947,-1.30593584996501,"var_mu_Mptc",-0.0534304000223198,0.0534304000223198,TRUE
"71-36-3","71-36-3","butanol",-2.65757731917779,-2.16487019007876,0.384398126491012,-2.91829051800114,-1.41144986215638,"var_mu_Mptc",-0.49270712909903,0.49270712909903,TRUE
"71-36-3","71-36-3","butanol",-2.65757731917779,-2.16493259203975,0.384401006403092,-2.91835856458982,-1.41150661948969,"var_mu_Mptc",-0.492644727138036,0.492644727138036,TRUE
"71-36-3","71-36-3","butanol",-2.60205999132796,-2.16487019007876,0.384398126491012,-2.91829051800114,-1.41144986215638,"var_mu_Mptc",-0.4371898012492,0.4371898012492,TRUE
"71-36-3","71-36-3","n-butanol",-2.60205999132796,-2.02627156338727,0.378054611920635,-2.76725860275171,-1.28528452402282,"var_mu_Mptc",-0.575788427940692,0.575788427940692,TRUE
"71-41-0","71-41-0","n-pentanol",-2.22184874961636,-1.76939643935247,0.378483568179013,-2.51122423298333,-1.0275686457216,"var_mu_Mptc",-0.452452310263892,0.452452310263892,TRUE
"71-41-0","71-41-0","pentanol",-2.22184874961636,-1.9310831108255,0.385985243710839,-2.68761418849874,-1.17455203315226,"var_mu_Mptc",-0.290765638790861,0.290765638790861,TRUE
"71-43-0","71-43-0","benzene",-0.954285941059132,-1.30857611651083,0.428211800584523,-2.1478712456565,-0.469280987365167,"var_mu_Mptc",0.3542901754517,0.3542901754517,TRUE
"71-43-0","71-43-0","benzene",-0.795880017344075,-1.393058181492,0.432479429986218,-2.24071786426499,-0.545398498719017,"var_mu_Mptc",0.597178164147929,0.597178164147929,TRUE
"71-91-0","71-91-0","tetraethylammonium",-3.25387553642834,-4.95331813064305,1.15711215229158,-7.22125794913454,-2.68537831215156,"var_mu_Mptc",1.69944259421471,1.69944259421471,TRUE
"71-91-0","71-91-0","tetraethylammonium bromide (+)",-3.36815053784018,-4.90320962190546,1.15051440710083,-7.15821785982308,-2.64820138398784,"var_mu_Mptc",1.53505908406528,1.53505908406528,TRUE
"76-25-5","76-25-5","triamcinolone acetonide",-3.40230481407449,-4.59301241800984,1.17489138965941,-6.89579954174228,-2.2902252942774,"var_mu_Mptc",1.19070760393535,1.19070760393535,TRUE
"76-25-5","76-25-5","triamcinolone acetonide",-4.70663744528855,-4.76809689490071,1.20116866037009,-7.1223874692261,-2.41380632057533,"var_mu_Mptc",0.0614594496121637,0.0614594496121637,TRUE
"76180-96-6","76180-96-6","3-methyl-3h-imidazo[4,5-f]quinolin-2-amine",-2.07218350508968,-3.29957485323953,0.997904630014831,-5.2554679280686,-1.34368177841046,"var_mu_Mptc",1.22739134814985,1.22739134814985,TRUE
"76180-96-6","76180-96-6","3-methyl-3h-imidazo[4,5-f]quinolin-2-amine",-2.43056359552234,-3.29957485323953,0.997904630014831,-5.2554679280686,-1.34368177841046,"var_mu_Mptc",0.869011257717188,0.869011257717188,TRUE
"7732-18-5","7732-18-5","water",-2.80687540164554,-3.65068144292078,0.595137887794975,-4.81715170299893,-2.48421118284262,"var_mu_Mptc",0.843806041275236,0.843806041275236,TRUE
"7732-18-5","7732-18-5","water",-2.98540960554622,-3.65068144292078,0.595137887794975,-4.81715170299893,-2.48421118284262,"var_mu_Mptc",0.665271837374556,0.665271837374556,TRUE
"7732-18-5","7732-18-5","water",-2.80966830182971,-3.62362841738518,0.592713117899438,-4.78534612846807,-2.46191070630228,"var_mu_Mptc",0.813960115555468,0.813960115555468,TRUE
"7732-18-5","7732-18-5","water",-3.14997431819434,-3.62363977121881,0.592714133471524,-4.785359472823,-2.46192006961462,"var_mu_Mptc",0.47366545302447,0.47366545302447,TRUE
"7732-18-5","7732-18-5","water",-3.07058107428571,-3.65068144292078,0.595137887794975,-4.81715170299893,-2.48421118284262,"var_mu_Mptc",0.580100368635066,0.580100368635066,TRUE
"7732-18-5","7732-18-5","water",-3.24233473501217,-3.62362841738518,0.592713117899438,-4.78534612846807,-2.46191070630228,"var_mu_Mptc",0.381293682373008,0.381293682373008,TRUE
"7732-18-5","7732-18-5","water",-3.45621525646938,-3.62362841738518,0.592713117899438,-4.78534612846807,-2.46191070630228,"var_mu_Mptc",0.167413160915797,0.167413160915797,TRUE
"7732-18-5","7732-18-5","water",-3.27134965805094,-3.62362841738518,0.592713117899438,-4.78534612846807,-2.46191070630228,"var_mu_Mptc",0.352278759334238,0.352278759334238,TRUE
"7732-18-5","7732-18-5","water",-3.15476521541715,-3.63713268255896,0.593922271367248,-4.80122033443876,-2.47304503067915,"var_mu_Mptc",0.482367467141808,0.482367467141808,TRUE
"7732-18-5","7732-18-5","water",-3.52287874528034,-3.71910307226082,0.601314899747186,-4.89768027576531,-2.54052586875634,"var_mu_Mptc",0.196224326980485,0.196224326980485,TRUE
"7732-18-5","7732-18-5","water",-3.5,-3.71910307226082,0.601314899747186,-4.89768027576531,-2.54052586875634,"var_mu_Mptc",0.219103072260825,0.219103072260825,TRUE
"78-93-3","78-93-3","2-butanone",-2.34678748622466,-2.52568935171405,0.41216181071937,-3.33352650072402,-1.71785220270408,"var_mu_Mptc",0.17890186548939,0.17890186548939,TRUE
"84-66-2","84-66-2","diethyl phthalate",-1.70509308939481,-1.74669982468656,0.410297402802171,-2.55088273417881,-0.942516915194303,"var_mu_Mptc",0.0416067352917484,0.0416067352917484,TRUE
"87-66-1","87-66-1","pyrogallol",-2.81,-2.65525972423339,0.657780476141367,-3.94450945747047,-1.36600999099631,"var_mu_Mptc",-0.154740275766607,0.154740275766607,TRUE
"88-04-0","88-04-0","chloroxylenol",-1.22875360095283,-1.58489606753068,0.561226760250237,-2.68490051762115,-0.484891617440217,"var_mu_Mptc",0.356142466577852,0.356142466577852,TRUE
"88-04-0","88-04-0","chloroxylenol",-1.09474395125155,-1.48215456440794,0.55346043428716,-2.56693701561077,-0.397372113205106,"var_mu_Mptc",0.38741061315639,0.38741061315639,TRUE
"88-06-2","88-06-2","2,4,6-trichlorophenol",-1.23275783168158,-1.56748468553625,0.504755321403734,-2.55680511548756,-0.578164255584928,"var_mu_Mptc",0.334726853854666,0.334726853854666,TRUE
"88-18-6","88-18-6","o-t-butylphenol",-1.12842706445412,-1.25904239438996,0.415786439422696,-2.07398381565845,-0.44410097312148,"var_mu_Mptc",0.130615329935844,0.130615329935844,TRUE
"89-83-8","89-83-8","thymol; 2-isopropyl-5-methylphenol",-1.27607480270083,-1.39477668493093,0.481144012635046,-2.33781894969562,-0.451734420166242,"var_mu_Mptc",0.118701882230102,0.118701882230102,TRUE
"89-83-8","89-83-8","thymol; 2-isopropyl-5-methylphenol",-1.21324857785444,-1.29892271193347,0.475960045977219,-2.23180440204882,-0.366041021818119,"var_mu_Mptc",0.0856741340790277,0.0856741340790277,TRUE
"90-15-3","90-15-3","naphthol",-1.58502665202918,-1.59728768242592,0.539945936761851,-2.65558171847915,-0.538993646372692,"var_mu_Mptc",0.0122610303967401,0.0122610303967401,TRUE
"90-15-3","90-15-3","naphthol",-1.52287874528034,-1.59728768242592,0.539945936761851,-2.65558171847915,-0.538993646372692,"var_mu_Mptc",0.0744089371455801,0.0744089371455801,TRUE
"91-20-3","91-20-3","naphthalene",-1.55111528700206,-1.24567710480491,0.496969131021357,-2.21973660160677,-0.271617608003051,"var_mu_Mptc",-0.305438182197148,0.305438182197148,TRUE
"91-20-3","91-20-3","naphthalene",-1.78220214249451,-1.24567710480491,0.496969131021357,-2.21973660160677,-0.271617608003051,"var_mu_Mptc",-0.536525037689598,0.536525037689598,TRUE
"92-48-8","92-48-8","6-methylcoumarin",-1.18136926112576,-2.1474427390995,0.541635782815591,-3.20904887341805,-1.08583660478094,"var_mu_Mptc",0.966073477973736,0.966073477973736,TRUE
"92-48-8","92-48-8","6-methylcoumarin",-1.331936361143,-2.1474427390995,0.541635782815591,-3.20904887341805,-1.08583660478094,"var_mu_Mptc",0.815506377956496,0.815506377956496,TRUE
"93-60-7","93-60-7","nicotinate, methyl",-3.30980391997149,-2.08747372331762,0.498772407479861,-3.06506764197814,-1.10987980465709,"var_mu_Mptc",-1.22233019665387,1.22233019665387,FALSE
"93-60-7","93-60-7","nicotinate, methyl",-3.27572413039921,-2.10079131231536,0.49960152745531,-3.08001030612777,-1.12157231850296,"var_mu_Mptc",-1.17493281808385,1.17493281808385,FALSE
"937-20-2","937-20-2","2,4-dichloroacetophenone",-0.743772935647774,-2.16239351921231,0.573694031847029,-3.28683382163249,-1.03795321679213,"var_mu_Mptc",1.41862058356454,1.41862058356454,FALSE
"937-20-2","937-20-2","2,4-dichloroacetophenone",-1.86052608660328,-2.16239351921231,0.573694031847029,-3.28683382163249,-1.03795321679213,"var_mu_Mptc",0.301867432609031,0.301867432609031,TRUE
"94-13-3","94-13-3","propylparaben",-1.67615465544754,-1.59964364890783,0.542347709696715,-2.6626451599134,-0.536642137902272,"var_mu_Mptc",-0.0765110065397065,0.0765110065397065,TRUE
"94-13-3","94-13-3","propylparaben",-1.26606734367858,-1.66460542209988,0.546365186826118,-2.73548118827907,-0.593729655920687,"var_mu_Mptc",0.398538078421298,0.398538078421298,TRUE
"94-13-3","94-13-3","propylparaben",-1.20290590120029,-1.66460542209988,0.546365186826118,-2.73548118827907,-0.593729655920687,"var_mu_Mptc",0.461699520899588,0.461699520899588,TRUE
"94-26-8","94-26-8","butylparaben",-0.981299501333757,-1.41783500664941,0.495720448234078,-2.38944708518821,-0.44622292811062,"var_mu_Mptc",0.436535505315656,0.436535505315656,TRUE
"94-26-8","94-26-8","butylparaben",-1.15242734085789,-1.48087499027675,0.499426696637074,-2.45975131568541,-0.501998664868085,"var_mu_Mptc",0.328447649418859,0.328447649418859,TRUE
"95-48-7","95-48-7","o-cresol",-1.80172783601759,-1.79103898210055,0.477994563001035,-2.72790832558258,-0.854169638618523,"var_mu_Mptc",-0.010688853917038,0.010688853917038,TRUE
"95-54-5","95-54-5","o-phenylenediamine",-3.34678748622466,-2.42438718358056,0.599428949958757,-3.59926792549972,-1.2495064416614,"var_mu_Mptc",-0.9224003026441,0.9224003026441,TRUE
"95-57-8","95-57-8","o-chlorophenol",-1.48044892137827,-1.76033858742116,0.455381493996975,-2.65288631565523,-0.867790859187089,"var_mu_Mptc",0.279889666042891,0.279889666042891,TRUE
"95-65-8","95-65-8","3,4-xylenol",-1.44278385671974,-1.66846616828082,0.502840697574231,-2.65403393552631,-0.682898401035325,"var_mu_Mptc",0.225682311561078,0.225682311561078,TRUE
"97-00-7","97-00-7","2,4-dinitrochlorobenzene",-1.57500847696703,-1.9617998645074,0.508335004318334,-2.95813647297134,-0.965463256043466,"var_mu_Mptc",0.386791387540371,0.386791387540371,TRUE
"97-00-7","97-00-7","2,4-dinitrochlorobenzene",-1.50012264373278,-1.9617998645074,0.508335004318334,-2.95813647297134,-0.965463256043466,"var_mu_Mptc",0.461677220774621,0.461677220774621,TRUE
"97-53-0","97-53-0","eugenol",-1.592980675785,-1.62801959373694,0.433906576057967,-2.47847648281056,-0.777562704663329,"var_mu_Mptc",0.0350389179519446,0.0350389179519446,TRUE
"97-53-0","97-53-0","eugenol",-1.555243965633,-1.62801959373694,0.433906576057967,-2.47847648281056,-0.777562704663329,"var_mu_Mptc",0.0727756281039447,0.0727756281039447,TRUE
"97-54-1","97-54-1","isoeugenol",-1.74568406057766,-1.55532527119751,0.429047311481407,-2.39625800170106,-0.714392540693949,"var_mu_Mptc",-0.190358789380154,0.190358789380154,TRUE
"97-54-1","97-54-1","isoeugenol",-1.41300909711301,-1.55532527119751,0.429047311481407,-2.39625800170106,-0.714392540693949,"var_mu_Mptc",0.142316174084496,0.142316174084496,TRUE
"98-86-2","98-86-2","acetophenone",-1.62740828480895,-1.71016190564152,0.46520411410473,-2.62196196928679,-0.798361841996245,"var_mu_Mptc",0.082753620832567,0.082753620832567,TRUE
"98-86-2","98-86-2","acetophenone",-1.56017144166374,-1.71016190564152,0.46520411410473,-2.62196196928679,-0.798361841996245,"var_mu_Mptc",0.149990463977777,0.149990463977777,TRUE
"99-76-3","99-76-3","methylparaben",-1.67358220444561,-1.89092277455509,0.602685519155175,-3.07218639209923,-0.709659157010943,"var_mu_Mptc",0.217340570109476,0.217340570109476,TRUE
"99-76-3","99-76-3","methylparaben",-1.96257350205938,-1.92998729310051,0.605256347900205,-3.11628973498492,-0.743684851216113,"var_mu_Mptc",-0.032586208958866,0.032586208958866,TRUE
"99-76-3","99-76-3","methylparaben",-2.03394335230684,-2.04030844825758,0.612575930981464,-3.24095727298125,-0.839659623533914,"var_mu_Mptc",0.00636509595074264,0.00636509595074264,TRUE
"99-76-3","99-76-3","methylparaben",-2.07572071393812,-1.96488110709483,0.611543506904701,-3.16350638062804,-0.766255833561613,"var_mu_Mptc",-0.110839606843293,0.110839606843293,TRUE
"100-02-7","100-02-7","p-nitrophenol; 4-nitrophenol",-2.25,-2.10118211457936,0.502296653296188,-3.08568355503989,-1.11668067411883,"var_mu_LogSaqd",-0.148817885420641,0.148817885420641,TRUE
"100-39-0","100-39-0","benzyl bromide",-1.54511979359646,-1.37601034553524,0.454505825098177,-2.26684176272767,-0.485178928342814,"var_mu_LogSaqd",-0.169109448061219,0.169109448061219,TRUE
"100-39-0","100-39-0","benzyl bromide",-1.89202735976865,-1.37601034553524,0.454505825098177,-2.26684176272767,-0.485178928342814,"var_mu_LogSaqd",-0.516017014233409,0.516017014233409,TRUE
"100-51-6","100-51-6","benzyl alcohol",-2.22205999132796,-2.07323752323745,0.479516119735746,-3.01308911791951,-1.13338592855538,"var_mu_LogSaqd",-0.148822468090513,0.148822468090513,TRUE
"1002-62-6","1002-62-6","sodium caprate; decanoic acid soap (c10:0)",-2.95233580539844,-2.69711580460158,0.553145918165585,-3.78128180420613,-1.61294980499703,"var_mu_LogSaqd",-0.255220000796862,0.255220000796862,TRUE
"103-11-7","103-11-7","2-ethylhexyl acrylate",-2.11289007326765,-1.29036378847019,0.457893080496356,-2.18783422624305,-0.392893350697336,"var_mu_LogSaqd",-0.822526284797456,0.822526284797456,TRUE
"103-11-7","103-11-7","2-ethylhexyl acrylate",-1.82434537155519,-1.29036378847019,0.457893080496356,-2.18783422624305,-0.392893350697336,"var_mu_LogSaqd",-0.533981583084996,0.533981583084996,TRUE
"104-54-1","104-54-1","cinnamyl alcohol",-1.54329916349423,-1.63124012669185,0.465580253076376,-2.54377742272154,-0.718702830662148,"var_mu_LogSaqd",0.0879409631976151,0.0879409631976151,TRUE
"104-54-1","104-54-1","cinnamyl alcohol",-1.47890341621095,-1.63124012669185,0.465580253076376,-2.54377742272154,-0.718702830662148,"var_mu_LogSaqd",0.152336710480895,0.152336710480895,TRUE
"104-85-8","104-85-8","p-tolunitrile",-1.34336049829281,-1.50467155116402,0.455558423393089,-2.39756606101447,-0.611777041313567,"var_mu_LogSaqd",0.16131105287121,0.16131105287121,TRUE
"104-85-8","104-85-8","p-tolunitrile",-1.51076062352006,-1.50467155116402,0.455558423393089,-2.39756606101447,-0.611777041313567,"var_mu_LogSaqd",-0.00608907235603939,0.00608907235603939,TRUE
"10521-91-2","10521-91-2","5-phenylpentanol",-0.94692155651658,-1.38062401657653,0.445697876588972,-2.25419185469091,-0.507056178462141,"var_mu_LogSaqd",0.433702460059947,0.433702460059947,TRUE
"106-24-1","106-24-1","geraniol",-0.986619380204979,-1.1263311961718,0.441922872398566,-1.99250002607299,-0.260162366270611,"var_mu_LogSaqd",0.13971181596682,0.13971181596682,TRUE
"106-24-1","106-24-1","geraniol",-1.01401437058883,-1.1263311961718,0.441922872398566,-1.99250002607299,-0.260162366270611,"var_mu_LogSaqd",0.112316825582969,0.112316825582969,TRUE
"106-41-3","106-41-3","p-bromophenol",-1.43951925261862,-1.89063608321756,0.47391031146476,-2.81950029368849,-0.961771872746632,"var_mu_LogSaqd",0.451116830598941,0.451116830598941,TRUE
"106-44-5","106-44-5","p-cresol",-0.920818753952375,-1.71952347607981,0.434128097319174,-2.57041454682539,-0.868632405334225,"var_mu_LogSaqd",0.798704722127432,0.798704722127432,TRUE
"106-44-5","106-44-5","p-cresol",-1.74875360095283,-1.81230399332204,0.449468616974771,-2.69326248259259,-0.931345504051492,"var_mu_LogSaqd",0.0635503923692133,0.0635503923692133,TRUE
"106-48-9","106-48-9","p-chlorophenol",-1.44875360095283,-1.77298139413546,0.449082807817058,-2.6531836974569,-0.892779090814029,"var_mu_LogSaqd",0.324227793182633,0.324227793182633,TRUE
"106-50-3","106-50-3","p-phenylenediamine",-3.61978875828839,-2.79856388992118,0.584827108414013,-3.94482502241264,-1.65230275742971,"var_mu_LogSaqd",-0.821224868367213,0.821224868367213,TRUE
"108-39-4","108-39-4","m-cresol",-1.81172783601759,-1.78444409017787,0.449277249219597,-2.66502749864828,-0.903860681707463,"var_mu_LogSaqd",-0.0272837458397166,0.0272837458397166,TRUE
"108-46-3","108-46-3","resorcinol",-2.42023266087399,-2.84162695015331,0.548075740399666,-3.91585540133665,-1.76739849896996,"var_mu_LogSaqd",0.421394289279319,0.421394289279319,TRUE
"108-46-3","108-46-3","resorcinol",-2.35642808060813,-2.84162695015331,0.548075740399666,-3.91585540133665,-1.76739849896996,"var_mu_LogSaqd",0.485198869545179,0.485198869545179,TRUE
"108-46-3","108-46-3","resorcinol",-3.07,-2.81567470657573,0.541963371054437,-3.87792291384242,-1.75342649930903,"var_mu_LogSaqd",-0.254325293424271,0.254325293424271,TRUE
"108-46-3","108-46-3","resorcinol; 1,3-benzenediol",-3.62291335664286,-2.88857871701,0.558579319393829,-3.9833941830219,-1.79376325099809,"var_mu_LogSaqd",-0.734334639632864,0.734334639632864,TRUE
"108-73-6","108-73-6","phloroglucinol",-2.51,-3.03315186903567,0.646294980896387,-4.29989003159259,-1.76641370647875,"var_mu_LogSaqd",0.523151869035668,0.523151869035668,TRUE
"108-88-3","108-88-3","toluene",-0.0809219076239261,-1.25148370161131,0.406995608484529,-2.04919509424099,-0.453772308981635,"var_mu_LogSaqd",1.17056179398739,1.17056179398739,FALSE
"108-95-2","108-95-2","phenol",-2.03,-2.0209512897335,0.435504944706033,-2.87454098135732,-1.16736159810967,"var_mu_LogSaqd",-0.00904871026650378,0.00904871026650378,TRUE
"108-95-2","108-95-2","phenol",-2.08907809237607,-2.01945357696609,0.440474648848939,-2.88278388871002,-1.15612326522217,"var_mu_LogSaqd",-0.0696245154099753,0.0696245154099753,TRUE
"108-95-2","108-95-2","phenol",-1.70996538863748,-2.01568872138577,0.434797736778731,-2.86789228547209,-1.16348515729946,"var_mu_LogSaqd",0.305723332748292,0.305723332748292,TRUE
"108-95-2","108-95-2","phenol",-3.82792274303052,-2.03288684630567,0.442477529789448,-2.90014280469299,-1.16563088791835,"var_mu_LogSaqd",-1.79503589672485,1.79503589672485,FALSE
"110-80-5","110-80-5","2-ethoxy ethanol",-3.60205999132796,-2.94471575070958,0.556204421756911,-4.03487641735313,-1.85455508406604,"var_mu_LogSaqd",-0.657344240618379,0.657344240618379,TRUE
"111-27-3","111-27-3","hexanol",-1.49485002168009,-1.47332417770293,0.430034941673762,-2.3161926633835,-0.630455692022356,"var_mu_LogSaqd",-0.0215258439771606,0.0215258439771606,TRUE
"111-27-3","111-27-3","hexanol",-1.88605664769316,-1.6039720558939,0.445888068902083,-2.47791267094198,-0.730031440845815,"var_mu_LogSaqd",-0.282084591799263,0.282084591799263,TRUE
"111-27-3","111-27-3","n-hexanol",-1.88605664769316,-1.47820874246825,0.427323029077511,-2.31576187946017,-0.640655605476325,"var_mu_LogSaqd",-0.407847905224914,0.407847905224914,TRUE
"111-76-2","111-76-2","butoxyethanol",-2.25698018593163,-2.57431370523773,0.508536824560938,-3.57104588137717,-1.5775815290983,"var_mu_LogSaqd",0.317333519306104,0.317333519306104,TRUE
"111-87-5","111-87-5","n-octanol",-1.2839966563652,-1.12154582545254,0.429315225753007,-1.96300366792843,-0.280087982976645,"var_mu_LogSaqd",-0.162450830912663,0.162450830912663,TRUE
"111-87-5","111-87-5","octanol",-1.0301183562535,-1.10601920103525,0.42754145477696,-1.94400045239809,-0.268037949672404,"var_mu_LogSaqd",0.0759008447817464,0.0759008447817464,TRUE
"111-87-5","111-87-5","octanol",-1.15490195998574,-1.22628059227401,0.441473966662505,-2.09156956693252,-0.360991617615498,"var_mu_LogSaqd",0.0713786322882688,0.0713786322882688,TRUE
"111-87-5","111-87-5","octanol",-1.2839966563652,-1.26539040179689,0.446102040172248,-2.13975040053449,-0.39103040305928,"var_mu_LogSaqd",-0.0186062545683134,0.0186062545683134,TRUE
"111-87-5","111-87-5","octanol",-1.21467016498923,-1.20476355580669,0.438948246763559,-2.06510211946327,-0.34442499215012,"var_mu_LogSaqd",-0.00990660918253505,0.00990660918253505,TRUE
"112-30-1","112-30-1","decanol",-1.833220851329,-0.94333311065213,0.428591606598021,-1.78337265958425,-0.103293561720009,"var_mu_LogSaqd",-0.88988774067687,0.88988774067687,FALSE
"112-30-1","112-30-1","decanol",-1.95860731484178,-0.943194030025678,0.428372244420343,-1.78280362908955,-0.103584430961807,"var_mu_LogSaqd",-1.0154132848161,1.0154132848161,FALSE
"112-30-1","112-30-1","decanol",-1.14508697769214,-0.883681041467107,0.421407785103108,-1.7096403002692,-0.0577217826650158,"var_mu_LogSaqd",-0.261405936225033,0.261405936225033,TRUE
"112-30-1","112-30-1","decanol",-1.04575749056068,-1.02271856480047,0.438342183134734,-1.88186924374455,-0.163567885856394,"var_mu_LogSaqd",-0.0230389257602068,0.0230389257602068,TRUE
"112-30-1","112-30-1","decanol",-1.09691001300806,-1.06879706042979,0.444103234122412,-1.93923939930972,-0.198354721549867,"var_mu_LogSaqd",-0.0281129525782662,0.0281129525782662,TRUE
"112-30-1","112-30-1","n-decanol",-1.09691001300806,-0.902374400742255,0.423645951696501,-1.7327204660674,-0.0720283354171126,"var_mu_LogSaqd",-0.194535612265806,0.194535612265806,TRUE
"112-34-5","112-34-5","diethylene glycol monobutyl ether",-2.23600035701585,-2.98773686369727,0.570628234188119,-4.10616820270598,-1.86930552468856,"var_mu_LogSaqd",0.751736506681422,0.751736506681422,TRUE
"112-34-5","112-34-5","diethylene glycol monobutyl ether",-2.16688305055618,-2.98773686369727,0.570628234188119,-4.10616820270598,-1.86930552468856,"var_mu_LogSaqd",0.820853813141092,0.820853813141092,TRUE
"112-80-1","112-80-1","oleic acid",-2.88605664769316,-1.59515581637471,0.649773159579338,-2.86871120915021,-0.321600423599208,"var_mu_LogSaqd",-1.29090083131845,1.29090083131845,FALSE
"117-81-7","117-81-7","bis(2-ethylhexyl)phthalate",-4.09691001300806,-2.70594293734806,0.815727439734489,-4.30476871922766,-1.10711715546846,"var_mu_LogSaqd",-1.39096707566,1.39096707566,TRUE
"119-34-6","119-34-6","4-amino-2-nitrophenol",-4.06550154875643,-2.34997830893703,0.531205490540741,-3.39114107039688,-1.30881554747717,"var_mu_LogSaqd",-1.7155232398194,1.7155232398194,FALSE
"119-36-8","119-36-8","methyl salicylate",-1.44369749923271,-1.51737079674386,0.455686742594002,-2.4105168122281,-0.624224781259613,"var_mu_LogSaqd",0.0736732975111478,0.0736732975111478,TRUE
"119-61-9","119-61-9","benzophenone",-1.24920613319746,-1.45601848677167,0.480032084408798,-2.39688137221291,-0.515155601330423,"var_mu_LogSaqd",0.206812353574207,0.206812353574207,TRUE
"119-61-9","119-61-9","benzophenone",-1.13822159828622,-1.45601848677167,0.480032084408798,-2.39688137221291,-0.515155601330423,"var_mu_LogSaqd",0.317796888485447,0.317796888485447,TRUE
"120-80-9","120-80-9","catechol",-2.51,-2.68846997513855,0.529204291738681,-3.72571038694636,-1.65122956333073,"var_mu_LogSaqd",0.178469975138547,0.178469975138547,TRUE
"120-83-2","120-83-2","2,4-dichlorophenol",-1.14874021557127,-1.41982089838529,0.430234257814858,-2.26308004370241,-0.576561753068168,"var_mu_LogSaqd",0.271080682814019,0.271080682814019,TRUE
"120-83-2","120-83-2","2,4-dichlorophenol",-1.22136169383427,-1.58011728769288,0.448523300244966,-2.45922295617302,-0.701011619212751,"var_mu_LogSaqd",0.358755593858614,0.358755593858614,TRUE
"1219-38-1","1219-38-1","octylparaben",-1.90585161784792,-1.28520062698932,0.483013405055438,-2.23190690089798,-0.338494353080661,"var_mu_LogSaqd",-0.620650990858602,0.620650990858602,TRUE
"122-57-6","122-57-6","benzylideneacetone",-1.40794873077454,-1.58998310494381,0.462681211914119,-2.49683828029548,-0.683127929592137,"var_mu_LogSaqd",0.182034374169269,0.182034374169269,TRUE
"122-57-6","122-57-6","benzylideneacetone",-1.11863375864077,-1.58998310494381,0.462681211914119,-2.49683828029548,-0.683127929592137,"var_mu_LogSaqd",0.471349346303039,0.471349346303039,TRUE
"123-07-9 ","123-07-9 ","p-ethylphenol",-1.46278385671974,-1.58515258485341,0.445875797032597,-2.4590691470373,-0.71123602266952,"var_mu_LogSaqd",0.12236872813367,0.12236872813367,TRUE
"123-31-9","123-31-9","hydroquinone",-5.0301183562535,-2.49920389675679,0.54964995109904,-3.5765178009109,-1.42188999260267,"var_mu_LogSaqd",-2.53091445949672,2.53091445949672,FALSE
"123-31-9","123-31-9","hydroquinone",-1.90385139213331,-2.47831165172363,0.546284989045249,-3.54903023025232,-1.40759307319494,"var_mu_LogSaqd",0.574460259590323,0.574460259590323,TRUE
"123-31-9","123-31-9","hydroquinone",-2.41644259377425,-2.47831165172363,0.546284989045249,-3.54903023025232,-1.40759307319494,"var_mu_LogSaqd",0.0618690579493828,0.0618690579493828,TRUE
"123-31-9","123-31-9","hydroquinone",-2.95,-2.75982838886068,0.552371622463331,-3.84247676888881,-1.67718000883255,"var_mu_LogSaqd",-0.190171611139323,0.190171611139323,TRUE
"124-94-7","124-94-7","triamcinolone",-5.40011692792631,-4.52520078721903,1.19695585399008,-6.87123426103957,-2.17916731339848,"var_mu_LogSaqd",-0.874916140707284,0.874916140707284,TRUE
"131-11-3","131-11-3","dimethyl phthalate",-1.55258483591006,-1.89683662707448,0.493702959742938,-2.86449442817064,-0.929178825978321,"var_mu_LogSaqd",0.344251791164419,0.344251791164419,TRUE
"131-11-3","131-11-3","dimethyl phthalate",-1.64782103953418,-1.89683662707448,0.493702959742938,-2.86449442817064,-0.929178825978321,"var_mu_LogSaqd",0.249015587540299,0.249015587540299,TRUE
"135-19-3","135-19-3","beta-naphthol; 2-naphthol",-1.5543957967264,-1.78261312581623,0.494990972113268,-2.75279543115824,-0.812430820474229,"var_mu_LogSaqd",0.228217329089833,0.228217329089833,TRUE
"135-19-3","135-19-3","beta-naphthol; 2-naphthol",-1.20065945054642,-1.70851337370119,0.48225523313437,-2.65373363064456,-0.763293116757827,"var_mu_LogSaqd",0.507853923154772,0.507853923154772,TRUE
"13523-86-9","13523-86-9","pindolol",-3.70333480973847,-3.19382897017908,0.814244517224282,-4.78974822393868,-1.59790971641949,"var_mu_LogSaqd",-0.509505839559388,0.509505839559388,TRUE
"13655-52-2","13655-52-2","alprenolol",-2.78664164637561,-3.02489804623374,0.591088791126986,-4.18343207684263,-1.86636401562485,"var_mu_LogSaqd",0.238256399858132,0.238256399858132,TRUE
"137-58-6","137-58-6","lidocaine",-2.40120949323688,-2.00256206768036,0.513610687648815,-3.00923901547204,-0.995885119888686,"var_mu_LogSaqd",-0.398647425556515,0.398647425556515,TRUE
"137-58-6","137-58-6","lidocaine",-2.52287874528034,-2.00872917535647,0.510804679955478,-3.00990634806921,-1.00755200264374,"var_mu_LogSaqd",-0.514149569923866,0.514149569923866,TRUE
"137-58-6","137-58-6","lidocaine",-2.52287874528034,-2.00872917535647,0.510804679955478,-3.00990634806921,-1.00755200264374,"var_mu_LogSaqd",-0.514149569923866,0.514149569923866,TRUE
"141-05-9","141-05-9","diethyl maleate",-1.66740097646667,-1.89956228584196,0.514266100207635,-2.90752384224892,-0.891600729434993,"var_mu_LogSaqd",0.232161309375287,0.232161309375287,TRUE
"141-05-9","141-05-9","diethyl maleate",-1.58608416024509,-1.89956228584196,0.514266100207635,-2.90752384224892,-0.891600729434993,"var_mu_LogSaqd",0.313478125596867,0.313478125596867,TRUE
"14199-15-6","14199-15-6","methyl 4-hydroxyphenylacetate",-1.69897000433602,-1.92327001209342,0.479617733941175,-2.86332077061813,-0.983219253568721,"var_mu_LogSaqd",0.224300007757403,0.224300007757403,TRUE
"143-08-8","143-08-8","n-nonanol",-1.22184874961636,-1.01957211098685,0.426979313301451,-1.85645156505769,-0.182692656916004,"var_mu_LogSaqd",-0.202276638629511,0.202276638629511,TRUE
"143-08-8","143-08-8","nonanol",-1.22184874961636,-1.15775518512816,0.443590529568061,-2.02719262308156,-0.288317747174759,"var_mu_LogSaqd",-0.0640935644882015,0.0640935644882015,TRUE
"14371-10-9","14371-10-9","trans-cinnamaldehyde",-1.55307871254876,-1.47302099671693,0.449034045364437,-2.35312772563123,-0.592914267802634,"var_mu_LogSaqd",-0.0800577158318299,0.0800577158318299,TRUE
"14371-10-9","14371-10-9","trans-cinnamaldehyde",-1.38433498624321,-1.47302099671693,0.449034045364437,-2.35312772563123,-0.592914267802634,"var_mu_LogSaqd",0.0886860104737202,0.0886860104737202,TRUE
"145-13-1","145-13-1","hydroxypregnenolone",-3.22184874961636,-3.29499631356742,0.744079420516177,-4.75339197777913,-1.83660064935571,"var_mu_LogSaqd",0.0731475639510588,0.0731475639510588,TRUE
"145-13-1","145-13-1","pregnenolone",-2.82390874094432,-2.88335586901506,0.809782904285313,-4.47053036141427,-1.29618137661585,"var_mu_LogSaqd",0.0594471280707403,0.0594471280707403,TRUE
"146-72-5","146-72-5","methylglucose",-3.68026950566978,-4.11680025404334,0.784509172844459,-5.65443823281848,-2.5791622752682,"var_mu_LogSaqd",0.436530748373557,0.436530748373557,TRUE
"1638-22-8","1638-22-8","p-n-butylphenol; 4-butylphenol",-1.11463877996849,-1.14251692831701,0.431864331171241,-1.98897101741264,-0.296062839221378,"var_mu_LogSaqd",0.0278781483485206,0.0278781483485206,TRUE
"16590-41-3","16590-41-3","naltrexone",-2.6664407795091,-2.98942560228084,0.713237104839138,-4.38737032776555,-1.59148087679613,"var_mu_LogSaqd",0.32298482277174,0.32298482277174,TRUE
"17194-82-0","17194-82-0","alfa-(4-hydroxyphenyl) acetamide",-3.34678748622466,-2.88804544905772,0.62117443814509,-4.1055473478221,-1.67054355029334,"var_mu_LogSaqd",-0.45874203716694,0.45874203716694,TRUE
"18979-50-5","18979-50-5","4-propoxyphenol",-1.82490330536304,-1.62427308276177,0.4581321477893,-2.5222120924288,-0.726334073094742,"var_mu_LogSaqd",-0.200630222601271,0.200630222601271,TRUE
"2152-44-5","2152-44-5","betamethasone-17-valerate",-2.88041422503822,-4.00534201436751,1.08802560268807,-6.13787219563613,-1.87281183309888,"var_mu_LogSaqd",1.12492778932929,1.12492778932929,TRUE
"2203-97-6","2203-97-6","hydrocortisone-21-hemisuccinate",-3.20065945054642,-3.81573364050088,0.973694953200532,-5.72417574877392,-1.90729153222783,"var_mu_LogSaqd",0.615074189954455,0.615074189954455,TRUE
"2493-02-9","2493-02-9","4-bromophenyl isocyanate",-1.84100559902551,-1.42327871957314,0.461710817391701,-2.32823192166087,-0.518325517485402,"var_mu_LogSaqd",-0.417726879452373,0.417726879452373,TRUE
"2493-02-9","2493-02-9","4-bromophenyl isocyanate",-1.75134980127003,-1.42327871957314,0.461710817391701,-2.32823192166087,-0.518325517485402,"var_mu_LogSaqd",-0.328071081696893,0.328071081696893,TRUE
"26839-75-8","26839-75-8","timolol",-3.57016261901271,-2.47438836400702,0.629062890440648,-3.7073516292707,-1.24142509874335,"var_mu_LogSaqd",-1.09577425500569,1.09577425500569,TRUE
"26839-75-8","26839-75-8","timolol",-3.53521248035406,-2.40554398462346,0.61380694161196,-3.6086055901829,-1.20248237906402,"var_mu_LogSaqd",-1.1296684957306,1.1296684957306,TRUE
"2871-01-4","2871-01-4","hc red no. 3; 2-(4-amino-2-nitroanilino)-ethanol",-1.67058885168866,-2.4945881200652,0.64594307634289,-3.76063654969727,-1.22853969043314,"var_mu_LogSaqd",0.823999268376542,0.823999268376542,TRUE
"2871-01-4","2871-01-4","hc red no. 3; 2-(4-amino-2-nitroanilino)-ethanol",-2.32271042397763,-2.4945881200652,0.64594307634289,-3.76063654969727,-1.22853969043314,"var_mu_LogSaqd",0.171877696087572,0.171877696087572,TRUE
"29122-68-7","29122-68-7","atenolol",-3.96657624451305,-3.49495384020898,0.791924784320743,-5.04712641747763,-1.94278126294032,"var_mu_LogSaqd",-0.471622404304073,0.471622404304073,TRUE
"31005-02-4","31005-02-4","7-ethoxycoumarin",-0.781780143112531,-2.14760667363979,0.515255597280655,-3.15750764430987,-1.1377057029697,"var_mu_LogSaqd",1.36582653052726,1.36582653052726,FALSE
"31005-02-4","31005-02-4","7-ethoxycoumarin",-0.919153916982604,-2.14760667363979,0.515255597280655,-3.15750764430987,-1.1377057029697,"var_mu_LogSaqd",1.22845275665718,1.22845275665718,FALSE
"333-41-5","333-41-5","diazinon",-2.06048074738138,-2.21345954024323,0.619971148956931,-3.42860299219882,-0.998316088287649,"var_mu_LogSaqd",0.152978792861854,0.152978792861854,TRUE
"3360-41-6","3360-41-6","4-phenylbutanol",-1.08092190762393,-1.51636265934129,0.44350768807692,-2.38563772797205,-0.647087590710524,"var_mu_LogSaqd",0.435440751717358,0.435440751717358,TRUE
"3593-96-2","3593-96-2","hydrocortisone-21-hexanoate; hydrocortisone caproate",-2,-3.52477536595826,0.966971454912594,-5.42003941758695,-1.62951131432958,"var_mu_LogSaqd",1.52477536595826,1.52477536595826,TRUE
"3930-20-9","3930-20-9","sotalol",-4.31984585826563,-3.36100467416414,0.789198447343395,-4.90783363095719,-1.81417571737108,"var_mu_LogSaqd",-0.958841184101492,0.958841184101492,TRUE
"3930-20-9","3930-20-9","sotalol",-3.88598470867013,-3.36100467416414,0.789198447343395,-4.90783363095719,-1.81417571737108,"var_mu_LogSaqd",-0.524980034505992,0.524980034505992,TRUE
"3930-20-9","3930-20-9","sotalol",-4.17986287404271,-3.36100467416414,0.789198447343395,-4.90783363095719,-1.81417571737108,"var_mu_LogSaqd",-0.818858199878572,0.818858199878572,TRUE
"42200-33-9","42200-33-9","nadolol",-4.10127481841051,-3.37387439384993,0.736045869090374,-4.81652429726706,-1.93122449043279,"var_mu_LogSaqd",-0.727400424560584,0.727400424560584,TRUE
"437-38-7","437-38-7","fentanyl base",-1.96286612872332,-2.11735429910446,0.578134058862323,-3.25049705447462,-0.984211543734311,"var_mu_LogSaqd",0.154488170381144,0.154488170381144,TRUE
"463-40-1","463-40-1","linolenic acid",-2.431798275933,-1.70431526669568,0.644879775866455,-2.96827962739393,-0.440350905997426,"var_mu_LogSaqd",-0.727483009237322,0.727483009237322,TRUE
"499-75-2","499-75-2","iso-thymol; carvacrol",-1.25336580106242,-1.23833333995849,0.422920864783831,-2.0672582349348,-0.409408444982179,"var_mu_LogSaqd",-0.015032461103933,0.015032461103933,TRUE
"50-2-2","50-2-2","dexamethasone",-4.19382002601611,-4.17050093121824,1.0760668016438,-6.27959186244009,-2.06140999999639,"var_mu_LogSaqd",-0.0233190947978699,0.0233190947978699,TRUE
"50-22-6","50-22-6","corticosterone",-2.24178591486039,-3.18514020059684,0.798128060287904,-4.74947119876114,-1.62080920243255,"var_mu_LogSaqd",0.943354285736454,0.943354285736454,TRUE
"50-22-6","50-22-6","corticosterone",-2.35454840605954,-3.18514020059684,0.798128060287904,-4.74947119876114,-1.62080920243255,"var_mu_LogSaqd",0.830591794537304,0.830591794537304,TRUE
"50-22-6","50-22-6","corticosterone",-3.16494389827988,-3.20993134514031,0.826454870139214,-4.82978289061317,-1.59007979966745,"var_mu_LogSaqd",0.0449874468604259,0.0449874468604259,TRUE
"50-22-6","50-22-6","corticosterone",-4,-3.29944473288864,0.848664403080189,-4.96282696292581,-1.63606250285147,"var_mu_LogSaqd",-0.700555267111357,0.700555267111357,TRUE
"50-22-6","50-22-6","corticosterone",-3.33468369530231,-3.20742747431243,0.804821880652795,-4.78487836039191,-1.62997658823295,"var_mu_LogSaqd",-0.127256220989882,0.127256220989882,TRUE
"50-22-6","50-22-6","corticosterone",-3.52287874528034,-3.30443454628495,0.834902433699809,-4.94084331633658,-1.66802577623332,"var_mu_LogSaqd",-0.21844419899539,0.21844419899539,TRUE
"50-22-6","50-22-6","corticosterone",-3.52287874528034,-3.30734707355865,0.837777225860272,-4.94939043624479,-1.66530371087252,"var_mu_LogSaqd",-0.215531671721685,0.215531671721685,TRUE
"50-22-6","50-22-6","corticosterone",-4,-3.29689434313874,0.848025832704328,-4.95902497523923,-1.63476371103826,"var_mu_LogSaqd",-0.703105656861256,0.703105656861256,TRUE
"50-22-6","50-22-6","corticosterone",-3.26587485567249,-3.28753877676116,0.830733394065025,-4.91577622912861,-1.65930132439371,"var_mu_LogSaqd",0.021663921088674,0.021663921088674,TRUE
"50-22-6","50-22-6","corticosterone",-2.58587485567249,-3.16500583205541,0.791757849139467,-4.71685121636877,-1.61316044774206,"var_mu_LogSaqd",0.579130976382924,0.579130976382924,TRUE
"50-22-6","50-22-6","corticosterone",-4.22184874961636,-3.29920797903806,0.834877373943198,-4.93556763196673,-1.66284832610939,"var_mu_LogSaqd",-0.922640770578301,0.922640770578301,TRUE
"50-22-6","50-22-6","corticosterone",-4.67571754470231,-3.30994701834563,0.838422833789846,-4.95325577257373,-1.66663826411753,"var_mu_LogSaqd",-1.36577052635668,1.36577052635668,TRUE
"50-22-6","50-22-6","corticosterone",-3.23418248469008,-3.20241228286048,0.824615758662787,-4.81865916983955,-1.58616539588142,"var_mu_LogSaqd",-0.0317702018295956,0.0317702018295956,TRUE
"50-23-7","50-23-7","hydrocortisone",-2.01894154396037,-3.62583693646437,0.845814110297013,-5.28363259264651,-1.96804128028222,"var_mu_LogSaqd",1.606895392504,1.606895392504,TRUE
"50-23-7","50-23-7","hydrocortisone",-2.68163603566894,-3.62583693646437,0.845814110297013,-5.28363259264651,-1.96804128028222,"var_mu_LogSaqd",0.944200900795428,0.944200900795428,TRUE
"50-23-7","50-23-7","hydrocortisone",-3.63827216398241,-3.50644184128094,0.82476323639856,-5.12297778462212,-1.88990589793976,"var_mu_LogSaqd",-0.131830322701469,0.131830322701469,TRUE
"50-23-7","50-23-7","hydrocortisone",-3.63870046691906,-3.58898753822184,0.83518742949903,-5.22595490003994,-1.95202017640375,"var_mu_LogSaqd",-0.0497129286972151,0.0497129286972151,TRUE
"50-23-7","50-23-7","hydrocortisone",-5.52287874528034,-3.70069006106272,0.867593774482916,-5.40117385904923,-2.0002062630762,"var_mu_LogSaqd",-1.82218868421762,1.82218868421762,FALSE
"50-23-7","50-23-7","hydrocortisone",-5.52724355068279,-3.71397281068087,0.871662758867901,-5.42243181806195,-2.00551380329978,"var_mu_LogSaqd",-1.81327074000192,1.81327074000192,FALSE
"50-24-8","50-24-8","prednisolone",-4.32790214206428,-3.84111210316133,0.952574209517594,-5.70815755381582,-1.97406665250685,"var_mu_LogSaqd",-0.486790038902948,0.486790038902948,TRUE
"50-27-1","50-27-1","estriol",-4.39794000867204,-3.58339246652907,0.931641204924043,-5.4094092281802,-1.75737570487795,"var_mu_LogSaqd",-0.814547542142968,0.814547542142968,TRUE
"50-28-2","50-28-2","beta-estradiol",-2.38721614328026,-2.66647865250076,0.775751862326325,-4.18695230266035,-1.14600500234116,"var_mu_LogSaqd",0.279262509220496,0.279262509220496,TRUE
"50-28-2","50-28-2","beta-estradiol",-2.01233373507373,-2.47766147921563,0.727794466460205,-3.90413863347763,-1.05118432495363,"var_mu_LogSaqd",0.465327744141902,0.465327744141902,TRUE
"50-28-2","50-28-2","beta-estradiol",-3.52287874528034,-2.65378468437111,0.772951340339999,-4.16876931143751,-1.13880005730471,"var_mu_LogSaqd",-0.869094060909227,0.869094060909227,TRUE
"50-28-2","50-28-2","beta-estradiol",-2.28149831113273,-2.55335649663108,0.74636210582713,-4.01622622405226,-1.09048676920991,"var_mu_LogSaqd",0.271858185498352,0.271858185498352,TRUE
"50-28-2","50-28-2","estradiol",-1.98581560249872,-2.55335649663108,0.74636210582713,-4.01622622405226,-1.09048676920991,"var_mu_LogSaqd",0.567540894132362,0.567540894132362,TRUE
"50-28-2","50-28-2","estradiol",-4.69680394257951,-2.51337107643132,0.742229854402619,-3.96814159106046,-1.05860056180219,"var_mu_LogSaqd",-2.18343286614819,2.18343286614819,FALSE
"50-28-2","50-28-2","estradiol",-2.36451625318509,-2.51337107643132,0.742229854402619,-3.96814159106046,-1.05860056180219,"var_mu_LogSaqd",0.148854823246233,0.148854823246233,TRUE
"50-28-2","50-28-2","estradiol",-2.38090666937326,-2.66647865250076,0.775751862326325,-4.18695230266035,-1.14600500234116,"var_mu_LogSaqd",0.285571983127496,0.285571983127496,TRUE
"50-28-2","50-28-2","estradiol",-2.21324857785444,-2.47753588549628,0.727768424554826,-3.90396199762374,-1.05110977336883,"var_mu_LogSaqd",0.264287307641844,0.264287307641844,TRUE
"50-28-2","50-28-2","estradiol",-2.49485002168009,-2.66660631583474,0.775780078671701,-4.18713527003127,-1.1460773616382,"var_mu_LogSaqd",0.171756294154649,0.171756294154649,TRUE
"50-28-2","50-28-2","estradiol",-2.52287874528034,-2.66647865250076,0.775751862326325,-4.18695230266035,-1.14600500234116,"var_mu_LogSaqd",0.143599907220416,0.143599907220416,TRUE
"50-28-2","50-28-2","estradiol",-2.52287874528034,-2.66446649044935,0.77487923087099,-4.18322978295649,-1.14570319794221,"var_mu_LogSaqd",0.141587745169011,0.141587745169011,TRUE
"50-28-2","50-28-2","estradiol",-2.52287874528034,-2.66446649044935,0.77487923087099,-4.18322978295649,-1.14570319794221,"var_mu_LogSaqd",0.141587745169011,0.141587745169011,TRUE
"50-28-2","50-28-2","estradiol",-2.08008551934057,-2.51337107643132,0.742229854402619,-3.96814159106046,-1.05860056180219,"var_mu_LogSaqd",0.433285557090753,0.433285557090753,TRUE
"50-28-2","50-28-2","estradiol",-2.34969247686806,-2.55335649663108,0.74636210582713,-4.01622622405226,-1.09048676920991,"var_mu_LogSaqd",0.203664019763022,0.203664019763022,TRUE
"50-28-2","50-28-2","estradiol",-2.51173374958299,-2.55335649663108,0.74636210582713,-4.01622622405226,-1.09048676920991,"var_mu_LogSaqd",0.0416227470480921,0.0416227470480921,TRUE
"51-21-8","51-21-8","5-fluorouracil",-4.52574969288748,-3.68599202890166,0.784680850311255,-5.22396649551172,-2.1480175622916,"var_mu_LogSaqd",-0.839757663985817,0.839757663985817,TRUE
"51-21-8","51-21-8","5-fluorouracil",-4.72894468964132,-3.69465961181229,0.784896237857312,-5.23305623801262,-2.15626298561196,"var_mu_LogSaqd",-1.03428507782903,1.03428507782903,TRUE
"51-21-8","51-21-8","5-fluorouracil",-4.47108329972234,-3.68599202890166,0.784680850311255,-5.22396649551172,-2.1480175622916,"var_mu_LogSaqd",-0.785091270820677,0.785091270820677,TRUE
"51-21-8","51-21-8","5-fluorouracil (+ - + -)",-4.46597389394386,-3.69465961181229,0.784896237857312,-5.23305623801262,-2.15626298561196,"var_mu_LogSaqd",-0.771314282131571,0.771314282131571,TRUE
"512-69-6","512-69-6","raffinose",-4.85472588171206,-4.67871073747778,1.0205947654173,-6.6790764776957,-2.67834499725987,"var_mu_LogSaqd",-0.176015144234279,0.176015144234279,TRUE
"512-69-6","512-69-6","raffinose",-4.29756946355447,-4.84392145152627,1.07116645426767,-6.9434077018909,-2.74443520116164,"var_mu_LogSaqd",0.546351987971801,0.546351987971801,TRUE
"513-85-9","513-85-9","2,3-butanediol",-4.30102999566398,-3.05688790368234,0.562694735333824,-4.15976958493663,-1.95400622242804,"var_mu_LogSaqd",-1.24414209198164,1.24414209198164,FALSE
"51384-51-1","51384-51-1","metoprolol",-3.52461940685664,-3.03754024693121,0.62887101914576,-4.2701274444569,-1.80495304940552,"var_mu_LogSaqd",-0.487079159925428,0.487079159925428,TRUE
"52-39-1","52-39-1","aldosterone",-4.23657200643706,-3.55257206392131,0.937313792104936,-5.38970709644699,-1.71543703139564,"var_mu_LogSaqd",-0.683999942515749,0.683999942515749,TRUE
"52-39-1","52-39-1","aldosterone",-4.74835790885864,-3.46663242224056,0.896027549379878,-5.22284641902512,-1.710418425456,"var_mu_LogSaqd",-1.28172548661808,1.28172548661808,TRUE
"52-39-1","52-39-1","aldosterone",-4.30102999566398,-3.63907093145451,0.961368467150802,-5.52335312707008,-1.75478873583893,"var_mu_LogSaqd",-0.661959064209475,0.661959064209475,TRUE
"52-39-1","52-39-1","aldosterone",-4.52287874528034,-3.60635495276211,0.942810451675129,-5.45426343804536,-1.75844646747886,"var_mu_LogSaqd",-0.916523792518231,0.916523792518231,TRUE
"52-39-1","52-39-1","aldosterone",-4.52287874528034,-3.44644851613186,0.842444752710037,-5.09764023144353,-1.79525680082019,"var_mu_LogSaqd",-1.07643022914848,1.07643022914848,TRUE
"52-39-1","52-39-1","aldosterone",-4.01233373507373,-3.29921653887819,0.797763853515192,-4.86283369176797,-1.73559938598842,"var_mu_LogSaqd",-0.713117196195535,0.713117196195535,TRUE
"53-06-5","53-06-5","cortisone",-3.82390874094432,-3.65455499799193,0.896433803980644,-5.41156525379399,-1.89754474218986,"var_mu_LogSaqd",-0.169353742952394,0.169353742952394,TRUE
"53-06-5","53-06-5","cortisone",-5,-3.77212028650239,0.926052963176714,-5.58718409432875,-1.95705647867603,"var_mu_LogSaqd",-1.22787971349761,1.22787971349761,TRUE
"53-16-7","53-16-7","estrone",-2.44369749923271,-3.07592644725726,0.799309812899458,-4.6425736805402,-1.50927921397432,"var_mu_LogSaqd",0.632228948024548,0.632228948024548,TRUE
"53-96-3","53-96-3","2-(acetylamino)fluorene",-1.16052197602182,-2.5632188095148,0.684036816804319,-3.90393097045127,-1.22250664857833,"var_mu_LogSaqd",1.40269683349298,1.40269683349298,FALSE
"53-96-3","53-96-3","2-(acetylamino)fluorene",-1.10756666442663,-2.5632188095148,0.684036816804319,-3.90393097045127,-1.22250664857833,"var_mu_LogSaqd",1.45565214508817,1.45565214508817,FALSE
"533-73-3","533-73-3","1,2,4-benzenetriol",-3.9,-2.82545134353408,0.547041820714334,-3.89765331213418,-1.75324937493399,"var_mu_LogSaqd",-1.07454865646592,1.07454865646592,FALSE
"53535-33-4","53535-33-4","heptanol",-1.42481215507234,-1.34288602132483,0.433805196781516,-2.1931442070166,-0.492627835633059,"var_mu_LogSaqd",-0.0819261337475088,0.0819261337475088,TRUE
"53535-33-4","53535-33-4","heptanol",-1.49485002168009,-1.40237537617033,0.440949732537491,-2.26663685194381,-0.538113900396843,"var_mu_LogSaqd",-0.0924746455097647,0.0924746455097647,TRUE
"53535-33-4","53535-33-4","n-heptanol",-1.49485002168009,-1.24735813716122,0.418420993036471,-2.06746328351271,-0.427252990809741,"var_mu_LogSaqd",-0.247491884518866,0.247491884518866,TRUE
"554-84-7","554-84-7","m-nitrophenol; 3-nitrophenol",-2.24848294855394,-2.01653879801919,0.49134686915624,-2.97957866156542,-1.05349893447295,"var_mu_LogSaqd",-0.231944150534755,0.231944150534755,TRUE
"56-81-5","56-81-5","glycerol",-4.56863623584101,-3.55137060379143,0.620310057888622,-4.76717831725313,-2.33556289032974,"var_mu_LogSaqd",-1.01726563204958,1.01726563204958,TRUE
"56-81-5","56-81-5","glycerol",-3.00594693641232,-3.59253654389183,0.627469640468232,-4.82237703920957,-2.3626960485741,"var_mu_LogSaqd",0.586589607479513,0.586589607479513,TRUE
"56030-54-7","56030-54-7","sufentanil base",-1.81815641205523,-2.66132996238777,0.691915441464069,-4.01748422765734,-1.30517569711819,"var_mu_LogSaqd",0.843173550332538,0.843173550332538,TRUE
"57-13-6","57-13-6","urea",-3.82973828460504,-3.63690257224973,0.711150395929893,-5.03075734827232,-2.24304779622714,"var_mu_LogSaqd",-0.192835712355308,0.192835712355308,TRUE
"57-13-6","57-13-6","urea",-3.95233580539844,-3.56024903411176,0.70113671434275,-4.93447699422355,-2.18602107399997,"var_mu_LogSaqd",-0.392086771286682,0.392086771286682,TRUE
"57-13-6","57-13-6","urea",-3.92564441915299,-3.65314931035521,0.713316816133927,-5.05125026997771,-2.25504835073272,"var_mu_LogSaqd",-0.272495108797775,0.272495108797775,TRUE
"57-13-6","57-13-6","urea",-3.69494112531286,-3.68036830997481,0.725717312461298,-5.10277424239896,-2.25796237755067,"var_mu_LogSaqd",-0.0145728153380476,0.0145728153380476,TRUE
"57-13-6","57-13-6","urea",-3.55495653854982,-3.6318135954002,0.708801323618054,-5.02106418969159,-2.24256300110882,"var_mu_LogSaqd",0.0768570568503844,0.0768570568503844,TRUE
"57-13-6","57-13-6","urea",-3.5970511706556,-3.65314931035521,0.713316816133927,-5.05125026997771,-2.25504835073272,"var_mu_LogSaqd",0.056098139699615,0.056098139699615,TRUE
"57-13-6","57-13-6","urea",-3.55720677406023,-3.65314931035521,0.713316816133927,-5.05125026997771,-2.25504835073272,"var_mu_LogSaqd",0.0959425362949848,0.0959425362949848,TRUE
"57-50-1","57-50-1","sucrose",-5.0268721464003,-5.46334583354334,1.21994549501659,-7.85443900377585,-3.07225266331082,"var_mu_LogSaqd",0.436473687143035,0.436473687143035,TRUE
"57-50-1","57-50-1","sucrose",-5.2839966563652,-5.53493816937015,1.26003421824921,-8.00460523713859,-3.0652711016017,"var_mu_LogSaqd",0.250941513004947,0.250941513004947,TRUE
"57-50-1","57-50-1","sucrose",-4.76200316671127,-5.46334583354334,1.21994549501659,-7.85443900377585,-3.07225266331082,"var_mu_LogSaqd",0.701342666832065,0.701342666832065,TRUE
"57-50-1","57-50-1","sucrose",-4.26905630657226,-5.46334583354334,1.21994549501659,-7.85443900377585,-3.07225266331082,"var_mu_LogSaqd",1.19428952697108,1.19428952697108,TRUE
"57-50-1","57-50-1","sucrose",-4.36451625318509,-5.46334583354334,1.21994549501659,-7.85443900377585,-3.07225266331082,"var_mu_LogSaqd",1.09882958035825,1.09882958035825,TRUE
"57-50-1","57-50-1","sucrose",-3.13406733180681,-5.46334583354334,1.21994549501659,-7.85443900377585,-3.07225266331082,"var_mu_LogSaqd",2.32927850173653,2.32927850173653,TRUE
"57-83-0","57-83-0","progesterone",-1.52287874528034,-2.50680736034285,0.696662774011467,-3.87226639740533,-1.14134832328037,"var_mu_LogSaqd",0.98392861506251,0.98392861506251,TRUE
"57-83-0","57-83-0","progesterone",-1.70344032687277,-2.4287845301564,0.677000820561419,-3.75570613845678,-1.10186292185602,"var_mu_LogSaqd",0.725344203283629,0.725344203283629,TRUE
"57-83-0","57-83-0","progesterone",-1.88605664769316,-2.57187590193447,0.709484156812218,-3.96246484928641,-1.18128695458252,"var_mu_LogSaqd",0.685819254241305,0.685819254241305,TRUE
"57-83-0","57-83-0","progesterone",-1.69897000433602,-2.6457298313937,0.72499429426377,-4.06671864815069,-1.22474101463671,"var_mu_LogSaqd",0.946759827057681,0.946759827057681,TRUE
"57-83-0","57-83-0","progesterone",-2.82390874094432,-2.56045121679089,0.707216032009898,-3.94659463953029,-1.17430779405149,"var_mu_LogSaqd",-0.263457524153429,0.263457524153429,TRUE
"58-08-2","58-08-2","caffeine",-3.80687540164554,-3.44005899557707,0.711339919893341,-4.83428523856802,-2.04583275258612,"var_mu_LogSaqd",-0.366816406068466,0.366816406068466,TRUE
"58-08-2","58-08-2","caffeine",-4.58586563707645,-3.54601858402605,0.729924060730658,-4.97666974305814,-2.11536742499397,"var_mu_LogSaqd",-1.0398470530504,1.0398470530504,TRUE
"58-08-2","58-08-2","caffeine",-1.60220380347052,-3.52309983139419,0.725395606772351,-4.944875220668,-2.10132444212039,"var_mu_LogSaqd",1.92089602792367,1.92089602792367,FALSE
"58-08-2","58-08-2","caffeine",-2.60631808276205,-3.52309983139419,0.725395606772351,-4.944875220668,-2.10132444212039,"var_mu_LogSaqd",0.916781748632145,0.916781748632145,TRUE
"58-08-2","58-08-2","caffeine",-4.15490195998574,-3.5566558631267,0.723922249456399,-4.97554347206124,-2.13776825419215,"var_mu_LogSaqd",-0.598246096859044,0.598246096859044,TRUE
"58-08-2","58-08-2","caffeine",-3.69897000433602,-3.51625767205561,0.725780790640914,-4.9387880217118,-2.09372732239942,"var_mu_LogSaqd",-0.182712332280413,0.182712332280413,TRUE
"58-22-0","58-22-0","testosterone",-2.0571655062299,-2.51840384884829,0.696036400644307,-3.88263519411113,-1.15417250358545,"var_mu_LogSaqd",0.46123834261839,0.46123834261839,TRUE
"58-22-0","58-22-0","testosterone",-2.04694894237348,-2.46585223438064,0.690217431011456,-3.8186783991631,-1.11302606959819,"var_mu_LogSaqd",0.418903292007164,0.418903292007164,TRUE
"58-22-0","58-22-0","testosterone",-1.64633962279966,-2.54243953483262,0.701675857208703,-3.91772421496168,-1.16715485470356,"var_mu_LogSaqd",0.896099912032958,0.896099912032958,TRUE
"58-22-0","58-22-0","testosterone",-1.41570671752568,-2.50151250293623,0.693590370266034,-3.86094962865765,-1.1420753772148,"var_mu_LogSaqd",1.08580578541055,1.08580578541055,TRUE
"58-22-0","58-22-0","testosterone",-2.27083521030723,-2.63595070940073,0.725422473649383,-4.05777875775352,-1.21412266104794,"var_mu_LogSaqd",0.365115499093499,0.365115499093499,TRUE
"58-22-0","58-22-0","testosterone",-2.38875983135141,-2.46204409716254,0.683590390741524,-3.80188126301592,-1.12220693130915,"var_mu_LogSaqd",0.0732842658111257,0.0732842658111257,TRUE
"58-22-0","58-22-0","testosterone",-2.65757731917779,-2.59098023120536,0.715903320111361,-3.99415073862362,-1.18780972378709,"var_mu_LogSaqd",-0.0665970879724331,0.0665970879724331,TRUE
"58-22-0","58-22-0","testosterone",-2.65757731917779,-2.58540859658606,0.713986106516227,-3.98482136535786,-1.18599582781425,"var_mu_LogSaqd",-0.0721687225917318,0.0721687225917318,TRUE
"58-22-0","58-22-0","testosterone",-2.65757731917779,-2.58540859658606,0.713986106516227,-3.98482136535786,-1.18599582781425,"var_mu_LogSaqd",-0.0721687225917318,0.0721687225917318,TRUE
"58-22-0","58-22-0","testosterone",-3.39794000867204,-2.57745989084327,0.712380751146049,-3.97372616308952,-1.18119361859701,"var_mu_LogSaqd",-0.820480117828773,0.820480117828773,TRUE
"58-22-0","58-22-0","testosterone",-3.06752623532285,-2.59098023120536,0.715903320111361,-3.99415073862362,-1.18780972378709,"var_mu_LogSaqd",-0.476546004117493,0.476546004117493,TRUE
"58-22-0","58-22-0","testosterone",-2.13194363817696,-2.46332014376377,0.689722684005719,-3.81517660441498,-1.11146368311256,"var_mu_LogSaqd",0.331376505586807,0.331376505586807,TRUE
"58-54-8","58-54-8","ethacrynic acid",-3.82390874094432,-2.53470726732946,0.692678324969943,-3.89235678427055,-1.17705775038837,"var_mu_LogSaqd",-1.28920147361486,1.28920147361486,TRUE
"59-05-2","59-05-2","methotrexate",-3.40160112979023,-4.77539813043643,1.14542340120055,-7.02042799678949,-2.53036826408336,"var_mu_LogSaqd",1.3737970006462,1.3737970006462,TRUE
"59-50-7","59-50-7","chlorocresol",-1.26406804435028,-1.55047985976016,0.444766867411268,-2.42222291988624,-0.678736799634069,"var_mu_LogSaqd",0.286411815409875,0.286411815409875,TRUE
"59-50-7","59-50-7","chlorocresol",-1.65255620893436,-1.52267374343974,0.441336109430442,-2.3876925179234,-0.657654968956069,"var_mu_LogSaqd",-0.129882465494624,0.129882465494624,TRUE
"60-12-8","60-12-8","2-phenylethanol",-1.25963731050576,-1.83377784187302,0.455047132297367,-2.72567022117586,-0.941885462570176,"var_mu_LogSaqd",0.574140531367256,0.574140531367256,TRUE
"60-12-8","60-12-8","2-phenylethanol",-2.11527250510331,-1.93883496443849,0.470439913913891,-2.86089719570971,-1.01677273316726,"var_mu_LogSaqd",-0.176437540664821,0.176437540664821,TRUE
"610-81-1","610-81-1","4-amino-3-nitrophenol",-2.1297393876227,-2.37478881794181,0.551499305671318,-3.45572745705759,-1.29385017882603,"var_mu_LogSaqd",0.245049430319111,0.245049430319111,TRUE
"610-81-1","610-81-1","4-amino-3-nitrophenol",-2.26671923730847,-2.37478881794181,0.551499305671318,-3.45572745705759,-1.29385017882603,"var_mu_LogSaqd",0.108069580633341,0.108069580633341,TRUE
"614-18-6","614-18-6","nicotinate, ethyl",-3.10790539730952,-1.92714859405869,0.445434351284207,-2.80019992257573,-1.05409726554164,"var_mu_LogSaqd",-1.18075680325083,1.18075680325083,FALSE
"614-18-6","614-18-6","nicotinate, ethyl",-3.08618614761628,-1.95537124374744,0.445681010738726,-2.82890602479534,-1.08183646269954,"var_mu_LogSaqd",-1.13081490386884,1.13081490386884,FALSE
"623-05-2","623-05-2","4-hydroxybenzyl alcohol",-2.69897000433602,-2.33555507952219,0.538061040096439,-3.39015471811121,-1.28095544093317,"var_mu_LogSaqd",-0.363414924813829,0.363414924813829,TRUE
"63-36-5","63-36-5","salicylate",-3.96686900819185,-2.72894721243119,0.517564275047564,-3.74337319152441,-1.71452123333796,"var_mu_LogSaqd",-1.23792179576066,1.23792179576066,FALSE
"64-17-5","64-17-5","ethanol",-2.72124639904717,-3.0693099965239,0.580944421361958,-4.20796106239334,-1.93065893065446,"var_mu_LogSaqd",0.348063597476731,0.348063597476731,TRUE
"64-17-5","64-17-5","ethanol",-3.09691001300806,-3.04741194709587,0.577317700377936,-4.17895463983663,-1.91586925435512,"var_mu_LogSaqd",-0.0494980659121849,0.0494980659121849,TRUE
"64-17-5","64-17-5","ethanol",-3.09691001300806,-3.18084313626701,0.599772948200569,-4.35639811474013,-2.0052881577939,"var_mu_LogSaqd",0.083933123258952,0.083933123258952,TRUE
"64-19-7","64-19-7","acetic acid",-2.77786589964853,-2.83267447097705,0.535579654940215,-3.88241059465987,-1.78293834729423,"var_mu_LogSaqd",0.0548085713285169,0.0548085713285169,TRUE
"64-85-7","64-85-7","cortexone",-3.34678748622466,-2.70001691330331,0.718031963700983,-4.10735956215724,-1.29267426444938,"var_mu_LogSaqd",-0.646770572921348,0.646770572921348,TRUE
"65-85-0","65-85-0","benzoic acid",-2.11918640771921,-1.96439343633496,0.496049102258233,-2.9366496767611,-0.992137195908822,"var_mu_LogSaqd",-0.154792971384251,0.154792971384251,TRUE
"65-85-0","65-85-0","benzoic acid",-1.50863830616573,-1.8978991536367,0.486889274206177,-2.85220213108081,-0.943596176192594,"var_mu_LogSaqd",0.389260847470971,0.389260847470971,TRUE
"65-85-0","65-85-0","benzoic acid",-1.50863830616573,-1.8978991536367,0.486889274206177,-2.85220213108081,-0.943596176192594,"var_mu_LogSaqd",0.389260847470971,0.389260847470971,TRUE
"66-27-3","66-27-3","methyl methanesulfonate",-1.91205408690953,-2.70200628083665,0.51413281062871,-3.70970658966892,-1.69430597200437,"var_mu_LogSaqd",0.789952193927117,0.789952193927117,TRUE
"66-27-3","66-27-3","methyl methanesulfonate",-2.06776764179179,-2.70200628083665,0.51413281062871,-3.70970658966892,-1.69430597200437,"var_mu_LogSaqd",0.634238639044857,0.634238639044857,TRUE
"6677-98-1","6677-98-1","hydrocortisone-21-propionate",-2.46852108295775,-3.71868781014783,0.980979009079273,-5.64140666794321,-1.79596895235246,"var_mu_LogSaqd",1.25016672719008,1.25016672719008,TRUE
"67-56-1","67-56-1","methanol",-3.30102999566398,-3.20438417671094,0.593787974206766,-4.3682086061562,-2.04055974726568,"var_mu_LogSaqd",-0.0966458189530406,0.0966458189530406,TRUE
"67-56-1","67-56-1","methanol",-3.30102999566398,-3.32836354575903,0.615218001649412,-4.53419082899188,-2.12253626252619,"var_mu_LogSaqd",0.0273335500950549,0.0273335500950549,TRUE
"67-56-1","67-56-1","methanol",-2.79588001734407,-3.27059247121227,0.605137612031635,-4.45666219079427,-2.08452275163027,"var_mu_LogSaqd",0.4747124538682,0.4747124538682,TRUE
"68-96-2","68-96-2","17-alfa-hydroxyprogesterone",-3.22184874961636,-3.57374369926533,0.97500460638297,-5.48475272777595,-1.66273467075471,"var_mu_LogSaqd",0.351894949648972,0.351894949648972,TRUE
"69-29-7","69-29-7","ethyl ether",-1.79588001734408,-2.28469006962121,0.497252367569202,-3.25930471005685,-1.31007542918558,"var_mu_LogSaqd",0.488810052277134,0.488810052277134,TRUE
"69-65-8","69-65-8","mannitol",-4.72681868815271,-4.10192046923895,0.871535735971337,-5.81013051174277,-2.39371042673513,"var_mu_LogSaqd",-0.624898218913761,0.624898218913761,TRUE
"69-65-8","69-65-8","mannitol",-4,-4.50329624821751,0.986745875572319,-6.43731816433926,-2.56927433209577,"var_mu_LogSaqd",0.503296248217511,0.503296248217511,TRUE
"69-65-8","69-65-8","mannitol",-4.68257958814785,-4.0450290413912,0.856398058109466,-5.72356923528575,-2.36648884749665,"var_mu_LogSaqd",-0.63755054675665,0.63755054675665,TRUE
"69-65-8","69-65-8","mannitol",-4.45692576496647,-4.04561455374407,0.85655250434502,-5.72445746226031,-2.36677164522783,"var_mu_LogSaqd",-0.411311211222402,0.411311211222402,TRUE
"69-65-8","69-65-8","mannitol",-4.77257756999574,-4.49186909211746,0.98327925814237,-6.4190964380765,-2.56464174615841,"var_mu_LogSaqd",-0.280708477878281,0.280708477878281,TRUE
"69-65-8","69-65-8","mannitol",-4.43830246734601,-4.04561455374407,0.85655250434502,-5.72445746226031,-2.36677164522783,"var_mu_LogSaqd",-0.392687913601942,0.392687913601942,TRUE
"69-65-8","69-65-8","mannitol",-4.18810341360238,-4.51392544798316,0.994658479793304,-6.46345606837804,-2.56439482758829,"var_mu_LogSaqd",0.325822034380782,0.325822034380782,TRUE
"69-65-8","69-65-8","mannitol",-4.00436480540245,-4.45736040639893,0.96273980288371,-6.344330420051,-2.57039039274685,"var_mu_LogSaqd",0.452995600996475,0.452995600996475,TRUE
"69-65-8","69-65-8","mannitol",-3.97265039222524,-4.52504178934462,1.00050601073143,-6.48603357037821,-2.56405000831102,"var_mu_LogSaqd",0.552391397119379,0.552391397119379,TRUE
"69-65-8","69-65-8","mannitol",-3.1536628878702,-4.0450290413912,0.856398058109466,-5.72356923528575,-2.36648884749665,"var_mu_LogSaqd",0.891366153521,0.891366153521,TRUE
"69-72-7","69-72-7","salicylic acid",-3.03151705144606,-1.99176306564461,0.507032134568983,-2.98554604939982,-0.997980081889404,"var_mu_LogSaqd",-1.03975398580145,1.03975398580145,FALSE
"69-72-7","69-72-7","salicylic acid",-1.34678748622466,-2.02015725981747,0.505087672590601,-3.01012909809505,-1.03018542153989,"var_mu_LogSaqd",0.673369773592809,0.673369773592809,TRUE
"71-23-8","71-23-8","n-propanol",-2.92081875395238,-2.91949734461438,0.56096973852777,-4.01899803212881,-1.81999665709995,"var_mu_LogSaqd",-0.00132140933799718,0.00132140933799718,TRUE
"71-23-8","71-23-8","propanol",-2.76955107862173,-2.99848060810739,0.57376738864509,-4.12306468985177,-1.87389652636302,"var_mu_LogSaqd",0.228929529485664,0.228929529485664,TRUE
"71-23-8","71-23-8","propanol",-2.92081875395238,-3.05615826997807,0.583296966212893,-4.19942032375534,-1.9128962162008,"var_mu_LogSaqd",0.135339516025693,0.135339516025693,TRUE
"71-36-3","71-36-3","butanol",-2.52287874528034,-2.10606742560497,0.475752949456616,-3.03854320653994,-1.17359164467,"var_mu_LogSaqd",-0.416811319675369,0.416811319675369,TRUE
"71-36-3","71-36-3","butanol",-2.10237290870956,-2.05407718652858,0.468832809574839,-2.97298949329527,-1.1351648797619,"var_mu_LogSaqd",-0.0482957221809781,0.0482957221809781,TRUE
"71-36-3","71-36-3","butanol",-2.65757731917779,-2.15892276648733,0.482892954248719,-3.10539295681482,-1.21245257615984,"var_mu_LogSaqd",-0.498654552690464,0.498654552690464,TRUE
"71-36-3","71-36-3","butanol",-2.65757731917779,-2.15898225875311,0.482901050881636,-3.10546831848111,-1.2124961990251,"var_mu_LogSaqd",-0.498595060424684,0.498595060424684,TRUE
"71-36-3","71-36-3","butanol",-2.60205999132796,-2.15892276648733,0.482892954248719,-3.10539295681482,-1.21245257615984,"var_mu_LogSaqd",-0.443137224840634,0.443137224840634,TRUE
"71-36-3","71-36-3","n-butanol",-2.60205999132796,-2.03357652483139,0.466131830049894,-2.94719491172919,-1.1199581379336,"var_mu_LogSaqd",-0.568483466496566,0.568483466496566,TRUE
"71-41-0","71-41-0","n-pentanol",-2.22184874961636,-1.77512563367926,0.44681111944026,-2.65087542778217,-0.899375839576349,"var_mu_LogSaqd",-0.4467231159371,0.4467231159371,TRUE
"71-41-0","71-41-0","pentanol",-2.22184874961636,-1.91515115848939,0.464764207348165,-2.8260890048918,-1.00421331208699,"var_mu_LogSaqd",-0.306697591126967,0.306697591126967,TRUE
"71-43-0","71-43-0","benzene",-0.954285941059132,-1.30906855193401,0.416676859579461,-2.12575519670975,-0.492381907158267,"var_mu_LogSaqd",0.354782610874879,0.354782610874879,TRUE
"71-43-0","71-43-0","benzene",-0.795880017344075,-1.38255698080314,0.425440151782005,-2.21641967829587,-0.548694283310416,"var_mu_LogSaqd",0.58667696345907,0.58667696345907,TRUE
"71-91-0","71-91-0","tetraethylammonium",-3.25387553642834,-5.15244899439827,0.949264022653636,-7.0130064787994,-3.29189150999715,"var_mu_LogSaqd",1.89857345796993,1.89857345796993,FALSE
"71-91-0","71-91-0","tetraethylammonium bromide (+)",-3.36815053784018,-5.1158501180014,0.92316174253719,-6.92524713337429,-3.30645310262851,"var_mu_LogSaqd",1.74769958016122,1.74769958016122,TRUE
"76-25-5","76-25-5","triamcinolone acetonide",-3.40230481407449,-4.65035927565846,1.29860390591564,-7.19562293125311,-2.10509562006381,"var_mu_LogSaqd",1.24805446158397,1.24805446158397,TRUE
"76-25-5","76-25-5","triamcinolone acetonide",-4.70663744528855,-4.79979610717757,1.36090169108274,-7.46716342169974,-2.1324287926554,"var_mu_LogSaqd",0.0931586618890243,0.0931586618890243,TRUE
"76180-96-6","76180-96-6","3-methyl-3h-imidazo[4,5-f]quinolin-2-amine",-2.07218350508968,-3.50084550301337,0.830774709680199,-5.12916393398656,-1.87252707204018,"var_mu_LogSaqd",1.42866199792369,1.42866199792369,TRUE
"76180-96-6","76180-96-6","3-methyl-3h-imidazo[4,5-f]quinolin-2-amine",-2.43056359552234,-3.50084550301337,0.830774709680199,-5.12916393398656,-1.87252707204018,"var_mu_LogSaqd",1.07028190749103,1.07028190749103,TRUE
"7732-18-5","7732-18-5","water",-2.80687540164554,-3.63513114199754,0.687201304246069,-4.98204569831984,-2.28821658567525,"var_mu_LogSaqd",0.828255740352,0.828255740352,TRUE
"7732-18-5","7732-18-5","water",-2.98540960554622,-3.63513114199754,0.687201304246069,-4.98204569831984,-2.28821658567525,"var_mu_LogSaqd",0.64972153645132,0.64972153645132,TRUE
"7732-18-5","7732-18-5","water",-2.80966830182971,-3.61145272360925,0.682453310174128,-4.94906121155054,-2.27384423566795,"var_mu_LogSaqd",0.801784421779535,0.801784421779535,TRUE
"7732-18-5","7732-18-5","water",-3.14997431819434,-3.61146208793496,0.682455181408557,-4.94907424349573,-2.27384993237419,"var_mu_LogSaqd",0.46148776974062,0.46148776974062,TRUE
"7732-18-5","7732-18-5","water",-3.07058107428571,-3.63513114199754,0.687201304246069,-4.98204569831984,-2.28821658567525,"var_mu_LogSaqd",0.56455006771183,0.56455006771183,TRUE
"7732-18-5","7732-18-5","water",-3.24233473501217,-3.61145272360925,0.682453310174128,-4.94906121155054,-2.27384423566795,"var_mu_LogSaqd",0.369117988597075,0.369117988597075,TRUE
"7732-18-5","7732-18-5","water",-3.45621525646938,-3.61145272360925,0.682453310174128,-4.94906121155054,-2.27384423566795,"var_mu_LogSaqd",0.155237467139865,0.155237467139865,TRUE
"7732-18-5","7732-18-5","water",-3.27134965805094,-3.61145272360925,0.682453310174128,-4.94906121155054,-2.27384423566795,"var_mu_LogSaqd",0.340103065558305,0.340103065558305,TRUE
"7732-18-5","7732-18-5","water",-3.15476521541715,-3.62327246038473,0.68481928780406,-4.96551826448069,-2.28102665628877,"var_mu_LogSaqd",0.468507244967581,0.468507244967581,TRUE
"7732-18-5","7732-18-5","water",-3.52287874528034,-3.69501782506708,0.699357722862023,-5.06575896187665,-2.32427668825751,"var_mu_LogSaqd",0.172139079786739,0.172139079786739,TRUE
"7732-18-5","7732-18-5","water",-3.5,-3.69501782506708,0.699357722862023,-5.06575896187665,-2.32427668825751,"var_mu_LogSaqd",0.19501782506708,0.19501782506708,TRUE
"78-93-3","78-93-3","2-butanone",-2.34678748622466,-2.52097538086058,0.513994209721883,-3.52840403191547,-1.51354672980569,"var_mu_LogSaqd",0.174187894635919,0.174187894635919,TRUE
"84-66-2","84-66-2","diethyl phthalate",-1.70509308939481,-1.70218333489308,0.48480906096108,-2.65240909437679,-0.751957575409359,"var_mu_LogSaqd",-0.0029097545017347,0.0029097545017347,TRUE
"87-66-1","87-66-1","pyrogallol",-2.81,-2.77807316637523,0.547245358210881,-3.85067406846856,-1.70547226428191,"var_mu_LogSaqd",-0.0319268336247669,0.0319268336247669,TRUE
"88-04-0","88-04-0","chloroxylenol",-1.22875360095283,-1.60720477034556,0.488624723439532,-2.56490922828704,-0.649500312404078,"var_mu_LogSaqd",0.378451169392731,0.378451169392731,TRUE
"88-04-0","88-04-0","chloroxylenol",-1.09474395125155,-1.52521155374902,0.471600588225923,-2.44954870667183,-0.600874400826211,"var_mu_LogSaqd",0.430467602497469,0.430467602497469,TRUE
"88-06-2","88-06-2","2,4,6-trichlorophenol",-1.23275783168158,-1.57015112599339,0.471541441939934,-2.49437235219566,-0.645929899791116,"var_mu_LogSaqd",0.337393294311806,0.337393294311806,TRUE
"88-18-6","88-18-6","o-t-butylphenol",-1.12842706445412,-1.23201313827623,0.430947650497766,-2.07667053325185,-0.387355743300606,"var_mu_LogSaqd",0.103586073822107,0.103586073822107,TRUE
"89-83-8","89-83-8","thymol; 2-isopropyl-5-methylphenol",-1.27607480270083,-1.396264769715,0.44748052161234,-2.27332659207519,-0.519202947354812,"var_mu_LogSaqd",0.120189967014169,0.120189967014169,TRUE
"89-83-8","89-83-8","thymol; 2-isopropyl-5-methylphenol",-1.21324857785444,-1.31094197149746,0.43800866614942,-2.16943895715032,-0.452444985844598,"var_mu_LogSaqd",0.0976933936430204,0.0976933936430204,TRUE
"90-15-3","90-15-3","naphthol",-1.58502665202918,-1.61820372299798,0.477073994676753,-2.55326875256441,-0.683138693431543,"var_mu_LogSaqd",0.0331770709687984,0.0331770709687984,TRUE
"90-15-3","90-15-3","naphthol",-1.52287874528034,-1.61820372299798,0.477073994676753,-2.55326875256441,-0.683138693431543,"var_mu_LogSaqd",0.0953249777176384,0.0953249777176384,TRUE
"91-20-3","91-20-3","naphthalene",-1.55111528700206,-1.19606824562978,0.460556209930637,-2.09875841709383,-0.293378074165729,"var_mu_LogSaqd",-0.355047041372282,0.355047041372282,TRUE
"91-20-3","91-20-3","naphthalene",-1.78220214249451,-1.19606824562978,0.460556209930637,-2.09875841709383,-0.293378074165729,"var_mu_LogSaqd",-0.586133896864732,0.586133896864732,TRUE
"92-48-8","92-48-8","6-methylcoumarin",-1.18136926112576,-2.19699274464986,0.491185354967946,-3.15971604038704,-1.23426944891269,"var_mu_LogSaqd",1.0156234835241,1.0156234835241,FALSE
"92-48-8","92-48-8","6-methylcoumarin",-1.331936361143,-2.19699274464986,0.491185354967946,-3.15971604038704,-1.23426944891269,"var_mu_LogSaqd",0.865056383506864,0.865056383506864,TRUE
"93-60-7","93-60-7","nicotinate, methyl",-3.30980391997149,-2.11750677533489,0.470074015088594,-3.03885184490853,-1.19616170576124,"var_mu_LogSaqd",-1.1922971446366,1.1922971446366,FALSE
"93-60-7","93-60-7","nicotinate, methyl",-3.27572413039921,-2.13214823082962,0.470401040048869,-3.0541342693254,-1.21016219233384,"var_mu_LogSaqd",-1.14357589956959,1.14357589956959,FALSE
"937-20-2","937-20-2","2,4-dichloroacetophenone",-0.743772935647774,-2.12637743285051,0.563585517755091,-3.23100504765049,-1.02174981805053,"var_mu_LogSaqd",1.38260449720274,1.38260449720274,FALSE
"937-20-2","937-20-2","2,4-dichloroacetophenone",-1.86052608660328,-2.12637743285051,0.563585517755091,-3.23100504765049,-1.02174981805053,"var_mu_LogSaqd",0.265851346247231,0.265851346247231,TRUE
"94-13-3","94-13-3","propylparaben",-1.67615465544754,-1.63047747891243,0.483268128760296,-2.57768301128261,-0.683271946542247,"var_mu_LogSaqd",-0.0456771765351136,0.0456771765351136,TRUE
"94-13-3","94-13-3","propylparaben",-1.26606734367858,-1.68308474813523,0.492317120930583,-2.64802630515918,-0.71814319111129,"var_mu_LogSaqd",0.417017404456653,0.417017404456653,TRUE
"94-13-3","94-13-3","propylparaben",-1.20290590120029,-1.68308474813523,0.492317120930583,-2.64802630515918,-0.71814319111129,"var_mu_LogSaqd",0.480178846934944,0.480178846934944,TRUE
"94-26-8","94-26-8","butylparaben",-0.981299501333757,-1.41418876899271,0.46704848201433,-2.32960379374079,-0.498773744244618,"var_mu_LogSaqd",0.432889267658949,0.432889267658949,TRUE
"94-26-8","94-26-8","butylparaben",-1.15242734085789,-1.46713373309526,0.47460286700942,-2.39735535243372,-0.536912113756793,"var_mu_LogSaqd",0.314706392237367,0.314706392237367,TRUE
"95-48-7","95-48-7","o-cresol",-1.80172783601759,-1.81483150168657,0.453087411469124,-2.70288282816605,-0.926780175207089,"var_mu_LogSaqd",0.0131036656689814,0.0131036656689814,TRUE
"95-54-5","95-54-5","o-phenylenediamine",-3.34678748622466,-2.47368148101403,0.53498890713328,-3.52225973899526,-1.4251032230328,"var_mu_LogSaqd",-0.873106005210632,0.873106005210632,TRUE
"95-57-8","95-57-8","o-chlorophenol",-1.48044892137827,-1.77207767325491,0.450668296716398,-2.65538753481905,-0.888767811690769,"var_mu_LogSaqd",0.291628751876638,0.291628751876638,TRUE
"95-65-8","95-65-8","3,4-xylenol",-1.44278385671974,-1.69068685581791,0.458840375640276,-2.59001399207285,-0.791359719562967,"var_mu_LogSaqd",0.247902999098167,0.247902999098167,TRUE
"97-00-7","97-00-7","2,4-dinitrochlorobenzene",-1.57500847696703,-1.87260672812615,0.54844457110039,-2.94755808748292,-0.797655368769386,"var_mu_LogSaqd",0.29759825115912,0.29759825115912,TRUE
"97-00-7","97-00-7","2,4-dinitrochlorobenzene",-1.50012264373278,-1.87260672812615,0.54844457110039,-2.94755808748292,-0.797655368769386,"var_mu_LogSaqd",0.37248408439337,0.37248408439337,TRUE
"97-53-0","97-53-0","eugenol",-1.592980675785,-1.60615528409987,0.461409344467898,-2.51051759925695,-0.701792968942785,"var_mu_LogSaqd",0.0131746083148652,0.0131746083148652,TRUE
"97-53-0","97-53-0","eugenol",-1.555243965633,-1.60615528409987,0.461409344467898,-2.51051759925695,-0.701792968942785,"var_mu_LogSaqd",0.0509113184668653,0.0509113184668653,TRUE
"97-54-1","97-54-1","isoeugenol",-1.74568406057766,-1.51442042151874,0.463847406989646,-2.42356133921844,-0.605279503819032,"var_mu_LogSaqd",-0.231263639058922,0.231263639058922,TRUE
"97-54-1","97-54-1","isoeugenol",-1.41300909711301,-1.51442042151874,0.463847406989646,-2.42356133921844,-0.605279503819032,"var_mu_LogSaqd",0.101411324405728,0.101411324405728,TRUE
"98-86-2","98-86-2","acetophenone",-1.62740828480895,-1.71422044315959,0.458874375985623,-2.61361422009141,-0.814826666227765,"var_mu_LogSaqd",0.0868121583506358,0.0868121583506358,TRUE
"98-86-2","98-86-2","acetophenone",-1.56017144166374,-1.71422044315959,0.458874375985623,-2.61361422009141,-0.814826666227765,"var_mu_LogSaqd",0.154049001495846,0.154049001495846,TRUE
"99-76-3","99-76-3","methylparaben",-1.67358220444561,-1.95854218363831,0.511390735370673,-2.96086802496483,-0.956216342311794,"var_mu_LogSaqd",0.284959979192702,0.284959979192702,TRUE
"99-76-3","99-76-3","methylparaben",-1.96257350205938,-1.98975397240027,0.516119664173814,-3.00134851418095,-0.978159430619596,"var_mu_LogSaqd",0.027180470340892,0.027180470340892,TRUE
"99-76-3","99-76-3","methylparaben",-2.03394335230684,-2.08115971173743,0.532247116347031,-3.12436405977761,-1.03795536369725,"var_mu_LogSaqd",0.0472163594305872,0.0472163594305872,TRUE
"99-76-3","99-76-3","methylparaben",-2.07572071393812,-2.02296430276659,0.522644463505027,-3.04734745123644,-0.998581154296739,"var_mu_LogSaqd",-0.0527564111715288,0.0527564111715288,TRUE
"100-02-7","100-02-7","p-nitrophenol; 4-nitrophenol",-2.25,-2.07070148403855,0.50928918584745,-3.06890828829955,-1.07249467977755,"var_mu_LogSoce",-0.179298515961449,0.179298515961449,TRUE
"100-39-0","100-39-0","benzyl bromide",-1.54511979359646,-1.38359367873705,0.451368558321124,-2.26827605304646,-0.498911304427649,"var_mu_LogSoce",-0.161526114859407,0.161526114859407,TRUE
"100-39-0","100-39-0","benzyl bromide",-1.89202735976865,-1.38359367873705,0.451368558321124,-2.26827605304646,-0.498911304427649,"var_mu_LogSoce",-0.508433681031597,0.508433681031597,TRUE
"100-51-6","100-51-6","benzyl alcohol",-2.22205999132796,-2.07052712738051,0.5166322728985,-3.08312638226157,-1.05792787249945,"var_mu_LogSoce",-0.151532863947452,0.151532863947452,TRUE
"1002-62-6","1002-62-6","sodium caprate; decanoic acid soap (c10:0)",-2.95233580539844,-2.64567531535757,0.505781611200084,-3.63700727330973,-1.6543433574054,"var_mu_LogSoce",-0.306660490040872,0.306660490040872,TRUE
"103-11-7","103-11-7","2-ethylhexyl acrylate",-2.11289007326765,-1.33572467033841,0.439100220167231,-2.19636110186618,-0.475088238810634,"var_mu_LogSoce",-0.777165402929243,0.777165402929243,TRUE
"103-11-7","103-11-7","2-ethylhexyl acrylate",-1.82434537155519,-1.33572467033841,0.439100220167231,-2.19636110186618,-0.475088238810634,"var_mu_LogSoce",-0.488620701216783,0.488620701216783,TRUE
"104-54-1","104-54-1","cinnamyl alcohol",-1.54329916349423,-1.61074349373904,0.486585395366145,-2.56445086865668,-0.657036118821394,"var_mu_LogSoce",0.0674443302448093,0.0674443302448093,TRUE
"104-54-1","104-54-1","cinnamyl alcohol",-1.47890341621095,-1.61074349373904,0.486585395366145,-2.56445086865668,-0.657036118821394,"var_mu_LogSoce",0.131840077528089,0.131840077528089,TRUE
"104-85-8","104-85-8","p-tolunitrile",-1.34336049829281,-1.48537812817572,0.477414785082348,-2.42111110693713,-0.549645149414322,"var_mu_LogSoce",0.142017629882915,0.142017629882915,TRUE
"104-85-8","104-85-8","p-tolunitrile",-1.51076062352006,-1.48537812817572,0.477414785082348,-2.42111110693713,-0.549645149414322,"var_mu_LogSoce",-0.0253824953443353,0.0253824953443353,TRUE
"10521-91-2","10521-91-2","5-phenylpentanol",-0.94692155651658,-1.36300337230069,0.441756910510933,-2.22884691690212,-0.497159827699265,"var_mu_LogSoce",0.416081815784114,0.416081815784114,TRUE
"106-24-1","106-24-1","geraniol",-0.986619380204979,-1.15721815799134,0.429807307911195,-1.99964048149729,-0.314795834485401,"var_mu_LogSoce",0.170598777786365,0.170598777786365,TRUE
"106-24-1","106-24-1","geraniol",-1.01401437058883,-1.15721815799134,0.429807307911195,-1.99964048149729,-0.314795834485401,"var_mu_LogSoce",0.143203787402514,0.143203787402514,TRUE
"106-41-3","106-41-3","p-bromophenol",-1.43951925261862,-1.88362157677,0.472421055249636,-2.80956684505929,-0.957676308480716,"var_mu_LogSoce",0.444102324151382,0.444102324151382,TRUE
"106-44-5","106-44-5","p-cresol",-0.920818753952375,-1.6766616857762,0.4507562830212,-2.56014400049775,-0.793179371054647,"var_mu_LogSoce",0.755842931823823,0.755842931823823,TRUE
"106-44-5","106-44-5","p-cresol",-1.74875360095283,-1.78920663642041,0.46582133082774,-2.70221644484278,-0.876196827998035,"var_mu_LogSoce",0.0404530354675761,0.0404530354675761,TRUE
"106-48-9","106-48-9","p-chlorophenol",-1.44875360095283,-1.75648311300007,0.45347556516098,-2.64529522071559,-0.867671005284546,"var_mu_LogSoce",0.307729512047237,0.307729512047237,TRUE
"106-50-3","106-50-3","p-phenylenediamine",-3.61978875828839,-2.74927554747505,0.642940629154366,-4.00943918061761,-1.4891119143325,"var_mu_LogSoce",-0.870513210813337,0.870513210813337,TRUE
"108-39-4","108-39-4","m-cresol",-1.81172783601759,-1.76881779621374,0.465871001684468,-2.6819249595153,-0.855710632912183,"var_mu_LogSoce",-0.0429100398038504,0.0429100398038504,TRUE
"108-46-3","108-46-3","resorcinol",-2.42023266087399,-2.8374134650483,0.585233961190508,-3.9844720289817,-1.69035490111491,"var_mu_LogSoce",0.417180804174313,0.417180804174313,TRUE
"108-46-3","108-46-3","resorcinol",-2.35642808060813,-2.8374134650483,0.585233961190508,-3.9844720289817,-1.69035490111491,"var_mu_LogSoce",0.480985384440173,0.480985384440173,TRUE
"108-46-3","108-46-3","resorcinol",-3.07,-2.80616391737698,0.579267522932576,-3.94152826232483,-1.67079957242913,"var_mu_LogSoce",-0.263836082623017,0.263836082623017,TRUE
"108-46-3","108-46-3","resorcinol; 1,3-benzenediol",-3.62291335664286,-2.89208217606985,0.596519068224122,-4.06125954978913,-1.72290480235057,"var_mu_LogSoce",-0.730831180573015,0.730831180573015,TRUE
"108-73-6","108-73-6","phloroglucinol",-2.51,-2.95763518699463,0.678593191634579,-4.28767784259841,-1.62759253139086,"var_mu_LogSoce",0.447635186994634,0.447635186994634,TRUE
"108-88-3","108-88-3","toluene",-0.0809219076239261,-1.2725261265248,0.413418848425519,-2.08282706943882,-0.462225183610781,"var_mu_LogSoce",1.19160421890087,1.19160421890087,FALSE
"108-95-2","108-95-2","phenol",-2.03,-1.97692842805177,0.456177291341115,-2.87103591908036,-1.08282093702319,"var_mu_LogSoce",-0.0530715719482253,0.0530715719482253,TRUE
"108-95-2","108-95-2","phenol",-2.08907809237607,-2.00409143105164,0.463770559675474,-2.91308172801557,-1.09510113408772,"var_mu_LogSoce",-0.0849866613244257,0.0849866613244257,TRUE
"108-95-2","108-95-2","phenol",-1.70996538863748,-1.97163775902219,0.454953340389797,-2.8633463061862,-1.07992921185819,"var_mu_LogSoce",0.261672370384715,0.261672370384715,TRUE
"108-95-2","108-95-2","phenol",-3.82792274303052,-2.02588800592067,0.466315699216597,-2.9398667763852,-1.11190923545614,"var_mu_LogSoce",-1.80203473710985,1.80203473710985,FALSE
"110-80-5","110-80-5","2-ethoxy ethanol",-3.60205999132796,-2.99663778635539,0.632250290447889,-4.23584835563325,-1.75742721707753,"var_mu_LogSoce",-0.605422204972572,0.605422204972572,TRUE
"111-27-3","111-27-3","hexanol",-1.49485002168009,-1.45307190046403,0.449729076196801,-2.33454088980976,-0.571602911118296,"var_mu_LogSoce",-0.0417781212160644,0.0417781212160644,TRUE
"111-27-3","111-27-3","hexanol",-1.88605664769316,-1.60147568582548,0.465853384554726,-2.51454831955274,-0.688403052098214,"var_mu_LogSoce",-0.284580961867682,0.284580961867682,TRUE
"111-27-3","111-27-3","n-hexanol",-1.88605664769316,-1.45384085646731,0.446778363610884,-2.32952644914464,-0.578155263789979,"var_mu_LogSoce",-0.432215791225849,0.432215791225849,TRUE
"111-76-2","111-76-2","butoxyethanol",-2.25698018593163,-2.61834612284278,0.551128115141062,-3.69855722851926,-1.53813501716629,"var_mu_LogSoce",0.361365936911146,0.361365936911146,TRUE
"111-87-5","111-87-5","n-octanol",-1.2839966563652,-1.11500696172229,0.431420948148952,-1.96059202009423,-0.269421903350343,"var_mu_LogSoce",-0.168989694642911,0.168989694642911,TRUE
"111-87-5","111-87-5","octanol",-1.0301183562535,-1.10291905516929,0.426562071742503,-1.9389807157846,-0.266857394553989,"var_mu_LogSoce",0.0728006989157948,0.0728006989157948,TRUE
"111-87-5","111-87-5","octanol",-1.15490195998574,-1.24246356370456,0.438889775780648,-2.10268752423463,-0.382239603174491,"var_mu_LogSoce",0.0875616037188203,0.0875616037188203,TRUE
"111-87-5","111-87-5","octanol",-1.2839966563652,-1.28191606284506,0.446376001808121,-2.15681302638898,-0.407019099301143,"var_mu_LogSoce",-0.00208059352014045,0.00208059352014045,TRUE
"111-87-5","111-87-5","octanol",-1.21467016498923,-1.21156810378189,0.440010639134248,-2.07398895648501,-0.349147251078762,"var_mu_LogSoce",-0.00310206120734224,0.00310206120734224,TRUE
"112-30-1","112-30-1","decanol",-1.833220851329,-0.992132985727064,0.407522992582247,-1.79087805118827,-0.193387920265861,"var_mu_LogSoce",-0.841087865601936,0.841087865601936,FALSE
"112-30-1","112-30-1","decanol",-1.95860731484178,-0.991535832692652,0.407327604498655,-1.78989793751002,-0.193173727875288,"var_mu_LogSoce",-0.967071482149128,0.967071482149128,FALSE
"112-30-1","112-30-1","decanol",-1.14508697769214,-0.935018869054494,0.395579219838891,-1.71035413993872,-0.159683598170269,"var_mu_LogSoce",-0.210068108637646,0.210068108637646,TRUE
"112-30-1","112-30-1","decanol",-1.04575749056068,-1.09246570936276,0.410396461244652,-1.89684277340228,-0.288088645323242,"var_mu_LogSoce",0.0467082188020795,0.0467082188020795,TRUE
"112-30-1","112-30-1","decanol",-1.09691001300806,-1.13910945928003,0.418511184793679,-1.95939138147564,-0.31882753708442,"var_mu_LogSoce",0.042199446271971,0.042199446271971,TRUE
"112-30-1","112-30-1","n-decanol",-1.09691001300806,-0.950671826983101,0.400491658905786,-1.73563547843844,-0.165708175527759,"var_mu_LogSoce",-0.146238186024959,0.146238186024959,TRUE
"112-34-5","112-34-5","diethylene glycol monobutyl ether",-2.23600035701585,-3.10828620042106,0.604824818685068,-4.29374284504379,-1.92282955579832,"var_mu_LogSoce",0.872285843405205,0.872285843405205,TRUE
"112-34-5","112-34-5","diethylene glycol monobutyl ether",-2.16688305055618,-3.10828620042106,0.604824818685068,-4.29374284504379,-1.92282955579832,"var_mu_LogSoce",0.941403149864875,0.941403149864875,TRUE
"112-80-1","112-80-1","oleic acid",-2.88605664769316,-1.81707660446663,0.488669784969856,-2.77486938300755,-0.859283825925715,"var_mu_LogSoce",-1.06898004322653,1.06898004322653,FALSE
"117-81-7","117-81-7","bis(2-ethylhexyl)phthalate",-4.09691001300806,-2.76385730102018,0.653981025661007,-4.04566011131575,-1.4820544907246,"var_mu_LogSoce",-1.33305271198788,1.33305271198788,FALSE
"119-34-6","119-34-6","4-amino-2-nitrophenol",-4.06550154875643,-2.3131826247901,0.558907123158452,-3.40864058618067,-1.21772466339954,"var_mu_LogSoce",-1.75231892396633,1.75231892396633,FALSE
"119-36-8","119-36-8","methyl salicylate",-1.44369749923271,-1.51321355512698,0.467937938239609,-2.43037191407661,-0.596055196177341,"var_mu_LogSoce",0.0695160558942651,0.0695160558942651,TRUE
"119-61-9","119-61-9","benzophenone",-1.24920613319746,-1.46501837918743,0.465953791658868,-2.37828781083881,-0.551748947536048,"var_mu_LogSoce",0.215812245989968,0.215812245989968,TRUE
"119-61-9","119-61-9","benzophenone",-1.13822159828622,-1.46501837918743,0.465953791658868,-2.37828781083881,-0.551748947536048,"var_mu_LogSoce",0.326796780901208,0.326796780901208,TRUE
"120-80-9","120-80-9","catechol",-2.51,-2.67166219649835,0.561796831581992,-3.77278398639906,-1.57054040659765,"var_mu_LogSoce",0.161662196498354,0.161662196498354,TRUE
"120-83-2","120-83-2","2,4-dichlorophenol",-1.14874021557127,-1.38928586930647,0.422769879386683,-2.21791483290437,-0.560656905708574,"var_mu_LogSoce",0.240545653735203,0.240545653735203,TRUE
"120-83-2","120-83-2","2,4-dichlorophenol",-1.22136169383427,-1.57008619552488,0.439792615167053,-2.43207972125231,-0.708092669797458,"var_mu_LogSoce",0.348724501690612,0.348724501690612,TRUE
"1219-38-1","1219-38-1","octylparaben",-1.90585161784792,-1.30285177073989,0.41708559829959,-2.12033954340709,-0.485363998072698,"var_mu_LogSoce",-0.602999847108027,0.602999847108027,TRUE
"122-57-6","122-57-6","benzylideneacetone",-1.40794873077454,-1.57120434866921,0.474426299326862,-2.50107989534986,-0.641328801988563,"var_mu_LogSoce",0.163255617894673,0.163255617894673,TRUE
"122-57-6","122-57-6","benzylideneacetone",-1.11863375864077,-1.57120434866921,0.474426299326862,-2.50107989534986,-0.641328801988563,"var_mu_LogSoce",0.452570590028443,0.452570590028443,TRUE
"123-07-9 ","123-07-9 ","p-ethylphenol",-1.46278385671974,-1.56439039083741,0.450890093293989,-2.44813497369363,-0.680645807981188,"var_mu_LogSoce",0.101606534117667,0.101606534117667,TRUE
"123-31-9","123-31-9","hydroquinone",-5.0301183562535,-2.4402436774719,0.579270621796988,-3.57561409619399,-1.3048732587498,"var_mu_LogSoce",-2.5898746787816,2.5898746787816,FALSE
"123-31-9","123-31-9","hydroquinone",-1.90385139213331,-2.41616718365849,0.575813913940784,-3.54476245498242,-1.28757191233455,"var_mu_LogSoce",0.512315791525175,0.512315791525175,TRUE
"123-31-9","123-31-9","hydroquinone",-2.41644259377425,-2.41616718365849,0.575813913940784,-3.54476245498242,-1.28757191233455,"var_mu_LogSoce",-0.000275410115765151,0.000275410115765151,TRUE
"123-31-9","123-31-9","hydroquinone",-2.95,-2.69927669679555,0.589829967269397,-3.85534343264357,-1.54320996094753,"var_mu_LogSoce",-0.250723303204447,0.250723303204447,TRUE
"124-94-7","124-94-7","triamcinolone",-5.40011692792631,-4.48806408724089,1.07397242598171,-6.59305004216505,-2.38307813231673,"var_mu_LogSoce",-0.91205284068542,0.91205284068542,TRUE
"131-11-3","131-11-3","dimethyl phthalate",-1.55258483591006,-1.89595895160085,0.513176638189571,-2.90178516245241,-0.890132740749291,"var_mu_LogSoce",0.343374115690791,0.343374115690791,TRUE
"131-11-3","131-11-3","dimethyl phthalate",-1.64782103953418,-1.89595895160085,0.513176638189571,-2.90178516245241,-0.890132740749291,"var_mu_LogSoce",0.248137912066671,0.248137912066671,TRUE
"135-19-3","135-19-3","beta-naphthol; 2-naphthol",-1.5543957967264,-1.75892848986185,0.484528998505382,-2.7086053269324,-0.809251652791305,"var_mu_LogSoce",0.204532693135453,0.204532693135453,TRUE
"135-19-3","135-19-3","beta-naphthol; 2-naphthol",-1.20065945054642,-1.67121684900408,0.473097031378086,-2.59848703050513,-0.743946667503037,"var_mu_LogSoce",0.470557398457665,0.470557398457665,TRUE
"13523-86-9","13523-86-9","pindolol",-3.70333480973847,-3.18704877943892,0.872633056722469,-4.89740957061496,-1.47668798826288,"var_mu_LogSoce",-0.516286030299554,0.516286030299554,TRUE
"13655-52-2","13655-52-2","alprenolol",-2.78664164637561,-3.10230037117972,0.632942501047966,-4.34286767323373,-1.86173306912571,"var_mu_LogSoce",0.315658724804111,0.315658724804111,TRUE
"137-58-6","137-58-6","lidocaine",-2.40120949323688,-2.0004902643407,0.507140925114006,-2.99448647756415,-1.00649405111725,"var_mu_LogSoce",-0.400719228896183,0.400719228896183,TRUE
"137-58-6","137-58-6","lidocaine",-2.52287874528034,-2.00708891577957,0.504915958220899,-2.99672419389253,-1.01745363766661,"var_mu_LogSoce",-0.515789829500769,0.515789829500769,TRUE
"137-58-6","137-58-6","lidocaine",-2.52287874528034,-2.00708891577957,0.504915958220899,-2.99672419389253,-1.01745363766661,"var_mu_LogSoce",-0.515789829500769,0.515789829500769,TRUE
"141-05-9","141-05-9","diethyl maleate",-1.66740097646667,-1.90358285201555,0.553409999959155,-2.98826645193549,-0.818899252095602,"var_mu_LogSoce",0.236181875548876,0.236181875548876,TRUE
"141-05-9","141-05-9","diethyl maleate",-1.58608416024509,-1.90358285201555,0.553409999959155,-2.98826645193549,-0.818899252095602,"var_mu_LogSoce",0.317498691770456,0.317498691770456,TRUE
"14199-15-6","14199-15-6","methyl 4-hydroxyphenylacetate",-1.69897000433602,-1.8957797900338,0.498958569178818,-2.87373858562429,-0.917820994443322,"var_mu_LogSoce",0.196809785697785,0.196809785697785,TRUE
"143-08-8","143-08-8","n-nonanol",-1.22184874961636,-1.03394146234029,0.417634940725022,-1.85250594616134,-0.215376978519251,"var_mu_LogSoce",-0.187907287276067,0.187907287276067,TRUE
"143-08-8","143-08-8","nonanol",-1.22184874961636,-1.19407369955529,0.432299220717283,-2.04138017216117,-0.346767226949417,"var_mu_LogSoce",-0.0277750500610676,0.0277750500610676,TRUE
"14371-10-9","14371-10-9","trans-cinnamaldehyde",-1.55307871254876,-1.46365387633305,0.46536722386469,-2.37577363510784,-0.551534117558256,"var_mu_LogSoce",-0.0894248362157106,0.0894248362157106,TRUE
"14371-10-9","14371-10-9","trans-cinnamaldehyde",-1.38433498624321,-1.46365387633305,0.46536722386469,-2.37577363510784,-0.551534117558256,"var_mu_LogSoce",0.0793188900898394,0.0793188900898394,TRUE
"145-13-1","145-13-1","hydroxypregnenolone",-3.22184874961636,-3.26128480822546,0.640153110472144,-4.51598490475087,-2.00658471170006,"var_mu_LogSoce",0.0394360586091032,0.0394360586091032,TRUE
"145-13-1","145-13-1","pregnenolone",-2.82390874094432,-2.91886919205039,0.661068982442348,-4.21456439763739,-1.62317398646338,"var_mu_LogSoce",0.0949604511060662,0.0949604511060662,TRUE
"146-72-5","146-72-5","methylglucose",-3.68026950566978,-4.1765143387839,0.937871282524371,-6.01474205253167,-2.33828662503614,"var_mu_LogSoce",0.496244833114125,0.496244833114125,TRUE
"1638-22-8","1638-22-8","p-n-butylphenol; 4-butylphenol",-1.11463877996849,-1.14819723525737,0.419052117475793,-1.96953938550992,-0.326855085004811,"var_mu_LogSoce",0.0335584552888761,0.0335584552888761,TRUE
"16590-41-3","16590-41-3","naltrexone",-2.6664407795091,-2.95771466930615,0.675843733043474,-4.28236838607136,-1.63306095254094,"var_mu_LogSoce",0.29127388979705,0.29127388979705,TRUE
"17194-82-0","17194-82-0","alfa-(4-hydroxyphenyl) acetamide",-3.34678748622466,-2.83485019504946,0.669547904188435,-4.14716408725879,-1.52253630284013,"var_mu_LogSoce",-0.5119372911752,0.5119372911752,TRUE
"18979-50-5","18979-50-5","4-propoxyphenol",-1.82490330536304,-1.59946089703593,0.462972558277139,-2.50688711125912,-0.692034682812736,"var_mu_LogSoce",-0.225442408327112,0.225442408327112,TRUE
"2152-44-5","2152-44-5","betamethasone-17-valerate",-2.88041422503822,-3.99324185139061,0.852376176031663,-5.66389915641267,-2.32258454636855,"var_mu_LogSoce",1.11282762635239,1.11282762635239,TRUE
"2203-97-6","2203-97-6","hydrocortisone-21-hemisuccinate",-3.20065945054642,-3.76972657215014,0.856981738103789,-5.44941077883356,-2.09004236546671,"var_mu_LogSoce",0.569067121603716,0.569067121603716,TRUE
"2493-02-9","2493-02-9","4-bromophenyl isocyanate",-1.84100559902551,-1.41863698783937,0.441517783614851,-2.28401184372448,-0.553262131954264,"var_mu_LogSoce",-0.422368611186139,0.422368611186139,TRUE
"2493-02-9","2493-02-9","4-bromophenyl isocyanate",-1.75134980127003,-1.41863698783937,0.441517783614851,-2.28401184372448,-0.553262131954264,"var_mu_LogSoce",-0.332712813430659,0.332712813430659,TRUE
"26839-75-8","26839-75-8","timolol",-3.57016261901271,-2.47579016508513,0.619007818617376,-3.68904548957519,-1.26253484059508,"var_mu_LogSoce",-1.09437245392758,1.09437245392758,TRUE
"26839-75-8","26839-75-8","timolol",-3.53521248035406,-2.39858692076968,0.605705330955041,-3.58576936944156,-1.2114044720978,"var_mu_LogSoce",-1.13662555958438,1.13662555958438,TRUE
"2871-01-4","2871-01-4","hc red no. 3; 2-(4-amino-2-nitroanilino)-ethanol",-1.67058885168866,-2.49602685826066,0.678428610880964,-3.82574693558735,-1.16630678093397,"var_mu_LogSoce",0.825438006572001,0.825438006572001,TRUE
"2871-01-4","2871-01-4","hc red no. 3; 2-(4-amino-2-nitroanilino)-ethanol",-2.32271042397763,-2.49602685826066,0.678428610880964,-3.82574693558735,-1.16630678093397,"var_mu_LogSoce",0.173316434283031,0.173316434283031,TRUE
"29122-68-7","29122-68-7","atenolol",-3.96657624451305,-3.47014212626011,0.912350830101242,-5.25834975325855,-1.68193449926168,"var_mu_LogSoce",-0.496434118252937,0.496434118252937,TRUE
"31005-02-4","31005-02-4","7-ethoxycoumarin",-0.781780143112531,-2.12604737261457,0.532585653043227,-3.16991525257929,-1.08217949264984,"var_mu_LogSoce",1.34426722950204,1.34426722950204,FALSE
"31005-02-4","31005-02-4","7-ethoxycoumarin",-0.919153916982604,-2.12604737261457,0.532585653043227,-3.16991525257929,-1.08217949264984,"var_mu_LogSoce",1.20689345563196,1.20689345563196,FALSE
"333-41-5","333-41-5","diazinon",-2.06048074738138,-2.20378044231923,0.550087768946704,-3.28195246945477,-1.12560841518369,"var_mu_LogSoce",0.143299694937848,0.143299694937848,TRUE
"3360-41-6","3360-41-6","4-phenylbutanol",-1.08092190762393,-1.48927886311143,0.452082956193629,-2.37536145725094,-0.603196268971916,"var_mu_LogSoce",0.408356955487499,0.408356955487499,TRUE
"3593-96-2","3593-96-2","hydrocortisone-21-hexanoate; hydrocortisone caproate",-2,-3.54457533729488,0.768045223066132,-5.0499439745045,-2.03920670008526,"var_mu_LogSoce",1.54457533729488,1.54457533729488,FALSE
"3930-20-9","3930-20-9","sotalol",-4.31984585826563,-3.32701747486036,0.806172659723739,-4.90711588791889,-1.74691906180183,"var_mu_LogSoce",-0.992828383405273,0.992828383405273,TRUE
"3930-20-9","3930-20-9","sotalol",-3.88598470867013,-3.32701747486036,0.806172659723739,-4.90711588791889,-1.74691906180183,"var_mu_LogSoce",-0.558967233809773,0.558967233809773,TRUE
"3930-20-9","3930-20-9","sotalol",-4.17986287404271,-3.32701747486036,0.806172659723739,-4.90711588791889,-1.74691906180183,"var_mu_LogSoce",-0.852845399182353,0.852845399182353,TRUE
"42200-33-9","42200-33-9","nadolol",-4.10127481841051,-3.37657958181495,0.822707861482342,-4.98908699032034,-1.76407217330956,"var_mu_LogSoce",-0.72469523659556,0.72469523659556,TRUE
"437-38-7","437-38-7","fentanyl base",-1.96286612872332,-2.09873806816757,0.514328272938764,-3.10682148312755,-1.0906546532076,"var_mu_LogSoce",0.135871939444253,0.135871939444253,TRUE
"463-40-1","463-40-1","linolenic acid",-2.431798275933,-1.91688804576604,0.51322021768996,-2.92279967243836,-0.910976419093717,"var_mu_LogSoce",-0.514910230166961,0.514910230166961,TRUE
"499-75-2","499-75-2","iso-thymol; carvacrol",-1.25336580106242,-1.2289040377769,0.415565164667559,-2.04341176052532,-0.414396315028488,"var_mu_LogSoce",-0.0244617632855164,0.0244617632855164,TRUE
"50-2-2","50-2-2","dexamethasone",-4.19382002601611,-4.13461277526375,0.932176639846729,-5.96167898936334,-2.30754656116416,"var_mu_LogSoce",-0.0592072507523627,0.0592072507523627,TRUE
"50-22-6","50-22-6","corticosterone",-2.24178591486039,-3.14311462469404,0.74305809128253,-4.5995084836078,-1.68672076578028,"var_mu_LogSoce",0.901328709833649,0.901328709833649,TRUE
"50-22-6","50-22-6","corticosterone",-2.35454840605954,-3.14311462469404,0.74305809128253,-4.5995084836078,-1.68672076578028,"var_mu_LogSoce",0.788566218634498,0.788566218634498,TRUE
"50-22-6","50-22-6","corticosterone",-3.16494389827988,-3.17155578637333,0.759452618887557,-4.66008291939295,-1.68302865335372,"var_mu_LogSoce",0.00661188809345425,0.00661188809345425,TRUE
"50-22-6","50-22-6","corticosterone",-4,-3.27681193655742,0.776313565812778,-4.79838652555046,-1.75523734756437,"var_mu_LogSoce",-0.723188063442583,0.723188063442583,TRUE
"50-22-6","50-22-6","corticosterone",-3.33468369530231,-3.16811972481088,0.748959825853786,-4.6360809834843,-1.70015846613746,"var_mu_LogSoce",-0.166563970491426,0.166563970491426,TRUE
"50-22-6","50-22-6","corticosterone",-3.52287874528034,-3.27906306791465,0.773284667902457,-4.79470101700346,-1.76342511882583,"var_mu_LogSoce",-0.243815677365694,0.243815677365694,TRUE
"50-22-6","50-22-6","corticosterone",-3.52287874528034,-3.28236783915112,0.775597363902002,-4.80253867239905,-1.7621970059032,"var_mu_LogSoce",-0.240510906129218,0.240510906129218,TRUE
"50-22-6","50-22-6","corticosterone",-4,-3.27436193093492,0.775897537522847,-4.7951211044797,-1.75360275739013,"var_mu_LogSoce",-0.725638069065085,0.725638069065085,TRUE
"50-22-6","50-22-6","corticosterone",-3.26587485567249,-3.25949129738247,0.769785153770259,-4.76827019877217,-1.75071239599276,"var_mu_LogSoce",-0.00638355829002402,0.00638355829002402,TRUE
"50-22-6","50-22-6","corticosterone",-2.58587485567249,-3.12029383207454,0.737834198257695,-4.56644886065962,-1.67413880348946,"var_mu_LogSoce",0.534418976402053,0.534418976402053,TRUE
"50-22-6","50-22-6","corticosterone",-4.22184874961636,-3.27267900388354,0.773153371960238,-4.7880596129256,-1.75729839484147,"var_mu_LogSoce",-0.94916974573282,0.94916974573282,TRUE
"50-22-6","50-22-6","corticosterone",-4.67571754470231,-3.28489301932995,0.776051387659863,-4.80595373914328,-1.76383229951662,"var_mu_LogSoce",-1.39082452537236,1.39082452537236,TRUE
"50-22-6","50-22-6","corticosterone",-3.23418248469008,-3.16388705437447,0.756262476982219,-4.64616150925962,-1.68161259948932,"var_mu_LogSoce",-0.0702954303156136,0.0702954303156136,TRUE
"50-23-7","50-23-7","hydrocortisone",-2.01894154396037,-3.58821776135647,0.788618007899824,-5.13390905684013,-2.04252646587282,"var_mu_LogSoce",1.5692762173961,1.5692762173961,FALSE
"50-23-7","50-23-7","hydrocortisone",-2.68163603566894,-3.58821776135647,0.788618007899824,-5.13390905684013,-2.04252646587282,"var_mu_LogSoce",0.906581725687533,0.906581725687533,TRUE
"50-23-7","50-23-7","hydrocortisone",-3.63827216398241,-3.45993177514271,0.759331654107532,-4.94822181719348,-1.97164173309195,"var_mu_LogSoce",-0.178340388839696,0.178340388839696,TRUE
"50-23-7","50-23-7","hydrocortisone",-3.63870046691906,-3.54667571545172,0.779933546718787,-5.07534546702054,-2.0180059638829,"var_mu_LogSoce",-0.0920247514673416,0.0920247514673416,TRUE
"50-23-7","50-23-7","hydrocortisone",-5.52287874528034,-3.67275802215602,0.806399626636747,-5.25330129036405,-2.092214753948,"var_mu_LogSoce",-1.85012072312432,1.85012072312432,FALSE
"50-23-7","50-23-7","hydrocortisone",-5.52724355068279,-3.68769579994222,0.809705410048271,-5.27471840363683,-2.10067319624761,"var_mu_LogSoce",-1.83954775074057,1.83954775074057,FALSE
"50-24-8","50-24-8","prednisolone",-4.32790214206428,-3.81161961381659,0.863581794668718,-5.50423993136728,-2.11899929626591,"var_mu_LogSoce",-0.516282528247687,0.516282528247687,TRUE
"50-27-1","50-27-1","estriol",-4.39794000867204,-3.56382668226538,0.794439942442502,-5.12092896945268,-2.00672439507807,"var_mu_LogSoce",-0.834113326406664,0.834113326406664,TRUE
"50-28-2","50-28-2","beta-estradiol",-2.38721614328026,-2.75028951228888,0.650560946081163,-4.02538896660796,-1.4751900579698,"var_mu_LogSoce",0.363073369008621,0.363073369008621,TRUE
"50-28-2","50-28-2","beta-estradiol",-2.01233373507373,-2.52501781489906,0.613382904301471,-3.72724830732994,-1.32278732246817,"var_mu_LogSoce",0.512684079825326,0.512684079825326,TRUE
"50-28-2","50-28-2","beta-estradiol",-3.52287874528034,-2.73538804901211,0.648352288354017,-4.00615853418598,-1.46461756383824,"var_mu_LogSoce",-0.787490696268231,0.787490696268231,TRUE
"50-28-2","50-28-2","beta-estradiol",-2.28149831113273,-2.61513318941917,0.627815405575846,-3.84565138434783,-1.38461499449051,"var_mu_LogSoce",0.333634878286441,0.333634878286441,TRUE
"50-28-2","50-28-2","estradiol",-1.98581560249872,-2.61513318941917,0.627815405575846,-3.84565138434783,-1.38461499449051,"var_mu_LogSoce",0.629317586920451,0.629317586920451,TRUE
"50-28-2","50-28-2","estradiol",-4.69680394257951,-2.57067030021208,0.624176297261536,-3.79405584284469,-1.34728475757947,"var_mu_LogSoce",-2.12613364236743,2.12613364236743,FALSE
"50-28-2","50-28-2","estradiol",-2.36451625318509,-2.57067030021208,0.624176297261536,-3.79405584284469,-1.34728475757947,"var_mu_LogSoce",0.206154047026988,0.206154047026988,TRUE
"50-28-2","50-28-2","estradiol",-2.38090666937326,-2.75028951228888,0.650560946081163,-4.02538896660796,-1.4751900579698,"var_mu_LogSoce",0.369382842915621,0.369382842915621,TRUE
"50-28-2","50-28-2","estradiol",-2.21324857785444,-2.52490069355932,0.613366509292087,-3.72709905177181,-1.32270233534682,"var_mu_LogSoce",0.311652115704876,0.311652115704876,TRUE
"50-28-2","50-28-2","estradiol",-2.49485002168009,-2.75040810406492,0.650578553602094,-4.02554206912502,-1.47527413900481,"var_mu_LogSoce",0.255558082384825,0.255558082384825,TRUE
"50-28-2","50-28-2","estradiol",-2.52287874528034,-2.75028951228888,0.650560946081163,-4.02538896660796,-1.4751900579698,"var_mu_LogSoce",0.227410767008541,0.227410767008541,TRUE
"50-28-2","50-28-2","estradiol",-2.52287874528034,-2.74767284807157,0.649906178947023,-4.02148895880774,-1.47385673733541,"var_mu_LogSoce",0.224794102791233,0.224794102791233,TRUE
"50-28-2","50-28-2","estradiol",-2.52287874528034,-2.74767284807157,0.649906178947023,-4.02148895880774,-1.47385673733541,"var_mu_LogSoce",0.224794102791233,0.224794102791233,TRUE
"50-28-2","50-28-2","estradiol",-2.08008551934057,-2.57067030021208,0.624176297261536,-3.79405584284469,-1.34728475757947,"var_mu_LogSoce",0.490584780871508,0.490584780871508,TRUE
"50-28-2","50-28-2","estradiol",-2.34969247686806,-2.61513318941917,0.627815405575846,-3.84565138434783,-1.38461499449051,"var_mu_LogSoce",0.265440712551111,0.265440712551111,TRUE
"50-28-2","50-28-2","estradiol",-2.51173374958299,-2.61513318941917,0.627815405575846,-3.84565138434783,-1.38461499449051,"var_mu_LogSoce",0.103399439836181,0.103399439836181,TRUE
"51-21-8","51-21-8","5-fluorouracil",-4.52574969288748,-3.6143861285318,0.833698473425457,-5.2484351364457,-1.9803371206179,"var_mu_LogSoce",-0.91136356435568,0.91136356435568,TRUE
"51-21-8","51-21-8","5-fluorouracil",-4.72894468964132,-3.62337483122922,0.833717149796059,-5.2574604448295,-1.98928921762895,"var_mu_LogSoce",-1.1055698584121,1.1055698584121,TRUE
"51-21-8","51-21-8","5-fluorouracil",-4.47108329972234,-3.6143861285318,0.833698473425457,-5.2484351364457,-1.9803371206179,"var_mu_LogSoce",-0.85669717119054,0.85669717119054,TRUE
"51-21-8","51-21-8","5-fluorouracil (+ - + -)",-4.46597389394386,-3.62337483122922,0.833717149796059,-5.2574604448295,-1.98928921762895,"var_mu_LogSoce",-0.842599062714638,0.842599062714638,TRUE
"512-69-6","512-69-6","raffinose",-4.85472588171206,-4.87768984933546,1.30768177249233,-7.44074612342043,-2.3146335752505,"var_mu_LogSoce",0.0229639676234035,0.0229639676234035,TRUE
"512-69-6","512-69-6","raffinose",-4.29756946355447,-5.04419824634374,1.41367863989726,-7.81500838054236,-2.27338811214511,"var_mu_LogSoce",0.746628782789269,0.746628782789269,TRUE
"513-85-9","513-85-9","2,3-butanediol",-4.30102999566398,-3.08014035234506,0.664812719778054,-4.38317328311004,-1.77710742158007,"var_mu_LogSoce",-1.22088964331892,1.22088964331892,TRUE
"51384-51-1","51384-51-1","metoprolol",-3.52461940685664,-3.0605600932796,0.682177847236272,-4.39762867386269,-1.72349151269651,"var_mu_LogSoce",-0.464059313577042,0.464059313577042,TRUE
"52-39-1","52-39-1","aldosterone",-4.23657200643706,-3.55261951645338,0.898542476111744,-5.31376276963239,-1.79147626327436,"var_mu_LogSoce",-0.683952489983683,0.683952489983683,TRUE
"52-39-1","52-39-1","aldosterone",-4.74835790885864,-3.44259002423756,0.879937907166758,-5.1672683222844,-1.71791172619071,"var_mu_LogSoce",-1.30576788462108,1.30576788462108,TRUE
"52-39-1","52-39-1","aldosterone",-4.30102999566398,-3.63852811205748,0.936794788483509,-5.47464589748516,-1.8024103266298,"var_mu_LogSoce",-0.662501883606503,0.662501883606503,TRUE
"52-39-1","52-39-1","aldosterone",-4.52287874528034,-3.60253600204605,0.920604370142213,-5.40692056752478,-1.79815143656731,"var_mu_LogSoce",-0.920342743234292,0.920342743234292,TRUE
"52-39-1","52-39-1","aldosterone",-4.52287874528034,-3.43461224765388,0.833156443174414,-5.06759887627574,-1.80162561903203,"var_mu_LogSoce",-1.08826649762646,1.08826649762646,TRUE
"52-39-1","52-39-1","aldosterone",-4.01233373507373,-3.26747759360263,0.794019322093243,-4.82375546490538,-1.71119972229987,"var_mu_LogSoce",-0.744856141471101,0.744856141471101,TRUE
"53-06-5","53-06-5","cortisone",-3.82390874094432,-3.60871738765722,0.84035162217239,-5.2558065671151,-1.96162820819934,"var_mu_LogSoce",-0.2151913532871,0.2151913532871,TRUE
"53-06-5","53-06-5","cortisone",-5,-3.74521002403456,0.86560681493581,-5.44179938130875,-2.04862066676038,"var_mu_LogSoce",-1.25478997596544,1.25478997596544,TRUE
"53-16-7","53-16-7","estrone",-2.44369749923271,-3.07323964354936,0.677735911112498,-4.40160202932986,-1.74487725776886,"var_mu_LogSoce",0.62954214431665,0.62954214431665,TRUE
"53-96-3","53-96-3","2-(acetylamino)fluorene",-1.16052197602182,-2.60179652972554,0.625466117902053,-3.82771012081357,-1.37588293863752,"var_mu_LogSoce",1.44127455370372,1.44127455370372,FALSE
"53-96-3","53-96-3","2-(acetylamino)fluorene",-1.10756666442663,-2.60179652972554,0.625466117902053,-3.82771012081357,-1.37588293863752,"var_mu_LogSoce",1.49422986529891,1.49422986529891,FALSE
"533-73-3","533-73-3","1,2,4-benzenetriol",-3.9,-2.81258623762963,0.572227727705827,-3.93415258393305,-1.69101989132621,"var_mu_LogSoce",-1.08741376237037,1.08741376237037,TRUE
"53535-33-4","53535-33-4","heptanol",-1.42481215507234,-1.33967140877476,0.444696242039284,-2.21127604317176,-0.468066774377766,"var_mu_LogSoce",-0.0851407462975773,0.0851407462975773,TRUE
"53535-33-4","53535-33-4","heptanol",-1.49485002168009,-1.40817056054923,0.451298017385045,-2.29271467462392,-0.523626446474547,"var_mu_LogSoce",-0.0866794611308555,0.0866794611308555,TRUE
"53535-33-4","53535-33-4","n-heptanol",-1.49485002168009,-1.2289021064898,0.426805880586648,-2.06544163243963,-0.392362580539971,"var_mu_LogSoce",-0.265947915190289,0.265947915190289,TRUE
"554-84-7","554-84-7","m-nitrophenol; 3-nitrophenol",-2.24848294855394,-1.9898773672563,0.500208218417779,-2.97028547535515,-1.00946925915745,"var_mu_LogSoce",-0.258605581297639,0.258605581297639,TRUE
"56-81-5","56-81-5","glycerol",-4.56863623584101,-3.61742580356367,0.756377658414649,-5.09992601405638,-2.13492559307096,"var_mu_LogSoce",-0.951210432277343,0.951210432277343,TRUE
"56-81-5","56-81-5","glycerol",-3.00594693641232,-3.65897097282086,0.7703216932485,-5.16880149158792,-2.1491404540538,"var_mu_LogSoce",0.653024036408541,0.653024036408541,TRUE
"56030-54-7","56030-54-7","sufentanil base",-1.81815641205523,-2.645830353453,0.612122075639624,-3.84558962170667,-1.44607108519934,"var_mu_LogSoce",0.827673941397772,0.827673941397772,TRUE
"57-13-6","57-13-6","urea",-3.82973828460504,-3.59812001614176,0.819115691478067,-5.20358677143877,-1.99265326084475,"var_mu_LogSoce",-0.23161826846328,0.23161826846328,TRUE
"57-13-6","57-13-6","urea",-3.95233580539844,-3.51552218028012,0.809484525522288,-5.1021118503038,-1.92893251025643,"var_mu_LogSoce",-0.436813625118321,0.436813625118321,TRUE
"57-13-6","57-13-6","urea",-3.92564441915299,-3.61566840545126,0.821208567329176,-5.22523719741644,-2.00609961348607,"var_mu_LogSoce",-0.309976013701732,0.309976013701732,TRUE
"57-13-6","57-13-6","urea",-3.69494112531286,-3.65172720958573,0.835781059128348,-5.2898580854773,-2.01359633369417,"var_mu_LogSoce",-0.0432139157271276,0.0432139157271276,TRUE
"57-13-6","57-13-6","urea",-3.55495653854982,-3.59134607824237,0.816352040112276,-5.19139607686243,-1.99129607962231,"var_mu_LogSoce",0.0363895396925535,0.0363895396925535,TRUE
"57-13-6","57-13-6","urea",-3.5970511706556,-3.61566840545126,0.821208567329176,-5.22523719741644,-2.00609961348607,"var_mu_LogSoce",0.0186172347956584,0.0186172347956584,TRUE
"57-13-6","57-13-6","urea",-3.55720677406023,-3.61566840545126,0.821208567329176,-5.22523719741644,-2.00609961348607,"var_mu_LogSoce",0.0584616313910282,0.0584616313910282,TRUE
"57-50-1","57-50-1","sucrose",-5.0268721464003,-5.66593828515231,1.50544004586171,-8.61660077504127,-2.71527579526336,"var_mu_LogSoce",0.639066138752012,0.639066138752012,TRUE
"57-50-1","57-50-1","sucrose",-5.2839966563652,-5.73785761297563,1.54868729631377,-8.77328471375062,-2.70243051220064,"var_mu_LogSoce",0.453860956610432,0.453860956610432,TRUE
"57-50-1","57-50-1","sucrose",-4.76200316671127,-5.66593828515231,1.50544004586171,-8.61660077504127,-2.71527579526336,"var_mu_LogSoce",0.903935118441042,0.903935118441042,TRUE
"57-50-1","57-50-1","sucrose",-4.26905630657226,-5.66593828515231,1.50544004586171,-8.61660077504127,-2.71527579526336,"var_mu_LogSoce",1.39688197858005,1.39688197858005,TRUE
"57-50-1","57-50-1","sucrose",-4.36451625318509,-5.66593828515231,1.50544004586171,-8.61660077504127,-2.71527579526336,"var_mu_LogSoce",1.30142203196722,1.30142203196722,TRUE
"57-50-1","57-50-1","sucrose",-3.13406733180681,-5.66593828515231,1.50544004586171,-8.61660077504127,-2.71527579526336,"var_mu_LogSoce",2.5318709533455,2.5318709533455,TRUE
"57-83-0","57-83-0","progesterone",-1.52287874528034,-2.53218020502533,0.611579407475112,-3.73087584367655,-1.33348456637411,"var_mu_LogSoce",1.00930145974499,1.00930145974499,TRUE
"57-83-0","57-83-0","progesterone",-1.70344032687277,-2.45135686092998,0.589470548264571,-3.60671913552854,-1.29599458633142,"var_mu_LogSoce",0.74791653405721,0.74791653405721,TRUE
"57-83-0","57-83-0","progesterone",-1.88605664769316,-2.61353510606674,0.615363273784808,-3.81964712268496,-1.40742308944852,"var_mu_LogSoce",0.72747845837358,0.72747845837358,TRUE
"57-83-0","57-83-0","progesterone",-1.69897000433602,-2.68876363858276,0.634728557868576,-3.93283161200517,-1.44469566516035,"var_mu_LogSoce",0.989793634246744,0.989793634246744,TRUE
"57-83-0","57-83-0","progesterone",-2.82390874094432,-2.60067056984564,0.613524197512407,-3.80317799696995,-1.39816314272132,"var_mu_LogSoce",-0.223238171098684,0.223238171098684,TRUE
"58-08-2","58-08-2","caffeine",-3.80687540164554,-3.38782238353469,0.745921561477555,-4.8498286440307,-1.92581612303869,"var_mu_LogSoce",-0.419053018110846,0.419053018110846,TRUE
"58-08-2","58-08-2","caffeine",-4.58586563707645,-3.50655331135698,0.763559390987604,-5.00312971769269,-2.00997690502128,"var_mu_LogSoce",-1.07931232571947,1.07931232571947,TRUE
"58-08-2","58-08-2","caffeine",-1.60220380347052,-3.48011625006089,0.759262015081247,-4.96826979962013,-1.99196270050164,"var_mu_LogSoce",1.87791244659037,1.87791244659037,FALSE
"58-08-2","58-08-2","caffeine",-2.60631808276205,-3.48011625006089,0.759262015081247,-4.96826979962013,-1.99196270050164,"var_mu_LogSoce",0.873798167298836,0.873798167298836,TRUE
"58-08-2","58-08-2","caffeine",-4.15490195998574,-3.51783253692429,0.758133176345042,-5.00377356256058,-2.03189151128801,"var_mu_LogSoce",-0.637069423061448,0.637069423061448,TRUE
"58-08-2","58-08-2","caffeine",-3.69897000433602,-3.47247815892737,0.759576471692142,-4.96124804344397,-1.98370827441078,"var_mu_LogSoce",-0.226491845408645,0.226491845408645,TRUE
"58-22-0","58-22-0","testosterone",-2.0571655062299,-2.52803630742322,0.610022260282597,-3.72367993757711,-1.33239267726933,"var_mu_LogSoce",0.470870801193318,0.470870801193318,TRUE
"58-22-0","58-22-0","testosterone",-2.04694894237348,-2.47119878610448,0.605101373967873,-3.65719747908151,-1.28520009312745,"var_mu_LogSoce",0.424249843731002,0.424249843731002,TRUE
"58-22-0","58-22-0","testosterone",-1.64633962279966,-2.55092100496786,0.619035898766037,-3.76423136654929,-1.33761064338643,"var_mu_LogSoce",0.904581382168198,0.904581382168198,TRUE
"58-22-0","58-22-0","testosterone",-1.41570671752568,-2.50951922089288,0.608022911101998,-3.7012441266528,-1.31779431513297,"var_mu_LogSoce",1.0938125033672,1.0938125033672,TRUE
"58-22-0","58-22-0","testosterone",-2.27083521030723,-2.65714434764185,0.637890459016704,-3.90740964731459,-1.40687904796911,"var_mu_LogSoce",0.386309137334623,0.386309137334623,TRUE
"58-22-0","58-22-0","testosterone",-2.38875983135141,-2.46449787974676,0.600264094550178,-3.64101550506511,-1.28798025442841,"var_mu_LogSoce",0.0757380483953525,0.0757380483953525,TRUE
"58-22-0","58-22-0","testosterone",-2.65757731917779,-2.61137042538175,0.625359234365636,-3.8370745247384,-1.3856663260251,"var_mu_LogSoce",-0.0462068937960414,0.0462068937960414,TRUE
"58-22-0","58-22-0","testosterone",-2.65757731917779,-2.6051955349123,0.623953726667545,-3.82814483918069,-1.38224623064391,"var_mu_LogSoce",-0.0523817842654926,0.0523817842654926,TRUE
"58-22-0","58-22-0","testosterone",-2.65757731917779,-2.6051955349123,0.623953726667545,-3.82814483918069,-1.38224623064391,"var_mu_LogSoce",-0.0523817842654926,0.0523817842654926,TRUE
"58-22-0","58-22-0","testosterone",-3.39794000867204,-2.59592995767036,0.622631431911537,-3.81628756421698,-1.37557235112375,"var_mu_LogSoce",-0.802010051001677,0.802010051001677,TRUE
"58-22-0","58-22-0","testosterone",-3.06752623532285,-2.61137042538175,0.625359234365636,-3.8370745247384,-1.3856663260251,"var_mu_LogSoce",-0.456155809941102,0.456155809941102,TRUE
"58-22-0","58-22-0","testosterone",-2.13194363817696,-2.46877216101231,0.604765269580435,-3.65411208938996,-1.28343223263466,"var_mu_LogSoce",0.336828522835351,0.336828522835351,TRUE
"58-54-8","58-54-8","ethacrynic acid",-3.82390874094432,-2.54155316798,0.636377696170906,-3.78885345247498,-1.29425288348503,"var_mu_LogSoce",-1.28235557296432,1.28235557296432,FALSE
"59-05-2","59-05-2","methotrexate",-3.40160112979023,-4.78572672992053,1.22220694981029,-7.1812523515487,-2.39020110829236,"var_mu_LogSoce",1.3841256001303,1.3841256001303,TRUE
"59-50-7","59-50-7","chlorocresol",-1.26406804435028,-1.52819308213573,0.435352872191451,-2.38148471163097,-0.674901452640488,"var_mu_LogSoce",0.264125037785451,0.264125037785451,TRUE
"59-50-7","59-50-7","chlorocresol",-1.65255620893436,-1.48919258041332,0.436562290342416,-2.34485466948445,-0.633530491342182,"var_mu_LogSoce",-0.163363628521043,0.163363628521043,TRUE
"60-12-8","60-12-8","2-phenylethanol",-1.25963731050576,-1.8150839601282,0.486827027181431,-2.7692649334038,-0.860902986852597,"var_mu_LogSoce",0.555446649622441,0.555446649622441,TRUE
"60-12-8","60-12-8","2-phenylethanol",-2.11527250510331,-1.93706005187334,0.501320861543434,-2.91964894049847,-0.954471163248211,"var_mu_LogSoce",-0.178212453229968,0.178212453229968,TRUE
"610-81-1","610-81-1","4-amino-3-nitrophenol",-2.1297393876227,-2.32897609135422,0.565538394479111,-3.43743134453328,-1.22052083817516,"var_mu_LogSoce",0.199236703731522,0.199236703731522,TRUE
"610-81-1","610-81-1","4-amino-3-nitrophenol",-2.26671923730847,-2.32897609135422,0.565538394479111,-3.43743134453328,-1.22052083817516,"var_mu_LogSoce",0.062256854045752,0.062256854045752,TRUE
"614-18-6","614-18-6","nicotinate, ethyl",-3.10790539730952,-1.92323492812866,0.476574710406546,-2.85732136052549,-0.989148495731831,"var_mu_LogSoce",-1.18467046918086,1.18467046918086,FALSE
"614-18-6","614-18-6","nicotinate, ethyl",-3.08618614761628,-1.95454372395247,0.476452298552992,-2.88839022911633,-1.0206972187886,"var_mu_LogSoce",-1.13164242366381,1.13164242366381,FALSE
"623-05-2","623-05-2","4-hydroxybenzyl alcohol",-2.69897000433602,-2.28198853002595,0.58463380198305,-3.42787078191272,-1.13610627813917,"var_mu_LogSoce",-0.416981474310074,0.416981474310074,TRUE
"63-36-5","63-36-5","salicylate",-3.96686900819185,-2.74948755931617,0.48131664905684,-3.69286819146757,-1.80610692716476,"var_mu_LogSoce",-1.21738144887568,1.21738144887568,FALSE
"64-17-5","64-17-5","ethanol",-2.72124639904717,-3.09339846986697,0.652539002543961,-4.37237491485314,-1.81442202488081,"var_mu_LogSoce",0.372152070819803,0.372152070819803,TRUE
"64-17-5","64-17-5","ethanol",-3.09691001300806,-3.06864138596397,0.648715153965241,-4.34012308773585,-1.7971596841921,"var_mu_LogSoce",-0.0282686270440871,0.0282686270440871,TRUE
"64-17-5","64-17-5","ethanol",-3.09691001300806,-3.21945927417182,0.6723620966189,-4.53728898354487,-1.90162956479878,"var_mu_LogSoce",0.122549261163762,0.122549261163762,TRUE
"64-19-7","64-19-7","acetic acid",-2.77786589964853,-2.82383830267695,0.599417403230606,-3.99869641300894,-1.64898019234497,"var_mu_LogSoce",0.0459724030284248,0.0459724030284248,TRUE
"64-85-7","64-85-7","cortexone",-3.34678748622466,-2.70190745679547,0.632525729456654,-3.94165788653051,-1.46215702706043,"var_mu_LogSoce",-0.644880029429188,0.644880029429188,TRUE
"65-85-0","65-85-0","benzoic acid",-2.11918640771921,-1.90466711453995,0.512504128754853,-2.90917520689946,-0.900159022180439,"var_mu_LogSoce",-0.214519293179259,0.214519293179259,TRUE
"65-85-0","65-85-0","benzoic acid",-1.50863830616573,-1.84093025858907,0.495787110193086,-2.81267299456752,-0.86918752261062,"var_mu_LogSoce",0.332291952423338,0.332291952423338,TRUE
"65-85-0","65-85-0","benzoic acid",-1.50863830616573,-1.84093025858907,0.495787110193086,-2.81267299456752,-0.86918752261062,"var_mu_LogSoce",0.332291952423338,0.332291952423338,TRUE
"66-27-3","66-27-3","methyl methanesulfonate",-1.91205408690953,-2.73709836401221,0.548809203914198,-3.81276440368403,-1.66143232434038,"var_mu_LogSoce",0.825044277102676,0.825044277102676,TRUE
"66-27-3","66-27-3","methyl methanesulfonate",-2.06776764179179,-2.73709836401221,0.548809203914198,-3.81276440368403,-1.66143232434038,"var_mu_LogSoce",0.669330722220416,0.669330722220416,TRUE
"6677-98-1","6677-98-1","hydrocortisone-21-propionate",-2.46852108295775,-3.69106319464726,0.827077651925241,-5.31213539242073,-2.06999099687379,"var_mu_LogSoce",1.22254211168951,1.22254211168951,TRUE
"67-56-1","67-56-1","methanol",-3.30102999566398,-3.2206961710398,0.677420319685019,-4.54843999762244,-1.89295234445716,"var_mu_LogSoce",-0.0803338246241809,0.0803338246241809,TRUE
"67-56-1","67-56-1","methanol",-3.30102999566398,-3.36167201704165,0.698720353683347,-4.73116391026101,-1.99218012382229,"var_mu_LogSoce",0.060642021377669,0.060642021377669,TRUE
"67-56-1","67-56-1","methanol",-2.79588001734407,-3.29666586606877,0.688062632131853,-4.6452686250472,-1.94806310709033,"var_mu_LogSoce",0.500785848724695,0.500785848724695,TRUE
"68-96-2","68-96-2","17-alfa-hydroxyprogesterone",-3.22184874961636,-3.59464592615144,0.835787540209214,-5.2327895049615,-1.95650234734138,"var_mu_LogSoce",0.372797176535082,0.372797176535082,TRUE
"69-29-7","69-29-7","ethyl ether",-1.79588001734408,-2.29357353201612,0.534626307955501,-3.3414410956089,-1.24570596842334,"var_mu_LogSoce",0.49769351467204,0.49769351467204,TRUE
"69-65-8","69-65-8","mannitol",-4.72681868815271,-4.09886117927593,1.13365771135158,-6.32083029352503,-1.87689206502684,"var_mu_LogSoce",-0.627957508876777,0.627957508876777,TRUE
"69-65-8","69-65-8","mannitol",-4,-4.49347717422527,1.4105196940825,-7.25809577462696,-1.72885857382357,"var_mu_LogSoce",0.493477174225268,0.493477174225268,TRUE
"69-65-8","69-65-8","mannitol",-4.68257958814785,-4.03348931216147,1.11677749096488,-6.22237319445263,-1.84460542987031,"var_mu_LogSoce",-0.649090275986377,0.649090275986377,TRUE
"69-65-8","69-65-8","mannitol",-4.45692576496647,-4.03422059178405,1.116964923689,-6.22347184221448,-1.84496934135362,"var_mu_LogSoce",-0.422705173182418,0.422705173182418,TRUE
"69-65-8","69-65-8","mannitol",-4.77257756999574,-4.48035671936938,1.40627903621708,-7.23666363035487,-1.7240498083839,"var_mu_LogSoce",-0.292220850626355,0.292220850626355,TRUE
"69-65-8","69-65-8","mannitol",-4.43830246734601,-4.03422059178405,1.116964923689,-6.22347184221448,-1.84496934135362,"var_mu_LogSoce",-0.404081875561959,0.404081875561959,TRUE
"69-65-8","69-65-8","mannitol",-4.18810341360238,-4.50442712082829,1.42420035535303,-7.29585981732023,-1.71299442433634,"var_mu_LogSoce",0.316323707225906,0.316323707225906,TRUE
"69-65-8","69-65-8","mannitol",-4.00436480540245,-4.44379729695789,1.37256322452528,-7.13402121702744,-1.75357337688834,"var_mu_LogSoce",0.439432491555438,0.439432491555438,TRUE
"69-65-8","69-65-8","mannitol",-3.97265039222524,-4.51657180443895,1.43345928819377,-7.32615200929873,-1.70699159957917,"var_mu_LogSoce",0.543921412213713,0.543921412213713,TRUE
"69-65-8","69-65-8","mannitol",-3.1536628878702,-4.03348931216147,1.11677749096488,-6.22237319445263,-1.84460542987031,"var_mu_LogSoce",0.879826424291273,0.879826424291273,TRUE
"69-72-7","69-72-7","salicylic acid",-3.03151705144606,-1.93184808903302,0.504823851424223,-2.9213028378245,-0.942393340241544,"var_mu_LogSoce",-1.09966896241304,1.09966896241304,FALSE
"69-72-7","69-72-7","salicylic acid",-1.34678748622466,-1.95821159272129,0.502605668823392,-2.94331870361514,-0.973104481827442,"var_mu_LogSoce",0.611424106496629,0.611424106496629,TRUE
"71-23-8","71-23-8","n-propanol",-2.92081875395238,-2.95298320256419,0.618784871354264,-4.16580155041855,-1.74016485470983,"var_mu_LogSoce",0.0321644486118076,0.0321644486118076,TRUE
"71-23-8","71-23-8","propanol",-2.76955107862173,-3.04150366306575,0.632027229800884,-4.28027703347548,-1.80273029265602,"var_mu_LogSoce",0.27195258444402,0.27195258444402,TRUE
"71-23-8","71-23-8","propanol",-2.92081875395238,-3.10617617669608,0.64188083125676,-4.36426260595934,-1.84808974743283,"var_mu_LogSoce",0.185357422743705,0.185357422743705,TRUE
"71-36-3","71-36-3","butanol",-2.52287874528034,-2.10753930310312,0.51835822691844,-3.12352142786327,-1.09155717834298,"var_mu_LogSoce",-0.415339442177216,0.415339442177216,TRUE
"71-36-3","71-36-3","butanol",-2.10237290870956,-2.04663581098662,0.511308844750671,-3.04880114669793,-1.0444704752753,"var_mu_LogSoce",-0.055737097722941,0.055737097722941,TRUE
"71-36-3","71-36-3","butanol",-2.65757731917779,-2.16945621085217,0.525624544896088,-3.1996803188485,-1.13923210285584,"var_mu_LogSoce",-0.488121108325618,0.488121108325618,TRUE
"71-36-3","71-36-3","butanol",-2.65757731917779,-2.16952705249705,0.525632916651844,-3.19976756913466,-1.13928653585943,"var_mu_LogSoce",-0.488050266680742,0.488050266680742,TRUE
"71-36-3","71-36-3","butanol",-2.60205999132796,-2.16945621085217,0.525624544896088,-3.1996803188485,-1.13923210285584,"var_mu_LogSoce",-0.432603780475788,0.432603780475788,TRUE
"71-36-3","71-36-3","n-butanol",-2.60205999132796,-2.02262164750278,0.508555708359773,-3.01939083588794,-1.02585245911763,"var_mu_LogSoce",-0.579438343825176,0.579438343825176,TRUE
"71-41-0","71-41-0","n-pentanol",-2.22184874961636,-1.75852700266253,0.477415692967048,-2.69426176087794,-0.822792244447116,"var_mu_LogSoce",-0.463321746953831,0.463321746953831,TRUE
"71-41-0","71-41-0","pentanol",-2.22184874961636,-1.91862905266702,0.494746633214699,-2.88833245376783,-0.948925651566214,"var_mu_LogSoce",-0.303219696949337,0.303219696949337,TRUE
"71-43-0","71-43-0","benzene",-0.954285941059132,-1.2799915095711,0.434083128645619,-2.13079444171651,-0.429188577425687,"var_mu_LogSoce",0.325705568511968,0.325705568511968,TRUE
"71-43-0","71-43-0","benzene",-0.795880017344075,-1.36364998983287,0.442209708801555,-2.23038101908392,-0.496918960581819,"var_mu_LogSoce",0.567769972488792,0.567769972488792,TRUE
"71-91-0","71-91-0","tetraethylammonium",-3.25387553642834,-5.14060677024451,1.11468529897049,-7.32538995622668,-2.95582358426235,"var_mu_LogSoce",1.88673123381617,1.88673123381617,TRUE
"71-91-0","71-91-0","tetraethylammonium bromide (+)",-3.36815053784018,-5.10114210187199,1.08840765625962,-7.23442110814085,-2.96786309560314,"var_mu_LogSoce",1.73299156403181,1.73299156403181,TRUE
"76-25-5","76-25-5","triamcinolone acetonide",-3.40230481407449,-4.59840276437838,1.04698510645612,-6.65049357303237,-2.54631195572439,"var_mu_LogSoce",1.19609795030389,1.19609795030389,TRUE
"76-25-5","76-25-5","triamcinolone acetonide",-4.70663744528855,-4.76676611122221,1.09187300367349,-6.90683719842225,-2.62669502402216,"var_mu_LogSoce",0.0601286659336582,0.0601286659336582,TRUE
"76180-96-6","76180-96-6","3-methyl-3h-imidazo[4,5-f]quinolin-2-amine",-2.07218350508968,-3.46774924883865,0.770112278064485,-4.97716931384504,-1.95832918383226,"var_mu_LogSoce",1.39556574374897,1.39556574374897,TRUE
"76180-96-6","76180-96-6","3-methyl-3h-imidazo[4,5-f]quinolin-2-amine",-2.43056359552234,-3.46774924883865,0.770112278064485,-4.97716931384504,-1.95832918383226,"var_mu_LogSoce",1.03718565331631,1.03718565331631,TRUE
"7732-18-5","7732-18-5","water",-2.80687540164554,-3.60834536275598,0.786907861748884,-5.15068477178379,-2.06600595372816,"var_mu_LogSoce",0.801469961110435,0.801469961110435,TRUE
"7732-18-5","7732-18-5","water",-2.98540960554622,-3.60834536275598,0.786907861748884,-5.15068477178379,-2.06600595372816,"var_mu_LogSoce",0.622935757209755,0.622935757209755,TRUE
"7732-18-5","7732-18-5","water",-2.80966830182971,-3.5830979970132,0.781755896898613,-5.11533955493448,-2.05085643909192,"var_mu_LogSoce",0.77342969518349,0.77342969518349,TRUE
"7732-18-5","7732-18-5","water",-3.14997431819434,-3.58312263441802,0.781760907917404,-5.11537401393613,-2.05087125489991,"var_mu_LogSoce",0.433148316223679,0.433148316223679,TRUE
"7732-18-5","7732-18-5","water",-3.07058107428571,-3.60834536275598,0.786907861748884,-5.15068477178379,-2.06600595372816,"var_mu_LogSoce",0.537764288470266,0.537764288470266,TRUE
"7732-18-5","7732-18-5","water",-3.24233473501217,-3.5830979970132,0.781755896898613,-5.11533955493448,-2.05085643909192,"var_mu_LogSoce",0.34076326200103,0.34076326200103,TRUE
"7732-18-5","7732-18-5","water",-3.45621525646938,-3.5830979970132,0.781755896898613,-5.11533955493448,-2.05085643909192,"var_mu_LogSoce",0.126882740543819,0.126882740543819,TRUE
"7732-18-5","7732-18-5","water",-3.27134965805094,-3.5830979970132,0.781755896898613,-5.11533955493448,-2.05085643909192,"var_mu_LogSoce",0.31174833896226,0.31174833896226,TRUE
"7732-18-5","7732-18-5","water",-3.15476521541715,-3.59570091721084,0.784323412358995,-5.13297480543447,-2.05842702898721,"var_mu_LogSoce",0.44093570179369,0.44093570179369,TRUE
"7732-18-5","7732-18-5","water",-3.52287874528034,-3.67220017627366,0.800090081119742,-5.24037673526836,-2.10402361727897,"var_mu_LogSoce",0.149321430993324,0.149321430993324,TRUE
"7732-18-5","7732-18-5","water",-3.5,-3.67220017627366,0.800090081119742,-5.24037673526836,-2.10402361727897,"var_mu_LogSoce",0.172200176273664,0.172200176273664,TRUE
"78-93-3","78-93-3","2-butanone",-2.34678748622466,-2.53222422271927,0.566634252128118,-3.64282735689038,-1.42162108854816,"var_mu_LogSoce",0.185436736494609,0.185436736494609,TRUE
"84-66-2","84-66-2","diethyl phthalate",-1.70509308939481,-1.7102505973541,0.486289242999159,-2.66337751363245,-0.757123681075746,"var_mu_LogSoce",0.00515750795928738,0.00515750795928738,TRUE
"87-66-1","87-66-1","pyrogallol",-2.81,-2.76085746134137,0.575285315859131,-3.88841668042527,-1.63329824225747,"var_mu_LogSoce",-0.0491425386586322,0.0491425386586322,TRUE
"88-04-0","88-04-0","chloroxylenol",-1.22875360095283,-1.60180066245763,0.465367903142192,-2.51392175261632,-0.68967957229893,"var_mu_LogSoce",0.373047061504796,0.373047061504796,TRUE
"88-04-0","88-04-0","chloroxylenol",-1.09474395125155,-1.50178539302633,0.450311083940849,-2.38439511755039,-0.619175668502264,"var_mu_LogSoce",0.407041441774777,0.407041441774777,TRUE
"88-06-2","88-06-2","2,4,6-trichlorophenol",-1.23275783168158,-1.56761182535492,0.446016160376542,-2.44180349969294,-0.693420151016899,"var_mu_LogSoce",0.334853993673342,0.334853993673342,TRUE
"88-18-6","88-18-6","o-t-butylphenol",-1.12842706445412,-1.23317657227524,0.425872183849842,-2.06788605262093,-0.398467091929554,"var_mu_LogSoce",0.104749507821124,0.104749507821124,TRUE
"89-83-8","89-83-8","thymol; 2-isopropyl-5-methylphenol",-1.27607480270083,-1.38902654472547,0.43557469135334,-2.24275293977802,-0.535300149672926,"var_mu_LogSoce",0.112951742024643,0.112951742024643,TRUE
"89-83-8","89-83-8","thymol; 2-isopropyl-5-methylphenol",-1.21324857785444,-1.29237214428198,0.42728950581028,-2.12985957567013,-0.454884712893831,"var_mu_LogSoce",0.07912356642754,0.07912356642754,TRUE
"90-15-3","90-15-3","naphthol",-1.58502665202918,-1.60166748211737,0.468429450160138,-2.51978920443124,-0.683545759803496,"var_mu_LogSoce",0.016640830088186,0.016640830088186,TRUE
"90-15-3","90-15-3","naphthol",-1.52287874528034,-1.60166748211737,0.468429450160138,-2.51978920443124,-0.683545759803496,"var_mu_LogSoce",0.0787887368370259,0.0787887368370259,TRUE
"91-20-3","91-20-3","naphthalene",-1.55111528700206,-1.23106442926229,0.449281123324776,-2.11165543097885,-0.350473427545731,"var_mu_LogSoce",-0.320050857739767,0.320050857739767,TRUE
"91-20-3","91-20-3","naphthalene",-1.78220214249451,-1.23106442926229,0.449281123324776,-2.11165543097885,-0.350473427545731,"var_mu_LogSoce",-0.551137713232217,0.551137713232217,TRUE
"92-48-8","92-48-8","6-methylcoumarin",-1.18136926112576,-2.18074878396555,0.513140822007891,-3.18650479510102,-1.17499277283008,"var_mu_LogSoce",0.999379522839791,0.999379522839791,TRUE
"92-48-8","92-48-8","6-methylcoumarin",-1.331936361143,-2.18074878396555,0.513140822007891,-3.18650479510102,-1.17499277283008,"var_mu_LogSoce",0.848812422822551,0.848812422822551,TRUE
"93-60-7","93-60-7","nicotinate, methyl",-3.30980391997149,-2.09905131055759,0.512752535361829,-3.10404627986677,-1.0940563412484,"var_mu_LogSoce",-1.2107526094139,1.2107526094139,FALSE
"93-60-7","93-60-7","nicotinate, methyl",-3.27572413039921,-2.11495766933799,0.512998411730365,-3.1204345563295,-1.10948078234647,"var_mu_LogSoce",-1.16076646106122,1.16076646106122,FALSE
"937-20-2","937-20-2","2,4-dichloroacetophenone",-0.743772935647774,-2.12623030041211,0.567943196159565,-3.23939896488486,-1.01306163593937,"var_mu_LogSoce",1.38245736476434,1.38245736476434,FALSE
"937-20-2","937-20-2","2,4-dichloroacetophenone",-1.86052608660328,-2.12623030041211,0.567943196159565,-3.23939896488486,-1.01306163593937,"var_mu_LogSoce",0.265704213808832,0.265704213808832,TRUE
"94-13-3","94-13-3","propylparaben",-1.67615465544754,-1.60056880330825,0.470337290441264,-2.52242989257313,-0.678707714043373,"var_mu_LogSoce",-0.0755858521392905,0.0755858521392905,TRUE
"94-13-3","94-13-3","propylparaben",-1.26606734367858,-1.66323275317684,0.478441163211072,-2.60097743307054,-0.725488073283134,"var_mu_LogSoce",0.397165409498256,0.397165409498256,TRUE
"94-13-3","94-13-3","propylparaben",-1.20290590120029,-1.66323275317684,0.478441163211072,-2.60097743307054,-0.725488073283134,"var_mu_LogSoce",0.460326851976546,0.460326851976546,TRUE
"94-26-8","94-26-8","butylparaben",-0.981299501333757,-1.40378305746456,0.442852468136977,-2.27177389501304,-0.535792219916087,"var_mu_LogSoce",0.422483556130806,0.422483556130806,TRUE
"94-26-8","94-26-8","butylparaben",-1.15242734085789,-1.46519993306628,0.449413031709574,-2.34604947521704,-0.584350390915516,"var_mu_LogSoce",0.31277259220839,0.31277259220839,TRUE
"95-48-7","95-48-7","o-cresol",-1.80172783601759,-1.79455119256213,0.468809462691985,-2.71341773943842,-0.875684645685842,"var_mu_LogSoce",-0.00717664345545699,0.00717664345545699,TRUE
"95-54-5","95-54-5","o-phenylenediamine",-3.34678748622466,-2.43159601472388,0.587000652013934,-3.58211729267119,-1.28107473677657,"var_mu_LogSoce",-0.915191471500779,0.915191471500779,TRUE
"95-57-8","95-57-8","o-chlorophenol",-1.48044892137827,-1.76458081869868,0.462909877754722,-2.67188417909794,-0.857277458299428,"var_mu_LogSoce",0.284131897320413,0.284131897320413,TRUE
"95-65-8","95-65-8","3,4-xylenol",-1.44278385671974,-1.66667191471464,0.467058303275607,-2.58210618913483,-0.751237640294454,"var_mu_LogSoce",0.223888057994904,0.223888057994904,TRUE
"97-00-7","97-00-7","2,4-dinitrochlorobenzene",-1.57500847696703,-1.89325500341737,0.555455322031866,-2.98194743459983,-0.804562572234912,"var_mu_LogSoce",0.318246526450339,0.318246526450339,TRUE
"97-00-7","97-00-7","2,4-dinitrochlorobenzene",-1.50012264373278,-1.89325500341737,0.555455322031866,-2.98194743459983,-0.804562572234912,"var_mu_LogSoce",0.393132359684589,0.393132359684589,TRUE
"97-53-0","97-53-0","eugenol",-1.592980675785,-1.60139140387982,0.473070274370043,-2.52860914164511,-0.674173666114538,"var_mu_LogSoce",0.00841072809482246,0.00841072809482246,TRUE
"97-53-0","97-53-0","eugenol",-1.555243965633,-1.60139140387982,0.473070274370043,-2.52860914164511,-0.674173666114538,"var_mu_LogSoce",0.0461474382468225,0.0461474382468225,TRUE
"97-54-1","97-54-1","isoeugenol",-1.74568406057766,-1.51643527085219,0.473093849344837,-2.44369921556807,-0.589171326136309,"var_mu_LogSoce",-0.229248789725472,0.229248789725472,TRUE
"97-54-1","97-54-1","isoeugenol",-1.41300909711301,-1.51643527085219,0.473093849344837,-2.44369921556807,-0.589171326136309,"var_mu_LogSoce",0.103426173739178,0.103426173739178,TRUE
"98-86-2","98-86-2","acetophenone",-1.62740828480895,-1.68830857005961,0.484165144605978,-2.63727225348733,-0.739344886631896,"var_mu_LogSoce",0.0609002852506619,0.0609002852506619,TRUE
"98-86-2","98-86-2","acetophenone",-1.56017144166374,-1.68830857005961,0.484165144605978,-2.63727225348733,-0.739344886631896,"var_mu_LogSoce",0.128137128395872,0.128137128395872,TRUE
"99-76-3","99-76-3","methylparaben",-1.67358220444561,-1.90882629721596,0.518371066202667,-2.92483358697318,-0.892819007458728,"var_mu_LogSoce",0.235244092770346,0.235244092770346,TRUE
"99-76-3","99-76-3","methylparaben",-1.96257350205938,-1.94872846753169,0.52042955664756,-2.9687703985609,-0.928686536502471,"var_mu_LogSoce",-0.0138450345276924,0.0138450345276924,TRUE
"99-76-3","99-76-3","methylparaben",-2.03394335230684,-2.05391483277298,0.537739480246815,-3.10788421405674,-0.999945451489226,"var_mu_LogSoce",0.0199714804661428,0.0199714804661428,TRUE
"99-76-3","99-76-3","methylparaben",-2.07572071393812,-1.98205621615332,0.528771820048486,-3.01844898344835,-0.945663448858285,"var_mu_LogSoce",-0.0936644977848031,0.0936644977848031,TRUE
"100-02-7","100-02-7","p-nitrophenol; 4-nitrophenol",-2.25,-2.08535447953028,0.464983634961952,-2.9967224040557,-1.17398655500485,"var_mu_Texpi",-0.164645520469722,0.164645520469722,TRUE
"100-39-0","100-39-0","benzyl bromide",-1.54511979359646,-1.375625002094,0.436795660762071,-2.23174449718766,-0.519505507000338,"var_mu_Texpi",-0.169494791502463,0.169494791502463,TRUE
"100-39-0","100-39-0","benzyl bromide",-1.89202735976865,-1.375625002094,0.436795660762071,-2.23174449718766,-0.519505507000338,"var_mu_Texpi",-0.516402357674653,0.516402357674653,TRUE
"100-51-6","100-51-6","benzyl alcohol",-2.22205999132796,-2.09173586142904,0.465872968759903,-3.00484688019845,-1.17862484265964,"var_mu_Texpi",-0.130324129898915,0.130324129898915,TRUE
"1002-62-6","1002-62-6","sodium caprate; decanoic acid soap (c10:0)",-2.95233580539844,-2.62179044474772,0.68344904257702,-3.96135056819868,-1.28223032129676,"var_mu_Texpi",-0.330545360650717,0.330545360650717,TRUE
"103-11-7","103-11-7","2-ethylhexyl acrylate",-2.11289007326765,-1.3330849285872,0.428350183419628,-2.17265128808967,-0.493518569084734,"var_mu_Texpi",-0.779805144680445,0.779805144680445,TRUE
"103-11-7","103-11-7","2-ethylhexyl acrylate",-1.82434537155519,-1.3330849285872,0.428350183419628,-2.17265128808967,-0.493518569084734,"var_mu_Texpi",-0.491260442967986,0.491260442967986,TRUE
"104-54-1","104-54-1","cinnamyl alcohol",-1.54329916349423,-1.60423941893007,0.46746663444237,-2.52047402243712,-0.688004815423029,"var_mu_Texpi",0.0609402554358445,0.0609402554358445,TRUE
"104-54-1","104-54-1","cinnamyl alcohol",-1.47890341621095,-1.60423941893007,0.46746663444237,-2.52047402243712,-0.688004815423029,"var_mu_Texpi",0.125336002719124,0.125336002719124,TRUE
"104-85-8","104-85-8","p-tolunitrile",-1.34336049829281,-1.47313466460464,0.451205672911172,-2.35749778351053,-0.588771545698742,"var_mu_Texpi",0.129774166311828,0.129774166311828,TRUE
"104-85-8","104-85-8","p-tolunitrile",-1.51076062352006,-1.47313466460464,0.451205672911172,-2.35749778351053,-0.588771545698742,"var_mu_Texpi",-0.0376259589154222,0.0376259589154222,TRUE
"10521-91-2","10521-91-2","5-phenylpentanol",-0.94692155651658,-1.33336657125602,0.474807568534911,-2.26398940558445,-0.402743736927599,"var_mu_Texpi",0.386445014739444,0.386445014739444,TRUE
"106-24-1","106-24-1","geraniol",-0.986619380204979,-1.13065637822186,0.410631778506067,-1.93549466409375,-0.325818092349969,"var_mu_Texpi",0.144036998016882,0.144036998016882,TRUE
"106-24-1","106-24-1","geraniol",-1.01401437058883,-1.13065637822186,0.410631778506067,-1.93549466409375,-0.325818092349969,"var_mu_Texpi",0.116642007633031,0.116642007633031,TRUE
"106-41-3","106-41-3","p-bromophenol",-1.43951925261862,-1.89905532450119,0.436971209514823,-2.75551889515024,-1.04259175385214,"var_mu_Texpi",0.459536071882572,0.459536071882572,TRUE
"106-44-5","106-44-5","p-cresol",-0.920818753952375,-1.64432460202221,0.513797243960303,-2.65136720018441,-0.637282003860019,"var_mu_Texpi",0.723505848069838,0.723505848069838,TRUE
"106-44-5","106-44-5","p-cresol",-1.74875360095283,-1.79918386769487,0.430055015174151,-2.64209169743621,-0.956276037953538,"var_mu_Texpi",0.0504302667420444,0.0504302667420444,TRUE
"106-48-9","106-48-9","p-chlorophenol",-1.44875360095283,-1.76600075427897,0.423229482030281,-2.59553053905832,-0.936470969499616,"var_mu_Texpi",0.317247153326137,0.317247153326137,TRUE
"106-50-3","106-50-3","p-phenylenediamine",-3.61978875828839,-2.74848299653854,0.638683412374775,-4.0003024847931,-1.49666350828398,"var_mu_Texpi",-0.871305761749853,0.871305761749853,TRUE
"108-39-4","108-39-4","m-cresol",-1.81172783601759,-1.78278367470062,0.427791722916205,-2.62125545161638,-0.944311897784857,"var_mu_Texpi",-0.0289441613169714,0.0289441613169714,TRUE
"108-46-3","108-46-3","resorcinol",-2.42023266087399,-2.79421918674988,0.64895894343345,-4.06617871587944,-1.52225965762032,"var_mu_Texpi",0.373986525875892,0.373986525875892,TRUE
"108-46-3","108-46-3","resorcinol",-2.35642808060813,-2.79421918674988,0.64895894343345,-4.06617871587944,-1.52225965762032,"var_mu_Texpi",0.437791106141752,0.437791106141752,TRUE
"108-46-3","108-46-3","resorcinol",-3.07,-2.74234132308763,0.708132985282814,-4.13028197424194,-1.35440067193332,"var_mu_Texpi",-0.327658676912369,0.327658676912369,TRUE
"108-46-3","108-46-3","resorcinol; 1,3-benzenediol",-3.62291335664286,-2.87860547376605,0.576230571283026,-4.00801739348078,-1.74919355405132,"var_mu_Texpi",-0.74430788287681,0.74430788287681,TRUE
"108-73-6","108-73-6","phloroglucinol",-2.51,-2.94969191563394,0.747997493130457,-4.41576700216963,-1.48361682909824,"var_mu_Texpi",0.439691915633937,0.439691915633937,TRUE
"108-88-3","108-88-3","toluene",-0.0809219076239261,-1.24759375736547,0.437058317662149,-2.10422805998329,-0.390959454747661,"var_mu_Texpi",1.16667184974155,1.16667184974155,FALSE
"108-95-2","108-95-2","phenol",-2.03,-1.89945271639214,0.577875585632801,-3.03208886423243,-0.766816568551851,"var_mu_Texpi",-0.13054728360786,0.13054728360786,TRUE
"108-95-2","108-95-2","phenol",-2.08907809237607,-1.99514361476354,0.382061681186305,-2.7439845098887,-1.24630271963838,"var_mu_Texpi",-0.0939344776125308,0.0939344776125308,TRUE
"108-95-2","108-95-2","phenol",-1.70996538863748,-1.89388717350311,0.576848812409765,-3.02451084582625,-0.76326350117997,"var_mu_Texpi",0.18392178486563,0.18392178486563,TRUE
"108-95-2","108-95-2","phenol",-3.82792274303052,-2.03336551577849,0.346092826140439,-2.71170745501375,-1.35502357654323,"var_mu_Texpi",-1.79455722725203,1.79455722725203,FALSE
"110-80-5","110-80-5","2-ethoxy ethanol",-3.60205999132796,-3.00052757209686,0.659680919283953,-4.29350217389341,-1.70755297030031,"var_mu_Texpi",-0.6015324192311,0.6015324192311,TRUE
"111-27-3","111-27-3","hexanol",-1.49485002168009,-1.44439526503056,0.475000150255048,-2.37539555953045,-0.513394970530664,"var_mu_Texpi",-0.0504547566495321,0.0504547566495321,TRUE
"111-27-3","111-27-3","hexanol",-1.88605664769316,-1.62779124806225,0.409792736622829,-2.43098501184299,-0.824597484281504,"var_mu_Texpi",-0.258265399630911,0.258265399630911,TRUE
"111-27-3","111-27-3","n-hexanol",-1.88605664769316,-1.43844747290613,0.493389764395072,-2.40549141112047,-0.471403534691788,"var_mu_Texpi",-0.447609174787031,0.447609174787031,TRUE
"111-76-2","111-76-2","butoxyethanol",-2.25698018593163,-2.57723914829638,0.674139655911314,-3.89855287388255,-1.2559254227102,"var_mu_Texpi",0.320258962364745,0.320258962364745,TRUE
"111-87-5","111-87-5","n-octanol",-1.2839966563652,-1.0820225267509,0.455676177054635,-1.97514783377799,-0.188897219723819,"var_mu_Texpi",-0.201974129614297,0.201974129614297,TRUE
"111-87-5","111-87-5","octanol",-1.0301183562535,-1.07531344658161,0.437868264060363,-1.93353524413992,-0.217091649023301,"var_mu_Texpi",0.0451950903281124,0.0451950903281124,TRUE
"111-87-5","111-87-5","octanol",-1.15490195998574,-1.24824962530559,0.378768512497104,-1.99063590979992,-0.50586334081127,"var_mu_Texpi",0.0933476653198531,0.0933476653198531,TRUE
"111-87-5","111-87-5","octanol",-1.2839966563652,-1.28887138411838,0.38283860152957,-2.03923504311634,-0.538507725120427,"var_mu_Texpi",0.00487472775318398,0.00487472775318398,TRUE
"111-87-5","111-87-5","octanol",-1.21467016498923,-1.20168982929323,0.411546577029047,-2.00832112027017,-0.395058538316301,"var_mu_Texpi",-0.0129803356959963,0.0129803356959963,TRUE
"112-30-1","112-30-1","decanol",-1.833220851329,-0.930145796613172,0.420037044749272,-1.75341840432174,-0.106873188904599,"var_mu_Texpi",-0.903075054715828,0.903075054715828,FALSE
"112-30-1","112-30-1","decanol",-1.95860731484178,-0.929753368545611,0.419990398095962,-1.7529345488137,-0.106572188277526,"var_mu_Texpi",-1.02885394629617,1.02885394629617,FALSE
"112-30-1","112-30-1","decanol",-1.14508697769214,-0.878520595698251,0.397845263675129,-1.6582973125015,-0.098743878894997,"var_mu_Texpi",-0.266566381993889,0.266566381993889,TRUE
"112-30-1","112-30-1","decanol",-1.04575749056068,-1.074616735975,0.344885439748157,-1.75059219788139,-0.398641274068613,"var_mu_Texpi",0.0288592454143217,0.0288592454143217,TRUE
"112-30-1","112-30-1","decanol",-1.09691001300806,-1.12237202416801,0.349578232198894,-1.80754535927784,-0.437198689058181,"var_mu_Texpi",0.0254620111599531,0.0254620111599531,TRUE
"112-30-1","112-30-1","n-decanol",-1.09691001300806,-0.887696602709467,0.415021155663717,-1.70113806781035,-0.0742551376085816,"var_mu_Texpi",-0.209213410298593,0.209213410298593,TRUE
"112-34-5","112-34-5","diethylene glycol monobutyl ether",-2.23600035701585,-3.06668952883045,0.696771662166298,-4.4323619866764,-1.70101707098451,"var_mu_Texpi",0.830689171814603,0.830689171814603,TRUE
"112-34-5","112-34-5","diethylene glycol monobutyl ether",-2.16688305055618,-3.06668952883045,0.696771662166298,-4.4323619866764,-1.70101707098451,"var_mu_Texpi",0.899806478274273,0.899806478274273,TRUE
"112-80-1","112-80-1","oleic acid",-2.88605664769316,-1.64932754448954,0.526781051373988,-2.68181840518256,-0.616836683796526,"var_mu_Texpi",-1.23672910320362,1.23672910320362,FALSE
"117-81-7","117-81-7","bis(2-ethylhexyl)phthalate",-4.09691001300806,-2.82839547032483,0.716634931867732,-4.23299993678558,-1.42379100386407,"var_mu_Texpi",-1.26851454268323,1.26851454268323,TRUE
"119-34-6","119-34-6","4-amino-2-nitrophenol",-4.06550154875643,-2.31146352844655,0.557480703247703,-3.40412570681204,-1.21880135008105,"var_mu_Texpi",-1.75403802030988,1.75403802030988,FALSE
"119-36-8","119-36-8","methyl salicylate",-1.44369749923271,-1.51112828407339,0.453893403298697,-2.40075935453884,-0.621497213607947,"var_mu_Texpi",0.0674307848406832,0.0674307848406832,TRUE
"119-61-9","119-61-9","benzophenone",-1.24920613319746,-1.4479696082032,0.446371749829562,-2.32285823786914,-0.573080978537254,"var_mu_Texpi",0.198763475005735,0.198763475005735,TRUE
"119-61-9","119-61-9","benzophenone",-1.13822159828622,-1.4479696082032,0.446371749829562,-2.32285823786914,-0.573080978537254,"var_mu_Texpi",0.309748009916975,0.309748009916975,TRUE
"120-80-9","120-80-9","catechol",-2.51,-2.6165196626454,0.682447216823931,-3.95411620762031,-1.2789231176705,"var_mu_Texpi",0.106519662645405,0.106519662645405,TRUE
"120-83-2","120-83-2","2,4-dichlorophenol",-1.14874021557127,-1.35986207063166,0.481825866388761,-2.30424076875363,-0.415483372509691,"var_mu_Texpi",0.211121855060392,0.211121855060392,TRUE
"120-83-2","120-83-2","2,4-dichlorophenol",-1.22136169383427,-1.58493708216709,0.401951263408599,-2.37276155844795,-0.797112605886238,"var_mu_Texpi",0.363575388332823,0.363575388332823,TRUE
"1219-38-1","1219-38-1","octylparaben",-1.90585161784792,-1.27071446912787,0.467051580431115,-2.18613556677286,-0.355293371482886,"var_mu_Texpi",-0.635137148720049,0.635137148720049,TRUE
"122-57-6","122-57-6","benzylideneacetone",-1.40794873077454,-1.56326286167096,0.460358872701534,-2.46556625216597,-0.660959471175956,"var_mu_Texpi",0.155314130896423,0.155314130896423,TRUE
"122-57-6","122-57-6","benzylideneacetone",-1.11863375864077,-1.56326286167096,0.460358872701534,-2.46556625216597,-0.660959471175956,"var_mu_Texpi",0.444629103030193,0.444629103030193,TRUE
"123-07-9 ","123-07-9 ","p-ethylphenol",-1.46278385671974,-1.575967479073,0.403716816350624,-2.36725243912022,-0.784682519025778,"var_mu_Texpi",0.11318362235326,0.11318362235326,TRUE
"123-31-9","123-31-9","hydroquinone",-5.0301183562535,-2.43956076946743,0.54421222876363,-3.50621673784414,-1.37290480109071,"var_mu_Texpi",-2.59055758678607,2.59055758678607,FALSE
"123-31-9","123-31-9","hydroquinone",-1.90385139213331,-2.40590728845951,0.564580232165254,-3.51248454350341,-1.29933003341562,"var_mu_Texpi",0.502055896326205,0.502055896326205,TRUE
"123-31-9","123-31-9","hydroquinone",-2.41644259377425,-2.40590728845951,0.564580232165254,-3.51248454350341,-1.29933003341562,"var_mu_Texpi",-0.0105353053147357,0.0105353053147357,TRUE
"123-31-9","123-31-9","hydroquinone",-2.95,-2.6618344194869,0.683879465331813,-4.00223817153725,-1.32143066743654,"var_mu_Texpi",-0.288165580513104,0.288165580513104,TRUE
"124-94-7","124-94-7","triamcinolone",-5.40011692792631,-4.6264232868434,0.949560100826005,-6.48756108446237,-2.76528548922443,"var_mu_Texpi",-0.773693641082913,0.773693641082913,TRUE
"131-11-3","131-11-3","dimethyl phthalate",-1.55258483591006,-1.90438940392368,0.506093380032182,-2.89633242878676,-0.912446379060607,"var_mu_Texpi",0.351804568013623,0.351804568013623,TRUE
"131-11-3","131-11-3","dimethyl phthalate",-1.64782103953418,-1.90438940392368,0.506093380032182,-2.89633242878676,-0.912446379060607,"var_mu_Texpi",0.256568364389504,0.256568364389504,TRUE
"135-19-3","135-19-3","beta-naphthol; 2-naphthol",-1.5543957967264,-1.76866523614866,0.425282182728432,-2.60221831429639,-0.935112158000935,"var_mu_Texpi",0.214269439422263,0.214269439422263,TRUE
"135-19-3","135-19-3","beta-naphthol; 2-naphthol",-1.20065945054642,-1.65783952644672,0.472191391809193,-2.58333465439273,-0.732344398500698,"var_mu_Texpi",0.457180075900296,0.457180075900296,TRUE
"13523-86-9","13523-86-9","pindolol",-3.70333480973847,-3.20342528552094,0.804812501734702,-4.78085778892096,-1.62599278212093,"var_mu_Texpi",-0.499909524217528,0.499909524217528,TRUE
"13655-52-2","13655-52-2","alprenolol",-2.78664164637561,-3.020595161456,0.76428719849167,-4.51859807049967,-1.52259225241233,"var_mu_Texpi",0.233953515080389,0.233953515080389,TRUE
"137-58-6","137-58-6","lidocaine",-2.40120949323688,-2.02648782214362,0.459334212542373,-2.92678287872668,-1.12619276556057,"var_mu_Texpi",-0.374721671093256,0.374721671093256,TRUE
"137-58-6","137-58-6","lidocaine",-2.52287874528034,-2.03132521235747,0.459960949643693,-2.93284867365911,-1.12980175105583,"var_mu_Texpi",-0.491553532922868,0.491553532922868,TRUE
"137-58-6","137-58-6","lidocaine",-2.52287874528034,-2.03132521235747,0.459960949643693,-2.93284867365911,-1.12980175105583,"var_mu_Texpi",-0.491553532922868,0.491553532922868,TRUE
"141-05-9","141-05-9","diethyl maleate",-1.66740097646667,-1.91785011951365,0.508240394169457,-2.91400129208579,-0.921698946941513,"var_mu_Texpi",0.25044914304698,0.25044914304698,TRUE
"141-05-9","141-05-9","diethyl maleate",-1.58608416024509,-1.91785011951365,0.508240394169457,-2.91400129208579,-0.921698946941513,"var_mu_Texpi",0.33176595926856,0.33176595926856,TRUE
"14199-15-6","14199-15-6","methyl 4-hydroxyphenylacetate",-1.69897000433602,-1.87236332836178,0.554399581666258,-2.95898650842765,-0.785740148295914,"var_mu_Texpi",0.173393324025759,0.173393324025759,TRUE
"143-08-8","143-08-8","n-nonanol",-1.22184874961636,-0.987051674832774,0.436910825910469,-1.84339689361729,-0.130706456048254,"var_mu_Texpi",-0.234797074783586,0.234797074783586,TRUE
"143-08-8","143-08-8","nonanol",-1.22184874961636,-1.18878589823142,0.364310926171628,-1.90283531352781,-0.474736482935026,"var_mu_Texpi",-0.0330628513849434,0.0330628513849434,TRUE
"14371-10-9","14371-10-9","trans-cinnamaldehyde",-1.55307871254876,-1.4583596563562,0.44942243650372,-2.33922763190349,-0.577491680808905,"var_mu_Texpi",-0.0947190561925642,0.0947190561925642,TRUE
"14371-10-9","14371-10-9","trans-cinnamaldehyde",-1.38433498624321,-1.4583596563562,0.44942243650372,-2.33922763190349,-0.577491680808905,"var_mu_Texpi",0.0740246701129859,0.0740246701129859,TRUE
"145-13-1","145-13-1","hydroxypregnenolone",-3.22184874961636,-3.33095576042185,0.673668982588652,-4.65134696629561,-2.01056455454809,"var_mu_Texpi",0.109107010805492,0.109107010805492,TRUE
"145-13-1","145-13-1","pregnenolone",-2.82390874094432,-2.96096957308056,0.606862182042557,-4.15041944988397,-1.77151969627715,"var_mu_Texpi",0.137060832136238,0.137060832136238,TRUE
"146-72-5","146-72-5","methylglucose",-3.68026950566978,-4.1143345401708,1.04189951182598,-6.15645758334971,-2.07221149699188,"var_mu_Texpi",0.434065034501016,0.434065034501016,TRUE
"1638-22-8","1638-22-8","p-n-butylphenol; 4-butylphenol",-1.11463877996849,-1.12244441621528,0.408094428112758,-1.92230949531629,-0.322579337114274,"var_mu_Texpi",0.00780563624678998,0.00780563624678998,TRUE
"16590-41-3","16590-41-3","naltrexone",-2.6664407795091,-2.9946547522283,0.75869752737328,-4.48170190587993,-1.50760759857667,"var_mu_Texpi",0.328213972719197,0.328213972719197,TRUE
"17194-82-0","17194-82-0","alfa-(4-hydroxyphenyl) acetamide",-3.34678748622466,-2.82624458314439,0.723246706022654,-4.24380812694879,-1.40868103933999,"var_mu_Texpi",-0.520542903080267,0.520542903080267,TRUE
"18979-50-5","18979-50-5","4-propoxyphenol",-1.82490330536304,-1.59092325667003,0.46362923013161,-2.49963654772799,-0.682209965612078,"var_mu_Texpi",-0.233980048693007,0.233980048693007,TRUE
"2152-44-5","2152-44-5","betamethasone-17-valerate",-2.88041422503822,-4.17205287687553,0.807800091286781,-5.75534105579763,-2.58876469795344,"var_mu_Texpi",1.29163865183731,1.29163865183731,TRUE
"2203-97-6","2203-97-6","hydrocortisone-21-hemisuccinate",-3.20065945054642,-3.87779034224046,0.97181379665678,-5.78254538368774,-1.97303530079317,"var_mu_Texpi",0.677130891694036,0.677130891694036,TRUE
"2493-02-9","2493-02-9","4-bromophenyl isocyanate",-1.84100559902551,-1.41066248488264,0.441163599859169,-2.27534314060661,-0.545981829158669,"var_mu_Texpi",-0.43034311414287,0.43034311414287,TRUE
"2493-02-9","2493-02-9","4-bromophenyl isocyanate",-1.75134980127003,-1.41066248488264,0.441163599859169,-2.27534314060661,-0.545981829158669,"var_mu_Texpi",-0.34068731638739,0.34068731638739,TRUE
"26839-75-8","26839-75-8","timolol",-3.57016261901271,-2.52097175784822,0.596961912516122,-3.69101710637982,-1.35092640931662,"var_mu_Texpi",-1.04919086116449,1.04919086116449,TRUE
"26839-75-8","26839-75-8","timolol",-3.53521248035406,-2.42656040723743,0.637261836811594,-3.67559360738816,-1.17752720708671,"var_mu_Texpi",-1.10865207311663,1.10865207311663,TRUE
"2871-01-4","2871-01-4","hc red no. 3; 2-(4-amino-2-nitroanilino)-ethanol",-1.67058885168866,-2.50678103531818,0.59650414055221,-3.67592915080051,-1.33763291983585,"var_mu_Texpi",0.836192183629518,0.836192183629518,TRUE
"2871-01-4","2871-01-4","hc red no. 3; 2-(4-amino-2-nitroanilino)-ethanol",-2.32271042397763,-2.50678103531818,0.59650414055221,-3.67592915080051,-1.33763291983585,"var_mu_Texpi",0.184070611340548,0.184070611340548,TRUE
"29122-68-7","29122-68-7","atenolol",-3.96657624451305,-3.50370002699537,0.87628112082453,-5.22121102381145,-1.78618903017929,"var_mu_Texpi",-0.462876217517681,0.462876217517681,TRUE
"31005-02-4","31005-02-4","7-ethoxycoumarin",-0.781780143112531,-2.1292062365562,0.525485076983186,-3.15915698744324,-1.09925548566915,"var_mu_Texpi",1.34742609344367,1.34742609344367,FALSE
"31005-02-4","31005-02-4","7-ethoxycoumarin",-0.919153916982604,-2.1292062365562,0.525485076983186,-3.15915698744324,-1.09925548566915,"var_mu_Texpi",1.21005231957359,1.21005231957359,FALSE
"333-41-5","333-41-5","diazinon",-2.06048074738138,-2.21376502831262,0.609787171605857,-3.4089478846601,-1.01858217196514,"var_mu_Texpi",0.153284280931238,0.153284280931238,TRUE
"3360-41-6","3360-41-6","4-phenylbutanol",-1.08092190762393,-1.46420020022501,0.49294194534567,-2.43036641310252,-0.498033987347497,"var_mu_Texpi",0.38327829260108,0.38327829260108,TRUE
"3593-96-2","3593-96-2","hydrocortisone-21-hexanoate; hydrocortisone caproate",-2,-3.61184875620503,0.883808553822088,-5.34411352169632,-1.87958399071374,"var_mu_Texpi",1.61184875620503,1.61184875620503,TRUE
"3930-20-9","3930-20-9","sotalol",-4.31984585826563,-3.37554509902687,0.764472793580068,-4.8739117744438,-1.87717842360994,"var_mu_Texpi",-0.94430075923876,0.94430075923876,TRUE
"3930-20-9","3930-20-9","sotalol",-3.88598470867013,-3.37554509902687,0.764472793580068,-4.8739117744438,-1.87717842360994,"var_mu_Texpi",-0.510439609643259,0.510439609643259,TRUE
"3930-20-9","3930-20-9","sotalol",-4.17986287404271,-3.37554509902687,0.764472793580068,-4.8739117744438,-1.87717842360994,"var_mu_Texpi",-0.80431777501584,0.80431777501584,TRUE
"42200-33-9","42200-33-9","nadolol",-4.10127481841051,-3.3968377387354,0.848294662312082,-5.05949527686708,-1.73418020060372,"var_mu_Texpi",-0.704437079675107,0.704437079675107,TRUE
"437-38-7","437-38-7","fentanyl base",-1.96286612872332,-2.12239591825466,0.59466258776271,-3.28793459026957,-0.956857246239747,"var_mu_Texpi",0.159529789531339,0.159529789531339,TRUE
"463-40-1","463-40-1","linolenic acid",-2.431798275933,-1.80297356154701,0.546584106928626,-2.87427841112712,-0.731668711966902,"var_mu_Texpi",-0.628824714385991,0.628824714385991,TRUE
"499-75-2","499-75-2","iso-thymol; carvacrol",-1.25336580106242,-1.21678646819273,0.41879366933716,-2.03762206009356,-0.395950876291894,"var_mu_Texpi",-0.0365793328696924,0.0365793328696924,TRUE
"50-2-2","50-2-2","dexamethasone",-4.19382002601611,-4.26466921886359,0.858607815189973,-5.94754053663594,-2.58179790109124,"var_mu_Texpi",0.0708491928474801,0.0708491928474801,TRUE
"50-22-6","50-22-6","corticosterone",-2.24178591486039,-3.19117198858603,0.805954713813424,-4.77084322766034,-1.61150074951172,"var_mu_Texpi",0.949386073725643,0.949386073725643,TRUE
"50-22-6","50-22-6","corticosterone",-2.35454840605954,-3.19117198858603,0.805954713813424,-4.77084322766034,-1.61150074951172,"var_mu_Texpi",0.836623582526492,0.836623582526492,TRUE
"50-22-6","50-22-6","corticosterone",-3.16494389827988,-3.22205533033463,0.813222940474579,-4.8159722936648,-1.62813836700445,"var_mu_Texpi",0.0571114320547479,0.0571114320547479,TRUE
"50-22-6","50-22-6","corticosterone",-4,-3.36861566063058,0.674840082102428,-4.69130222155134,-2.04592909970982,"var_mu_Texpi",-0.63138433936942,0.63138433936942,TRUE
"50-22-6","50-22-6","corticosterone",-3.33468369530231,-3.22336209057115,0.78304964627164,-4.75813939726357,-1.68858478387874,"var_mu_Texpi",-0.111321604731157,0.111321604731157,TRUE
"50-22-6","50-22-6","corticosterone",-3.52287874528034,-3.37021537852477,0.675153979592845,-4.69351717852675,-2.0469135785228,"var_mu_Texpi",-0.152663366755569,0.152663366755569,TRUE
"50-22-6","50-22-6","corticosterone",-3.52287874528034,-3.37365516515202,0.675829430943065,-4.69828084980043,-2.04902948050361,"var_mu_Texpi",-0.149223580128321,0.149223580128321,TRUE
"50-22-6","50-22-6","corticosterone",-4,-3.36593912315977,0.674315216828758,-4.68759694814414,-2.04428129817541,"var_mu_Texpi",-0.634060876840227,0.634060876840227,TRUE
"50-22-6","50-22-6","corticosterone",-3.26587485567249,-3.34359627276528,0.696029272519401,-4.70781364690331,-1.97937889862725,"var_mu_Texpi",0.0777214170927905,0.0777214170927905,TRUE
"50-22-6","50-22-6","corticosterone",-2.58587485567249,-3.16121940072161,0.830069516162474,-4.78815565240006,-1.53428314904316,"var_mu_Texpi",0.575344545049121,0.575344545049121,TRUE
"50-22-6","50-22-6","corticosterone",-4.22184874961636,-3.36050879261472,0.686230534106174,-4.70552063946282,-2.01549694576662,"var_mu_Texpi",-0.861339957001643,0.861339957001643,TRUE
"50-22-6","50-22-6","corticosterone",-4.67571754470231,-3.37639186839605,0.676367304455076,-4.702071785128,-2.0507119516641,"var_mu_Texpi",-1.29932567630626,1.29932567630626,TRUE
"50-22-6","50-22-6","corticosterone",-3.23418248469008,-3.21432745982532,0.811398102465119,-4.80466774065695,-1.62398717899369,"var_mu_Texpi",-0.0198550248647602,0.0198550248647602,TRUE
"50-23-7","50-23-7","hydrocortisone",-2.01894154396037,-3.66669638352184,0.792617625500316,-5.22022692950246,-2.11316583754122,"var_mu_Texpi",1.64775483956147,1.64775483956147,FALSE
"50-23-7","50-23-7","hydrocortisone",-2.68163603566894,-3.66669638352184,0.792617625500316,-5.22022692950246,-2.11316583754122,"var_mu_Texpi",0.985060347852902,0.985060347852902,TRUE
"50-23-7","50-23-7","hydrocortisone",-3.63827216398241,-3.51635110118192,0.85630387733445,-5.19470670075744,-1.8379955016064,"var_mu_Texpi",-0.121921062800491,0.121921062800491,TRUE
"50-23-7","50-23-7","hydrocortisone",-3.63870046691906,-3.61191812260149,0.837775080616569,-5.25395728060996,-1.96987896459301,"var_mu_Texpi",-0.0267823443175725,0.0267823443175725,TRUE
"50-23-7","50-23-7","hydrocortisone",-5.52287874528034,-3.77793523494267,0.709778250047011,-5.16910060503481,-2.38676986485053,"var_mu_Texpi",-1.74494351033767,1.74494351033767,FALSE
"50-23-7","50-23-7","hydrocortisone",-5.52724355068279,-3.79740171070188,0.697003855187802,-5.16352926686997,-2.43127415453379,"var_mu_Texpi",-1.72984183998091,1.72984183998091,FALSE
"50-24-8","50-24-8","prednisolone",-4.32790214206428,-3.91856785868796,0.778520873579746,-5.44446877090426,-2.39266694647166,"var_mu_Texpi",-0.40933428337632,0.40933428337632,TRUE
"50-27-1","50-27-1","estriol",-4.39794000867204,-3.62561557251507,0.726305153726961,-5.04917367381991,-2.20205747121022,"var_mu_Texpi",-0.772324436156972,0.772324436156972,TRUE
"50-28-2","50-28-2","beta-estradiol",-2.38721614328026,-2.76812534180344,0.578781832884442,-3.90253773425694,-1.63371294934993,"var_mu_Texpi",0.380909198523177,0.380909198523177,TRUE
"50-28-2","50-28-2","beta-estradiol",-2.01233373507373,-2.51570398402676,0.640033089235944,-3.77016883892921,-1.26123912912431,"var_mu_Texpi",0.503370248953034,0.503370248953034,TRUE
"50-28-2","50-28-2","beta-estradiol",-3.52287874528034,-2.75071220885546,0.584245419617535,-3.89583323130583,-1.60559118640509,"var_mu_Texpi",-0.772166536424878,0.772166536424878,TRUE
"50-28-2","50-28-2","beta-estradiol",-2.28149831113273,-2.61716249665379,0.613123476280028,-3.81888451016265,-1.41544048314494,"var_mu_Texpi",0.335664185521061,0.335664185521061,TRUE
"50-28-2","50-28-2","estradiol",-1.98581560249872,-2.61716249665379,0.613123476280028,-3.81888451016265,-1.41544048314494,"var_mu_Texpi",0.631346894155071,0.631346894155071,TRUE
"50-28-2","50-28-2","estradiol",-4.69680394257951,-2.5589380182816,0.647816644217223,-3.82865864094735,-1.28921739561584,"var_mu_Texpi",-2.13786592429791,2.13786592429791,FALSE
"50-28-2","50-28-2","estradiol",-2.36451625318509,-2.5589380182816,0.647816644217223,-3.82865864094735,-1.28921739561584,"var_mu_Texpi",0.194421765096508,0.194421765096508,TRUE
"50-28-2","50-28-2","estradiol",-2.38090666937326,-2.76812534180344,0.578781832884442,-3.90253773425694,-1.63371294934993,"var_mu_Texpi",0.387218672430178,0.387218672430178,TRUE
"50-28-2","50-28-2","estradiol",-2.21324857785444,-2.51557636794944,0.640010253111708,-3.76999646404838,-1.26115627185049,"var_mu_Texpi",0.302327790094997,0.302327790094997,TRUE
"50-28-2","50-28-2","estradiol",-2.49485002168009,-2.76825481488347,0.578802784839674,-3.90270827316923,-1.63380135659771,"var_mu_Texpi",0.273404793203383,0.273404793203383,TRUE
"50-28-2","50-28-2","estradiol",-2.52287874528034,-2.76812534180344,0.578781832884442,-3.90253773425694,-1.63371294934993,"var_mu_Texpi",0.245246596523097,0.245246596523097,TRUE
"50-28-2","50-28-2","estradiol",-2.52287874528034,-2.76566735130578,0.578384212908031,-3.89930040860552,-1.63203429400604,"var_mu_Texpi",0.24278860602544,0.24278860602544,TRUE
"50-28-2","50-28-2","estradiol",-2.52287874528034,-2.76566735130578,0.578384212908031,-3.89930040860552,-1.63203429400604,"var_mu_Texpi",0.24278860602544,0.24278860602544,TRUE
"50-28-2","50-28-2","estradiol",-2.08008551934057,-2.5589380182816,0.647816644217223,-3.82865864094735,-1.28921739561584,"var_mu_Texpi",0.478852498941027,0.478852498941027,TRUE
"50-28-2","50-28-2","estradiol",-2.34969247686806,-2.61716249665379,0.613123476280028,-3.81888451016265,-1.41544048314494,"var_mu_Texpi",0.267470019785731,0.267470019785731,TRUE
"50-28-2","50-28-2","estradiol",-2.51173374958299,-2.61716249665379,0.613123476280028,-3.81888451016265,-1.41544048314494,"var_mu_Texpi",0.105428747070801,0.105428747070801,TRUE
"51-21-8","51-21-8","5-fluorouracil",-4.52574969288748,-3.64878336664267,0.824829785211829,-5.26544974565785,-2.03211698762748,"var_mu_Texpi",-0.876966326244813,0.876966326244813,TRUE
"51-21-8","51-21-8","5-fluorouracil",-4.72894468964132,-3.65737080761775,0.826818100739086,-5.27793428506636,-2.03680733016915,"var_mu_Texpi",-1.07157388202357,1.07157388202357,TRUE
"51-21-8","51-21-8","5-fluorouracil",-4.47108329972234,-3.64878336664267,0.824829785211829,-5.26544974565785,-2.03211698762748,"var_mu_Texpi",-0.822299933079674,0.822299933079674,TRUE
"51-21-8","51-21-8","5-fluorouracil (+ - + -)",-4.46597389394386,-3.65737080761775,0.826818100739086,-5.27793428506636,-2.03680733016915,"var_mu_Texpi",-0.808603086326106,0.808603086326106,TRUE
"512-69-6","512-69-6","raffinose",-4.85472588171206,-4.87930947059128,1.31992423236865,-7.46636096603384,-2.29225797514872,"var_mu_Texpi",0.024583588879219,0.024583588879219,TRUE
"512-69-6","512-69-6","raffinose",-4.29756946355447,-5.05111273213749,1.38731069596537,-7.77024169622963,-2.33198376804536,"var_mu_Texpi",0.753543268583023,0.753543268583023,TRUE
"513-85-9","513-85-9","2,3-butanediol",-4.30102999566398,-3.05894474618637,0.667390240749946,-4.36702961805627,-1.75085987431648,"var_mu_Texpi",-1.24208524947761,1.24208524947761,TRUE
"51384-51-1","51384-51-1","metoprolol",-3.52461940685664,-3.03648498627167,0.767418472718014,-4.54062519279897,-1.53234477974436,"var_mu_Texpi",-0.488134420584974,0.488134420584974,TRUE
"52-39-1","52-39-1","aldosterone",-4.23657200643706,-3.64339901450079,0.73248051690054,-5.07906082762585,-2.20773720137573,"var_mu_Texpi",-0.593172991936274,0.593172991936274,TRUE
"52-39-1","52-39-1","aldosterone",-4.74835790885864,-3.50744934019851,0.840928747261798,-5.15566968483163,-1.85922899556538,"var_mu_Texpi",-1.24090856866013,1.24090856866013,TRUE
"52-39-1","52-39-1","aldosterone",-4.30102999566398,-3.73119070177946,0.751152605495402,-5.20344980855045,-2.25893159500847,"var_mu_Texpi",-0.569839293884522,0.569839293884522,TRUE
"52-39-1","52-39-1","aldosterone",-4.52287874528034,-3.69564235805838,0.743535288274886,-5.15297152307716,-2.2383131930396,"var_mu_Texpi",-0.82723638722196,0.82723638722196,TRUE
"52-39-1","52-39-1","aldosterone",-4.52287874528034,-3.52246972862134,0.707518137435798,-4.9092052779955,-2.13573417924718,"var_mu_Texpi",-1.000409016659,1.000409016659,TRUE
"52-39-1","52-39-1","aldosterone",-4.01233373507373,-3.31913308153107,0.825444466325607,-4.93700423552926,-1.70126192753288,"var_mu_Texpi",-0.69320065354266,0.69320065354266,TRUE
"53-06-5","53-06-5","cortisone",-3.82390874094432,-3.6750266955619,0.918012315620807,-5.47433083417868,-1.87572255694512,"var_mu_Texpi",-0.148882045382421,0.148882045382421,TRUE
"53-06-5","53-06-5","cortisone",-5,-3.8508345269368,0.772554712346479,-5.3650417631359,-2.3366272907377,"var_mu_Texpi",-1.1491654730632,1.1491654730632,TRUE
"53-16-7","53-16-7","estrone",-2.44369749923271,-3.12444295812858,0.628333768501463,-4.35597714439145,-1.89290877186571,"var_mu_Texpi",0.680745458895871,0.680745458895871,TRUE
"53-96-3","53-96-3","2-(acetylamino)fluorene",-1.16052197602182,-2.57713976528001,0.598242772492476,-3.74969559936526,-1.40458393119475,"var_mu_Texpi",1.41661778925819,1.41661778925819,FALSE
"53-96-3","53-96-3","2-(acetylamino)fluorene",-1.10756666442663,-2.57713976528001,0.598242772492476,-3.74969559936526,-1.40458393119475,"var_mu_Texpi",1.46957310085338,1.46957310085338,FALSE
"533-73-3","533-73-3","1,2,4-benzenetriol",-3.9,-2.76413383581451,0.705638338406044,-4.14718497909036,-1.38108269253866,"var_mu_Texpi",-1.13586616418549,1.13586616418549,TRUE
"53535-33-4","53535-33-4","heptanol",-1.42481215507234,-1.34132383552982,0.420760690084375,-2.16601478809519,-0.516632882964442,"var_mu_Texpi",-0.0834883195425222,0.0834883195425222,TRUE
"53535-33-4","53535-33-4","heptanol",-1.49485002168009,-1.42700188844177,0.390828087500792,-2.19302493994333,-0.660978836940221,"var_mu_Texpi",-0.0678481332383158,0.0678481332383158,TRUE
"53535-33-4","53535-33-4","n-heptanol",-1.49485002168009,-1.2072510797261,0.464771178945984,-2.11820259046022,-0.296299568991968,"var_mu_Texpi",-0.287598941953993,0.287598941953993,TRUE
"554-84-7","554-84-7","m-nitrophenol; 3-nitrophenol",-2.24848294855394,-2.00409086207592,0.454287367018648,-2.89449410143247,-1.11368762271937,"var_mu_Texpi",-0.244392086478022,0.244392086478022,TRUE
"56-81-5","56-81-5","glycerol",-4.56863623584101,-3.55319771938679,0.885816537605114,-5.28939813309282,-1.81699730568077,"var_mu_Texpi",-1.01543851645422,1.01543851645422,TRUE
"56-81-5","56-81-5","glycerol",-3.00594693641232,-3.59591138554192,0.89648463243098,-5.35302126510664,-1.8388015059772,"var_mu_Texpi",0.5899644491296,0.5899644491296,TRUE
"56030-54-7","56030-54-7","sufentanil base",-1.81815641205523,-2.69291083739557,0.692944858354065,-4.05108275976954,-1.3347389150216,"var_mu_Texpi",0.874754425340338,0.874754425340338,TRUE
"57-13-6","57-13-6","urea",-3.82973828460504,-3.56988321637794,0.925814793211917,-5.3844802110733,-1.75528622168258,"var_mu_Texpi",-0.2598550682271,0.2598550682271,TRUE
"57-13-6","57-13-6","urea",-3.95233580539844,-3.4918848610966,0.90466134457118,-5.26502109645611,-1.71874862573709,"var_mu_Texpi",-0.46045094430184,0.46045094430184,TRUE
"57-13-6","57-13-6","urea",-3.92564441915299,-3.58642281866582,0.930363572838104,-5.40993542142851,-1.76291021590314,"var_mu_Texpi",-0.339221600487166,0.339221600487166,TRUE
"57-13-6","57-13-6","urea",-3.69494112531286,-3.67082188040249,0.760911612448247,-5.16220864080105,-2.17943512000392,"var_mu_Texpi",-0.0241192449103749,0.0241192449103749,TRUE
"57-13-6","57-13-6","urea",-3.55495653854982,-3.5535897122344,0.963969445840402,-5.44296982608159,-1.66420959838721,"var_mu_Texpi",-0.00136682631542007,0.00136682631542007,TRUE
"57-13-6","57-13-6","urea",-3.5970511706556,-3.58642281866582,0.930363572838104,-5.40993542142851,-1.76291021590314,"var_mu_Texpi",-0.0106283519897761,0.0106283519897761,TRUE
"57-13-6","57-13-6","urea",-3.55720677406023,-3.58642281866582,0.930363572838104,-5.40993542142851,-1.76291021590314,"var_mu_Texpi",0.0292160446055938,0.0292160446055938,TRUE
"57-50-1","57-50-1","sucrose",-5.0268721464003,-5.58962003253935,1.68231879157741,-8.88696486403108,-2.29227520104763,"var_mu_Texpi",0.562747886139054,0.562747886139054,TRUE
"57-50-1","57-50-1","sucrose",-5.2839966563652,-5.7175569757226,1.3743580332385,-8.41129872087006,-3.02381523057515,"var_mu_Texpi",0.433560319357404,0.433560319357404,TRUE
"57-50-1","57-50-1","sucrose",-4.76200316671127,-5.58962003253935,1.68231879157741,-8.88696486403108,-2.29227520104763,"var_mu_Texpi",0.827616865828085,0.827616865828085,TRUE
"57-50-1","57-50-1","sucrose",-4.26905630657226,-5.58962003253935,1.68231879157741,-8.88696486403108,-2.29227520104763,"var_mu_Texpi",1.32056372596709,1.32056372596709,TRUE
"57-50-1","57-50-1","sucrose",-4.36451625318509,-5.58962003253935,1.68231879157741,-8.88696486403108,-2.29227520104763,"var_mu_Texpi",1.22510377935426,1.22510377935426,TRUE
"57-50-1","57-50-1","sucrose",-3.13406733180681,-5.58962003253935,1.68231879157741,-8.88696486403108,-2.29227520104763,"var_mu_Texpi",2.45555270073254,2.45555270073254,TRUE
"57-83-0","57-83-0","progesterone",-1.52287874528034,-2.53687302544063,0.663427624133586,-3.83719116874246,-1.2365548821388,"var_mu_Texpi",1.01399428016029,1.01399428016029,TRUE
"57-83-0","57-83-0","progesterone",-1.70344032687277,-2.46471154265966,0.623188225811217,-3.68616046524964,-1.24326262006967,"var_mu_Texpi",0.761271215786889,0.761271215786889,TRUE
"57-83-0","57-83-0","progesterone",-1.88605664769316,-2.665020401314,0.533316618117757,-3.71032097282481,-1.6197198298032,"var_mu_Texpi",0.778963753620843,0.778963753620843,TRUE
"57-83-0","57-83-0","progesterone",-1.69897000433602,-2.7414047795986,0.544846583880743,-3.80930408400485,-1.67350547519234,"var_mu_Texpi",1.04243477526258,1.04243477526258,TRUE
"57-83-0","57-83-0","progesterone",-2.82390874094432,-2.64805985949644,0.542153060546622,-3.71067985816782,-1.58543986082506,"var_mu_Texpi",-0.175848881447882,0.175848881447882,TRUE
"58-08-2","58-08-2","caffeine",-3.80687540164554,-3.39049718313053,0.833700554453834,-5.02455026986004,-1.75644409640101,"var_mu_Texpi",-0.416378218515014,0.416378218515014,TRUE
"58-08-2","58-08-2","caffeine",-4.58586563707645,-3.53247939541754,0.753004717444325,-5.00836864160842,-2.05659014922667,"var_mu_Texpi",-1.05338624165891,1.05338624165891,TRUE
"58-08-2","58-08-2","caffeine",-1.60220380347052,-3.4992150498712,0.776763503542082,-5.02167151681368,-1.97675858292872,"var_mu_Texpi",1.89701124640068,1.89701124640068,FALSE
"58-08-2","58-08-2","caffeine",-2.60631808276205,-3.4992150498712,0.776763503542082,-5.02167151681368,-1.97675858292872,"var_mu_Texpi",0.892896967109149,0.892896967109149,TRUE
"58-08-2","58-08-2","caffeine",-4.15490195998574,-3.53330755546359,0.783969978023685,-5.06988871239001,-1.99672639853716,"var_mu_Texpi",-0.621594404522155,0.621594404522155,TRUE
"58-08-2","58-08-2","caffeine",-3.69897000433602,-3.49229461997121,0.775308770981344,-5.01189981109464,-1.97268942884777,"var_mu_Texpi",-0.206675384364811,0.206675384364811,TRUE
"58-22-0","58-22-0","testosterone",-2.0571655062299,-2.55564440622234,0.583809422623198,-3.69991087456381,-1.41137793788087,"var_mu_Texpi",0.498478899992442,0.498478899992442,TRUE
"58-22-0","58-22-0","testosterone",-2.04694894237348,-2.47578516214164,0.648651356318749,-3.74714182052639,-1.20442850375689,"var_mu_Texpi",0.428836219768161,0.428836219768161,TRUE
"58-22-0","58-22-0","testosterone",-1.64633962279966,-2.57295714038257,0.608470721335975,-3.76555975420108,-1.38035452656406,"var_mu_Texpi",0.926617517582911,0.926617517582911,TRUE
"58-22-0","58-22-0","testosterone",-1.41570671752568,-2.53063706988374,0.60127380252869,-3.70913372283997,-1.3521404169275,"var_mu_Texpi",1.11493035235806,1.11493035235806,TRUE
"58-22-0","58-22-0","testosterone",-2.27083521030723,-2.69972107672784,0.554915242430205,-3.78735495189104,-1.61208720156464,"var_mu_Texpi",0.428885866420608,0.428885866420608,TRUE
"58-22-0","58-22-0","testosterone",-2.38875983135141,-2.47702051906444,0.625615530060251,-3.70322695798253,-1.25081408014635,"var_mu_Texpi",0.0882606877130274,0.0882606877130274,TRUE
"58-22-0","58-22-0","testosterone",-2.65757731917779,-2.65306928256076,0.547684354451958,-3.7265306172866,-1.57960794783492,"var_mu_Texpi",-0.00450803661703159,0.00450803661703159,TRUE
"58-22-0","58-22-0","testosterone",-2.65757731917779,-2.6469185860106,0.546738071848086,-3.71852520683285,-1.57531196518835,"var_mu_Texpi",-0.0106587331671899,0.0106587331671899,TRUE
"58-22-0","58-22-0","testosterone",-2.65757731917779,-2.6469185860106,0.546738071848086,-3.71852520683285,-1.57531196518835,"var_mu_Texpi",-0.0106587331671899,0.0106587331671899,TRUE
"58-22-0","58-22-0","testosterone",-3.39794000867204,-2.63470882512582,0.554901367017845,-3.72231550448079,-1.54710214577084,"var_mu_Texpi",-0.763231183546222,0.763231183546222,TRUE
"58-22-0","58-22-0","testosterone",-3.06752623532285,-2.65306928256076,0.547684354451958,-3.7265306172866,-1.57960794783492,"var_mu_Texpi",-0.414456952762092,0.414456952762092,TRUE
"58-22-0","58-22-0","testosterone",-2.13194363817696,-2.47311974220263,0.648165446214362,-3.74352401678278,-1.20271546762248,"var_mu_Texpi",0.341176104025666,0.341176104025666,TRUE
"58-54-8","58-54-8","ethacrynic acid",-3.82390874094432,-2.55228734591882,0.662554827509401,-3.85089480783724,-1.25367988400039,"var_mu_Texpi",-1.2716213950255,1.2716213950255,TRUE
"59-05-2","59-05-2","methotrexate",-3.40160112979023,-4.94033745715773,0.992426183083809,-6.88549277600199,-2.99518213831346,"var_mu_Texpi",1.5387363273675,1.5387363273675,TRUE
"59-50-7","59-50-7","chlorocresol",-1.26406804435028,-1.53863526425735,0.399341392212481,-2.32134439299381,-0.755926135520882,"var_mu_Texpi",0.274567219907065,0.274567219907065,TRUE
"59-50-7","59-50-7","chlorocresol",-1.65255620893436,-1.47607139186066,0.45064717870308,-2.35933986211869,-0.592802921602623,"var_mu_Texpi",-0.176484817073701,0.176484817073701,TRUE
"60-12-8","60-12-8","2-phenylethanol",-1.25963731050576,-1.79748347542018,0.539170911414014,-2.85425846179164,-0.74070848904871,"var_mu_Texpi",0.537846164914417,0.537846164914417,TRUE
"60-12-8","60-12-8","2-phenylethanol",-2.11527250510331,-1.95931538218527,0.449310169322688,-2.83996331405774,-1.0786674503128,"var_mu_Texpi",-0.155957122918042,0.155957122918042,TRUE
"610-81-1","610-81-1","4-amino-3-nitrophenol",-2.1297393876227,-2.32908632039761,0.569938786837716,-3.44616634259954,-1.21200629819569,"var_mu_Texpi",0.199346932774914,0.199346932774914,TRUE
"610-81-1","610-81-1","4-amino-3-nitrophenol",-2.26671923730847,-2.32908632039761,0.569938786837716,-3.44616634259954,-1.21200629819569,"var_mu_Texpi",0.0623670830891436,0.0623670830891436,TRUE
"614-18-6","614-18-6","nicotinate, ethyl",-3.10790539730952,-1.90188623535467,0.542142637293703,-2.96448580445033,-0.839286666259017,"var_mu_Texpi",-1.20601916195485,1.20601916195485,FALSE
"614-18-6","614-18-6","nicotinate, ethyl",-3.08618614761628,-1.93045001033792,0.546605832218209,-3.00179744148562,-0.859102579190234,"var_mu_Texpi",-1.15573613727836,1.15573613727836,FALSE
"623-05-2","623-05-2","4-hydroxybenzyl alcohol",-2.69897000433602,-2.26551084036062,0.618357713357879,-3.47749195854206,-1.05352972217918,"var_mu_Texpi",-0.433459163975402,0.433459163975402,TRUE
"63-36-5","63-36-5","salicylate",-3.96686900819185,-2.69729571806993,0.627767588056495,-3.92772019066066,-1.4668712454792,"var_mu_Texpi",-1.26957329012192,1.26957329012192,FALSE
"64-17-5","64-17-5","ethanol",-2.72124639904717,-3.09695025604933,0.752558849045516,-4.57196560017854,-1.62193491192012,"var_mu_Texpi",0.375703857002164,0.375703857002164,TRUE
"64-17-5","64-17-5","ethanol",-3.09691001300806,-3.06460738584386,0.776298127718985,-4.58615171617308,-1.54306305551465,"var_mu_Texpi",-0.0323026271641949,0.0323026271641949,TRUE
"64-17-5","64-17-5","ethanol",-3.09691001300806,-3.26171370666799,0.644875660270273,-4.52567000079773,-1.99775741253826,"var_mu_Texpi",0.164803693659931,0.164803693659931,TRUE
"64-19-7","64-19-7","acetic acid",-2.77786589964853,-2.7777639059889,0.714282637926205,-4.17775787632426,-1.37776993565353,"var_mu_Texpi",-0.000101993659634925,0.000101993659634925,TRUE
"64-85-7","64-85-7","cortexone",-3.34678748622466,-2.7669073790193,0.571809269601101,-3.88765354743746,-1.64616121060115,"var_mu_Texpi",-0.579880107205355,0.579880107205355,TRUE
"65-85-0","65-85-0","benzoic acid",-2.11918640771921,-1.87796072102728,0.557939499457277,-2.97152213996354,-0.78439930209102,"var_mu_Texpi",-0.241225686691928,0.241225686691928,TRUE
"65-85-0","65-85-0","benzoic acid",-1.50863830616573,-1.81907747760754,0.526960421674351,-2.85191990408927,-0.78623505112581,"var_mu_Texpi",0.310439171441809,0.310439171441809,TRUE
"65-85-0","65-85-0","benzoic acid",-1.50863830616573,-1.81907747760754,0.526960421674351,-2.85191990408927,-0.78623505112581,"var_mu_Texpi",0.310439171441809,0.310439171441809,TRUE
"66-27-3","66-27-3","methyl methanesulfonate",-1.91205408690953,-2.68311528303725,0.626032135164855,-3.91013826796036,-1.45609229811413,"var_mu_Texpi",0.771061196127717,0.771061196127717,TRUE
"66-27-3","66-27-3","methyl methanesulfonate",-2.06776764179179,-2.68311528303725,0.626032135164855,-3.91013826796036,-1.45609229811413,"var_mu_Texpi",0.615347641245457,0.615347641245457,TRUE
"6677-98-1","6677-98-1","hydrocortisone-21-propionate",-2.46852108295775,-3.76842462862595,0.931185225758682,-5.59354767111297,-1.94330158613893,"var_mu_Texpi",1.2999035456682,1.2999035456682,TRUE
"67-56-1","67-56-1","methanol",-3.30102999566398,-3.21240060567448,0.808009260553811,-4.79609875635995,-1.62870245498901,"var_mu_Texpi",-0.0886293899894963,0.0886293899894963,TRUE
"67-56-1","67-56-1","methanol",-3.30102999566398,-3.39747981895709,0.671366076467104,-4.71335732883261,-2.08160230908156,"var_mu_Texpi",0.0964498232931073,0.0964498232931073,TRUE
"67-56-1","67-56-1","methanol",-2.79588001734407,-3.31376786189431,0.723885439036223,-4.73258332240531,-1.89495240138332,"var_mu_Texpi",0.517887844550243,0.517887844550243,TRUE
"68-96-2","68-96-2","17-alfa-hydroxyprogesterone",-3.22184874961636,-3.66603681985784,0.735316638456598,-5.10725743123277,-2.22481620848291,"var_mu_Texpi",0.444188070241482,0.444188070241482,TRUE
"69-29-7","69-29-7","ethyl ether",-1.79588001734408,-2.32940581258609,0.545697200826116,-3.39897232620528,-1.25983929896691,"var_mu_Texpi",0.533525795242014,0.533525795242014,TRUE
"69-65-8","69-65-8","mannitol",-4.72681868815271,-4.14500708504288,0.997252513505636,-6.09962201151393,-2.19039215857184,"var_mu_Texpi",-0.581811603109827,0.581811603109827,TRUE
"69-65-8","69-65-8","mannitol",-4,-4.57821223245541,1.09154074077672,-6.71763208437778,-2.43879238053303,"var_mu_Texpi",0.578212232455408,0.578212232455408,TRUE
"69-65-8","69-65-8","mannitol",-4.68257958814785,-4.05931345631481,1.08157615775596,-6.1792027255165,-1.93942418711312,"var_mu_Texpi",-0.62326613183304,0.62326613183304,TRUE
"69-65-8","69-65-8","mannitol",-4.45692576496647,-4.06001000033354,1.08180810589576,-6.18035388788923,-1.93966611277786,"var_mu_Texpi",-0.396915764632928,0.396915764632928,TRUE
"69-65-8","69-65-8","mannitol",-4.77257756999574,-4.56096796310704,1.10936952705541,-6.73533223613565,-2.38660369007844,"var_mu_Texpi",-0.211609606888696,0.211609606888696,TRUE
"69-65-8","69-65-8","mannitol",-4.43830246734601,-4.06001000033354,1.08180810589576,-6.18035388788923,-1.93966611277786,"var_mu_Texpi",-0.378292467012468,0.378292467012468,TRUE
"69-65-8","69-65-8","mannitol",-4.18810341360238,-4.60565413286448,1.03200897010918,-6.62839171427847,-2.5829165514505,"var_mu_Texpi",0.417550719262102,0.417550719262102,TRUE
"69-65-8","69-65-8","mannitol",-4.00436480540245,-4.48249706873528,1.28623181359795,-7.00351142338726,-1.9614827140833,"var_mu_Texpi",0.47813226333283,0.47813226333283,TRUE
"69-65-8","69-65-8","mannitol",-3.97265039222524,-4.62821353698295,0.99544212092882,-6.57928009400344,-2.67714697996247,"var_mu_Texpi",0.655563144757714,0.655563144757714,TRUE
"69-65-8","69-65-8","mannitol",-3.1536628878702,-4.05931345631481,1.08157615775596,-6.1792027255165,-1.93942418711312,"var_mu_Texpi",0.90565056844461,0.90565056844461,TRUE
"69-72-7","69-72-7","salicylic acid",-3.03151705144606,-1.91024049957041,0.550293507965414,-2.98881577518262,-0.831665223958201,"var_mu_Texpi",-1.12127655187565,1.12127655187565,FALSE
"69-72-7","69-72-7","salicylic acid",-1.34678748622466,-1.93684077430903,0.554467372137225,-3.02359682369799,-0.85008472492007,"var_mu_Texpi",0.590053288084372,0.590053288084372,TRUE
"71-23-8","71-23-8","n-propanol",-2.92081875395238,-2.9546163743497,0.751626136749636,-4.42780360237899,-1.48142914632042,"var_mu_Texpi",0.0337976203973218,0.0337976203973218,TRUE
"71-23-8","71-23-8","propanol",-2.76955107862173,-3.06971913575126,0.67532629324262,-4.39335867050679,-1.74607960099572,"var_mu_Texpi",0.300168057129528,0.300168057129528,TRUE
"71-23-8","71-23-8","propanol",-2.92081875395238,-3.15374234796155,0.625936541506326,-4.38057796931395,-1.92690672660915,"var_mu_Texpi",0.23292359400917,0.23292359400917,TRUE
"71-36-3","71-36-3","butanol",-2.52287874528034,-2.12923744776099,0.521286342236074,-3.15095867854369,-1.10751621697828,"var_mu_Texpi",-0.393641297519352,0.393641297519352,TRUE
"71-36-3","71-36-3","butanol",-2.10237290870956,-2.05193686061931,0.559671526113039,-3.14889305180087,-0.954980669437756,"var_mu_Texpi",-0.0504360480902473,0.0504360480902473,TRUE
"71-36-3","71-36-3","butanol",-2.65757731917779,-2.20782429322204,0.48570745422277,-3.15981090349867,-1.25583768294541,"var_mu_Texpi",-0.449753025955747,0.449753025955747,TRUE
"71-36-3","71-36-3","butanol",-2.65757731917779,-2.20789304688367,0.485716737472328,-3.15989785232943,-1.2558882414379,"var_mu_Texpi",-0.449684272294122,0.449684272294122,TRUE
"71-36-3","71-36-3","butanol",-2.60205999132796,-2.20782429322204,0.48570745422277,-3.15981090349867,-1.25583768294541,"var_mu_Texpi",-0.394235698105917,0.394235698105917,TRUE
"71-36-3","71-36-3","n-butanol",-2.60205999132796,-2.02143618430148,0.575872859791843,-3.1501469894935,-0.892725379109472,"var_mu_Texpi",-0.580623807026476,0.580623807026476,TRUE
"71-41-0","71-41-0","n-pentanol",-2.22184874961636,-1.75634697169651,0.535393896308329,-2.80571900846083,-0.706974934932184,"var_mu_Texpi",-0.46550177791985,0.46550177791985,TRUE
"71-41-0","71-41-0","pentanol",-2.22184874961636,-1.95692795890526,0.448313163690612,-2.83562175973886,-1.07823415807166,"var_mu_Texpi",-0.264920790711101,0.264920790711101,TRUE
"71-43-0","71-43-0","benzene",-0.954285941059132,-1.26999523605388,0.412500037121761,-2.07849530881253,-0.46149516329523,"var_mu_Texpi",0.31570929499475,0.31570929499475,TRUE
"71-43-0","71-43-0","benzene",-0.795880017344075,-1.37643195176798,0.375094606300086,-2.11161738011615,-0.641246523419815,"var_mu_Texpi",0.580551934423909,0.580551934423909,TRUE
"71-91-0","71-91-0","tetraethylammonium",-3.25387553642834,-5.16583257704133,1.02908580330071,-7.18284075151073,-3.14882440257194,"var_mu_Texpi",1.911957040613,1.911957040613,TRUE
"71-91-0","71-91-0","tetraethylammonium bromide (+)",-3.36815053784018,-5.07340745443172,1.29122716165015,-7.60421269126601,-2.54260221759743,"var_mu_Texpi",1.70525691659154,1.70525691659154,TRUE
"76-25-5","76-25-5","triamcinolone acetonide",-3.40230481407449,-4.71177067818063,1.23153987493973,-7.12558883306249,-2.29795252329877,"var_mu_Texpi",1.30946586410614,1.30946586410614,TRUE
"76-25-5","76-25-5","triamcinolone acetonide",-4.70663744528855,-4.92336299745156,1.03336251551016,-6.94875352785147,-2.89797246705166,"var_mu_Texpi",0.216725552163015,0.216725552163015,TRUE
"76180-96-6","76180-96-6","3-methyl-3h-imidazo[4,5-f]quinolin-2-amine",-2.07218350508968,-3.49368548478735,0.777864561563636,-5.01830002545208,-1.96907094412262,"var_mu_Texpi",1.42150197969767,1.42150197969767,TRUE
"76180-96-6","76180-96-6","3-methyl-3h-imidazo[4,5-f]quinolin-2-amine",-2.43056359552234,-3.49368548478735,0.777864561563636,-5.01830002545208,-1.96907094412262,"var_mu_Texpi",1.06312188926501,1.06312188926501,TRUE
"7732-18-5","7732-18-5","water",-2.80687540164554,-3.60697940957077,0.803148064294312,-5.18114961558762,-2.03280920355392,"var_mu_Texpi",0.800104007925232,0.800104007925232,TRUE
"7732-18-5","7732-18-5","water",-2.98540960554622,-3.60697940957077,0.803148064294312,-5.18114961558762,-2.03280920355392,"var_mu_Texpi",0.621569804024552,0.621569804024552,TRUE
"7732-18-5","7732-18-5","water",-2.80966830182971,-3.57480504738443,0.825587389175098,-5.19295633016763,-1.95665376460124,"var_mu_Texpi",0.765136745554723,0.765136745554723,TRUE
"7732-18-5","7732-18-5","water",-3.14997431819434,-3.5748231604223,0.825591799115638,-5.19298308668895,-1.95666323415565,"var_mu_Texpi",0.424848842227958,0.424848842227958,TRUE
"7732-18-5","7732-18-5","water",-3.07058107428571,-3.60697940957077,0.803148064294312,-5.18114961558762,-2.03280920355392,"var_mu_Texpi",0.536398335285062,0.536398335285062,TRUE
"7732-18-5","7732-18-5","water",-3.24233473501217,-3.57480504738443,0.825587389175098,-5.19295633016763,-1.95665376460124,"var_mu_Texpi",0.332470312372263,0.332470312372263,TRUE
"7732-18-5","7732-18-5","water",-3.45621525646938,-3.57480504738443,0.825587389175098,-5.19295633016763,-1.95665376460124,"var_mu_Texpi",0.118589790915053,0.118589790915053,TRUE
"7732-18-5","7732-18-5","water",-3.27134965805094,-3.57480504738443,0.825587389175098,-5.19295633016763,-1.95665376460124,"var_mu_Texpi",0.303455389333493,0.303455389333493,TRUE
"7732-18-5","7732-18-5","water",-3.15476521541715,-3.59086576925045,0.814284081829659,-5.18686256963659,-1.99486896886432,"var_mu_Texpi",0.436100553833304,0.436100553833304,TRUE
"7732-18-5","7732-18-5","water",-3.52287874528034,-3.6883537564389,0.749889414827247,-5.15813700950031,-2.2185705033775,"var_mu_Texpi",0.165475011158565,0.165475011158565,TRUE
"7732-18-5","7732-18-5","water",-3.5,-3.6883537564389,0.749889414827247,-5.15813700950031,-2.2185705033775,"var_mu_Texpi",0.188353756438905,0.188353756438905,TRUE
"78-93-3","78-93-3","2-butanone",-2.34678748622466,-2.5488081590381,0.581472118254121,-3.68849351081617,-1.40912280726002,"var_mu_Texpi",0.202020672813435,0.202020672813435,TRUE
"84-66-2","84-66-2","diethyl phthalate",-1.70509308939481,-1.71316351448286,0.531087741189332,-2.75409548721395,-0.672231541751768,"var_mu_Texpi",0.0080704250880479,0.0080704250880479,TRUE
"87-66-1","87-66-1","pyrogallol",-2.81,-2.70822984951682,0.70059464794137,-4.0813953594819,-1.33506433955173,"var_mu_Texpi",-0.10177015048318,0.10177015048318,TRUE
"88-04-0","88-04-0","chloroxylenol",-1.22875360095283,-1.60407995342263,0.404528485435027,-2.39695578487528,-0.811204121969981,"var_mu_Texpi",0.375326352469803,0.375326352469803,TRUE
"88-04-0","88-04-0","chloroxylenol",-1.09474395125155,-1.4822873053584,0.448873611455533,-2.36207958381125,-0.602495026905555,"var_mu_Texpi",0.38754335410685,0.38754335410685,TRUE
"88-06-2","88-06-2","2,4,6-trichlorophenol",-1.23275783168158,-1.58610398630772,0.401733625767853,-2.37350189281271,-0.798706079802725,"var_mu_Texpi",0.353346154626137,0.353346154626137,TRUE
"88-18-6","88-18-6","o-t-butylphenol",-1.12842706445412,-1.22024624163397,0.418941093123463,-2.04137078415595,-0.39912169911198,"var_mu_Texpi",0.0918191771798471,0.0918191771798471,TRUE
"89-83-8","89-83-8","thymol; 2-isopropyl-5-methylphenol",-1.27607480270083,-1.39594029912587,0.386310071683078,-2.1531080396247,-0.638772558627036,"var_mu_Texpi",0.119865496425039,0.119865496425039,TRUE
"89-83-8","89-83-8","thymol; 2-isopropyl-5-methylphenol",-1.21324857785444,-1.275019592266,0.427654084360085,-2.11322159761176,-0.436817586920231,"var_mu_Texpi",0.0617710144115573,0.0617710144115573,TRUE
"90-15-3","90-15-3","naphthol",-1.58502665202918,-1.60861694163075,0.411109112799555,-2.41439080271788,-0.802843080543627,"var_mu_Texpi",0.0235902896015747,0.0235902896015747,TRUE
"90-15-3","90-15-3","naphthol",-1.52287874528034,-1.60861694163075,0.411109112799555,-2.41439080271788,-0.802843080543627,"var_mu_Texpi",0.0857381963504147,0.0857381963504147,TRUE
"91-20-3","91-20-3","naphthalene",-1.55111528700206,-1.1561608326999,0.408829337648246,-1.95746633449046,-0.354855330909334,"var_mu_Texpi",-0.394954454302164,0.394954454302164,TRUE
"91-20-3","91-20-3","naphthalene",-1.78220214249451,-1.1561608326999,0.408829337648246,-1.95746633449046,-0.354855330909334,"var_mu_Texpi",-0.626041309794614,0.626041309794614,TRUE
"92-48-8","92-48-8","6-methylcoumarin",-1.18136926112576,-2.16533124957311,0.53775093846153,-3.21932308895771,-1.11133941018851,"var_mu_Texpi",0.983961988447348,0.983961988447348,TRUE
"92-48-8","92-48-8","6-methylcoumarin",-1.331936361143,-2.16533124957311,0.53775093846153,-3.21932308895771,-1.11133941018851,"var_mu_Texpi",0.833394888430108,0.833394888430108,TRUE
"93-60-7","93-60-7","nicotinate, methyl",-3.30980391997149,-2.07572037471327,0.571257740600298,-3.19538554628985,-0.956055203136684,"var_mu_Texpi",-1.23408354525822,1.23408354525822,FALSE
"93-60-7","93-60-7","nicotinate, methyl",-3.27572413039921,-2.0904613508038,0.573668719464054,-3.21485204095335,-0.966070660654255,"var_mu_Texpi",-1.18526277959541,1.18526277959541,FALSE
"937-20-2","937-20-2","2,4-dichloroacetophenone",-0.743772935647774,-2.12434614079047,0.530381745293193,-3.16389436156513,-1.08479792001582,"var_mu_Texpi",1.3805732051427,1.3805732051427,FALSE
"937-20-2","937-20-2","2,4-dichloroacetophenone",-1.86052608660328,-2.12434614079047,0.530381745293193,-3.16389436156513,-1.08479792001582,"var_mu_Texpi",0.263820054187195,0.263820054187195,TRUE
"94-13-3","94-13-3","propylparaben",-1.67615465544754,-1.57449236052703,0.511192041402638,-2.5764287616762,-0.572555959377861,"var_mu_Texpi",-0.101662294920509,0.101662294920509,TRUE
"94-13-3","94-13-3","propylparaben",-1.26606734367858,-1.65372493968598,0.472500053060642,-2.57982504368484,-0.727624835687122,"var_mu_Texpi",0.387657596007399,0.387657596007399,TRUE
"94-13-3","94-13-3","propylparaben",-1.20290590120029,-1.65372493968598,0.472500053060642,-2.57982504368484,-0.727624835687122,"var_mu_Texpi",0.450819038485689,0.450819038485689,TRUE
"94-26-8","94-26-8","butylparaben",-0.981299501333757,-1.37265267061706,0.480597366157908,-2.31462350828656,-0.430681832947565,"var_mu_Texpi",0.391353169283308,0.391353169283308,TRUE
"94-26-8","94-26-8","butylparaben",-1.15242734085789,-1.45116877172083,0.44544239862044,-2.32423587301689,-0.578101670424764,"var_mu_Texpi",0.298741430862937,0.298741430862937,TRUE
"95-48-7","95-48-7","o-cresol",-1.80172783601759,-1.8067909878345,0.430585467484167,-2.65073850410346,-0.962843471565529,"var_mu_Texpi",0.00506315181690598,0.00506315181690598,TRUE
"95-54-5","95-54-5","o-phenylenediamine",-3.34678748622466,-2.42652170502364,0.582852382988558,-3.56891237568122,-1.28413103436607,"var_mu_Texpi",-0.920265781201018,0.920265781201018,TRUE
"95-57-8","95-57-8","o-chlorophenol",-1.48044892137827,-1.77984508223571,0.42510608120023,-2.61305300138816,-0.946637163083259,"var_mu_Texpi",0.299396160857441,0.299396160857441,TRUE
"95-65-8","95-65-8","3,4-xylenol",-1.44278385671974,-1.67950464617299,0.414402963855234,-2.49173445532925,-0.867274837016733,"var_mu_Texpi",0.236720789453251,0.236720789453251,TRUE
"97-00-7","97-00-7","2,4-dinitrochlorobenzene",-1.57500847696703,-1.89130403206736,0.503834857091812,-2.87882035196731,-0.90378771216741,"var_mu_Texpi",0.316295555100331,0.316295555100331,TRUE
"97-00-7","97-00-7","2,4-dinitrochlorobenzene",-1.50012264373278,-1.89130403206736,0.503834857091812,-2.87882035196731,-0.90378771216741,"var_mu_Texpi",0.391181388334581,0.391181388334581,TRUE
"97-53-0","97-53-0","eugenol",-1.592980675785,-1.603117141792,0.467398469402457,-2.51921814182082,-0.687016141763186,"var_mu_Texpi",0.0101364660070029,0.0101364660070029,TRUE
"97-53-0","97-53-0","eugenol",-1.555243965633,-1.603117141792,0.467398469402457,-2.51921814182082,-0.687016141763186,"var_mu_Texpi",0.047873176159003,0.047873176159003,TRUE
"97-54-1","97-54-1","isoeugenol",-1.74568406057766,-1.51546526920785,0.455954997079277,-2.40913706348324,-0.621793474932473,"var_mu_Texpi",-0.230218791369805,0.230218791369805,TRUE
"97-54-1","97-54-1","isoeugenol",-1.41300909711301,-1.51546526920785,0.455954997079277,-2.40913706348324,-0.621793474932473,"var_mu_Texpi",0.102456172094845,0.102456172094845,TRUE
"98-86-2","98-86-2","acetophenone",-1.62740828480895,-1.68311416804402,0.477577344644821,-2.61916576354787,-0.747062572540175,"var_mu_Texpi",0.0557058832350747,0.0557058832350747,TRUE
"98-86-2","98-86-2","acetophenone",-1.56017144166374,-1.68311416804402,0.477577344644821,-2.61916576354787,-0.747062572540175,"var_mu_Texpi",0.122942726380285,0.122942726380285,TRUE
"99-76-3","99-76-3","methylparaben",-1.67358220444561,-1.88665333032565,0.559170598764095,-2.98262770390327,-0.790678956748021,"var_mu_Texpi",0.213071125880038,0.213071125880038,TRUE
"99-76-3","99-76-3","methylparaben",-1.96257350205938,-1.94316753293144,0.515060915000854,-2.95268692633311,-0.933648139529767,"var_mu_Texpi",-0.0194059691279396,0.0194059691279396,TRUE
"99-76-3","99-76-3","methylparaben",-2.03394335230684,-2.07341014914728,0.465562024805926,-2.9859117177669,-1.16090858052767,"var_mu_Texpi",0.0394667968404439,0.0394667968404439,TRUE
"99-76-3","99-76-3","methylparaben",-2.07572071393812,-1.97722250723242,0.519885920039354,-2.99619891050956,-0.958246103955292,"var_mu_Texpi",-0.0984982067056952,0.0984982067056952,TRUE
"100-02-7","100-02-7","p-nitrophenol; 4-nitrophenol",-2.25,-2.07119640932012,0.548487569590023,-3.14623204571657,-0.996160772923676,"var_selected_predictors",-0.17880359067988,0.17880359067988,TRUE
"100-39-0","100-39-0","benzyl bromide",-1.54511979359646,-1.42419728531753,0.450496508173442,-2.30717044133748,-0.541224129297584,"var_selected_predictors",-0.12092250827893,0.12092250827893,TRUE
"100-39-0","100-39-0","benzyl bromide",-1.89202735976865,-1.42419728531753,0.450496508173442,-2.30717044133748,-0.541224129297584,"var_selected_predictors",-0.46783007445112,0.46783007445112,TRUE
"100-51-6","100-51-6","benzyl alcohol",-2.22205999132796,-2.10759402848106,0.385922869432517,-2.8640028525688,-1.35118520439333,"var_selected_predictors",-0.114465962846896,0.114465962846896,TRUE
"1002-62-6","1002-62-6","sodium caprate; decanoic acid soap (c10:0)",-2.95233580539844,-2.42677583726892,1.2219163727433,-4.82173192784579,-0.0318197466920465,"var_selected_predictors",-0.525559968129523,0.525559968129523,TRUE
"103-11-7","103-11-7","2-ethylhexyl acrylate",-2.11289007326765,-1.37763287438465,0.352444443129689,-2.06842398291884,-0.686841765850457,"var_selected_predictors",-0.735257198883002,0.735257198883002,FALSE
"103-11-7","103-11-7","2-ethylhexyl acrylate",-1.82434537155519,-1.37763287438465,0.352444443129689,-2.06842398291884,-0.686841765850457,"var_selected_predictors",-0.446712497170542,0.446712497170542,TRUE
"104-54-1","104-54-1","cinnamyl alcohol",-1.54329916349423,-1.64551131808477,0.477701565706195,-2.58180638686891,-0.709216249300625,"var_selected_predictors",0.102212154590537,0.102212154590537,TRUE
"104-54-1","104-54-1","cinnamyl alcohol",-1.47890341621095,-1.64551131808477,0.477701565706195,-2.58180638686891,-0.709216249300625,"var_selected_predictors",0.166607901873817,0.166607901873817,TRUE
"104-85-8","104-85-8","p-tolunitrile",-1.34336049829281,-1.51672413473459,0.459129218910688,-2.41661740379954,-0.616830865669642,"var_selected_predictors",0.17336363644178,0.17336363644178,TRUE
"104-85-8","104-85-8","p-tolunitrile",-1.51076062352006,-1.51672413473459,0.459129218910688,-2.41661740379954,-0.616830865669642,"var_selected_predictors",0.00596351121452998,0.00596351121452998,TRUE
"10521-91-2","10521-91-2","5-phenylpentanol",-0.94692155651658,-1.37217487540332,0.551387771584517,-2.45289490770897,-0.291454843097663,"var_selected_predictors",0.425253318886736,0.425253318886736,TRUE
"106-24-1","106-24-1","geraniol",-0.986619380204979,-1.17005370259566,0.422082692385363,-1.99733577967097,-0.342771625520348,"var_selected_predictors",0.183434322390681,0.183434322390681,TRUE
"106-24-1","106-24-1","geraniol",-1.01401437058883,-1.17005370259566,0.422082692385363,-1.99733577967097,-0.342771625520348,"var_selected_predictors",0.15603933200683,0.15603933200683,TRUE
"106-41-3","106-41-3","p-bromophenol",-1.43951925261862,-1.8997785767187,0.509193310701116,-2.89779746569289,-0.901759687744516,"var_selected_predictors",0.460259324100083,0.460259324100083,TRUE
"106-44-5","106-44-5","p-cresol",-0.920818753952375,-1.65633050251698,0.551076465142372,-2.73644037419603,-0.576220630837931,"var_selected_predictors",0.735511748564605,0.735511748564605,TRUE
"106-44-5","106-44-5","p-cresol",-1.74875360095283,-1.81483363519807,0.44018779563238,-2.67760171463753,-0.952065555758605,"var_selected_predictors",0.0660800342452392,0.0660800342452392,TRUE
"106-48-9","106-48-9","p-chlorophenol",-1.44875360095283,-1.76934546346559,0.46673375713356,-2.68414362744737,-0.854547299483816,"var_selected_predictors",0.320591862512764,0.320591862512764,TRUE
"106-50-3","106-50-3","p-phenylenediamine",-3.61978875828839,-2.72186773445423,0.633617840301835,-3.96375870144582,-1.47997676746263,"var_selected_predictors",-0.897921023834165,0.897921023834165,TRUE
"108-39-4","108-39-4","m-cresol",-1.81172783601759,-1.79764790914907,0.417057806096096,-2.61508120909741,-0.98021460920072,"var_selected_predictors",-0.0140799268685221,0.0140799268685221,TRUE
"108-46-3","108-46-3","resorcinol",-2.42023266087399,-2.70700245061064,0.665687241181706,-4.01174944332679,-1.4022554578945,"var_selected_predictors",0.286769789736651,0.286769789736651,TRUE
"108-46-3","108-46-3","resorcinol",-2.35642808060813,-2.70700245061064,0.665687241181706,-4.01174944332679,-1.4022554578945,"var_selected_predictors",0.350574370002511,0.350574370002511,TRUE
"108-46-3","108-46-3","resorcinol",-3.07,-2.6519269860056,0.739806967207859,-4.10194864173301,-1.2019053302782,"var_selected_predictors",-0.418073013994395,0.418073013994395,TRUE
"108-46-3","108-46-3","resorcinol; 1,3-benzenediol",-3.62291335664286,-2.79655184163315,0.573250078884878,-3.92012199624751,-1.67298168701879,"var_selected_predictors",-0.826361515009712,0.826361515009712,TRUE
"108-73-6","108-73-6","phloroglucinol",-2.51,-2.8640194979372,0.847683835456256,-4.52547981543146,-1.20255918044294,"var_selected_predictors",0.3540194979372,0.3540194979372,TRUE
"108-88-3","108-88-3","toluene",-0.0809219076239261,-1.3042063655807,0.29969613013556,-1.8916107806464,-0.716801950515003,"var_selected_predictors",1.22328445795677,1.22328445795677,FALSE
"108-95-2","108-95-2","phenol",-2.03,-1.90889597485049,0.572493884996003,-3.03098398944266,-0.78680796025833,"var_selected_predictors",-0.121104025149505,0.121104025149505,TRUE
"108-95-2","108-95-2","phenol",-2.08907809237607,-2.02359261443758,0.368509954217192,-2.74587212470327,-1.30131310417188,"var_selected_predictors",-0.0654854779384921,0.0654854779384921,TRUE
"108-95-2","108-95-2","phenol",-1.70996538863748,-1.90304146784315,0.572515367303471,-3.02517158775795,-0.780911347928348,"var_selected_predictors",0.193076079205671,0.193076079205671,TRUE
"108-95-2","108-95-2","phenol",-3.82792274303052,-2.06538314425422,0.330582731065591,-2.71332529714278,-1.41744099136567,"var_selected_predictors",-1.7625395987763,1.7625395987763,FALSE
"110-80-5","110-80-5","2-ethoxy ethanol",-3.60205999132796,-2.93675048328373,0.348574994481263,-3.619957472467,-2.25354349410045,"var_selected_predictors",-0.665309508044233,0.665309508044233,TRUE
"111-27-3","111-27-3","hexanol",-1.49485002168009,-1.47244781205901,0.417314721506545,-2.29038466621184,-0.654510957906183,"var_selected_predictors",-0.0224022096210788,0.0224022096210788,TRUE
"111-27-3","111-27-3","hexanol",-1.88605664769316,-1.65339494474175,0.344711759934104,-2.32902999421259,-0.977759895270901,"var_selected_predictors",-0.232661702951414,0.232661702951414,TRUE
"111-27-3","111-27-3","n-hexanol",-1.88605664769316,-1.4647133625773,0.436755979485063,-2.32075508236802,-0.608671642786572,"var_selected_predictors",-0.421343285115864,0.421343285115864,TRUE
"111-76-2","111-76-2","butoxyethanol",-2.25698018593163,-2.51892970743903,0.459124098932373,-3.41881294134648,-1.61904647353158,"var_selected_predictors",0.261949521507401,0.261949521507401,TRUE
"111-87-5","111-87-5","n-octanol",-1.2839966563652,-1.12439780600869,0.470212218292603,-2.0460137538622,-0.202781858155192,"var_selected_predictors",-0.159598850356506,0.159598850356506,TRUE
"111-87-5","111-87-5","octanol",-1.0301183562535,-1.11551371081018,0.455151724759688,-2.00761109133917,-0.223416330281192,"var_selected_predictors",0.0853953545566808,0.0853953545566808,TRUE
"111-87-5","111-87-5","octanol",-1.15490195998574,-1.28395201676624,0.378980620431274,-2.02675403281154,-0.541150000720946,"var_selected_predictors",0.129050056780503,0.129050056780503,TRUE
"111-87-5","111-87-5","octanol",-1.2839966563652,-1.32586676051552,0.3774390943663,-2.06564738547347,-0.58608613555757,"var_selected_predictors",0.0418701041503187,0.0418701041503187,TRUE
"111-87-5","111-87-5","octanol",-1.21467016498923,-1.24095269849729,0.413634235115605,-2.05167579932387,-0.430229597670703,"var_selected_predictors",0.0262825335080583,0.0262825335080583,TRUE
"112-30-1","112-30-1","decanol",-1.833220851329,-0.978100657028836,0.475292226089541,-1.90967342016434,-0.0465278938933357,"var_selected_predictors",-0.855120194300164,0.855120194300164,TRUE
"112-30-1","112-30-1","decanol",-1.95860731484178,-0.977776426138018,0.475525662489886,-1.90980672461819,-0.0457461276578424,"var_selected_predictors",-0.980830888703762,0.980830888703762,FALSE
"112-30-1","112-30-1","decanol",-1.14508697769214,-0.920824440542484,0.46310872613888,-1.82851754377469,-0.0131313373102787,"var_selected_predictors",-0.224262537149655,0.224262537149655,TRUE
"112-30-1","112-30-1","decanol",-1.04575749056068,-1.10744499941157,0.384768336033874,-1.86159093803797,-0.35329906078518,"var_selected_predictors",0.061687508850893,0.061687508850893,TRUE
"112-30-1","112-30-1","decanol",-1.09691001300806,-1.15721152619461,0.382520481256626,-1.90695166945759,-0.407471382931618,"var_selected_predictors",0.0603015131865454,0.0603015131865454,TRUE
"112-30-1","112-30-1","n-decanol",-1.09691001300806,-0.933863693432498,0.477774105907318,-1.87030094101084,0.00257355414584537,"var_selected_predictors",-0.163046319575562,0.163046319575562,TRUE
"112-34-5","112-34-5","diethylene glycol monobutyl ether",-2.23600035701585,-3.0310164759076,0.378057036916899,-3.77200826826472,-2.29002468355048,"var_selected_predictors",0.795016118891748,0.795016118891748,FALSE
"112-34-5","112-34-5","diethylene glycol monobutyl ether",-2.16688305055618,-3.0310164759076,0.378057036916899,-3.77200826826472,-2.29002468355048,"var_selected_predictors",0.864133425351418,0.864133425351418,FALSE
"112-80-1","112-80-1","oleic acid",-2.88605664769316,-1.59989858902545,0.510530103538139,-2.6005375919602,-0.599259586090695,"var_selected_predictors",-1.28615805866771,1.28615805866771,FALSE
"117-81-7","117-81-7","bis(2-ethylhexyl)phthalate",-4.09691001300806,-2.91012258937122,0.476709561887489,-3.8444733306707,-1.97577184807174,"var_selected_predictors",-1.18678742363684,1.18678742363684,FALSE
"119-34-6","119-34-6","4-amino-2-nitrophenol",-4.06550154875643,-2.30855618779754,0.625901981315437,-3.5353240711758,-1.08178830441928,"var_selected_predictors",-1.75694536095889,1.75694536095889,FALSE
"119-36-8","119-36-8","methyl salicylate",-1.44369749923271,-1.55549343707079,0.441227607332024,-2.42029954744156,-0.690687326700023,"var_selected_predictors",0.11179593783808,0.11179593783808,TRUE
"119-61-9","119-61-9","benzophenone",-1.24920613319746,-1.49007295664917,0.511139653733969,-2.49190667796775,-0.488239235330591,"var_selected_predictors",0.240866823451711,0.240866823451711,TRUE
"119-61-9","119-61-9","benzophenone",-1.13822159828622,-1.49007295664917,0.511139653733969,-2.49190667796775,-0.488239235330591,"var_selected_predictors",0.351851358362951,0.351851358362951,TRUE
"120-80-9","120-80-9","catechol",-2.51,-2.55004988931649,0.713146819540475,-3.94781765561582,-1.15228212301716,"var_selected_predictors",0.0400498893164918,0.0400498893164918,TRUE
"120-83-2","120-83-2","2,4-dichlorophenol",-1.14874021557127,-1.38074525070488,0.595370134787922,-2.5476707148892,-0.213819786520551,"var_selected_predictors",0.232005035133607,0.232005035133607,TRUE
"120-83-2","120-83-2","2,4-dichlorophenol",-1.22136169383427,-1.60040820847731,0.474891980404877,-2.53119649007087,-0.66961992688375,"var_selected_predictors",0.37904651464304,0.37904651464304,TRUE
"1219-38-1","1219-38-1","octylparaben",-1.90585161784792,-1.33284686404308,0.618424306967654,-2.54495850569969,-0.120735222386481,"var_selected_predictors",-0.573004753804837,0.573004753804837,TRUE
"122-57-6","122-57-6","benzylideneacetone",-1.40794873077454,-1.60178042154953,0.494786954924189,-2.57156285320094,-0.631997989898115,"var_selected_predictors",0.193831690774985,0.193831690774985,TRUE
"122-57-6","122-57-6","benzylideneacetone",-1.11863375864077,-1.60178042154953,0.494786954924189,-2.57156285320094,-0.631997989898115,"var_selected_predictors",0.483146662908755,0.483146662908755,TRUE
"123-07-9 ","123-07-9 ","p-ethylphenol",-1.46278385671974,-1.59783933482812,0.445558757201093,-2.47113449894226,-0.724544170713979,"var_selected_predictors",0.135055478108382,0.135055478108382,TRUE
"123-31-9","123-31-9","hydroquinone",-5.0301183562535,-2.43390989714936,0.58379840702282,-3.57815477491408,-1.28966501938463,"var_selected_predictors",-2.59620845910414,2.59620845910414,FALSE
"123-31-9","123-31-9","hydroquinone",-1.90385139213331,-2.40164582665389,0.609488672869356,-3.59624362547783,-1.20704802782995,"var_selected_predictors",0.49779443452058,0.49779443452058,TRUE
"123-31-9","123-31-9","hydroquinone",-2.41644259377425,-2.40164582665389,0.609488672869356,-3.59624362547783,-1.20704802782995,"var_selected_predictors",-0.0147967671203597,0.0147967671203597,TRUE
"123-31-9","123-31-9","hydroquinone",-2.95,-2.6210515782581,0.746401352394562,-4.08399822895144,-1.15810492756476,"var_selected_predictors",-0.328948421741901,0.328948421741901,TRUE
"124-94-7","124-94-7","triamcinolone",-5.40011692792631,-4.59281123311541,0.940830005006983,-6.4368380429291,-2.74878442330172,"var_selected_predictors",-0.807305694810899,0.807305694810899,TRUE
"131-11-3","131-11-3","dimethyl phthalate",-1.55258483591006,-1.94633413489823,0.489144070283341,-2.90505651265358,-0.987611757142882,"var_selected_predictors",0.393749298988171,0.393749298988171,TRUE
"131-11-3","131-11-3","dimethyl phthalate",-1.64782103953418,-1.94633413489823,0.489144070283341,-2.90505651265358,-0.987611757142882,"var_selected_predictors",0.298513095364051,0.298513095364051,TRUE
"135-19-3","135-19-3","beta-naphthol; 2-naphthol",-1.5543957967264,-1.76367489045681,0.536359355064928,-2.81493922638407,-0.712410554529554,"var_selected_predictors",0.209279093730414,0.209279093730414,TRUE
"135-19-3","135-19-3","beta-naphthol; 2-naphthol",-1.20065945054642,-1.65373650626688,0.614314884400625,-2.8577936796921,-0.449679332841656,"var_selected_predictors",0.45307705572046,0.45307705572046,TRUE
"13523-86-9","13523-86-9","pindolol",-3.70333480973847,-3.23601550873599,0.731316717741651,-4.66939627550963,-1.80263474196236,"var_selected_predictors",-0.467319301002477,0.467319301002477,TRUE
"13655-52-2","13655-52-2","alprenolol",-2.78664164637561,-2.89718506188171,0.858584012061366,-4.58000972552199,-1.21436039824144,"var_selected_predictors",0.110543415506104,0.110543415506104,TRUE
"137-58-6","137-58-6","lidocaine",-2.40120949323688,-2.0641643309503,0.54124449055825,-3.12500353244447,-1.00332512945613,"var_selected_predictors",-0.337045162286583,0.337045162286583,TRUE
"137-58-6","137-58-6","lidocaine",-2.52287874528034,-2.06552162630299,0.545139396560065,-3.13399484356072,-0.997048409045266,"var_selected_predictors",-0.457357118977345,0.457357118977345,TRUE
"137-58-6","137-58-6","lidocaine",-2.52287874528034,-2.06552162630299,0.545139396560065,-3.13399484356072,-0.997048409045266,"var_selected_predictors",-0.457357118977345,0.457357118977345,TRUE
"141-05-9","141-05-9","diethyl maleate",-1.66740097646667,-1.98499774322563,0.431891277003698,-2.83150464615288,-1.13849084029839,"var_selected_predictors",0.317596766758965,0.317596766758965,TRUE
"141-05-9","141-05-9","diethyl maleate",-1.58608416024509,-1.98499774322563,0.431891277003698,-2.83150464615288,-1.13849084029839,"var_selected_predictors",0.398913582980545,0.398913582980545,TRUE
"14199-15-6","14199-15-6","methyl 4-hydroxyphenylacetate",-1.69897000433602,-1.88953695715727,0.61068242327394,-3.08647450677419,-0.692599407540348,"var_selected_predictors",0.190566952821249,0.190566952821249,TRUE
"143-08-8","143-08-8","n-nonanol",-1.22184874961636,-1.02710017439191,0.473624133368227,-1.95540347579364,-0.0987968729901888,"var_selected_predictors",-0.194748575224446,0.194748575224446,TRUE
"143-08-8","143-08-8","nonanol",-1.22184874961636,-1.22461709947362,0.377335978320002,-1.96419561698082,-0.485038581966415,"var_selected_predictors",0.00276834985725949,0.00276834985725949,TRUE
"14371-10-9","14371-10-9","trans-cinnamaldehyde",-1.55307871254876,-1.50133638761171,0.433105222313216,-2.35022262334561,-0.652450151877803,"var_selected_predictors",-0.051742324937053,0.051742324937053,TRUE
"14371-10-9","14371-10-9","trans-cinnamaldehyde",-1.38433498624321,-1.50133638761171,0.433105222313216,-2.35022262334561,-0.652450151877803,"var_selected_predictors",0.117001401368497,0.117001401368497,TRUE
"145-13-1","145-13-1","hydroxypregnenolone",-3.22184874961636,-3.1628459187988,1.12604248689557,-5.36988919311411,-0.955802644483487,"var_selected_predictors",-0.0590028308175619,0.0590028308175619,TRUE
"145-13-1","145-13-1","pregnenolone",-2.82390874094432,-2.95852034359618,0.73871194188525,-4.40639574969127,-1.51064493750109,"var_selected_predictors",0.134611602651862,0.134611602651862,TRUE
"146-72-5","146-72-5","methylglucose",-3.68026950566978,-3.98794985293385,0.844138214503264,-5.64246075336025,-2.33343895250746,"var_selected_predictors",0.307680347264074,0.307680347264074,TRUE
"1638-22-8","1638-22-8","p-n-butylphenol; 4-butylphenol",-1.11463877996849,-1.15960093228192,0.468646081968296,-2.07814725293978,-0.241054611624059,"var_selected_predictors",0.0449621523134285,0.0449621523134285,TRUE
"16590-41-3","16590-41-3","naltrexone",-2.6664407795091,-3.00402605375332,0.947992523693692,-4.86209140019296,-1.14596070731369,"var_selected_predictors",0.337585274244224,0.337585274244224,TRUE
"17194-82-0","17194-82-0","alfa-(4-hydroxyphenyl) acetamide",-3.34678748622466,-2.78132514682066,0.782897759045196,-4.31580475454924,-1.24684553909207,"var_selected_predictors",-0.565462339404,0.565462339404,TRUE
"18979-50-5","18979-50-5","4-propoxyphenol",-1.82490330536304,-1.61807439938482,0.5312793740167,-2.65938197245755,-0.576766826312088,"var_selected_predictors",-0.206828905978221,0.206828905978221,TRUE
"2152-44-5","2152-44-5","betamethasone-17-valerate",-2.88041422503822,-4.28327843186249,0.82782448828904,-5.90581442890901,-2.66074243481597,"var_selected_predictors",1.40286420682427,1.40286420682427,TRUE
"2203-97-6","2203-97-6","hydrocortisone-21-hemisuccinate",-3.20065945054642,-3.96854430140187,1.04806025358006,-6.02274239841879,-1.91434620438495,"var_selected_predictors",0.767884850855447,0.767884850855447,TRUE
"2493-02-9","2493-02-9","4-bromophenyl isocyanate",-1.84100559902551,-1.45631305152629,0.532038133751279,-2.4991077936788,-0.413518309373788,"var_selected_predictors",-0.384692547499216,0.384692547499216,TRUE
"2493-02-9","2493-02-9","4-bromophenyl isocyanate",-1.75134980127003,-1.45631305152629,0.532038133751279,-2.4991077936788,-0.413518309373788,"var_selected_predictors",-0.295036749743735,0.295036749743735,TRUE
"26839-75-8","26839-75-8","timolol",-3.57016261901271,-2.61537181408502,0.618275696751209,-3.82719217971739,-1.40355144845265,"var_selected_predictors",-0.954790804927693,0.954790804927693,TRUE
"26839-75-8","26839-75-8","timolol",-3.53521248035406,-2.52001218130348,0.679808058686261,-3.85243597632855,-1.18758838627841,"var_selected_predictors",-1.01520029905058,1.01520029905058,TRUE
"2871-01-4","2871-01-4","hc red no. 3; 2-(4-amino-2-nitroanilino)-ethanol",-1.67058885168866,-2.54143418914426,0.583206367931595,-3.68451867029019,-1.39834970799834,"var_selected_predictors",0.870845337455604,0.870845337455604,TRUE
"2871-01-4","2871-01-4","hc red no. 3; 2-(4-amino-2-nitroanilino)-ethanol",-2.32271042397763,-2.54143418914426,0.583206367931595,-3.68451867029019,-1.39834970799834,"var_selected_predictors",0.218723765166633,0.218723765166633,TRUE
"29122-68-7","29122-68-7","atenolol",-3.96657624451305,-3.52594667771115,0.778038186532708,-5.05090152331526,-2.00099183210704,"var_selected_predictors",-0.4406295668019,0.4406295668019,TRUE
"31005-02-4","31005-02-4","7-ethoxycoumarin",-0.781780143112531,-2.1514675273245,0.589596408078532,-3.30707648715842,-0.995858567490575,"var_selected_predictors",1.36968738421197,1.36968738421197,FALSE
"31005-02-4","31005-02-4","7-ethoxycoumarin",-0.919153916982604,-2.1514675273245,0.589596408078532,-3.30707648715842,-0.995858567490575,"var_selected_predictors",1.23231361034189,1.23231361034189,FALSE
"333-41-5","333-41-5","diazinon",-2.06048074738138,-2.26541282762039,0.773875093045161,-3.7822080099889,-0.748617645251874,"var_selected_predictors",0.20493208023901,0.20493208023901,TRUE
"3360-41-6","3360-41-6","4-phenylbutanol",-1.08092190762393,-1.49918222779676,0.541949995757988,-2.56140421948241,-0.436960236111101,"var_selected_predictors",0.418260320172827,0.418260320172827,TRUE
"3593-96-2","3593-96-2","hydrocortisone-21-hexanoate; hydrocortisone caproate",-2,-3.80827372002465,0.815220939101827,-5.40610676066423,-2.21044067938507,"var_selected_predictors",1.80827372002465,1.80827372002465,FALSE
"3930-20-9","3930-20-9","sotalol",-4.31984585826563,-3.35379859367711,0.822483412665088,-4.96586608250068,-1.74173110485354,"var_selected_predictors",-0.966047264588521,0.966047264588521,TRUE
"3930-20-9","3930-20-9","sotalol",-3.88598470867013,-3.35379859367711,0.822483412665088,-4.96586608250068,-1.74173110485354,"var_selected_predictors",-0.532186114993021,0.532186114993021,TRUE
"3930-20-9","3930-20-9","sotalol",-4.17986287404271,-3.35379859367711,0.822483412665088,-4.96586608250068,-1.74173110485354,"var_selected_predictors",-0.826064280365601,0.826064280365601,TRUE
"42200-33-9","42200-33-9","nadolol",-4.10127481841051,-3.40906636181188,0.811697539799137,-4.99999353981819,-1.81813918380557,"var_selected_predictors",-0.69220845659863,0.69220845659863,TRUE
"437-38-7","437-38-7","fentanyl base",-1.96286612872332,-2.1844414925651,0.788452076478274,-3.72980756246252,-0.639075422667684,"var_selected_predictors",0.221575363841781,0.221575363841781,TRUE
"463-40-1","463-40-1","linolenic acid",-2.431798275933,-1.77070362513085,0.498191747694671,-2.74715945061241,-0.7942477996493,"var_selected_predictors",-0.661094650802145,0.661094650802145,TRUE
"499-75-2","499-75-2","iso-thymol; carvacrol",-1.25336580106242,-1.25166402135398,0.465726086363234,-2.16448715062592,-0.338840892082042,"var_selected_predictors",-0.00170177970843999,0.00170177970843999,TRUE
"50-2-2","50-2-2","dexamethasone",-4.19382002601611,-4.22874509560554,0.958613629562136,-6.10762780954732,-2.34986238166375,"var_selected_predictors",0.034925069589427,0.034925069589427,TRUE
"50-22-6","50-22-6","corticosterone",-2.24178591486039,-3.20595470576885,0.963717064419502,-5.09484015203108,-1.31706925950663,"var_selected_predictors",0.964168790908464,0.964168790908464,TRUE
"50-22-6","50-22-6","corticosterone",-2.35454840605954,-3.20595470576885,0.963717064419502,-5.09484015203108,-1.31706925950663,"var_selected_predictors",0.851406299709314,0.851406299709314,TRUE
"50-22-6","50-22-6","corticosterone",-3.16494389827988,-3.24721055280137,0.941528657462742,-5.09260672142834,-1.40181438417439,"var_selected_predictors",0.0822666545214883,0.0822666545214883,TRUE
"50-22-6","50-22-6","corticosterone",-4,-3.40325528532046,0.752119399440626,-4.87740930822409,-1.92910126241683,"var_selected_predictors",-0.596744714679541,0.596744714679541,TRUE
"50-22-6","50-22-6","corticosterone",-3.33468369530231,-3.24072333848208,0.926305688049003,-5.05628248705813,-1.42516418990603,"var_selected_predictors",-0.0939603568202303,0.0939603568202303,TRUE
"50-22-6","50-22-6","corticosterone",-3.52287874528034,-3.39943889928748,0.761740391370106,-4.89245006637289,-1.90642773220207,"var_selected_predictors",-0.123439845992857,0.123439845992857,TRUE
"50-22-6","50-22-6","corticosterone",-3.52287874528034,-3.40388909478703,0.759232352690793,-4.89198450606098,-1.91579368351307,"var_selected_predictors",-0.118989650493311,0.118989650493311,TRUE
"50-22-6","50-22-6","corticosterone",-4,-3.40043390876501,0.751527081205387,-4.87342698792756,-1.92744082960245,"var_selected_predictors",-0.599566091234994,0.599566091234994,TRUE
"50-22-6","50-22-6","corticosterone",-3.26587485567249,-3.37113236231226,0.79093694423127,-4.92136877300555,-1.82089595161897,"var_selected_predictors",0.10525750663977,0.10525750663977,TRUE
"50-22-6","50-22-6","corticosterone",-2.58587485567249,-3.17339997524501,1.00266769584549,-5.13862865910218,-1.20817129138785,"var_selected_predictors",0.587525119572522,0.587525119572522,TRUE
"50-22-6","50-22-6","corticosterone",-4.22184874961636,-3.38956483330139,0.775045866749079,-4.90865473212958,-1.87047493447319,"var_selected_predictors",-0.83228391631497,0.83228391631497,TRUE
"50-22-6","50-22-6","corticosterone",-4.67571754470231,-3.40676041317429,0.759818870795173,-4.89600539993283,-1.91751542641576,"var_selected_predictors",-1.26895713152802,1.26895713152802,TRUE
"50-22-6","50-22-6","corticosterone",-3.23418248469008,-3.23916062043987,0.94325730912,-5.08794494631507,-1.39037629456467,"var_selected_predictors",0.00497813574979089,0.00497813574979089,TRUE
"50-23-7","50-23-7","hydrocortisone",-2.01894154396037,-3.658353322765,0.911375988391289,-5.44465026001192,-1.87205638551807,"var_selected_predictors",1.63941177880463,1.63941177880463,TRUE
"50-23-7","50-23-7","hydrocortisone",-2.68163603566894,-3.658353322765,0.911375988391289,-5.44465026001192,-1.87205638551807,"var_selected_predictors",0.976717287096059,0.976717287096059,TRUE
"50-23-7","50-23-7","hydrocortisone",-3.63827216398241,-3.50997660992192,1.02044608539291,-5.51005093729203,-1.50990228255182,"var_selected_predictors",-0.128295554060485,0.128295554060485,TRUE
"50-23-7","50-23-7","hydrocortisone",-3.63870046691906,-3.6021911703458,0.977062314342562,-5.51723330645722,-1.68714903423438,"var_selected_predictors",-0.0365092965732563,0.0365092965732563,TRUE
"50-23-7","50-23-7","hydrocortisone",-5.52287874528034,-3.77213918372727,0.793087980218651,-5.32659162495583,-2.21768674249872,"var_selected_predictors",-1.75073956155307,1.75073956155307,FALSE
"50-23-7","50-23-7","hydrocortisone",-5.52724355068279,-3.79215176035173,0.774749815490796,-5.31066139871369,-2.27364212198977,"var_selected_predictors",-1.73509179033106,1.73509179033106,FALSE
"50-24-8","50-24-8","prednisolone",-4.32790214206428,-3.88841158885589,0.880067758373321,-5.6133443952676,-2.16347878244418,"var_selected_predictors",-0.439490553208387,0.439490553208387,TRUE
"50-27-1","50-27-1","estriol",-4.39794000867204,-3.53297615091034,0.876739845277237,-5.25138624765372,-1.81456605416696,"var_selected_predictors",-0.8649638577617,0.8649638577617,TRUE
"50-28-2","50-28-2","beta-estradiol",-2.38721614328026,-2.75499611915985,0.664976293586303,-4.05834965458901,-1.4516425837307,"var_selected_predictors",0.367779975879594,0.367779975879594,TRUE
"50-28-2","50-28-2","beta-estradiol",-2.01233373507373,-2.51160921628975,0.801805169243911,-4.08314734800781,-0.940071084571684,"var_selected_predictors",0.499275481216019,0.499275481216019,TRUE
"50-28-2","50-28-2","beta-estradiol",-3.52287874528034,-2.73815557464872,0.674995748580678,-4.06114724186684,-1.41516390743059,"var_selected_predictors",-0.784723170631624,0.784723170631624,TRUE
"50-28-2","50-28-2","beta-estradiol",-2.28149831113273,-2.60952134348352,0.741997642553032,-4.06383672288747,-1.15520596407958,"var_selected_predictors",0.328023032350793,0.328023032350793,TRUE
"50-28-2","50-28-2","estradiol",-1.98581560249872,-2.60952134348352,0.741997642553032,-4.06383672288747,-1.15520596407958,"var_selected_predictors",0.623705740984803,0.623705740984803,TRUE
"50-28-2","50-28-2","estradiol",-4.69680394257951,-2.55254979685612,0.79581770792286,-4.11235250438492,-0.992747089327311,"var_selected_predictors",-2.14425414572339,2.14425414572339,FALSE
"50-28-2","50-28-2","estradiol",-2.36451625318509,-2.55254979685612,0.79581770792286,-4.11235250438492,-0.992747089327311,"var_selected_predictors",0.188033543671026,0.188033543671026,TRUE
"50-28-2","50-28-2","estradiol",-2.38090666937326,-2.75499611915985,0.664976293586303,-4.05834965458901,-1.4516425837307,"var_selected_predictors",0.374089449786594,0.374089449786594,TRUE
"50-28-2","50-28-2","estradiol",-2.21324857785444,-2.51146815971625,0.801784867798837,-4.08296650060197,-0.939969818830525,"var_selected_predictors",0.298219581861806,0.298219581861806,TRUE
"50-28-2","50-28-2","estradiol",-2.49485002168009,-2.75513965558197,0.664993130995241,-4.05852619233264,-1.45175311883129,"var_selected_predictors",0.260289633901876,0.260289633901876,TRUE
"50-28-2","50-28-2","estradiol",-2.52287874528034,-2.75499611915985,0.664976293586303,-4.05834965458901,-1.4516425837307,"var_selected_predictors",0.232117373879514,0.232117373879514,TRUE
"50-28-2","50-28-2","estradiol",-2.52287874528034,-2.75269723890396,0.665283972146504,-4.05665382431111,-1.44874065349681,"var_selected_predictors",0.229818493623622,0.229818493623622,TRUE
"50-28-2","50-28-2","estradiol",-2.52287874528034,-2.75269723890396,0.665283972146504,-4.05665382431111,-1.44874065349681,"var_selected_predictors",0.229818493623622,0.229818493623622,TRUE
"50-28-2","50-28-2","estradiol",-2.08008551934057,-2.55254979685612,0.79581770792286,-4.11235250438492,-0.992747089327311,"var_selected_predictors",0.472464277515546,0.472464277515546,TRUE
"50-28-2","50-28-2","estradiol",-2.34969247686806,-2.60952134348352,0.741997642553032,-4.06383672288747,-1.15520596407958,"var_selected_predictors",0.259828866615463,0.259828866615463,TRUE
"50-28-2","50-28-2","estradiol",-2.51173374958299,-2.60952134348352,0.741997642553032,-4.06383672288747,-1.15520596407958,"var_selected_predictors",0.097787593900533,0.097787593900533,TRUE
"51-21-8","51-21-8","5-fluorouracil",-4.52574969288748,-3.46883816951492,0.871688354576009,-5.1773473444839,-1.76032899454594,"var_selected_predictors",-1.05691152337256,1.05691152337256,TRUE
"51-21-8","51-21-8","5-fluorouracil",-4.72894468964132,-3.47639452770624,0.874027641651525,-5.18948870534323,-1.76330035006925,"var_selected_predictors",-1.25255016193508,1.25255016193508,TRUE
"51-21-8","51-21-8","5-fluorouracil",-4.47108329972234,-3.46883816951492,0.871688354576009,-5.1773473444839,-1.76032899454594,"var_selected_predictors",-1.00224513020742,1.00224513020742,TRUE
"51-21-8","51-21-8","5-fluorouracil (+ - + -)",-4.46597389394386,-3.47639452770624,0.874027641651525,-5.18948870534323,-1.76330035006925,"var_selected_predictors",-0.989579366237618,0.989579366237618,TRUE
"512-69-6","512-69-6","raffinose",-4.85472588171206,-4.76675202092463,1.05001323897367,-6.82477796931302,-2.70872607253623,"var_selected_predictors",-0.087973860787435,0.087973860787435,TRUE
"512-69-6","512-69-6","raffinose",-4.29756946355447,-4.94283495948242,1.03785191453631,-6.9770247119736,-2.90864520699124,"var_selected_predictors",0.645265495927948,0.645265495927948,TRUE
"513-85-9","513-85-9","2,3-butanediol",-4.30102999566398,-3.03293306937942,0.45133016375548,-3.91754019034016,-2.14832594841867,"var_selected_predictors",-1.26809692628456,1.26809692628456,FALSE
"51384-51-1","51384-51-1","metoprolol",-3.52461940685664,-2.99129972992625,0.830801946178435,-4.61967154443598,-1.36292791541652,"var_selected_predictors",-0.533319676930388,0.533319676930388,TRUE
"52-39-1","52-39-1","aldosterone",-4.23657200643706,-3.70729340502429,0.687297877615731,-5.05439724515113,-2.36018956489746,"var_selected_predictors",-0.529278601412766,0.529278601412766,TRUE
"52-39-1","52-39-1","aldosterone",-4.74835790885864,-3.56891682122191,0.824791366188585,-5.18550789895154,-1.95232574349229,"var_selected_predictors",-1.17944108763673,1.17944108763673,TRUE
"52-39-1","52-39-1","aldosterone",-4.30102999566398,-3.79915899235096,0.682725628095011,-5.13730122341718,-2.46101676128473,"var_selected_predictors",-0.501871003313024,0.501871003313024,TRUE
"52-39-1","52-39-1","aldosterone",-4.52287874528034,-3.75975186828407,0.688664227485773,-5.10953375415618,-2.40996998241195,"var_selected_predictors",-0.763126876996274,0.763126876996274,TRUE
"52-39-1","52-39-1","aldosterone",-4.52287874528034,-3.55393721410508,0.729049635467923,-4.98287449962221,-2.12499992858795,"var_selected_predictors",-0.968941531175256,0.968941531175256,TRUE
"52-39-1","52-39-1","aldosterone",-4.01233373507373,-3.34557891772273,0.904844129145725,-5.11907341084835,-1.57208442459711,"var_selected_predictors",-0.666754817350998,0.666754817350998,TRUE
"53-06-5","53-06-5","cortisone",-3.82390874094432,-3.66710958163512,1.04312044456573,-5.71162565298396,-1.62259351028629,"var_selected_predictors",-0.156799159309196,0.156799159309196,TRUE
"53-06-5","53-06-5","cortisone",-5,-3.84113494972283,0.842974858724001,-5.49336567282187,-2.18890422662379,"var_selected_predictors",-1.15886505027717,1.15886505027717,TRUE
"53-16-7","53-16-7","estrone",-2.44369749923271,-3.03056460027368,0.826673392492152,-4.6508444495583,-1.41028475098907,"var_selected_predictors",0.586867101040974,0.586867101040974,TRUE
"53-96-3","53-96-3","2-(acetylamino)fluorene",-1.16052197602182,-2.55705509862472,0.660895421684495,-3.85241012512633,-1.26170007212311,"var_selected_predictors",1.3965331226029,1.3965331226029,FALSE
"53-96-3","53-96-3","2-(acetylamino)fluorene",-1.10756666442663,-2.55705509862472,0.660895421684495,-3.85241012512633,-1.26170007212311,"var_selected_predictors",1.44948843419809,1.44948843419809,FALSE
"533-73-3","533-73-3","1,2,4-benzenetriol",-3.9,-2.68492362364149,0.760774808532062,-4.17604224836433,-1.19380499891865,"var_selected_predictors",-1.21507637635851,1.21507637635851,TRUE
"53535-33-4","53535-33-4","heptanol",-1.42481215507234,-1.37610785799806,0.388747228452888,-2.13805242576572,-0.614163290230396,"var_selected_predictors",-0.0487042970742833,0.0487042970742833,TRUE
"53535-33-4","53535-33-4","heptanol",-1.49485002168009,-1.46022304527687,0.354309536498324,-2.15466973681359,-0.765776353740157,"var_selected_predictors",-0.034626976403219,0.034626976403219,TRUE
"53535-33-4","53535-33-4","n-heptanol",-1.49485002168009,-1.24068875839798,0.447525475106003,-2.11783868960574,-0.363538827190212,"var_selected_predictors",-0.254161263282112,0.254161263282112,TRUE
"554-84-7","554-84-7","m-nitrophenol; 3-nitrophenol",-2.24848294855394,-2.00073506057016,0.524110367403907,-3.02799138068182,-0.973478740458505,"var_selected_predictors",-0.247747887983778,0.247747887983778,TRUE
"56-81-5","56-81-5","glycerol",-4.56863623584101,-3.47476758999569,0.52399285122574,-4.50179357839814,-2.44774160159324,"var_selected_predictors",-1.09386864584532,1.09386864584532,FALSE
"56-81-5","56-81-5","glycerol",-3.00594693641232,-3.5192087371245,0.521193235125772,-4.54074747797102,-2.49766999627799,"var_selected_predictors",0.513261800712184,0.513261800712184,TRUE
"56030-54-7","56030-54-7","sufentanil base",-1.81815641205523,-2.78369666824422,0.811101369650917,-4.37345535276001,-1.19393798372842,"var_selected_predictors",0.965540256188986,0.965540256188986,TRUE
"57-13-6","57-13-6","urea",-3.82973828460504,-3.48576515343143,0.715439237652154,-4.88802605922965,-2.0835042476332,"var_selected_predictors",-0.343973131173615,0.343973131173615,TRUE
"57-13-6","57-13-6","urea",-3.95233580539844,-3.41441230043156,0.708503211134492,-4.80307859425517,-2.02574600660796,"var_selected_predictors",-0.537923504966876,0.537923504966876,TRUE
"57-13-6","57-13-6","urea",-3.92564441915299,-3.50089016109479,0.716888865207007,-4.90599233690053,-2.09578798528906,"var_selected_predictors",-0.424754258058195,0.424754258058195,TRUE
"57-13-6","57-13-6","urea",-3.69494112531286,-3.60116877605966,0.57224099827019,-4.72276113266923,-2.47957641945009,"var_selected_predictors",-0.0937723492532023,0.0937723492532023,TRUE
"57-13-6","57-13-6","urea",-3.55495653854982,-3.46633138123193,0.748395734834188,-4.93318702150694,-1.99947574095692,"var_selected_predictors",-0.0886251573178867,0.0886251573178867,TRUE
"57-13-6","57-13-6","urea",-3.5970511706556,-3.50089016109479,0.716888865207007,-4.90599233690053,-2.09578798528906,"var_selected_predictors",-0.0961610095608054,0.0961610095608054,TRUE
"57-13-6","57-13-6","urea",-3.55720677406023,-3.50089016109479,0.716888865207007,-4.90599233690053,-2.09578798528906,"var_selected_predictors",-0.0563166129654356,0.0563166129654356,TRUE
"57-50-1","57-50-1","sucrose",-5.0268721464003,-5.07775381249616,1.21320359898265,-7.45563286650215,-2.69987475849018,"var_selected_predictors",0.0508816660958624,0.0508816660958624,TRUE
"57-50-1","57-50-1","sucrose",-5.2839966563652,-5.22137502115305,0.955514573409386,-7.09418358503545,-3.34856645727065,"var_selected_predictors",-0.0626216352121505,0.0626216352121505,TRUE
"57-50-1","57-50-1","sucrose",-4.76200316671127,-5.07775381249616,1.21320359898265,-7.45563286650215,-2.69987475849018,"var_selected_predictors",0.315750645784893,0.315750645784893,TRUE
"57-50-1","57-50-1","sucrose",-4.26905630657226,-5.07775381249616,1.21320359898265,-7.45563286650215,-2.69987475849018,"var_selected_predictors",0.808697505923902,0.808697505923902,TRUE
"57-50-1","57-50-1","sucrose",-4.36451625318509,-5.07775381249616,1.21320359898265,-7.45563286650215,-2.69987475849018,"var_selected_predictors",0.713237559311072,0.713237559311072,TRUE
"57-50-1","57-50-1","sucrose",-3.13406733180681,-5.07775381249616,1.21320359898265,-7.45563286650215,-2.69987475849018,"var_selected_predictors",1.94368648068935,1.94368648068935,TRUE
"57-83-0","57-83-0","progesterone",-1.52287874528034,-2.60662301326376,0.725243119876425,-4.02809952822155,-1.18514649830596,"var_selected_predictors",1.08374426798342,1.08374426798342,TRUE
"57-83-0","57-83-0","progesterone",-1.70344032687277,-2.53034824205381,0.708354450410755,-3.91872296485889,-1.14197351924873,"var_selected_predictors",0.826907915181042,0.826907915181042,TRUE
"57-83-0","57-83-0","progesterone",-1.88605664769316,-2.73586646045012,0.571340603389694,-3.85569404309392,-1.61603887780632,"var_selected_predictors",0.849809812756958,0.849809812756958,TRUE
"57-83-0","57-83-0","progesterone",-1.69897000433602,-2.81551146693471,0.565614694269016,-3.92411626770198,-1.70690666616744,"var_selected_predictors",1.11654146259869,1.11654146259869,FALSE
"57-83-0","57-83-0","progesterone",-2.82390874094432,-2.71855590849796,0.583241336442787,-3.86170892792583,-1.5754028890701,"var_selected_predictors",-0.105352832446356,0.105352832446356,TRUE
"58-08-2","58-08-2","caffeine",-3.80687540164554,-3.28764173221825,0.944958007895064,-5.13975942769257,-1.43552403674392,"var_selected_predictors",-0.519233669427294,0.519233669427294,TRUE
"58-08-2","58-08-2","caffeine",-4.58586563707645,-3.4236502543276,0.832027519309861,-5.05442419217493,-1.79287631648028,"var_selected_predictors",-1.16221538274885,1.16221538274885,TRUE
"58-08-2","58-08-2","caffeine",-1.60220380347052,-3.3909952730644,0.864676210833891,-5.08576064629882,-1.69622989982997,"var_selected_predictors",1.78879146959388,1.78879146959388,FALSE
"58-08-2","58-08-2","caffeine",-2.60631808276205,-3.3909952730644,0.864676210833891,-5.08576064629882,-1.69622989982997,"var_selected_predictors",0.78467719030235,0.78467719030235,TRUE
"58-08-2","58-08-2","caffeine",-4.15490195998574,-3.41793181795254,0.873810814197883,-5.13060101378039,-1.70526262212469,"var_selected_predictors",-0.736970142033198,0.736970142033198,TRUE
"58-08-2","58-08-2","caffeine",-3.69897000433602,-3.38555025113367,0.862729071513402,-5.07649923129993,-1.6946012709674,"var_selected_predictors",-0.313419753202355,0.313419753202355,TRUE
"58-22-0","58-22-0","testosterone",-2.0571655062299,-2.57893378386166,0.719326746445147,-3.98881420689415,-1.16905336082917,"var_selected_predictors",0.52176827763176,0.52176827763176,TRUE
"58-22-0","58-22-0","testosterone",-2.04694894237348,-2.49542490907473,0.809191534787602,-4.08144031725843,-0.909409500891031,"var_selected_predictors",0.448475966701251,0.448475966701251,TRUE
"58-22-0","58-22-0","testosterone",-1.64633962279966,-2.59696353015397,0.740193425259937,-4.04774264366344,-1.14618441664449,"var_selected_predictors",0.950623907354307,0.950623907354307,TRUE
"58-22-0","58-22-0","testosterone",-1.41570671752568,-2.55284645889296,0.74435613409133,-4.01178448171196,-1.09390843607395,"var_selected_predictors",1.13713974136728,1.13713974136728,TRUE
"58-22-0","58-22-0","testosterone",-2.27083521030723,-2.72840079014089,0.649380609687497,-4.00118678512838,-1.4556147951534,"var_selected_predictors",0.45756557983366,0.45756557983366,TRUE
"58-22-0","58-22-0","testosterone",-2.38875983135141,-2.49721203010853,0.78749260127599,-4.04069752860947,-0.95372653160759,"var_selected_predictors",0.108452198757119,0.108452198757119,TRUE
"58-22-0","58-22-0","testosterone",-2.65757731917779,-2.67980735508737,0.653542177991347,-3.96075002395041,-1.39886468622433,"var_selected_predictors",0.0222300359095802,0.0222300359095802,TRUE
"58-22-0","58-22-0","testosterone",-2.65757731917779,-2.67342997022751,0.653873987405771,-3.95502298554283,-1.3918369549122,"var_selected_predictors",0.015852651049725,0.015852651049725,TRUE
"58-22-0","58-22-0","testosterone",-2.65757731917779,-2.67342997022751,0.653873987405771,-3.95502298554283,-1.3918369549122,"var_selected_predictors",0.015852651049725,0.015852651049725,TRUE
"58-22-0","58-22-0","testosterone",-3.39794000867204,-2.66079030799725,0.66592927421341,-3.96601168545553,-1.35556893053897,"var_selected_predictors",-0.73714970067479,0.73714970067479,TRUE
"58-22-0","58-22-0","testosterone",-3.06752623532285,-2.67980735508737,0.653542177991347,-3.96075002395041,-1.39886468622433,"var_selected_predictors",-0.38771888023548,0.38771888023548,TRUE
"58-22-0","58-22-0","testosterone",-2.13194363817696,-2.4925828771231,0.80871796602379,-4.07767009052973,-0.907495663716473,"var_selected_predictors",0.360639238946142,0.360639238946142,TRUE
"58-54-8","58-54-8","ethacrynic acid",-3.82390874094432,-2.62479190499401,0.72605025699987,-4.04785040871376,-1.20173340127427,"var_selected_predictors",-1.19911683595031,1.19911683595031,TRUE
"59-05-2","59-05-2","methotrexate",-3.40160112979023,-5.00082607566014,0.763858684305299,-6.49798909689853,-3.50366305442176,"var_selected_predictors",1.59922494586991,1.59922494586991,FALSE
"59-50-7","59-50-7","chlorocresol",-1.26406804435028,-1.54591078538892,0.493046641471683,-2.51228220267342,-0.579539368104425,"var_selected_predictors",0.281842741038644,0.281842741038644,TRUE
"59-50-7","59-50-7","chlorocresol",-1.65255620893436,-1.48897825932749,0.559619013872035,-2.58583152651668,-0.392124992138304,"var_selected_predictors",-0.163577949606867,0.163577949606867,TRUE
"60-12-8","60-12-8","2-phenylethanol",-1.25963731050576,-1.82109976493369,0.469794530839919,-2.74189704537993,-0.900302484487446,"var_selected_predictors",0.561462454427927,0.561462454427927,TRUE
"60-12-8","60-12-8","2-phenylethanol",-2.11527250510331,-1.98063490014416,0.389020493639249,-2.74311506767709,-1.21815473261123,"var_selected_predictors",-0.134637604959149,0.134637604959149,TRUE
"610-81-1","610-81-1","4-amino-3-nitrophenol",-2.1297393876227,-2.30073411415161,0.681553844591003,-3.63657964954998,-0.964888578753249,"var_selected_predictors",0.170994726528914,0.170994726528914,TRUE
"610-81-1","610-81-1","4-amino-3-nitrophenol",-2.26671923730847,-2.30073411415161,0.681553844591003,-3.63657964954998,-0.964888578753249,"var_selected_predictors",0.0340148768431443,0.0340148768431443,TRUE
"614-18-6","614-18-6","nicotinate, ethyl",-3.10790539730952,-1.90795115570509,0.517599513502449,-2.92244620216989,-0.893456109240287,"var_selected_predictors",-1.19995424160443,1.19995424160443,FALSE
"614-18-6","614-18-6","nicotinate, ethyl",-3.08618614761628,-1.93191145306101,0.519910944764948,-2.95093690480031,-0.91288600132171,"var_selected_predictors",-1.15427469455527,1.15427469455527,FALSE
"623-05-2","623-05-2","4-hydroxybenzyl alcohol",-2.69897000433602,-2.26999430569764,0.652064754833668,-3.54804122517163,-0.991947386223653,"var_selected_predictors",-0.428975698638379,0.428975698638379,TRUE
"63-36-5","63-36-5","salicylate",-3.96686900819185,-2.59469261069092,0.737333164130478,-4.03986561238665,-1.14951960899518,"var_selected_predictors",-1.37217639750093,1.37217639750093,TRUE
"64-17-5","64-17-5","ethanol",-2.72124639904717,-3.02502864513656,0.364896096785098,-3.74022499483536,-2.30983229543777,"var_selected_predictors",0.303782246089395,0.303782246089395,TRUE
"64-17-5","64-17-5","ethanol",-3.09691001300806,-2.99292345348345,0.378984341985836,-3.73573276377569,-2.25011414319122,"var_selected_predictors",-0.103986559524606,0.103986559524606,TRUE
"64-17-5","64-17-5","ethanol",-3.09691001300806,-3.18861274862957,0.301902616572318,-3.78034187711132,-2.59688362014783,"var_selected_predictors",0.0917027356215114,0.0917027356215114,TRUE
"64-19-7","64-19-7","acetic acid",-2.77786589964853,-2.75136567170257,0.530930327063658,-3.79198911274734,-1.7107422306578,"var_selected_predictors",-0.026500227945963,0.026500227945963,TRUE
"64-85-7","64-85-7","cortexone",-3.34678748622466,-2.82296188188291,0.66959768111606,-4.13537333687039,-1.51055042689543,"var_selected_predictors",-0.523825604341751,0.523825604341751,TRUE
"65-85-0","65-85-0","benzoic acid",-2.11918640771921,-1.87294942132236,0.668840028073465,-3.18387587634635,-0.562022966298364,"var_selected_predictors",-0.246236986396853,0.246236986396853,TRUE
"65-85-0","65-85-0","benzoic acid",-1.50863830616573,-1.81053753201519,0.649423638949334,-3.08340786435589,-0.537667199674499,"var_selected_predictors",0.301899225849464,0.301899225849464,TRUE
"65-85-0","65-85-0","benzoic acid",-1.50863830616573,-1.81053753201519,0.649423638949334,-3.08340786435589,-0.537667199674499,"var_selected_predictors",0.301899225849464,0.301899225849464,TRUE
"66-27-3","66-27-3","methyl methanesulfonate",-1.91205408690953,-2.64445470238052,0.516857433840276,-3.65749527270746,-1.63141413205358,"var_selected_predictors",0.73240061547099,0.73240061547099,TRUE
"66-27-3","66-27-3","methyl methanesulfonate",-2.06776764179179,-2.64445470238052,0.516857433840276,-3.65749527270746,-1.63141413205358,"var_selected_predictors",0.576687060588731,0.576687060588731,TRUE
"6677-98-1","6677-98-1","hydrocortisone-21-propionate",-2.46852108295775,-3.83397479747678,1.00947755430058,-5.8125508039059,-1.85539879104765,"var_selected_predictors",1.36545371451903,1.36545371451903,TRUE
"67-56-1","67-56-1","methanol",-3.30102999566398,-3.15680504585017,0.38457207402567,-3.91056631094048,-2.40304378075986,"var_selected_predictors",-0.144224949813811,0.144224949813811,TRUE
"67-56-1","67-56-1","methanol",-3.30102999566398,-3.34468553261884,0.306335986800089,-3.94510406674701,-2.74426699849066,"var_selected_predictors",0.0436555369548595,0.0436555369548595,TRUE
"67-56-1","67-56-1","methanol",-2.79588001734407,-3.25956794314531,0.33695975782627,-3.9200090684848,-2.59912681780583,"var_selected_predictors",0.463687925801245,0.463687925801245,TRUE
"68-96-2","68-96-2","17-alfa-hydroxyprogesterone",-3.22184874961636,-3.66074821894055,0.768217434345754,-5.16645439025823,-2.15504204762287,"var_selected_predictors",0.43889946932419,0.43889946932419,TRUE
"69-29-7","69-29-7","ethyl ether",-1.79588001734408,-2.30509734375369,0.313156944445017,-2.91888495486593,-1.69130973264146,"var_selected_predictors",0.509217326409613,0.509217326409613,TRUE
"69-65-8","69-65-8","mannitol",-4.72681868815271,-4.04852073048773,0.816182020943982,-5.64823749153793,-2.44880396943752,"var_selected_predictors",-0.678297957664982,0.678297957664982,TRUE
"69-65-8","69-65-8","mannitol",-4,-4.48499194201793,0.805204473981231,-6.06319271102114,-2.90679117301471,"var_selected_predictors",0.484991942017928,0.484991942017928,TRUE
"69-65-8","69-65-8","mannitol",-4.68257958814785,-3.9616626186592,0.896870808881687,-5.7195294040673,-2.20379583325109,"var_selected_predictors",-0.720916969488653,0.720916969488653,TRUE
"69-65-8","69-65-8","mannitol",-4.45692576496647,-3.96228382054936,0.897091119390144,-5.72058241455404,-2.20398522654468,"var_selected_predictors",-0.494641944417109,0.494641944417109,TRUE
"69-65-8","69-65-8","mannitol",-4.77257756999574,-4.46749873486362,0.820564805682015,-6.07580575400036,-2.85919171572687,"var_selected_predictors",-0.305078835132123,0.305078835132123,TRUE
"69-65-8","69-65-8","mannitol",-4.43830246734601,-3.96228382054936,0.897091119390144,-5.72058241455404,-2.20398522654468,"var_selected_predictors",-0.476018646796649,0.476018646796649,TRUE
"69-65-8","69-65-8","mannitol",-4.18810341360238,-4.5168945789181,0.758924981835766,-6.0043875433162,-3.02940161452,"var_selected_predictors",0.328791165315724,0.328791165315724,TRUE
"69-65-8","69-65-8","mannitol",-4.00436480540245,-4.37852370675157,0.959808049211138,-6.2597474832054,-2.49729993029774,"var_selected_predictors",0.374158901349123,0.374158901349123,TRUE
"69-65-8","69-65-8","mannitol",-3.97265039222524,-4.5418458114701,0.729832244759644,-5.97231701119901,-3.1113746117412,"var_selected_predictors",0.569195419244865,0.569195419244865,TRUE
"69-65-8","69-65-8","mannitol",-3.1536628878702,-3.9616626186592,0.896870808881687,-5.7195294040673,-2.20379583325109,"var_selected_predictors",0.807999730788997,0.807999730788997,TRUE
"69-72-7","69-72-7","salicylic acid",-3.03151705144606,-1.8923616936187,0.723164244860845,-3.30976361354596,-0.474959773691448,"var_selected_predictors",-1.13915535782736,1.13915535782736,TRUE
"69-72-7","69-72-7","salicylic acid",-1.34678748622466,-1.91549369132348,0.732078407171524,-3.35036736937967,-0.480620013267291,"var_selected_predictors",0.568706205098819,0.568706205098819,TRUE
"71-23-8","71-23-8","n-propanol",-2.92081875395238,-2.85416155779469,0.380472902582433,-3.59988844685626,-2.10843466873312,"var_selected_predictors",-0.0666571961576876,0.0666571961576876,TRUE
"71-23-8","71-23-8","propanol",-2.76955107862173,-2.97087075562914,0.332779008405274,-3.62311761210347,-2.3186238991548,"var_selected_predictors",0.201319677007408,0.201319677007408,TRUE
"71-23-8","71-23-8","propanol",-2.92081875395238,-3.05603461038189,0.302445439433216,-3.64882767167099,-2.46324154909279,"var_selected_predictors",0.13521585642951,0.13521585642951,TRUE
"71-36-3","71-36-3","butanol",-2.52287874528034,-2.1078931379487,0.329890249828029,-2.75447802761164,-1.46130824828577,"var_selected_predictors",-0.414985607331638,0.414985607331638,TRUE
"71-36-3","71-36-3","butanol",-2.10237290870956,-2.03714136971507,0.362693777748717,-2.74802117410256,-1.32626156532759,"var_selected_predictors",-0.0652315389944862,0.0652315389944862,TRUE
"71-36-3","71-36-3","butanol",-2.65757731917779,-2.17982219414179,0.300053608879382,-2.76792726754538,-1.59171712073821,"var_selected_predictors",-0.477755125035995,0.477755125035995,TRUE
"71-36-3","71-36-3","butanol",-2.65757731917779,-2.17988816045523,0.300062305121692,-2.76801027849375,-1.59176604241671,"var_selected_predictors",-0.477689158722561,0.477689158722561,TRUE
"71-36-3","71-36-3","butanol",-2.60205999132796,-2.17982219414179,0.300053608879382,-2.76792726754538,-1.59171712073821,"var_selected_predictors",-0.422237797186165,0.422237797186165,TRUE
"71-36-3","71-36-3","n-butanol",-2.60205999132796,-2.00922771381715,0.376721964177799,-2.74760276360563,-1.27085266402866,"var_selected_predictors",-0.592832277510812,0.592832277510812,TRUE
"71-41-0","71-41-0","n-pentanol",-2.22184874961636,-1.76152222175036,0.39631015083237,-2.53829011738181,-0.984754326118919,"var_selected_predictors",-0.460326527865996,0.460326527865996,TRUE
"71-41-0","71-41-0","pentanol",-2.22184874961636,-1.96056490755671,0.317558337112318,-2.58297924829685,-1.33815056681657,"var_selected_predictors",-0.261283842059651,0.261283842059651,TRUE
"71-43-0","71-43-0","benzene",-0.954285941059132,-1.30874532360582,0.412455581825293,-2.1171582639834,-0.500332383228249,"var_selected_predictors",0.354459382546691,0.354459382546691,TRUE
"71-43-0","71-43-0","benzene",-0.795880017344075,-1.41452063888735,0.365440477467607,-2.13078397472386,-0.698257303050836,"var_selected_predictors",0.618640621543272,0.618640621543272,TRUE
"71-91-0","71-91-0","tetraethylammonium",-3.25387553642834,-5.04159777995409,0.732799837108582,-6.47788546068691,-3.60531009922127,"var_selected_predictors",1.78772224352575,1.78772224352575,FALSE
"71-91-0","71-91-0","tetraethylammonium bromide (+)",-3.36815053784018,-4.93712538302496,0.951254836143152,-6.80158486186554,-3.07266590418439,"var_selected_predictors",1.56897484518478,1.56897484518478,TRUE
"76-25-5","76-25-5","triamcinolone acetonide",-3.40230481407449,-4.66718525306144,1.34089848659332,-7.29534628678435,-2.03902421933854,"var_selected_predictors",1.26488043898695,1.26488043898695,TRUE
"76-25-5","76-25-5","triamcinolone acetonide",-4.70663744528855,-4.88075724455616,1.06360942329786,-6.96543171421996,-2.79608277489235,"var_selected_predictors",0.174119799267606,0.174119799267606,TRUE
"76180-96-6","76180-96-6","3-methyl-3h-imidazo[4,5-f]quinolin-2-amine",-2.07218350508968,-3.32096378836048,0.939487322432248,-5.16235894032768,-1.47956863639327,"var_selected_predictors",1.2487802832708,1.2487802832708,TRUE
"76180-96-6","76180-96-6","3-methyl-3h-imidazo[4,5-f]quinolin-2-amine",-2.43056359552234,-3.32096378836048,0.939487322432248,-5.16235894032768,-1.47956863639327,"var_selected_predictors",0.890400192838139,0.890400192838139,TRUE
"7732-18-5","7732-18-5","water",-2.80687540164554,-3.64147410867336,0.431473990942256,-4.48716313092019,-2.79578508642654,"var_selected_predictors",0.834598707027824,0.834598707027824,TRUE
"7732-18-5","7732-18-5","water",-2.98540960554622,-3.64147410867336,0.431473990942256,-4.48716313092019,-2.79578508642654,"var_selected_predictors",0.656064503127144,0.656064503127144,TRUE
"7732-18-5","7732-18-5","water",-2.80966830182971,-3.60830802226028,0.445620381167736,-4.48172396934904,-2.73489207517152,"var_selected_predictors",0.798639720430573,0.798639720430573,TRUE
"7732-18-5","7732-18-5","water",-3.14997431819434,-3.60831379233292,0.445631855642378,-4.48175222939198,-2.73487535527386,"var_selected_predictors",0.458339474138578,0.458339474138578,TRUE
"7732-18-5","7732-18-5","water",-3.07058107428571,-3.64147410867336,0.431473990942256,-4.48716313092019,-2.79578508642654,"var_selected_predictors",0.570893034387654,0.570893034387654,TRUE
"7732-18-5","7732-18-5","water",-3.24233473501217,-3.60830802226028,0.445620381167736,-4.48172396934904,-2.73489207517152,"var_selected_predictors",0.365973287248113,0.365973287248113,TRUE
"7732-18-5","7732-18-5","water",-3.45621525646938,-3.60830802226028,0.445620381167736,-4.48172396934904,-2.73489207517152,"var_selected_predictors",0.152092765790902,0.152092765790902,TRUE
"7732-18-5","7732-18-5","water",-3.27134965805094,-3.60830802226028,0.445620381167736,-4.48172396934904,-2.73489207517152,"var_selected_predictors",0.336958364209343,0.336958364209343,TRUE
"7732-18-5","7732-18-5","water",-3.15476521541715,-3.62486379067552,0.438490141631089,-4.48430446827245,-2.76542311307858,"var_selected_predictors",0.470098575258367,0.470098575258367,TRUE
"7732-18-5","7732-18-5","water",-3.52287874528034,-3.72535669209199,0.3980416902153,-4.50551840491398,-2.94519497927,"var_selected_predictors",0.202477946811648,0.202477946811648,TRUE
"7732-18-5","7732-18-5","water",-3.5,-3.72535669209199,0.3980416902153,-4.50551840491398,-2.94519497927,"var_selected_predictors",0.225356692091988,0.225356692091988,TRUE
"78-93-3","78-93-3","2-butanone",-2.34678748622466,-2.52433594728181,0.351271383567969,-3.21282785907503,-1.83584403548859,"var_selected_predictors",0.177548461057153,0.177548461057153,TRUE
"84-66-2","84-66-2","diethyl phthalate",-1.70509308939481,-1.76062927409393,0.492006364725799,-2.7249617489565,-0.796296799231366,"var_selected_predictors",0.0555361846991209,0.0555361846991209,TRUE
"87-66-1","87-66-1","pyrogallol",-2.81,-2.62219984182389,0.780164749325169,-4.15132275050122,-1.09307693314656,"var_selected_predictors",-0.18780015817611,0.18780015817611,TRUE
"88-04-0","88-04-0","chloroxylenol",-1.22875360095283,-1.60125044239923,0.525558036512291,-2.63134419396332,-0.57115669083514,"var_selected_predictors",0.3724968414464,0.3724968414464,TRUE
"88-04-0","88-04-0","chloroxylenol",-1.09474395125155,-1.48167260085047,0.604999499228879,-2.66747161933908,-0.295873582361872,"var_selected_predictors",0.386928649598923,0.386928649598923,TRUE
"88-06-2","88-06-2","2,4,6-trichlorophenol",-1.23275783168158,-1.60865814011694,0.507056303017017,-2.60248849403029,-0.614827786203586,"var_selected_predictors",0.375900308435358,0.375900308435358,TRUE
"88-18-6","88-18-6","o-t-butylphenol",-1.12842706445412,-1.25989399908611,0.442570475260882,-2.12733213059744,-0.392455867574781,"var_selected_predictors",0.131466934631989,0.131466934631989,TRUE
"89-83-8","89-83-8","thymol; 2-isopropyl-5-methylphenol",-1.27607480270083,-1.4212496995311,0.46006598818326,-2.3229790363703,-0.519520362691914,"var_selected_predictors",0.145174896830275,0.145174896830275,TRUE
"89-83-8","89-83-8","thymol; 2-isopropyl-5-methylphenol",-1.21324857785444,-1.30323158134645,0.523212047531091,-2.32872719450739,-0.277735968185514,"var_selected_predictors",0.0899830034920117,0.0899830034920117,TRUE
"90-15-3","90-15-3","naphthol",-1.58502665202918,-1.62051011492523,0.503101521502535,-2.6065890970702,-0.634431132780262,"var_selected_predictors",0.0354834628960503,0.0354834628960503,TRUE
"90-15-3","90-15-3","naphthol",-1.52287874528034,-1.62051011492523,0.503101521502535,-2.6065890970702,-0.634431132780262,"var_selected_predictors",0.0976313696448903,0.0976313696448903,TRUE
"91-20-3","91-20-3","naphthalene",-1.55111528700206,-1.18496518608443,0.495133713944722,-2.15542726541608,-0.214503106752772,"var_selected_predictors",-0.366150100917634,0.366150100917634,TRUE
"91-20-3","91-20-3","naphthalene",-1.78220214249451,-1.18496518608443,0.495133713944722,-2.15542726541608,-0.214503106752772,"var_selected_predictors",-0.597236956410084,0.597236956410084,TRUE
"92-48-8","92-48-8","6-methylcoumarin",-1.18136926112576,-2.1617236643489,0.581236952277999,-3.30094809081378,-1.02249923788402,"var_selected_predictors",0.980354403223139,0.980354403223139,TRUE
"92-48-8","92-48-8","6-methylcoumarin",-1.331936361143,-2.1617236643489,0.581236952277999,-3.30094809081378,-1.02249923788402,"var_selected_predictors",0.829787303205899,0.829787303205899,TRUE
"93-60-7","93-60-7","nicotinate, methyl",-3.30980391997149,-2.08625267281083,0.559630407570588,-3.18312827164918,-0.98937707397248,"var_selected_predictors",-1.22355124716066,1.22355124716066,FALSE
"93-60-7","93-60-7","nicotinate, methyl",-3.27572413039921,-2.09887066807548,0.561121114649193,-3.1986680527879,-0.999073283363067,"var_selected_predictors",-1.17685346232373,1.17685346232373,FALSE
"937-20-2","937-20-2","2,4-dichloroacetophenone",-0.743772935647774,-2.16230384837844,0.548466002806197,-3.23729721387859,-1.0873104828783,"var_selected_predictors",1.41853091273067,1.41853091273067,FALSE
"937-20-2","937-20-2","2,4-dichloroacetophenone",-1.86052608660328,-2.16230384837844,0.548466002806197,-3.23729721387859,-1.0873104828783,"var_selected_predictors",0.301777761775163,0.301777761775163,TRUE
"94-13-3","94-13-3","propylparaben",-1.67615465544754,-1.59351140669653,0.658429838585019,-2.88403389032316,-0.302988923069888,"var_selected_predictors",-0.0826432487510145,0.0826432487510145,TRUE
"94-13-3","94-13-3","propylparaben",-1.26606734367858,-1.67270268480531,0.594568237734152,-2.83805643076425,-0.507348938846372,"var_selected_predictors",0.40663534112673,0.40663534112673,TRUE
"94-13-3","94-13-3","propylparaben",-1.20290590120029,-1.67270268480531,0.594568237734152,-2.83805643076425,-0.507348938846372,"var_selected_predictors",0.46979678360502,0.46979678360502,TRUE
"94-26-8","94-26-8","butylparaben",-0.981299501333757,-1.4040790734954,0.613662418065867,-2.6068574129045,-0.201300734086298,"var_selected_predictors",0.422779572161641,0.422779572161641,TRUE
"94-26-8","94-26-8","butylparaben",-1.15242734085789,-1.48316070487476,0.556654145324535,-2.57420282971085,-0.392118580038668,"var_selected_predictors",0.330733364016867,0.330733364016867,TRUE
"95-48-7","95-48-7","o-cresol",-1.80172783601759,-1.81925202636971,0.436185434942499,-2.67417547885701,-0.964328573882412,"var_selected_predictors",0.0175241903521208,0.0175241903521208,TRUE
"95-54-5","95-54-5","o-phenylenediamine",-3.34678748622466,-2.42746556678213,0.572973808617883,-3.55049423167319,-1.30443690189108,"var_selected_predictors",-0.919321919442527,0.919321919442527,TRUE
"95-57-8","95-57-8","o-chlorophenol",-1.48044892137827,-1.79474038573417,0.42206837817533,-2.62199440695782,-0.967486364510522,"var_selected_predictors",0.314291464355899,0.314291464355899,TRUE
"95-65-8","95-65-8","3,4-xylenol",-1.44278385671974,-1.69863805145138,0.459889510774141,-2.6000214925687,-0.797254610334064,"var_selected_predictors",0.255854194731641,0.255854194731641,TRUE
"97-00-7","97-00-7","2,4-dinitrochlorobenzene",-1.57500847696703,-1.9536780340679,0.499608060228255,-2.93290983211528,-0.97444623602052,"var_selected_predictors",0.37866955710087,0.37866955710087,TRUE
"97-00-7","97-00-7","2,4-dinitrochlorobenzene",-1.50012264373278,-1.9536780340679,0.499608060228255,-2.93290983211528,-0.97444623602052,"var_selected_predictors",0.45355539033512,0.45355539033512,TRUE
"97-53-0","97-53-0","eugenol",-1.592980675785,-1.643385629307,0.455836012892133,-2.53682421457558,-0.749947044038415,"var_selected_predictors",0.050404953521995,0.050404953521995,TRUE
"97-53-0","97-53-0","eugenol",-1.555243965633,-1.643385629307,0.455836012892133,-2.53682421457558,-0.749947044038415,"var_selected_predictors",0.0881416636739951,0.0881416636739951,TRUE
"97-54-1","97-54-1","isoeugenol",-1.74568406057766,-1.56316622301307,0.442749894903438,-2.43095601702381,-0.695376429002336,"var_selected_predictors",-0.182517837564585,0.182517837564585,TRUE
"97-54-1","97-54-1","isoeugenol",-1.41300909711301,-1.56316622301307,0.442749894903438,-2.43095601702381,-0.695376429002336,"var_selected_predictors",0.150157125900065,0.150157125900065,TRUE
"98-86-2","98-86-2","acetophenone",-1.62740828480895,-1.71708360794432,0.469685499326872,-2.63766718662499,-0.79650002926365,"var_selected_predictors",0.0896753231353691,0.0896753231353691,TRUE
"98-86-2","98-86-2","acetophenone",-1.56017144166374,-1.71708360794432,0.469685499326872,-2.63766718662499,-0.79650002926365,"var_selected_predictors",0.156912166280579,0.156912166280579,TRUE
"99-76-3","99-76-3","methylparaben",-1.67358220444561,-1.88444431838724,0.69316294202938,-3.24304368476482,-0.525844952009652,"var_selected_predictors",0.210862113941626,0.210862113941626,TRUE
"99-76-3","99-76-3","methylparaben",-1.96257350205938,-1.93938996827178,0.631377749444923,-3.17689035718383,-0.701889579359731,"var_selected_predictors",-0.0231835337875999,0.0231835337875999,TRUE
"99-76-3","99-76-3","methylparaben",-2.03394335230684,-2.07088914603023,0.547615948572425,-3.14421640523219,-0.997561886828281,"var_selected_predictors",0.0369457937233935,0.0369457937233935,TRUE
"99-76-3","99-76-3","methylparaben",-2.07572071393812,-1.9734046125655,0.632040465986827,-3.21220392589968,-0.734605299231321,"var_selected_predictors",-0.102316101372618,0.102316101372618,TRUE
"100-02-7","100-02-7","p-nitrophenol; 4-nitrophenol",-2.25,-2.08372875586024,0.512221180304455,-3.08768226925698,-1.07977524246351,"var_mu_selected_predictors",-0.166271244139756,0.166271244139756,TRUE
"100-39-0","100-39-0","benzyl bromide",-1.54511979359646,-1.40320231988293,0.415345574659376,-2.2172796462153,-0.589124993550549,"var_mu_selected_predictors",-0.141917473713534,0.141917473713534,TRUE
"100-39-0","100-39-0","benzyl bromide",-1.89202735976865,-1.40320231988293,0.415345574659376,-2.2172796462153,-0.589124993550549,"var_mu_selected_predictors",-0.488825039885724,0.488825039885724,TRUE
"100-51-6","100-51-6","benzyl alcohol",-2.22205999132796,-2.11220927644367,0.372543156911075,-2.84239386398938,-1.38202468889796,"var_mu_selected_predictors",-0.109850714884291,0.109850714884291,TRUE
"1002-62-6","1002-62-6","sodium caprate; decanoic acid soap (c10:0)",-2.95233580539844,-2.48654484178426,1.27110661246534,-4.97791380221633,0.00482411864781218,"var_mu_selected_predictors",-0.46579096361418,0.46579096361418,TRUE
"103-11-7","103-11-7","2-ethylhexyl acrylate",-2.11289007326765,-1.33785660295753,0.344235205407742,-2.0125576055567,-0.663155600358357,"var_mu_selected_predictors",-0.775033470310119,0.775033470310119,FALSE
"103-11-7","103-11-7","2-ethylhexyl acrylate",-1.82434537155519,-1.33785660295753,0.344235205407742,-2.0125576055567,-0.663155600358357,"var_mu_selected_predictors",-0.486488768597659,0.486488768597659,TRUE
"104-54-1","104-54-1","cinnamyl alcohol",-1.54329916349423,-1.63621780327403,0.440943537069506,-2.50046713593027,-0.771968470617801,"var_mu_selected_predictors",0.0929186397798032,0.0929186397798032,TRUE
"104-54-1","104-54-1","cinnamyl alcohol",-1.47890341621095,-1.63621780327403,0.440943537069506,-2.50046713593027,-0.771968470617801,"var_mu_selected_predictors",0.157314387063083,0.157314387063083,TRUE
"104-85-8","104-85-8","p-tolunitrile",-1.34336049829281,-1.50288315785204,0.424763437091446,-2.33541949455127,-0.670346821152802,"var_mu_selected_predictors",0.159522659559227,0.159522659559227,TRUE
"104-85-8","104-85-8","p-tolunitrile",-1.51076062352006,-1.50288315785204,0.424763437091446,-2.33541949455127,-0.670346821152802,"var_mu_selected_predictors",-0.00787746566802316,0.00787746566802316,TRUE
"10521-91-2","10521-91-2","5-phenylpentanol",-0.94692155651658,-1.35954845255271,0.507486465080724,-2.35422192411093,-0.364874980994489,"var_mu_selected_predictors",0.412626896036127,0.412626896036127,TRUE
"106-24-1","106-24-1","geraniol",-0.986619380204979,-1.13722223862681,0.396820590583748,-1.91499059617096,-0.359453881082664,"var_mu_selected_predictors",0.150602858421831,0.150602858421831,TRUE
"106-24-1","106-24-1","geraniol",-1.01401437058883,-1.13722223862681,0.396820590583748,-1.91499059617096,-0.359453881082664,"var_mu_selected_predictors",0.12320786803798,0.12320786803798,TRUE
"106-41-3","106-41-3","p-bromophenol",-1.43951925261862,-1.90488909460303,0.462028699275283,-2.81046534518258,-0.999312844023475,"var_mu_selected_predictors",0.465369841984409,0.465369841984409,TRUE
"106-44-5","106-44-5","p-cresol",-0.920818753952375,-1.66646887679362,0.528433246986363,-2.70219804088689,-0.630739712700346,"var_mu_selected_predictors",0.745650122841243,0.745650122841243,TRUE
"106-44-5","106-44-5","p-cresol",-1.74875360095283,-1.82202080506943,0.414850421819893,-2.63512763183642,-1.00891397830244,"var_mu_selected_predictors",0.0732672041166005,0.0732672041166005,TRUE
"106-48-9","106-48-9","p-chlorophenol",-1.44875360095283,-1.77772604695811,0.43543887474707,-2.63118624146236,-0.92426585245385,"var_mu_selected_predictors",0.328972446005276,0.328972446005276,TRUE
"106-50-3","106-50-3","p-phenylenediamine",-3.61978875828839,-2.74155150380948,0.62452810410301,-3.96562658785138,-1.51747641976758,"var_mu_selected_predictors",-0.878237254478914,0.878237254478914,TRUE
"108-39-4","108-39-4","m-cresol",-1.81172783601759,-1.80453367654294,0.395978085659836,-2.58065072443621,-1.02841662864966,"var_mu_selected_predictors",-0.00719415947465296,0.00719415947465296,TRUE
"108-46-3","108-46-3","resorcinol",-2.42023266087399,-2.72564932301284,0.689569510152834,-4.07720556291239,-1.37409308311328,"var_mu_selected_predictors",0.305416662138847,0.305416662138847,TRUE
"108-46-3","108-46-3","resorcinol",-2.35642808060813,-2.72564932301284,0.689569510152834,-4.07720556291239,-1.37409308311328,"var_mu_selected_predictors",0.369221242404707,0.369221242404707,TRUE
"108-46-3","108-46-3","resorcinol",-3.07,-2.67065218536252,0.774015682459266,-4.18772292298268,-1.15358144774235,"var_mu_selected_predictors",-0.399347814637483,0.399347814637483,TRUE
"108-46-3","108-46-3","resorcinol; 1,3-benzenediol",-3.62291335664286,-2.81481782404616,0.585740457910827,-3.96286912155138,-1.66676652654094,"var_mu_selected_predictors",-0.808095532596701,0.808095532596701,TRUE
"108-73-6","108-73-6","phloroglucinol",-2.51,-2.90400625200252,0.865469690001672,-4.60032684440579,-1.20768565959924,"var_mu_selected_predictors",0.394006252002516,0.394006252002516,TRUE
"108-88-3","108-88-3","toluene",-0.0809219076239261,-1.29151117620588,0.303372157018793,-1.88612060396272,-0.696901748449049,"var_mu_selected_predictors",1.21058926858196,1.21058926858196,FALSE
"108-95-2","108-95-2","phenol",-2.03,-1.91765630361969,0.567950114192712,-3.03083852743741,-0.804474079801976,"var_mu_selected_predictors",-0.112343696380309,0.112343696380309,TRUE
"108-95-2","108-95-2","phenol",-2.08907809237607,-2.02624922819474,0.347612653312396,-2.70757002868704,-1.34492842770245,"var_mu_selected_predictors",-0.0628288641813262,0.0628288641813262,TRUE
"108-95-2","108-95-2","phenol",-1.70996538863748,-1.91196255700815,0.567999174099556,-3.02524093824328,-0.798684175773023,"var_mu_selected_predictors",0.201997168370674,0.201997168370674,TRUE
"108-95-2","108-95-2","phenol",-3.82792274303052,-2.06657641724802,0.308603510528153,-2.6714392978832,-1.46171353661284,"var_mu_selected_predictors",-1.76134632578249,1.76134632578249,FALSE
"110-80-5","110-80-5","2-ethoxy ethanol",-3.60205999132796,-2.95053002387363,0.38945375011397,-3.71385937409701,-2.18720067365025,"var_mu_selected_predictors",-0.651529967454329,0.651529967454329,TRUE
"111-27-3","111-27-3","hexanol",-1.49485002168009,-1.47485747862488,0.405156128644656,-2.26896349076841,-0.680751466481358,"var_mu_selected_predictors",-0.0199925430552075,0.0199925430552075,TRUE
"111-27-3","111-27-3","hexanol",-1.88605664769316,-1.65488205563196,0.330767914622349,-2.30318716829177,-1.00657694297216,"var_mu_selected_predictors",-0.231174592061197,0.231174592061197,TRUE
"111-27-3","111-27-3","n-hexanol",-1.88605664769316,-1.46907682020078,0.426459961414218,-2.30493834457265,-0.633215295828915,"var_mu_selected_predictors",-0.416979827492378,0.416979827492378,TRUE
"111-76-2","111-76-2","butoxyethanol",-2.25698018593163,-2.52567046316654,0.49776952860516,-3.50129873923265,-1.55004218710042,"var_mu_selected_predictors",0.268690277234907,0.268690277234907,TRUE
"111-87-5","111-87-5","n-octanol",-1.2839966563652,-1.10576045209484,0.443259384891392,-1.97454884648196,-0.236972057707709,"var_mu_selected_predictors",-0.178236204270363,0.178236204270363,TRUE
"111-87-5","111-87-5","octanol",-1.0301183562535,-1.09743090395797,0.42820499509072,-1.93671269433578,-0.258149113580161,"var_mu_selected_predictors",0.0673125477044709,0.0673125477044709,TRUE
"111-87-5","111-87-5","octanol",-1.15490195998574,-1.26576432959878,0.352919802483226,-1.9574871424659,-0.574041516731653,"var_mu_selected_predictors",0.110862369613037,0.110862369613037,TRUE
"111-87-5","111-87-5","octanol",-1.2839966563652,-1.30710395932087,0.351426463159915,-1.99589982711431,-0.618308091527437,"var_mu_selected_predictors",0.0231073029556712,0.0231073029556712,TRUE
"111-87-5","111-87-5","octanol",-1.21467016498923,-1.22224277015448,0.387049615757726,-1.98086001703962,-0.463625523269332,"var_mu_selected_predictors",0.00757260516524583,0.00757260516524583,TRUE
"112-30-1","112-30-1","decanol",-1.833220851329,-0.90841638146378,0.435298435313973,-1.76160131467917,-0.0552314482483921,"var_mu_selected_predictors",-0.92480446986522,0.92480446986522,FALSE
"112-30-1","112-30-1","decanol",-1.95860731484178,-0.908423221642128,0.435444521611166,-1.76189448400001,-0.0549519592842427,"var_mu_selected_predictors",-1.05018409319965,1.05018409319965,FALSE
"112-30-1","112-30-1","decanol",-1.14508697769214,-0.853218594207206,0.423440578519715,-1.68316212810585,-0.0232750603085654,"var_mu_selected_predictors",-0.291868383484934,0.291868383484934,TRUE
"112-30-1","112-30-1","decanol",-1.04575749056068,-1.04151969931019,0.348167237301542,-1.72392748442121,-0.359111914199171,"var_mu_selected_predictors",-0.0042377912504874,0.0042377912504874,TRUE
"112-30-1","112-30-1","decanol",-1.09691001300806,-1.09036429874466,0.346022006437694,-1.76856743136254,-0.412161166126779,"var_mu_selected_predictors",-0.00654571426340045,0.00654571426340045,TRUE
"112-30-1","112-30-1","n-decanol",-1.09691001300806,-0.864998909786876,0.437696473723736,-1.7228839982854,-0.00711382128835258,"var_mu_selected_predictors",-0.231911103221184,0.231911103221184,TRUE
"112-34-5","112-34-5","diethylene glycol monobutyl ether",-2.23600035701585,-3.00500897250947,0.412455039613082,-3.81342085015111,-2.19659709486783,"var_mu_selected_predictors",0.76900861549362,0.76900861549362,TRUE
"112-34-5","112-34-5","diethylene glycol monobutyl ether",-2.16688305055618,-3.00500897250947,0.412455039613082,-3.81342085015111,-2.19659709486783,"var_mu_selected_predictors",0.83812592195329,0.83812592195329,FALSE
"112-80-1","112-80-1","oleic acid",-2.88605664769316,-1.55912708382098,0.615651746620455,-2.76580450719707,-0.352449660444885,"var_mu_selected_predictors",-1.32692956387218,1.32692956387218,FALSE
"117-81-7","117-81-7","bis(2-ethylhexyl)phthalate",-4.09691001300806,-2.91693065483778,0.581321193538598,-4.05632019417343,-1.77754111550213,"var_mu_selected_predictors",-1.17997935817028,1.17997935817028,FALSE
"119-34-6","119-34-6","4-amino-2-nitrophenol",-4.06550154875643,-2.31777756117939,0.579506681612176,-3.45361065713926,-1.18194446521953,"var_mu_selected_predictors",-1.74772398757704,1.74772398757704,FALSE
"119-36-8","119-36-8","methyl salicylate",-1.44369749923271,-1.54306431999776,0.408635581622328,-2.34399005997752,-0.742138580018,"var_mu_selected_predictors",0.0993668207650522,0.0993668207650522,TRUE
"119-61-9","119-61-9","benzophenone",-1.24920613319746,-1.46596104378597,0.473012663357899,-2.39306586396746,-0.538856223604491,"var_mu_selected_predictors",0.216754910588514,0.216754910588514,TRUE
"119-61-9","119-61-9","benzophenone",-1.13822159828622,-1.46596104378597,0.473012663357899,-2.39306586396746,-0.538856223604491,"var_mu_selected_predictors",0.327739445499754,0.327739445499754,TRUE
"120-80-9","120-80-9","catechol",-2.51,-2.56643090709981,0.734893177391384,-4.00682153478693,-1.1260402794127,"var_mu_selected_predictors",0.0564309070998137,0.0564309070998137,TRUE
"120-83-2","120-83-2","2,4-dichlorophenol",-1.14874021557127,-1.38205369482148,0.549233312894556,-2.45855098809481,-0.305556401548154,"var_mu_selected_predictors",0.233313479250213,0.233313479250213,TRUE
"120-83-2","120-83-2","2,4-dichlorophenol",-1.22136169383427,-1.60206309704983,0.431697839796796,-2.44819086305155,-0.755935331048106,"var_mu_selected_predictors",0.380701403215558,0.380701403215558,TRUE
"1219-38-1","1219-38-1","octylparaben",-1.90585161784792,-1.30577619446459,0.598185045982633,-2.47821888459055,-0.133333504338631,"var_mu_selected_predictors",-0.600075423383328,0.600075423383328,TRUE
"122-57-6","122-57-6","benzylideneacetone",-1.40794873077454,-1.59232819093451,0.454042105270553,-2.48225071726479,-0.702405664604227,"var_mu_selected_predictors",0.18437946015997,0.18437946015997,TRUE
"122-57-6","122-57-6","benzylideneacetone",-1.11863375864077,-1.59232819093451,0.454042105270553,-2.48225071726479,-0.702405664604227,"var_mu_selected_predictors",0.47369443229374,0.47369443229374,TRUE
"123-07-9 ","123-07-9 ","p-ethylphenol",-1.46278385671974,-1.59887637335469,0.410852090128917,-2.40414647000736,-0.793606276702008,"var_mu_selected_predictors",0.136092516634946,0.136092516634946,TRUE
"123-31-9","123-31-9","hydroquinone",-5.0301183562535,-2.45888829815564,0.562947032809798,-3.56226448246284,-1.35551211384843,"var_mu_selected_predictors",-2.57123005809786,2.57123005809786,FALSE
"123-31-9","123-31-9","hydroquinone",-1.90385139213331,-2.42680099128779,0.589074021345531,-3.58138607312503,-1.27221590945055,"var_mu_selected_predictors",0.52294959915448,0.52294959915448,TRUE
"123-31-9","123-31-9","hydroquinone",-2.41644259377425,-2.42680099128779,0.589074021345531,-3.58138607312503,-1.27221590945055,"var_mu_selected_predictors",0.0103583975135395,0.0103583975135395,TRUE
"123-31-9","123-31-9","hydroquinone",-2.95,-2.6557499432169,0.75745046725114,-4.14035285902914,-1.17114702740467,"var_mu_selected_predictors",-0.294250056783098,0.294250056783098,TRUE
"124-94-7","124-94-7","triamcinolone",-5.40011692792631,-4.65735545789141,1.03088413261144,-6.67788835780984,-2.63682255797299,"var_mu_selected_predictors",-0.742761470034899,0.742761470034899,TRUE
"131-11-3","131-11-3","dimethyl phthalate",-1.55258483591006,-1.93842487534197,0.446269610595415,-2.81311331210898,-1.06373643857495,"var_mu_selected_predictors",0.385840039431905,0.385840039431905,TRUE
"131-11-3","131-11-3","dimethyl phthalate",-1.64782103953418,-1.93842487534197,0.446269610595415,-2.81311331210898,-1.06373643857495,"var_mu_selected_predictors",0.290603835807786,0.290603835807786,TRUE
"135-19-3","135-19-3","beta-naphthol; 2-naphthol",-1.5543957967264,-1.76498232850375,0.4958487946392,-2.73684596599658,-0.79311869101092,"var_mu_selected_predictors",0.210586531777351,0.210586531777351,TRUE
"135-19-3","135-19-3","beta-naphthol; 2-naphthol",-1.20065945054642,-1.65697458880155,0.572604273289351,-2.77927896444867,-0.534670213154418,"var_mu_selected_predictors",0.456315138255126,0.456315138255126,TRUE
"13523-86-9","13523-86-9","pindolol",-3.70333480973847,-3.21860554921764,0.719252867930484,-4.62834117036139,-1.8088699280739,"var_mu_selected_predictors",-0.484729260520825,0.484729260520825,TRUE
"13655-52-2","13655-52-2","alprenolol",-2.78664164637561,-2.87737151965323,0.790466671844549,-4.42668619646854,-1.32805684283791,"var_mu_selected_predictors",0.0907298732776187,0.0907298732776187,TRUE
"137-58-6","137-58-6","lidocaine",-2.40120949323688,-2.05658812125884,0.480914740439271,-2.99918101251981,-1.11399522999787,"var_mu_selected_predictors",-0.344621371978038,0.344621371978038,TRUE
"137-58-6","137-58-6","lidocaine",-2.52287874528034,-2.05833692943931,0.483827028909023,-3.006637906101,-1.11003595277763,"var_mu_selected_predictors",-0.464541815841025,0.464541815841025,TRUE
"137-58-6","137-58-6","lidocaine",-2.52287874528034,-2.05833692943931,0.483827028909023,-3.006637906101,-1.11003595277763,"var_mu_selected_predictors",-0.464541815841025,0.464541815841025,TRUE
"141-05-9","141-05-9","diethyl maleate",-1.66740097646667,-1.96662986141501,0.398702635682417,-2.74808702735255,-1.18517269547748,"var_mu_selected_predictors",0.299228884948344,0.299228884948344,TRUE
"141-05-9","141-05-9","diethyl maleate",-1.58608416024509,-1.96662986141501,0.398702635682417,-2.74808702735255,-1.18517269547748,"var_mu_selected_predictors",0.380545701169924,0.380545701169924,TRUE
"14199-15-6","14199-15-6","methyl 4-hydroxyphenylacetate",-1.69897000433602,-1.88997551169399,0.564393973603753,-2.99618769995735,-0.783763323430636,"var_mu_selected_predictors",0.191005507357972,0.191005507357972,TRUE
"143-08-8","143-08-8","n-nonanol",-1.22184874961636,-0.994857894271222,0.444088391038342,-1.86527114070637,-0.124444647836071,"var_mu_selected_predictors",-0.226990855345138,0.226990855345138,TRUE
"143-08-8","143-08-8","nonanol",-1.22184874961636,-1.19170450847626,0.34889673444309,-1.87554210798472,-0.507866908967806,"var_mu_selected_predictors",-0.0301442411400978,0.0301442411400978,TRUE
"14371-10-9","14371-10-9","trans-cinnamaldehyde",-1.55307871254876,-1.48973059750703,0.403476101938093,-2.2805437573057,-0.69891743770837,"var_mu_selected_predictors",-0.0633481150417268,0.0633481150417268,TRUE
"14371-10-9","14371-10-9","trans-cinnamaldehyde",-1.38433498624321,-1.48973059750703,0.403476101938093,-2.2805437573057,-0.69891743770837,"var_mu_selected_predictors",0.105395611263823,0.105395611263823,TRUE
"145-13-1","145-13-1","hydroxypregnenolone",-3.22184874961636,-3.23367846405865,1.12107577059855,-5.43098697443181,-1.03636995368548,"var_mu_selected_predictors",0.0118297144422868,0.0118297144422868,TRUE
"145-13-1","145-13-1","pregnenolone",-2.82390874094432,-2.9602265712019,0.810112324867676,-4.54804672794254,-1.37240641446125,"var_mu_selected_predictors",0.136317830257578,0.136317830257578,TRUE
"146-72-5","146-72-5","methylglucose",-3.68026950566978,-3.97211473439292,0.839569347374432,-5.61767065524681,-2.32655881353904,"var_mu_selected_predictors",0.291845228723143,0.291845228723143,TRUE
"1638-22-8","1638-22-8","p-n-butylphenol; 4-butylphenol",-1.11463877996849,-1.13613279814641,0.432583039963019,-1.98399555647393,-0.288270039818894,"var_mu_selected_predictors",0.0214940181779208,0.0214940181779208,TRUE
"16590-41-3","16590-41-3","naltrexone",-2.6664407795091,-3.02609921788239,0.893252774313075,-4.77687465553601,-1.27532378022876,"var_mu_selected_predictors",0.359658438373285,0.359658438373285,TRUE
"17194-82-0","17194-82-0","alfa-(4-hydroxyphenyl) acetamide",-3.34678748622466,-2.80224529754307,0.763410768860415,-4.29853040450948,-1.30596019057665,"var_mu_selected_predictors",-0.544542188681593,0.544542188681593,TRUE
"18979-50-5","18979-50-5","4-propoxyphenol",-1.82490330536304,-1.61524166502802,0.487463392676951,-2.57066991467484,-0.659813415381197,"var_mu_selected_predictors",-0.20966164033502,0.20966164033502,TRUE
"2152-44-5","2152-44-5","betamethasone-17-valerate",-2.88041422503822,-4.32068167511456,0.948822449717016,-6.18037367655991,-2.46098967366921,"var_mu_selected_predictors",1.44026745007634,1.44026745007634,TRUE
"2203-97-6","2203-97-6","hydrocortisone-21-hemisuccinate",-3.20065945054642,-4.01469098926263,1.07628974863579,-6.12421889658878,-1.90516308193647,"var_mu_selected_predictors",0.81403153871621,0.81403153871621,TRUE
"2493-02-9","2493-02-9","4-bromophenyl isocyanate",-1.84100559902551,-1.44214208674684,0.486369734687827,-2.39542676673499,-0.488857406758704,"var_mu_selected_predictors",-0.398863512278666,0.398863512278666,TRUE
"2493-02-9","2493-02-9","4-bromophenyl isocyanate",-1.75134980127003,-1.44214208674684,0.486369734687827,-2.39542676673499,-0.488857406758704,"var_mu_selected_predictors",-0.309207714523186,0.309207714523186,TRUE
"26839-75-8","26839-75-8","timolol",-3.57016261901271,-2.59881655391035,0.558927716337288,-3.69431487793143,-1.50331822988927,"var_mu_selected_predictors",-0.97134606510236,0.97134606510236,TRUE
"26839-75-8","26839-75-8","timolol",-3.53521248035406,-2.5036116201841,0.615516021182714,-3.71002302170222,-1.29720021866598,"var_mu_selected_predictors",-1.03160086016996,1.03160086016996,TRUE
"2871-01-4","2871-01-4","hc red no. 3; 2-(4-amino-2-nitroanilino)-ethanol",-1.67058885168866,-2.51870363227899,0.547533205921731,-3.59186871588558,-1.4455385486724,"var_mu_selected_predictors",0.84811478059033,0.84811478059033,TRUE
"2871-01-4","2871-01-4","hc red no. 3; 2-(4-amino-2-nitroanilino)-ethanol",-2.32271042397763,-2.51870363227899,0.547533205921731,-3.59186871588558,-1.4455385486724,"var_mu_selected_predictors",0.19599320830136,0.19599320830136,TRUE
"29122-68-7","29122-68-7","atenolol",-3.96657624451305,-3.52383205741761,0.714745564655247,-4.92473336414189,-2.12293075069333,"var_mu_selected_predictors",-0.442744187095441,0.442744187095441,TRUE
"31005-02-4","31005-02-4","7-ethoxycoumarin",-0.781780143112531,-2.15071822495357,0.521702428320036,-3.17325498446084,-1.1281814654463,"var_mu_selected_predictors",1.36893808184104,1.36893808184104,FALSE
"31005-02-4","31005-02-4","7-ethoxycoumarin",-0.919153916982604,-2.15071822495357,0.521702428320036,-3.17325498446084,-1.1281814654463,"var_mu_selected_predictors",1.23156430797097,1.23156430797097,FALSE
"333-41-5","333-41-5","diazinon",-2.06048074738138,-2.265306855357,0.75713827117358,-3.74929786685722,-0.781315843856785,"var_mu_selected_predictors",0.204826107975622,0.204826107975622,TRUE
"3360-41-6","3360-41-6","4-phenylbutanol",-1.08092190762393,-1.49451277902876,0.500671308775843,-2.47582854422942,-0.51319701382811,"var_mu_selected_predictors",0.413590871404833,0.413590871404833,TRUE
"3593-96-2","3593-96-2","hydrocortisone-21-hexanoate; hydrocortisone caproate",-2,-3.80347238364165,0.961282800708729,-5.68758667303076,-1.91935809425254,"var_mu_selected_predictors",1.80347238364165,1.80347238364165,TRUE
"3930-20-9","3930-20-9","sotalol",-4.31984585826563,-3.37336345425137,0.791863564428357,-4.92541604053095,-1.82131086797179,"var_mu_selected_predictors",-0.946482404014257,0.946482404014257,TRUE
"3930-20-9","3930-20-9","sotalol",-3.88598470867013,-3.37336345425137,0.791863564428357,-4.92541604053095,-1.82131086797179,"var_mu_selected_predictors",-0.512621254418757,0.512621254418757,TRUE
"3930-20-9","3930-20-9","sotalol",-4.17986287404271,-3.37336345425137,0.791863564428357,-4.92541604053095,-1.82131086797179,"var_mu_selected_predictors",-0.806499419791337,0.806499419791337,TRUE
"42200-33-9","42200-33-9","nadolol",-4.10127481841051,-3.40090407501783,0.718669423121453,-4.80949614433588,-1.99231200569979,"var_mu_selected_predictors",-0.700370743392675,0.700370743392675,TRUE
"437-38-7","437-38-7","fentanyl base",-1.96286612872332,-2.19390978058486,0.738976736195362,-3.64230418352777,-0.745515377641952,"var_mu_selected_predictors",0.231043651861541,0.231043651861541,TRUE
"463-40-1","463-40-1","linolenic acid",-2.431798275933,-1.6976658915079,0.582980007957378,-2.84030670710436,-0.555025075911437,"var_mu_selected_predictors",-0.734132384425102,0.734132384425102,TRUE
"499-75-2","499-75-2","iso-thymol; carvacrol",-1.25336580106242,-1.24275605700825,0.430388332844275,-2.08631718938303,-0.39919492463347,"var_mu_selected_predictors",-0.0106097440541717,0.0106097440541717,TRUE
"50-2-2","50-2-2","dexamethasone",-4.19382002601611,-4.29270295892628,1.03536000605564,-6.32200857079534,-2.26339734705722,"var_mu_selected_predictors",0.0988829329101684,0.0988829329101684,TRUE
"50-22-6","50-22-6","corticosterone",-2.24178591486039,-3.23592777053602,0.939335994247603,-5.07702631926132,-1.39482922181072,"var_mu_selected_predictors",0.994141855675631,0.994141855675631,TRUE
"50-22-6","50-22-6","corticosterone",-2.35454840605954,-3.23592777053602,0.939335994247603,-5.07702631926132,-1.39482922181072,"var_mu_selected_predictors",0.88137936447648,0.88137936447648,TRUE
"50-22-6","50-22-6","corticosterone",-3.16494389827988,-3.274521295473,0.938976514445078,-5.11491526378536,-1.43412732716065,"var_mu_selected_predictors",0.109577397193123,0.109577397193123,TRUE
"50-22-6","50-22-6","corticosterone",-4,-3.42802402708107,0.739406650801846,-4.87726106265269,-1.97878699150945,"var_mu_selected_predictors",-0.57197597291893,0.57197597291893,TRUE
"50-22-6","50-22-6","corticosterone",-3.33468369530231,-3.27006542351316,0.901785774490398,-5.03756554151434,-1.50256530551198,"var_mu_selected_predictors",-0.0646182717891461,0.0646182717891461,TRUE
"50-22-6","50-22-6","corticosterone",-3.52287874528034,-3.42579180140404,0.737355031571124,-4.87100766328344,-1.98057593952464,"var_mu_selected_predictors",-0.0970869438763007,0.0970869438763007,TRUE
"50-22-6","50-22-6","corticosterone",-3.52287874528034,-3.42984980106424,0.736434575301645,-4.87326156865546,-1.98643803347301,"var_mu_selected_predictors",-0.0930289442161012,0.0930289442161012,TRUE
"50-22-6","50-22-6","corticosterone",-4,-3.42507668673834,0.73879661825628,-4.87311805852065,-1.97703531495603,"var_mu_selected_predictors",-0.574923313261656,0.574923313261656,TRUE
"50-22-6","50-22-6","corticosterone",-3.26587485567249,-3.3979431409168,0.767397788801801,-4.90204280696833,-1.89384347486527,"var_mu_selected_predictors",0.132068285244312,0.132068285244312,TRUE
"50-22-6","50-22-6","corticosterone",-2.58587485567249,-3.20397672525844,0.978260974199166,-5.1213682346888,-1.28658521582807,"var_mu_selected_predictors",0.618101869585946,0.618101869585946,TRUE
"50-22-6","50-22-6","corticosterone",-4.22184874961636,-3.41598195857287,0.752016674459573,-4.88993464051364,-1.94202927663211,"var_mu_selected_predictors",-0.805866791043487,0.805866791043487,TRUE
"50-22-6","50-22-6","corticosterone",-4.67571754470231,-3.43282999993738,0.737015789353755,-4.87738094707074,-1.98827905280402,"var_mu_selected_predictors",-1.24288754476493,1.24288754476493,TRUE
"50-22-6","50-22-6","corticosterone",-3.23418248469008,-3.2667549333564,0.940886058333964,-5.11089160769097,-1.42261825902183,"var_mu_selected_predictors",0.0325724486663153,0.0325724486663153,TRUE
"50-23-7","50-23-7","hydrocortisone",-2.01894154396037,-3.69441361102724,0.904721652110059,-5.46766804916295,-1.92115917289152,"var_mu_selected_predictors",1.67547206706687,1.67547206706687,TRUE
"50-23-7","50-23-7","hydrocortisone",-2.68163603566894,-3.69441361102724,0.904721652110059,-5.46766804916295,-1.92115917289152,"var_mu_selected_predictors",1.0127775753583,1.0127775753583,TRUE
"50-23-7","50-23-7","hydrocortisone",-3.63827216398241,-3.54737941571725,1.02459139182696,-5.55557854369809,-1.5391802877364,"var_mu_selected_predictors",-0.0908927482651634,0.0908927482651634,TRUE
"50-23-7","50-23-7","hydrocortisone",-3.63870046691906,-3.63857437655771,0.970143966431562,-5.54005655076357,-1.73709220235185,"var_mu_selected_predictors",-0.000126090361351583,0.000126090361351583,TRUE
"50-23-7","50-23-7","hydrocortisone",-5.52287874528034,-3.80749366448889,0.787131705809578,-5.35027180787566,-2.26471552110212,"var_mu_selected_predictors",-1.71538508079145,1.71538508079145,FALSE
"50-23-7","50-23-7","hydrocortisone",-5.52724355068279,-3.82736636093436,0.769116195464972,-5.3348341040457,-2.31989861782301,"var_mu_selected_predictors",-1.69987718974843,1.69987718974843,FALSE
"50-24-8","50-24-8","prednisolone",-4.32790214206428,-3.93583910400583,0.899822137287314,-5.69949049308897,-2.1721877149227,"var_mu_selected_predictors",-0.392063038058447,0.392063038058447,TRUE
"50-27-1","50-27-1","estriol",-4.39794000867204,-3.57794152055113,0.983922604902087,-5.50642982615922,-1.64945321494304,"var_mu_selected_predictors",-0.819998488120913,0.819998488120913,TRUE
"50-28-2","50-28-2","beta-estradiol",-2.38721614328026,-2.71468558850732,0.724107479503556,-4.13393624833429,-1.29543492868035,"var_mu_selected_predictors",0.327469445227062,0.327469445227062,TRUE
"50-28-2","50-28-2","beta-estradiol",-2.01233373507373,-2.47918564339368,0.881628909737691,-4.20717830647956,-0.751192980307811,"var_mu_selected_predictors",0.466851908319955,0.466851908319955,TRUE
"50-28-2","50-28-2","beta-estradiol",-3.52287874528034,-2.69802070509968,0.736280301312234,-4.14113009567166,-1.2549113145277,"var_mu_selected_predictors",-0.824858040180663,0.824858040180663,TRUE
"50-28-2","50-28-2","beta-estradiol",-2.28149831113273,-2.57417764284372,0.811848255621779,-4.16540022386241,-0.982955061825032,"var_mu_selected_predictors",0.29267933171099,0.29267933171099,TRUE
"50-28-2","50-28-2","estradiol",-1.98581560249872,-2.57417764284372,0.811848255621779,-4.16540022386241,-0.982955061825032,"var_mu_selected_predictors",0.588362040345,0.588362040345,TRUE
"50-28-2","50-28-2","estradiol",-4.69680394257951,-2.514543287202,0.884682001586068,-4.24852001031069,-0.780566564093303,"var_mu_selected_predictors",-2.18226065537751,2.18226065537751,FALSE
"50-28-2","50-28-2","estradiol",-2.36451625318509,-2.514543287202,0.884682001586068,-4.24852001031069,-0.780566564093303,"var_mu_selected_predictors",0.150027034016906,0.150027034016906,TRUE
"50-28-2","50-28-2","estradiol",-2.38090666937326,-2.71468558850732,0.724107479503556,-4.13393624833429,-1.29543492868035,"var_mu_selected_predictors",0.333778919134062,0.333778919134062,TRUE
"50-28-2","50-28-2","estradiol",-2.21324857785444,-2.47903581277493,0.881600016763298,-4.20697184563099,-0.751099779918862,"var_mu_selected_predictors",0.265787234920486,0.265787234920486,TRUE
"50-28-2","50-28-2","estradiol",-2.49485002168009,-2.7148382762293,0.724131676325885,-4.13413636182804,-1.29554019063057,"var_mu_selected_predictors",0.219988254549214,0.219988254549214,TRUE
"50-28-2","50-28-2","estradiol",-2.52287874528034,-2.71468558850732,0.724107479503556,-4.13393624833429,-1.29543492868035,"var_mu_selected_predictors",0.191806843226982,0.191806843226982,TRUE
"50-28-2","50-28-2","estradiol",-2.52287874528034,-2.71272850877987,0.723977980953323,-4.13172535144838,-1.29373166611135,"var_mu_selected_predictors",0.189849763499527,0.189849763499527,TRUE
"50-28-2","50-28-2","estradiol",-2.52287874528034,-2.71272850877987,0.723977980953323,-4.13172535144838,-1.29373166611135,"var_mu_selected_predictors",0.189849763499527,0.189849763499527,TRUE
"50-28-2","50-28-2","estradiol",-2.08008551934057,-2.514543287202,0.884682001586068,-4.24852001031069,-0.780566564093303,"var_mu_selected_predictors",0.434457767861426,0.434457767861426,TRUE
"50-28-2","50-28-2","estradiol",-2.34969247686806,-2.57417764284372,0.811848255621779,-4.16540022386241,-0.982955061825032,"var_mu_selected_predictors",0.22448516597566,0.22448516597566,TRUE
"50-28-2","50-28-2","estradiol",-2.51173374958299,-2.57417764284372,0.811848255621779,-4.16540022386241,-0.982955061825032,"var_mu_selected_predictors",0.0624438932607299,0.0624438932607299,TRUE
"51-21-8","51-21-8","5-fluorouracil",-4.52574969288748,-3.55171988672852,0.944535531522532,-5.40300952851268,-1.70043024494435,"var_mu_selected_predictors",-0.974029806158962,0.974029806158962,TRUE
"51-21-8","51-21-8","5-fluorouracil",-4.72894468964132,-3.55940844394725,0.947687875355684,-5.41687667964439,-1.70194020825011,"var_mu_selected_predictors",-1.16953624569407,1.16953624569407,TRUE
"51-21-8","51-21-8","5-fluorouracil",-4.47108329972234,-3.55171988672852,0.944535531522532,-5.40300952851268,-1.70043024494435,"var_mu_selected_predictors",-0.919363412993822,0.919363412993822,TRUE
"51-21-8","51-21-8","5-fluorouracil (+ - + -)",-4.46597389394386,-3.55940844394725,0.947687875355684,-5.41687667964439,-1.70194020825011,"var_mu_selected_predictors",-0.906565449996611,0.906565449996611,TRUE
"512-69-6","512-69-6","raffinose",-4.85472588171206,-4.70414909102123,0.833416574889116,-6.33764557780389,-3.07065260423856,"var_mu_selected_predictors",-0.150576790690835,0.150576790690835,TRUE
"512-69-6","512-69-6","raffinose",-4.29756946355447,-4.87822638998445,0.822398599348794,-6.49012764470808,-3.26632513526081,"var_mu_selected_predictors",0.580656926429978,0.580656926429978,TRUE
"513-85-9","513-85-9","2,3-butanediol",-4.30102999566398,-3.03134046978224,0.469198249450122,-3.95096903870448,-2.11171190086,"var_mu_selected_predictors",-1.26968952588174,1.26968952588174,FALSE
"51384-51-1","51384-51-1","metoprolol",-3.52461940685664,-2.98104620373989,0.74627236819451,-4.44374004540113,-1.51835236207865,"var_mu_selected_predictors",-0.543573203116753,0.543573203116753,TRUE
"52-39-1","52-39-1","aldosterone",-4.23657200643706,-3.71259517160275,0.686966788413036,-5.0590500768923,-2.3661402663132,"var_mu_selected_predictors",-0.523976834834306,0.523976834834306,TRUE
"52-39-1","52-39-1","aldosterone",-4.74835790885864,-3.57825053715879,0.816529326156603,-5.17864801642574,-1.97785305789185,"var_mu_selected_predictors",-1.17010737169985,1.17010737169985,TRUE
"52-39-1","52-39-1","aldosterone",-4.30102999566398,-3.80329240403828,0.681231869956662,-5.13850686915334,-2.46807793892323,"var_mu_selected_predictors",-0.497737591625697,0.497737591625697,TRUE
"52-39-1","52-39-1","aldosterone",-4.52287874528034,-3.76642467716217,0.68021004271814,-5.09963636088972,-2.43321299343461,"var_mu_selected_predictors",-0.756454068118173,0.756454068118173,TRUE
"52-39-1","52-39-1","aldosterone",-4.52287874528034,-3.57157285037744,0.680276830129539,-4.90491543743133,-2.23823026332354,"var_mu_selected_predictors",-0.951305894902902,0.951305894902902,TRUE
"52-39-1","52-39-1","aldosterone",-4.01233373507373,-3.364521965695,0.849950186583733,-5.03042433139911,-1.69861959999088,"var_mu_selected_predictors",-0.647811769378734,0.647811769378734,TRUE
"53-06-5","53-06-5","cortisone",-3.82390874094432,-3.70611532330784,1.05431600632896,-5.77257469571261,-1.63965595090307,"var_mu_selected_predictors",-0.117793417636483,0.117793417636483,TRUE
"53-06-5","53-06-5","cortisone",-5,-3.87930688693185,0.840107089836104,-5.52591678301061,-2.23269699085308,"var_mu_selected_predictors",-1.12069311306815,1.12069311306815,TRUE
"53-16-7","53-16-7","estrone",-2.44369749923271,-3.05988319070862,0.891572448155691,-4.80736518909377,-1.31240119232346,"var_mu_selected_predictors",0.616185691475906,0.616185691475906,TRUE
"53-96-3","53-96-3","2-(acetylamino)fluorene",-1.16052197602182,-2.52749496500624,0.692420633733636,-3.88463940712416,-1.17035052288831,"var_mu_selected_predictors",1.36697298898442,1.36697298898442,FALSE
"53-96-3","53-96-3","2-(acetylamino)fluorene",-1.10756666442663,-2.52749496500624,0.692420633733636,-3.88463940712416,-1.17035052288831,"var_mu_selected_predictors",1.41992830057961,1.41992830057961,FALSE
"533-73-3","533-73-3","1,2,4-benzenetriol",-3.9,-2.70440892983686,0.782393338822515,-4.23789987392898,-1.17091798574473,"var_mu_selected_predictors",-1.19559107016314,1.19559107016314,TRUE
"53535-33-4","53535-33-4","heptanol",-1.42481215507234,-1.36724590175051,0.367756792611562,-2.08804921526918,-0.646442588231852,"var_mu_selected_predictors",-0.057566253321826,0.057566253321826,TRUE
"53535-33-4","53535-33-4","heptanol",-1.49485002168009,-1.45112523812551,0.333316128562949,-2.10442485010889,-0.797825626142128,"var_mu_selected_predictors",-0.0437247835545833,0.0437247835545833,TRUE
"53535-33-4","53535-33-4","n-heptanol",-1.49485002168009,-1.23581137826723,0.428090954583731,-2.07486964925134,-0.396753107283113,"var_mu_selected_predictors",-0.259038643412864,0.259038643412864,TRUE
"554-84-7","554-84-7","m-nitrophenol; 3-nitrophenol",-2.24848294855394,-2.0095367363925,0.486331136881361,-2.96274576467997,-1.05632770810504,"var_mu_selected_predictors",-0.238946212161435,0.238946212161435,TRUE
"56-81-5","56-81-5","glycerol",-4.56863623584101,-3.46932686727658,0.581751647626709,-4.60956009662493,-2.32909363792823,"var_mu_selected_predictors",-1.09930936856443,1.09930936856443,TRUE
"56-81-5","56-81-5","glycerol",-3.00594693641232,-3.51312279433637,0.578669211107071,-4.64731444810623,-2.37893114056651,"var_mu_selected_predictors",0.507175857924053,0.507175857924053,TRUE
"56030-54-7","56030-54-7","sufentanil base",-1.81815641205523,-2.80160180057971,0.785336577394834,-4.34086149227359,-1.26234210888584,"var_mu_selected_predictors",0.983445388524485,0.983445388524485,TRUE
"57-13-6","57-13-6","urea",-3.82973828460504,-3.52469715148157,0.816795821865417,-5.12561696233779,-1.92377734062535,"var_mu_selected_predictors",-0.305041133123469,0.305041133123469,TRUE
"57-13-6","57-13-6","urea",-3.95233580539844,-3.45434734396939,0.797813361768586,-5.01806153303582,-1.89063315490296,"var_mu_selected_predictors",-0.497988461429053,0.497988461429053,TRUE
"57-13-6","57-13-6","urea",-3.92564441915299,-3.53957107832934,0.820848250578619,-5.14843364946343,-1.93070850719525,"var_mu_selected_predictors",-0.386073340823648,0.386073340823648,TRUE
"57-13-6","57-13-6","urea",-3.69494112531286,-3.63693776900284,0.635535394203835,-4.88258714164236,-2.39128839636332,"var_mu_selected_predictors",-0.0580033563100204,0.0580033563100204,TRUE
"57-13-6","57-13-6","urea",-3.55495653854982,-3.50580411350869,0.859785592142134,-5.19098387410728,-1.82062435291011,"var_mu_selected_predictors",-0.0491524250411275,0.0491524250411275,TRUE
"57-13-6","57-13-6","urea",-3.5970511706556,-3.53957107832934,0.820848250578619,-5.14843364946343,-1.93070850719525,"var_mu_selected_predictors",-0.0574800923262582,0.0574800923262582,TRUE
"57-13-6","57-13-6","urea",-3.55720677406023,-3.53957107832934,0.820848250578619,-5.14843364946343,-1.93070850719525,"var_mu_selected_predictors",-0.0176356957308883,0.0176356957308883,TRUE
"57-50-1","57-50-1","sucrose",-5.0268721464003,-5.05758660108928,1.13120080212235,-7.27474017324908,-2.84043302892948,"var_mu_selected_predictors",0.0307144546889768,0.0307144546889768,TRUE
"57-50-1","57-50-1","sucrose",-5.2839966563652,-5.20642118291111,0.880832441385383,-6.93285276802647,-3.47998959779576,"var_mu_selected_predictors",-0.0775754734540852,0.0775754734540852,TRUE
"57-50-1","57-50-1","sucrose",-4.76200316671127,-5.05758660108928,1.13120080212235,-7.27474017324908,-2.84043302892948,"var_mu_selected_predictors",0.295583434378007,0.295583434378007,TRUE
"57-50-1","57-50-1","sucrose",-4.26905630657226,-5.05758660108928,1.13120080212235,-7.27474017324908,-2.84043302892948,"var_mu_selected_predictors",0.788530294517017,0.788530294517017,TRUE
"57-50-1","57-50-1","sucrose",-4.36451625318509,-5.05758660108928,1.13120080212235,-7.27474017324908,-2.84043302892948,"var_mu_selected_predictors",0.693070347904187,0.693070347904187,TRUE
"57-50-1","57-50-1","sucrose",-3.13406733180681,-5.05758660108928,1.13120080212235,-7.27474017324908,-2.84043302892948,"var_mu_selected_predictors",1.92351926928247,1.92351926928247,TRUE
"57-83-0","57-83-0","progesterone",-1.52287874528034,-2.59662425805543,0.75408517825726,-4.07463120743965,-1.1186173086712,"var_mu_selected_predictors",1.07374551277509,1.07374551277509,TRUE
"57-83-0","57-83-0","progesterone",-1.70344032687277,-2.52363730331501,0.728897351386767,-3.95227611203307,-1.09499849459695,"var_mu_selected_predictors",0.820196976442242,0.820196976442242,TRUE
"57-83-0","57-83-0","progesterone",-1.88605664769316,-2.72459241007112,0.586009345628846,-3.87317072750366,-1.57601409263858,"var_mu_selected_predictors",0.838535762377957,0.838535762377957,TRUE
"57-83-0","57-83-0","progesterone",-1.69897000433602,-2.80273104371236,0.580678581063312,-3.94086106259646,-1.66460102482827,"var_mu_selected_predictors",1.10376103937634,1.10376103937634,TRUE
"57-83-0","57-83-0","progesterone",-2.82390874094432,-2.70748746526689,0.598871635733086,-3.88127587130374,-1.53369905923004,"var_mu_selected_predictors",-0.116421275677427,0.116421275677427,TRUE
"58-08-2","58-08-2","caffeine",-3.80687540164554,-3.32655611927334,0.949714627744725,-5.187996789653,-1.46511544889368,"var_mu_selected_predictors",-0.480319282372201,0.480319282372201,TRUE
"58-08-2","58-08-2","caffeine",-4.58586563707645,-3.46270890315154,0.831294190873136,-5.09204551726289,-1.83337228904019,"var_mu_selected_predictors",-1.12315673392491,1.12315673392491,TRUE
"58-08-2","58-08-2","caffeine",-1.60220380347052,-3.43024523938872,0.865964410227835,-5.12753548343528,-1.73295499534217,"var_mu_selected_predictors",1.8280414359182,1.8280414359182,FALSE
"58-08-2","58-08-2","caffeine",-2.60631808276205,-3.43024523938872,0.865964410227835,-5.12753548343528,-1.73295499534217,"var_mu_selected_predictors",0.823927156626671,0.823927156626671,TRUE
"58-08-2","58-08-2","caffeine",-4.15490195998574,-3.45722849051706,0.87729331223182,-5.17672338249143,-1.73773359854269,"var_mu_selected_predictors",-0.697673469468682,0.697673469468682,TRUE
"58-08-2","58-08-2","caffeine",-3.69897000433602,-3.42475349019505,0.86360664730821,-5.11742251891914,-1.73208446147096,"var_mu_selected_predictors",-0.27421651414097,0.27421651414097,TRUE
"58-22-0","58-22-0","testosterone",-2.0571655062299,-2.57750827726155,0.719191403676751,-3.98712342846798,-1.16789312605511,"var_mu_selected_predictors",0.520342771031646,0.520342771031646,TRUE
"58-22-0","58-22-0","testosterone",-2.04694894237348,-2.4927713349373,0.821158638547646,-4.10224226649069,-0.88330040338392,"var_mu_selected_predictors",0.445822392563825,0.445822392563825,TRUE
"58-22-0","58-22-0","testosterone",-1.64633962279966,-2.59466715765749,0.742600390494866,-4.05016392302743,-1.13917039228756,"var_mu_selected_predictors",0.948327534857834,0.948327534857834,TRUE
"58-22-0","58-22-0","testosterone",-1.41570671752568,-2.55125557034218,0.746956539920974,-4.01529038858729,-1.08722075209707,"var_mu_selected_predictors",1.1355488528165,1.1355488528165,TRUE
"58-22-0","58-22-0","testosterone",-2.27083521030723,-2.72326647179476,0.649553255738653,-3.99639085304252,-1.450142090547,"var_mu_selected_predictors",0.452431261487528,0.452431261487528,TRUE
"58-22-0","58-22-0","testosterone",-2.38875983135141,-2.49690485734765,0.79111389405603,-4.04748808969747,-0.946321624997831,"var_mu_selected_predictors",0.10814502599624,0.10814502599624,TRUE
"58-22-0","58-22-0","testosterone",-2.65757731917779,-2.67556334448056,0.653606573957595,-3.95663222943744,-1.39449445952367,"var_mu_selected_predictors",0.0179860253027684,0.0179860253027684,TRUE
"58-22-0","58-22-0","testosterone",-2.65757731917779,-2.66940810039028,0.653239453704393,-3.94975742965089,-1.38905877112967,"var_mu_selected_predictors",0.0118307812124918,0.0118307812124918,TRUE
"58-22-0","58-22-0","testosterone",-2.65757731917779,-2.66940810039028,0.653239453704393,-3.94975742965089,-1.38905877112967,"var_mu_selected_predictors",0.0118307812124918,0.0118307812124918,TRUE
"58-22-0","58-22-0","testosterone",-3.39794000867204,-2.65699174577133,0.666173855574186,-3.96269250269674,-1.35129098884593,"var_mu_selected_predictors",-0.740948262900709,0.740948262900709,TRUE
"58-22-0","58-22-0","testosterone",-3.06752623532285,-2.67556334448056,0.653606573957595,-3.95663222943744,-1.39449445952367,"var_mu_selected_predictors",-0.391962890842292,0.391962890842292,TRUE
"58-22-0","58-22-0","testosterone",-2.13194363817696,-2.4898057330358,0.820593169619416,-4.09816834548985,-0.881443120581744,"var_mu_selected_predictors",0.357862094858839,0.357862094858839,TRUE
"58-54-8","58-54-8","ethacrynic acid",-3.82390874094432,-2.60910655131631,0.730165373020826,-4.04023068243713,-1.17798242019549,"var_mu_selected_predictors",-1.21480218962801,1.21480218962801,TRUE
"59-05-2","59-05-2","methotrexate",-3.40160112979023,-5.032974635373,0.672980554753715,-6.35201652269028,-3.71393274805572,"var_mu_selected_predictors",1.63137350558277,1.63137350558277,FALSE
"59-50-7","59-50-7","chlorocresol",-1.26406804435028,-1.55099613929086,0.452134730007272,-2.43718021010511,-0.664812068476606,"var_mu_selected_predictors",0.286928094940579,0.286928094940579,TRUE
"59-50-7","59-50-7","chlorocresol",-1.65255620893436,-1.49310786404401,0.517262969351991,-2.50694328397391,-0.479272444114106,"var_mu_selected_predictors",-0.159448344890353,0.159448344890353,TRUE
"60-12-8","60-12-8","2-phenylethanol",-1.25963731050576,-1.8248401951139,0.454819446434636,-2.71628631012579,-0.933394080102011,"var_mu_selected_predictors",0.565202884608138,0.565202884608138,TRUE
"60-12-8","60-12-8","2-phenylethanol",-2.11527250510331,-1.98158289045539,0.368420648913919,-2.70368736232667,-1.25947841858411,"var_mu_selected_predictors",-0.133689614647918,0.133689614647918,TRUE
"610-81-1","610-81-1","4-amino-3-nitrophenol",-2.1297393876227,-2.31745149866267,0.646451007294116,-3.58449547295914,-1.0504075243662,"var_mu_selected_predictors",0.187712111039971,0.187712111039971,TRUE
"610-81-1","610-81-1","4-amino-3-nitrophenol",-2.26671923730847,-2.31745149866267,0.646451007294116,-3.58449547295914,-1.0504075243662,"var_mu_selected_predictors",0.0507322613542014,0.0507322613542014,TRUE
"614-18-6","614-18-6","nicotinate, ethyl",-3.10790539730952,-1.90498992615826,0.482765276229449,-2.85120986756798,-0.958769984748539,"var_mu_selected_predictors",-1.20291547115126,1.20291547115126,FALSE
"614-18-6","614-18-6","nicotinate, ethyl",-3.08618614761628,-1.92900109158883,0.48656410333056,-2.88266673411673,-0.975335449060932,"var_mu_selected_predictors",-1.15718505602745,1.15718505602745,FALSE
"623-05-2","623-05-2","4-hydroxybenzyl alcohol",-2.69897000433602,-2.27819458723445,0.620282476422037,-3.49394824102165,-1.06244093344726,"var_mu_selected_predictors",-0.420775417101567,0.420775417101567,TRUE
"63-36-5","63-36-5","salicylate",-3.96686900819185,-2.62035903711025,0.774670373956077,-4.13871297006416,-1.10200510415634,"var_mu_selected_predictors",-1.3465099710816,1.3465099710816,TRUE
"64-17-5","64-17-5","ethanol",-2.72124639904717,-3.07323565394874,0.471237335580701,-3.99686083168691,-2.14961047621056,"var_mu_selected_predictors",0.351989254901566,0.351989254901566,TRUE
"64-17-5","64-17-5","ethanol",-3.09691001300806,-3.04142841598499,0.491047687304548,-4.0038818831019,-2.07897494886807,"var_mu_selected_predictors",-0.0554815970230735,0.0554815970230735,TRUE
"64-17-5","64-17-5","ethanol",-3.09691001300806,-3.2353293396131,0.383831618507775,-3.98763931188834,-2.48301936733786,"var_mu_selected_predictors",0.138419326605042,0.138419326605042,TRUE
"64-19-7","64-19-7","acetic acid",-2.77786589964853,-2.76702932588049,0.58740986117014,-3.91835265377397,-1.61570599798702,"var_mu_selected_predictors",-0.0108365737680356,0.0108365737680356,TRUE
"64-85-7","64-85-7","cortexone",-3.34678748622466,-2.82868259773898,0.661798682771896,-4.1258080159719,-1.53155717950607,"var_mu_selected_predictors",-0.518104888485677,0.518104888485677,TRUE
"65-85-0","65-85-0","benzoic acid",-2.11918640771921,-1.88358683093947,0.634576336834502,-3.12735645113509,-0.639817210743848,"var_mu_selected_predictors",-0.235599576779739,0.235599576779739,TRUE
"65-85-0","65-85-0","benzoic acid",-1.50863830616573,-1.8223797825827,0.614970076272907,-3.02772113207759,-0.617038433087798,"var_mu_selected_predictors",0.313741476416966,0.313741476416966,TRUE
"65-85-0","65-85-0","benzoic acid",-1.50863830616573,-1.8223797825827,0.614970076272907,-3.02772113207759,-0.617038433087798,"var_mu_selected_predictors",0.313741476416966,0.313741476416966,TRUE
"66-27-3","66-27-3","methyl methanesulfonate",-1.91205408690953,-2.64144076187192,0.535868626199225,-3.6917432692224,-1.59113825452144,"var_mu_selected_predictors",0.729386674962388,0.729386674962388,TRUE
"66-27-3","66-27-3","methyl methanesulfonate",-2.06776764179179,-2.64144076187192,0.535868626199225,-3.6917432692224,-1.59113825452144,"var_mu_selected_predictors",0.573673120080128,0.573673120080128,TRUE
"6677-98-1","6677-98-1","hydrocortisone-21-propionate",-2.46852108295775,-3.86947221185411,1.12158382658566,-6.067776511962,-1.67116791174621,"var_mu_selected_predictors",1.40095112889636,1.40095112889636,TRUE
"67-56-1","67-56-1","methanol",-3.30102999566398,-3.1986155844273,0.50085172289087,-4.1802849612934,-2.21694620756119,"var_mu_selected_predictors",-0.102414411236682,0.102414411236682,TRUE
"67-56-1","67-56-1","methanol",-3.30102999566398,-3.38315698316771,0.392698804082816,-4.15284663917003,-2.61346732716539,"var_mu_selected_predictors",0.082126987503734,0.082126987503734,TRUE
"67-56-1","67-56-1","methanol",-2.79588001734407,-3.2995571030739,0.434730047464125,-4.15162799610358,-2.44748621004421,"var_mu_selected_predictors",0.503677085729825,0.503677085729825,TRUE
"68-96-2","68-96-2","17-alfa-hydroxyprogesterone",-3.22184874961636,-3.67225104226697,0.860518839845298,-5.35886796836375,-1.98563411617018,"var_mu_selected_predictors",0.450402292650607,0.450402292650607,TRUE
"69-29-7","69-29-7","ethyl ether",-1.79588001734408,-2.33402994075546,0.347480414296837,-3.01509155277726,-1.65296832873366,"var_mu_selected_predictors",0.538149923411381,0.538149923411381,TRUE
"69-65-8","69-65-8","mannitol",-4.72681868815271,-4.05110929749762,0.779373745999555,-5.57868183965675,-2.5235367553385,"var_mu_selected_predictors",-0.675709390655086,0.675709390655086,TRUE
"69-65-8","69-65-8","mannitol",-4,-4.48570706556069,0.760593039952934,-5.97646942386844,-2.99494470725294,"var_mu_selected_predictors",0.485707065560688,0.485707065560688,TRUE
"69-65-8","69-65-8","mannitol",-4.68257958814785,-3.96348009322128,0.861615124717312,-5.65224573766722,-2.27471444877535,"var_mu_selected_predictors",-0.719099494926566,0.719099494926566,TRUE
"69-65-8","69-65-8","mannitol",-4.45692576496647,-3.96404832004051,0.86172390147399,-5.65302716692953,-2.27506947315149,"var_mu_selected_predictors",-0.492877444925957,0.492877444925957,TRUE
"69-65-8","69-65-8","mannitol",-4.77257756999574,-4.46804848642316,0.77598921041112,-5.98898733882896,-2.94710963401737,"var_mu_selected_predictors",-0.304529083572577,0.304529083572577,TRUE
"69-65-8","69-65-8","mannitol",-4.43830246734601,-3.96404832004051,0.86172390147399,-5.65302716692953,-2.27506947315149,"var_mu_selected_predictors",-0.474254147305497,0.474254147305497,TRUE
"69-65-8","69-65-8","mannitol",-4.18810341360238,-4.5191920146436,0.712451670051926,-5.91559728794537,-3.12278674134182,"var_mu_selected_predictors",0.331088601041215,0.331088601041215,TRUE
"69-65-8","69-65-8","mannitol",-4.00436480540245,-4.37507904725437,0.922548733036442,-6.18327456400579,-2.56688353050294,"var_mu_selected_predictors",0.370714241851917,0.370714241851917,TRUE
"69-65-8","69-65-8","mannitol",-3.97265039222524,-4.5450082126653,0.682676823156076,-5.88305478605121,-3.20696163927939,"var_mu_selected_predictors",0.572357820440063,0.572357820440063,TRUE
"69-65-8","69-65-8","mannitol",-3.1536628878702,-3.96348009322128,0.861615124717312,-5.65224573766722,-2.27471444877535,"var_mu_selected_predictors",0.809817205351083,0.809817205351083,TRUE
"69-72-7","69-72-7","salicylic acid",-3.03151705144606,-1.90691196695005,0.689515357234283,-3.25836206712924,-0.555461866770854,"var_mu_selected_predictors",-1.12460508449601,1.12460508449601,TRUE
"69-72-7","69-72-7","salicylic acid",-1.34678748622466,-1.93314947410472,0.69934259062427,-3.30386095172829,-0.562437996481152,"var_mu_selected_predictors",0.586361987880061,0.586361987880061,TRUE
"71-23-8","71-23-8","n-propanol",-2.92081875395238,-2.91310726549026,0.494761751929815,-3.88284029927269,-1.94337423170782,"var_mu_selected_predictors",-0.00771148846212322,0.00771148846212322,TRUE
"71-23-8","71-23-8","propanol",-2.76955107862173,-3.02745454550671,0.428071294064673,-3.86647428187347,-2.18843480913996,"var_mu_selected_predictors",0.257903466884984,0.257903466884984,TRUE
"71-23-8","71-23-8","propanol",-2.92081875395238,-3.11087207648439,0.38617670814713,-3.86777842445276,-2.35396572851601,"var_mu_selected_predictors",0.190053322532009,0.190053322532009,TRUE
"71-36-3","71-36-3","butanol",-2.52287874528034,-2.12758906468378,0.348976564676419,-2.81158313144956,-1.443594997918,"var_mu_selected_predictors",-0.395289680596561,0.395289680596561,TRUE
"71-36-3","71-36-3","butanol",-2.10237290870956,-2.05586334417957,0.384868706210459,-2.81020600835207,-1.30152068000708,"var_mu_selected_predictors",-0.0465095645299862,0.0465095645299862,TRUE
"71-36-3","71-36-3","butanol",-2.65757731917779,-2.20050827941776,0.316498668112804,-2.82084566891886,-1.58017088991667,"var_mu_selected_predictors",-0.457069039760027,0.457069039760027,TRUE
"71-36-3","71-36-3","butanol",-2.65757731917779,-2.20056903498268,0.316504366364833,-2.82091759305775,-1.58022047690761,"var_mu_selected_predictors",-0.457008284195108,0.457008284195108,TRUE
"71-36-3","71-36-3","butanol",-2.60205999132796,-2.20050827941776,0.316498668112804,-2.82084566891886,-1.58017088991667,"var_mu_selected_predictors",-0.401551711910197,0.401551711910197,TRUE
"71-36-3","71-36-3","n-butanol",-2.60205999132796,-2.02755931660694,0.400269071911501,-2.81208669755348,-1.2430319356604,"var_mu_selected_predictors",-0.57450067472102,0.57450067472102,TRUE
"71-41-0","71-41-0","n-pentanol",-2.22184874961636,-1.77638060373214,0.407392832752206,-2.57487055592647,-0.977890651537821,"var_mu_selected_predictors",-0.445468145884216,0.445468145884216,TRUE
"71-41-0","71-41-0","pentanol",-2.22184874961636,-1.9745080409754,0.321782338619276,-2.60520142466918,-1.34381465728162,"var_mu_selected_predictors",-0.24734070864096,0.24734070864096,TRUE
"71-43-0","71-43-0","benzene",-0.954285941059132,-1.30229921175701,0.386424472713043,-2.05969117827458,-0.544907245239448,"var_mu_selected_predictors",0.348013270697881,0.348013270697881,TRUE
"71-43-0","71-43-0","benzene",-0.795880017344075,-1.40858088714404,0.339586010663267,-2.07416946804404,-0.742992306244035,"var_mu_selected_predictors",0.612700869799963,0.612700869799963,TRUE
"71-91-0","71-91-0","tetraethylammonium",-3.25387553642834,-5.04735175762167,0.8619399784425,-6.73675411536897,-3.35794939987437,"var_mu_selected_predictors",1.79347622119333,1.79347622119333,FALSE
"71-91-0","71-91-0","tetraethylammonium bromide (+)",-3.36815053784018,-4.94426062242552,1.14324562601457,-7.18502204941407,-2.70349919543697,"var_mu_selected_predictors",1.57611008458534,1.57611008458534,TRUE
"76-25-5","76-25-5","triamcinolone acetonide",-3.40230481407449,-4.75329793290828,1.68016128909056,-8.04641405952579,-1.46018180629078,"var_mu_selected_predictors",1.35099311883379,1.35099311883379,TRUE
"76-25-5","76-25-5","triamcinolone acetonide",-4.70663744528855,-4.96581388636721,1.31657210151269,-7.54629520533208,-2.38533256740235,"var_mu_selected_predictors",0.259176441078664,0.259176441078664,TRUE
"76180-96-6","76180-96-6","3-methyl-3h-imidazo[4,5-f]quinolin-2-amine",-2.07218350508968,-3.36481728432768,1.03500612706846,-5.39342929338187,-1.33620527527349,"var_mu_selected_predictors",1.292633779238,1.292633779238,TRUE
"76180-96-6","76180-96-6","3-methyl-3h-imidazo[4,5-f]quinolin-2-amine",-2.43056359552234,-3.36481728432768,1.03500612706846,-5.39342929338187,-1.33620527527349,"var_mu_selected_predictors",0.93425368880534,0.93425368880534,TRUE
"7732-18-5","7732-18-5","water",-2.80687540164554,-3.64347191480502,0.594450210098952,-4.80859432659896,-2.47834950301107,"var_mu_selected_predictors",0.836596513159475,0.836596513159475,TRUE
"7732-18-5","7732-18-5","water",-2.98540960554622,-3.64347191480502,0.594450210098952,-4.80859432659896,-2.47834950301107,"var_mu_selected_predictors",0.658062309258795,0.658062309258795,TRUE
"7732-18-5","7732-18-5","water",-2.80966830182971,-3.61093251514165,0.616829919679588,-4.81991915771364,-2.40194587256966,"var_mu_selected_predictors",0.801264213311937,0.801264213311937,TRUE
"7732-18-5","7732-18-5","water",-3.14997431819434,-3.61093103086633,0.616825086123118,-4.81990819966764,-2.40195386206502,"var_mu_selected_predictors",0.460956712671992,0.460956712671992,TRUE
"7732-18-5","7732-18-5","water",-3.07058107428571,-3.64347191480502,0.594450210098952,-4.80859432659896,-2.47834950301107,"var_mu_selected_predictors",0.572890840519305,0.572890840519305,TRUE
"7732-18-5","7732-18-5","water",-3.24233473501217,-3.61093251514165,0.616829919679588,-4.81991915771364,-2.40194587256966,"var_mu_selected_predictors",0.368597780129477,0.368597780129477,TRUE
"7732-18-5","7732-18-5","water",-3.45621525646938,-3.61093251514165,0.616829919679588,-4.81991915771364,-2.40194587256966,"var_mu_selected_predictors",0.154717258672267,0.154717258672267,TRUE
"7732-18-5","7732-18-5","water",-3.27134965805094,-3.61093251514165,0.616829919679588,-4.81991915771364,-2.40194587256966,"var_mu_selected_predictors",0.339582857090707,0.339582857090707,TRUE
"7732-18-5","7732-18-5","water",-3.15476521541715,-3.62717545555035,0.605532195205698,-4.81401855815352,-2.44033235294718,"var_mu_selected_predictors",0.472410240133197,0.472410240133197,TRUE
"7732-18-5","7732-18-5","water",-3.52287874528034,-3.72576950254747,0.542131692183921,-4.78834761922796,-2.66319138586698,"var_mu_selected_predictors",0.20289075726713,0.20289075726713,TRUE
"7732-18-5","7732-18-5","water",-3.5,-3.72576950254747,0.542131692183921,-4.78834761922796,-2.66319138586698,"var_mu_selected_predictors",0.22576950254747,0.22576950254747,TRUE
"78-93-3","78-93-3","2-butanone",-2.34678748622466,-2.54763908776316,0.386669970860281,-3.30551223064931,-1.78976594487701,"var_mu_selected_predictors",0.200851601538496,0.200851601538496,TRUE
"84-66-2","84-66-2","diethyl phthalate",-1.70509308939481,-1.75204649481549,0.460975402685387,-2.65555828407885,-0.848534705552134,"var_mu_selected_predictors",0.046953405420683,0.046953405420683,TRUE
"87-66-1","87-66-1","pyrogallol",-2.81,-2.64143325213499,0.798172523304212,-4.20585139781125,-1.07701510645873,"var_mu_selected_predictors",-0.16856674786501,0.16856674786501,TRUE
"88-04-0","88-04-0","chloroxylenol",-1.22875360095283,-1.59253793792532,0.485564215811185,-2.54424380091524,-0.640832074935396,"var_mu_selected_predictors",0.363784336972489,0.363784336972489,TRUE
"88-04-0","88-04-0","chloroxylenol",-1.09474395125155,-1.47724531514353,0.562380085051109,-2.5795102818437,-0.374980348443354,"var_mu_selected_predictors",0.382501363891978,0.382501363891978,TRUE
"88-06-2","88-06-2","2,4,6-trichlorophenol",-1.23275783168158,-1.60464288661784,0.458529220572686,-2.5033601589403,-0.705925614295372,"var_mu_selected_predictors",0.371885054936257,0.371885054936257,TRUE
"88-18-6","88-18-6","o-t-butylphenol",-1.12842706445412,-1.24397715264762,0.410482278217657,-2.04852241795423,-0.439431887341011,"var_mu_selected_predictors",0.115550088193498,0.115550088193498,TRUE
"89-83-8","89-83-8","thymol; 2-isopropyl-5-methylphenol",-1.27607480270083,-1.41310865759066,0.419875077409953,-2.23606380931417,-0.590153505867157,"var_mu_selected_predictors",0.137033854889834,0.137033854889834,TRUE
"89-83-8","89-83-8","thymol; 2-isopropyl-5-methylphenol",-1.21324857785444,-1.29469876976576,0.481235382091983,-2.23792011866605,-0.351477420865475,"var_mu_selected_predictors",0.0814501919113226,0.0814501919113226,TRUE
"90-15-3","90-15-3","naphthol",-1.58502665202918,-1.61528113341414,0.462045983099969,-2.52089126029007,-0.709671006538196,"var_mu_selected_predictors",0.0302544813849555,0.0302544813849555,TRUE
"90-15-3","90-15-3","naphthol",-1.52287874528034,-1.61528113341414,0.462045983099969,-2.52089126029007,-0.709671006538196,"var_mu_selected_predictors",0.0924023881337954,0.0924023881337954,TRUE
"91-20-3","91-20-3","naphthalene",-1.55111528700206,-1.12421698728013,0.452843839218872,-2.01179091214912,-0.236643062411138,"var_mu_selected_predictors",-0.426898299721932,0.426898299721932,TRUE
"91-20-3","91-20-3","naphthalene",-1.78220214249451,-1.12421698728013,0.452843839218872,-2.01179091214912,-0.236643062411138,"var_mu_selected_predictors",-0.657985155214382,0.657985155214382,TRUE
"92-48-8","92-48-8","6-methylcoumarin",-1.18136926112576,-2.16742398754226,0.536230214845682,-3.21843520863979,-1.11641276644472,"var_mu_selected_predictors",0.986054726416497,0.986054726416497,TRUE
"92-48-8","92-48-8","6-methylcoumarin",-1.331936361143,-2.16742398754226,0.536230214845682,-3.21843520863979,-1.11641276644472,"var_mu_selected_predictors",0.835487626399257,0.835487626399257,TRUE
"93-60-7","93-60-7","nicotinate, methyl",-3.30980391997149,-2.08538618966977,0.527031703235629,-3.1183683280116,-1.05240405132794,"var_mu_selected_predictors",-1.22441773030172,1.22441773030172,FALSE
"93-60-7","93-60-7","nicotinate, methyl",-3.27572413039921,-2.09813217182663,0.529431804339593,-3.13581850833223,-1.06044583532103,"var_mu_selected_predictors",-1.17759195857258,1.17759195857258,FALSE
"937-20-2","937-20-2","2,4-dichloroacetophenone",-0.743772935647774,-2.14167609436644,0.49997316958722,-3.12162350675739,-1.16172868197549,"var_mu_selected_predictors",1.39790315871867,1.39790315871867,FALSE
"937-20-2","937-20-2","2,4-dichloroacetophenone",-1.86052608660328,-2.14167609436644,0.49997316958722,-3.12162350675739,-1.16172868197549,"var_mu_selected_predictors",0.28115000776316,0.28115000776316,TRUE
"94-13-3","94-13-3","propylparaben",-1.67615465544754,-1.58896038554216,0.610467177636877,-2.78547605371043,-0.392444717373878,"var_mu_selected_predictors",-0.0871942699053834,0.0871942699053834,TRUE
"94-13-3","94-13-3","propylparaben",-1.26606734367858,-1.66659682840724,0.548394582581958,-2.74145021026788,-0.591743446546604,"var_mu_selected_predictors",0.400529484728662,0.400529484728662,TRUE
"94-13-3","94-13-3","propylparaben",-1.20290590120029,-1.66659682840724,0.548394582581958,-2.74145021026788,-0.591743446546604,"var_mu_selected_predictors",0.463690927206952,0.463690927206952,TRUE
"94-26-8","94-26-8","butylparaben",-0.981299501333757,-1.39036853972743,0.56929170934029,-2.5061802900344,-0.274556789420464,"var_mu_selected_predictors",0.409069038393676,0.409069038393676,TRUE
"94-26-8","94-26-8","butylparaben",-1.15242734085789,-1.46840771272714,0.513582336361184,-2.47502909199506,-0.461786333459223,"var_mu_selected_predictors",0.315980371869253,0.315980371869253,TRUE
"95-48-7","95-48-7","o-cresol",-1.80172783601759,-1.82705048444543,0.41272958468616,-2.6360004704303,-1.01810049846055,"var_mu_selected_predictors",0.025322648427837,0.025322648427837,TRUE
"95-54-5","95-54-5","o-phenylenediamine",-3.34678748622466,-2.43810264099376,0.552409435940061,-3.52082513543628,-1.35538014655124,"var_mu_selected_predictors",-0.908684845230903,0.908684845230903,TRUE
"95-57-8","95-57-8","o-chlorophenol",-1.48044892137827,-1.79925910275522,0.395191593970458,-2.57383462693732,-1.02468357857312,"var_mu_selected_predictors",0.318810181376949,0.318810181376949,TRUE
"95-65-8","95-65-8","3,4-xylenol",-1.44278385671974,-1.70061441445962,0.423757255358985,-2.53117863496323,-0.870050193956005,"var_mu_selected_predictors",0.257830557739875,0.257830557739875,TRUE
"97-00-7","97-00-7","2,4-dinitrochlorobenzene",-1.57500847696703,-1.92204159036837,0.46545870048316,-2.83434064331537,-1.00974253742138,"var_mu_selected_predictors",0.347033113401345,0.347033113401345,TRUE
"97-00-7","97-00-7","2,4-dinitrochlorobenzene",-1.50012264373278,-1.92204159036837,0.46545870048316,-2.83434064331537,-1.00974253742138,"var_mu_selected_predictors",0.421918946635595,0.421918946635595,TRUE
"97-53-0","97-53-0","eugenol",-1.592980675785,-1.63521797276819,0.422312850221627,-2.46295115920258,-0.807484786333798,"var_mu_selected_predictors",0.0422372969831872,0.0422372969831872,TRUE
"97-53-0","97-53-0","eugenol",-1.555243965633,-1.63521797276819,0.422312850221627,-2.46295115920258,-0.807484786333798,"var_mu_selected_predictors",0.0799740071351873,0.0799740071351873,TRUE
"97-54-1","97-54-1","isoeugenol",-1.74568406057766,-1.54740168005303,0.410005383967171,-2.35101223262869,-0.743791127477377,"var_mu_selected_predictors",-0.198282380524628,0.198282380524628,TRUE
"97-54-1","97-54-1","isoeugenol",-1.41300909711301,-1.54740168005303,0.410005383967171,-2.35101223262869,-0.743791127477377,"var_mu_selected_predictors",0.134392582940022,0.134392582940022,TRUE
"98-86-2","98-86-2","acetophenone",-1.62740828480895,-1.71555803053197,0.439553629538764,-2.57708314442794,-0.85403291663599,"var_mu_selected_predictors",0.0881497457230176,0.0881497457230176,TRUE
"98-86-2","98-86-2","acetophenone",-1.56017144166374,-1.71555803053197,0.439553629538764,-2.57708314442794,-0.85403291663599,"var_mu_selected_predictors",0.155386588868228,0.155386588868228,TRUE
"99-76-3","99-76-3","methylparaben",-1.67358220444561,-1.89046016105592,0.652862437370713,-3.17007053830252,-0.610849783809327,"var_mu_selected_predictors",0.216877956610315,0.216877956610315,TRUE
"99-76-3","99-76-3","methylparaben",-1.96257350205938,-1.94527025434934,0.59127688323338,-3.10417294548676,-0.786367563211915,"var_mu_selected_predictors",-0.0173032477100401,0.0173032477100401,TRUE
"99-76-3","99-76-3","methylparaben",-2.03394335230684,-2.0745843092854,0.508669813840462,-3.07157714441271,-1.07759147415809,"var_mu_selected_predictors",0.0406409569785606,0.0406409569785606,TRUE
"99-76-3","99-76-3","methylparaben",-2.07572071393812,-1.97874238599543,0.592456806506286,-3.13995772674775,-0.817527045243111,"var_mu_selected_predictors",-0.0969783279426883,0.0969783279426883,TRUE
