"model","formula","n_observations","n_compounds","RMSE","MAE","R2_pred","R","mean_error","median_abs_error","n_abs_error_gt_1","proportion_abs_error_gt_1","ntree","mtry","nodesize","model_rank"
"random_forest_selected_predictors","logkpl ~ MWa + Mptc + LogSaqd + LogSoce + Texpi",321,140,0.65719764317331,0.489083786135761,0.670418955523906,0.819589067475438,-0.00792376239553768,0.341458328613698,40,0.124610591900312,1000,2,5,1
"selected_model","logkpl ~ MWa + log(Mptc) + LogSaqd + LogSoce + log(Texpi) + I(Mptc^2) +      I(LogSaqd^2) + MWa:LogSaqd",321,140,0.680390898895851,0.506000326682596,0.646745890694135,0.805370463400112,0.00725900178786887,0.387265971935662,46,0.143302180685358,NA,NA,NA,2
"linear_selected_predictors","logkpl ~ MWa + Mptc + LogSaqd + LogSoce + Texpi",321,140,0.778488829540449,0.623853005554831,0.537539119508188,0.734816380099604,-0.00636688694830452,0.546748574554375,48,0.149532710280374,NA,NA,NA,3
"potts_guy","logkpl ~ MWa + logKowb",321,140,0.79999430713685,0.637500984569579,0.511635570539823,0.716293995356512,-0.0032740732832372,0.542965407747065,51,0.158878504672897,NA,NA,NA,4
"extended_descriptor","logkpl ~ MWa + logKowb + I(logKowb^2) + Mptc + I(Mptc^2) + LogSaqd +      I(LogSaqd^2) + LogSoce + Hdf + Hag + MVh + Texpi + I(Texpi^2) +      Skin.thicknessj",321,140,0.801172198350452,0.54862996126275,0.510196401161144,0.734201371049757,-0.0224383408122025,0.42576130479696,49,0.152647975077882,NA,NA,NA,5
"null_mean","logkpl ~ 1",321,140,1.15686226935238,0.979320464884242,-0.0212534695811728,-0.741300106104609,-0.00398855131295686,0.950867653503631,151,0.470404984423676,NA,NA,NA,6
