"validation_scheme","n_observations","n_compounds","RMSE","RMSE_sd","MAE","MAE_sd","R2_pred","R2_pred_sd","R","R_sd","mean_error","median_abs_error","n_abs_error_gt_1","proportion_abs_error_gt_1","proportion_compound_seen_in_training","proportion_compound_seen_in_training_sd"
"leave_one_compound_out",321,140,0.680390898895851,NA,0.506000326682596,NA,0.646745890694135,NA,0.805370463400112,NA,0.00725900178786887,0.387265971935662,46,0.143302180685358,0,NA
"rowwise_cv_repeats",321,140,0.670884304024156,0.0077891392573475,0.496306181233261,0.00538426304579061,0.656503069086744,0.008005276117419,0.81060829067473,0.00472884402194386,8.51700653221688e-05,0.370634843992063,44.56,0.138816199376947,0.734517133956386,0.0186203529498622
"rowwise_cv_mean",321,140,0.667963737282122,NA,0.494096608685351,NA,0.659532232509864,NA,0.812345743450865,NA,8.51700653221626e-05,0.376933355481411,42,0.130841121495327,0.734517133956386,0.0186203529498622
