"model","df_row","compound_id","CAS.No","Compound","observed","mu","residual","abs_error"
"null_mean",1,"100-02-7","100-02-7","p-nitrophenol; 4-nitrophenol",-2.25,-2.58963420640003,0.33963420640003,0.33963420640003
"null_mean",2,"100-39-0","100-39-0","benzyl bromide",-1.54511979359646,-2.59403071753807,1.04891092394161,1.04891092394161
"null_mean",3,"100-39-0","100-39-0","benzyl bromide",-1.89202735976865,-2.59403071753807,0.70200335776942,0.70200335776942
"null_mean",4,"100-51-6","100-51-6","benzyl alcohol",-2.22205999132796,-2.58972151892713,0.36766152759917,0.36766152759917
"null_mean",5,"1002-62-6","1002-62-6","sodium caprate; decanoic acid soap (c10:0)",-2.95233580539844,-2.58743940700816,-0.364896398390281,0.364896398390281
"null_mean",6,"103-11-7","103-11-7","2-ethylhexyl acrylate",-2.11289007326765,-2.59246304264322,0.479572969375569,0.479572969375569
"null_mean",7,"103-11-7","103-11-7","2-ethylhexyl acrylate",-1.82434537155519,-2.59246304264322,0.768117671088029,0.768117671088029
"null_mean",8,"104-54-1","104-54-1","cinnamyl alcohol",-1.54329916349423,-2.59533148422666,1.05203232073243,1.05203232073243
"null_mean",9,"104-54-1","104-54-1","cinnamyl alcohol",-1.47890341621095,-2.59533148422666,1.11642806801571,1.11642806801571
"null_mean",10,"104-85-8","104-85-8","p-tolunitrile",-1.34336049829281,-2.59585838534858,1.25249788705577,1.25249788705577
"null_mean",11,"104-85-8","104-85-8","p-tolunitrile",-1.51076062352006,-2.59585838534858,1.08509776182852,1.08509776182852
"null_mean",12,"10521-91-2","10521-91-2","5-phenylpentanol",-0.94692155651658,-2.59370632653591,1.64678477001933,1.64678477001933
"null_mean",13,"106-24-1","106-24-1","geraniol",-0.986619380204979,-2.59853389434864,1.61191451414366,1.61191451414366
"null_mean",14,"106-24-1","106-24-1","geraniol",-1.01401437058883,-2.59853389434864,1.58451952375981,1.58451952375981
"null_mean",15,"106-41-3","106-41-3","p-bromophenol",-1.43951925261862,-2.5921669587356,1.15264770611698,1.15264770611698
"null_mean",16,"106-44-5","106-44-5","p-cresol",-0.920818753952375,-2.59643690812885,1.67561815417648,1.67561815417648
"null_mean",17,"106-44-5","106-44-5","p-cresol",-1.74875360095283,-2.59643690812885,0.847683307176024,0.847683307176024
"null_mean",18,"106-48-9","106-48-9","p-chlorophenol",-1.44875360095283,-2.59213810139705,1.14338450044422,1.14338450044422
"null_mean",19,"106-50-3","106-50-3","p-phenylenediamine",-3.61978875828839,-2.58535361653038,-1.03443514175801,1.03443514175801
"null_mean",20,"108-39-4","108-39-4","m-cresol",-1.81172783601759,-2.59100380691247,0.779275970894884,0.779275970894884
"null_mean",21,"108-46-3","108-46-3","resorcinol",-2.42023266087399,-2.58505795567787,0.164825294803879,0.164825294803879
"null_mean",22,"108-46-3","108-46-3","resorcinol",-2.35642808060813,-2.58505795567787,0.228629875069739,0.228629875069739
"null_mean",23,"108-46-3","108-46-3","resorcinol",-3.07,-2.58505795567787,-0.484942044322131,0.484942044322131
"null_mean",24,"108-46-3","108-46-3","resorcinol; 1,3-benzenediol",-3.62291335664286,-2.58505795567787,-1.03785540096499,1.03785540096499
"null_mean",25,"108-73-6","108-73-6","phloroglucinol",-2.51,-2.58882170640003,0.0788217064000296,0.0788217064000296
"null_mean",26,"108-88-3","108-88-3","toluene",-0.0809219076239261,-2.5964125754387,2.51549066781478,2.51549066781478
"null_mean",27,"108-95-2","108-95-2","phenol",-2.03,-2.5907759615898,0.560775961589796,0.560775961589796
"null_mean",28,"108-95-2","108-95-2","phenol",-2.08907809237607,-2.5907759615898,0.501697869213726,0.501697869213726
"null_mean",29,"108-95-2","108-95-2","phenol",-1.70996538863748,-2.5907759615898,0.880810572952316,0.880810572952316
"null_mean",30,"108-95-2","108-95-2","phenol",-3.82792274303052,-2.5907759615898,-1.23714678144072,1.23714678144072
"null_mean",31,"110-80-5","110-80-5","2-ethoxy ethanol",-3.60205999132796,-2.58540901892713,-1.01665097240083,1.01665097240083
"null_mean",32,"111-27-3","111-27-3","hexanol",-1.49485002168009,-2.59643390795894,1.10158388627885,1.10158388627885
"null_mean",33,"111-27-3","111-27-3","hexanol",-1.88605664769316,-2.59643390795894,0.710377260265782,0.710377260265782
"null_mean",34,"111-27-3","111-27-3","n-hexanol",-1.88605664769316,-2.59643390795894,0.710377260265782,0.710377260265782
"null_mean",35,"111-76-2","111-76-2","butoxyethanol",-2.25698018593163,-2.58961239331899,0.332632207387363,0.332632207387363
"null_mean",36,"111-87-5","111-87-5","n-octanol",-1.2839966563652,-2.6106495640951,1.3266529077299,1.3266529077299
"null_mean",37,"111-87-5","111-87-5","octanol",-1.0301183562535,-2.6106495640951,1.5805312078416,1.5805312078416
"null_mean",38,"111-87-5","111-87-5","octanol",-1.15490195998574,-2.6106495640951,1.45574760410936,1.45574760410936
"null_mean",39,"111-87-5","111-87-5","octanol",-1.2839966563652,-2.6106495640951,1.3266529077299,1.3266529077299
"null_mean",40,"111-87-5","111-87-5","octanol",-1.21467016498923,-2.6106495640951,1.39597939910587,1.39597939910587
"null_mean",41,"112-30-1","112-30-1","decanol",-1.833220851329,-2.61192524884943,0.778704397520428,0.778704397520428
"null_mean",42,"112-30-1","112-30-1","decanol",-1.95860731484178,-2.61192524884943,0.653317934007648,0.653317934007648
"null_mean",43,"112-30-1","112-30-1","decanol",-1.14508697769214,-2.61192524884943,1.46683827115729,1.46683827115729
"null_mean",44,"112-30-1","112-30-1","decanol",-1.04575749056068,-2.61192524884943,1.56616775828875,1.56616775828875
"null_mean",45,"112-30-1","112-30-1","decanol",-1.09691001300806,-2.61192524884943,1.51501523584137,1.51501523584137
"null_mean",46,"112-30-1","112-30-1","n-decanol",-1.09691001300806,-2.61192524884943,1.51501523584137,1.51501523584137
"null_mean",47,"112-34-5","112-34-5","diethylene glycol monobutyl ether",-2.23600035701585,-2.59100333116125,0.355002974145396,0.355002974145396
"null_mean",48,"112-34-5","112-34-5","diethylene glycol monobutyl ether",-2.16688305055618,-2.59100333116125,0.424120280605066,0.424120280605066
"null_mean",49,"112-80-1","112-80-1","oleic acid",-2.88605664769316,-2.58764652937599,-0.298410118317172,0.298410118317172
"null_mean",50,"117-81-7","117-81-7","bis(2-ethylhexyl)phthalate",-4.09691001300806,-2.58386261260938,-1.51304740039868,1.51304740039868
"null_mean",51,"119-34-6","119-34-6","4-amino-2-nitrophenol",-4.06550154875643,-2.58396076406017,-1.48154078469626,1.48154078469626
"null_mean",52,"119-36-8","119-36-8","methyl salicylate",-1.44369749923271,-2.59215390171493,1.14845640248222,1.14845640248222
"null_mean",53,"119-61-9","119-61-9","benzophenone",-1.24920613319746,-2.597321374033,1.34811524083554,1.34811524083554
"null_mean",54,"119-61-9","119-61-9","benzophenone",-1.13822159828622,-2.597321374033,1.45909977574678,1.45909977574678
"null_mean",55,"120-80-9","120-80-9","catechol",-2.51,-2.58882170640003,0.0788217064000296,0.0788217064000296
"null_mean",56,"120-83-2","120-83-2","2,4-dichlorophenol",-1.14874021557127,-2.59737568695487,1.4486354713836,1.4486354713836
"null_mean",57,"120-83-2","120-83-2","2,4-dichlorophenol",-1.22136169383427,-2.59737568695487,1.3760139931206,1.3760139931206
"null_mean",58,"1219-38-1","1219-38-1","octylparaben",-1.90585161784792,-2.59070967009425,0.684858052246335,0.684858052246335
"null_mean",59,"122-57-6","122-57-6","benzylideneacetone",-1.40794873077454,-2.5968851522213,1.18893642144676,1.18893642144676
"null_mean",60,"122-57-6","122-57-6","benzylideneacetone",-1.11863375864077,-2.5968851522213,1.47825139358053,1.47825139358053
"null_mean",61,"123-07-9 ","123-07-9 ","p-ethylphenol",-1.46278385671974,-2.59209425684778,1.12931040012804,1.12931040012804
"null_mean",62,"123-31-9","123-31-9","hydroquinone",-5.0301183562535,-2.58243701484495,-2.44768134140855,2.44768134140855
"null_mean",63,"123-31-9","123-31-9","hydroquinone",-1.90385139213331,-2.58243701484495,0.678585622711637,0.678585622711637
"null_mean",64,"123-31-9","123-31-9","hydroquinone",-2.41644259377425,-2.58243701484495,0.165994421070697,0.165994421070697
"null_mean",65,"123-31-9","123-31-9","hydroquinone",-2.95,-2.58243701484495,-0.367562985155053,0.367562985155053
"null_mean",66,"124-94-7","124-94-7","triamcinolone",-5.40011692792631,-2.57979009100026,-2.82032683692605,2.82032683692605
"null_mean",67,"131-11-3","131-11-3","dimethyl phthalate",-1.55258483591006,-2.59477285320553,1.04218801729547,1.04218801729547
"null_mean",68,"131-11-3","131-11-3","dimethyl phthalate",-1.64782103953418,-2.59477285320553,0.946951813671354,0.946951813671354
"null_mean",69,"135-19-3","135-19-3","beta-naphthol; 2-naphthol",-1.5543957967264,-2.59616893667943,1.04177313995303,1.04177313995303
"null_mean",70,"135-19-3","135-19-3","beta-naphthol; 2-naphthol",-1.20065945054642,-2.59616893667943,1.39550948613301,1.39550948613301
"null_mean",71,"13523-86-9","13523-86-9","pindolol",-3.70333480973847,-2.5850925351196,-1.11824227461887,1.11824227461887
"null_mean",72,"13655-52-2","13655-52-2","alprenolol",-2.78664164637561,-2.58795720125511,-0.198684445120504,0.198684445120504
"null_mean",73,"137-58-6","137-58-6","lidocaine",-2.40120949323688,-2.58957855051639,0.18836905727951,0.18836905727951
"null_mean",74,"137-58-6","137-58-6","lidocaine",-2.52287874528034,-2.58957855051639,0.0666998052360501,0.0666998052360501
"null_mean",75,"137-58-6","137-58-6","lidocaine",-2.52287874528034,-2.58957855051639,0.0666998052360501,0.0666998052360501
"null_mean",76,"141-05-9","141-05-9","diethyl maleate",-1.66740097646667,-2.59460646053698,0.927205484070314,0.927205484070314
"null_mean",77,"141-05-9","141-05-9","diethyl maleate",-1.58608416024509,-2.59460646053698,1.00852230029189,1.00852230029189
"null_mean",78,"14199-15-6","14199-15-6","methyl 4-hydroxyphenylacetate",-1.69897000433602,-2.59135617513648,0.892386170800459,0.892386170800459
"null_mean",79,"143-08-8","143-08-8","n-nonanol",-1.22184874961636,-2.59714497977673,1.37529623016037,1.37529623016037
"null_mean",80,"143-08-8","143-08-8","nonanol",-1.22184874961636,-2.59714497977673,1.37529623016037,1.37529623016037
"null_mean",81,"14371-10-9","14371-10-9","trans-cinnamaldehyde",-1.55307871254876,-2.59559728009159,1.04251856754283,1.04251856754283
"null_mean",82,"14371-10-9","14371-10-9","trans-cinnamaldehyde",-1.38433498624321,-2.59559728009159,1.21126229384838,1.21126229384838
"null_mean",83,"145-13-1","145-13-1","hydroxypregnenolone",-3.22184874961636,-2.58585325566598,-0.635995493950376,0.635995493950376
"null_mean",84,"145-13-1","145-13-1","pregnenolone",-2.82390874094432,-2.58585325566598,-0.238055485278336,0.238055485278336
"null_mean",85,"146-72-5","146-72-5","methylglucose",-3.68026950566978,-2.58516461419481,-1.09510489147497,1.09510489147497
"null_mean",86,"1638-22-8","1638-22-8","p-n-butylphenol; 4-butylphenol",-1.11463877996849,-2.59318221021263,1.47854343024414,1.47854343024414
"null_mean",87,"16590-41-3","16590-41-3","naltrexone",-2.6664407795091,-2.58833282896406,-0.0781079505450366,0.0781079505450366
"null_mean",88,"17194-82-0","17194-82-0","alfa-(4-hydroxyphenyl) acetamide",-3.34678748622466,-2.58620674550558,-0.760580740719083,0.760580740719083
"null_mean",89,"18979-50-5","18979-50-5","4-propoxyphenol",-1.82490330536304,-2.59096263357077,0.76605932820773,0.76605932820773
"null_mean",90,"2152-44-5","2152-44-5","betamethasone-17-valerate",-2.88041422503822,-2.58766416194679,-0.292750063091435,0.292750063091435
"null_mean",91,"2203-97-6","2203-97-6","hydrocortisone-21-hemisuccinate",-3.20065945054642,-2.58666339561707,-0.613996054929348,0.613996054929348
"null_mean",92,"2493-02-9","2493-02-9","4-bromophenyl isocyanate",-1.84100559902551,-2.59354417130945,0.752538572283938,0.752538572283938
"null_mean",93,"2493-02-9","2493-02-9","4-bromophenyl isocyanate",-1.75134980127003,-2.59354417130945,0.842194370039419,0.842194370039419
"null_mean",94,"26839-75-8","26839-75-8","timolol",-3.57016261901271,-2.58253157037192,-0.987631048640789,0.987631048640789
"null_mean",95,"26839-75-8","26839-75-8","timolol",-3.53521248035406,-2.58253157037192,-0.952680909982139,0.952680909982139
"null_mean",96,"2871-01-4","2871-01-4","hc red no. 3; 2-(4-amino-2-nitroanilino)-ethanol",-1.67058885168866,-2.59228729395719,0.921698442268529,0.921698442268529
"null_mean",97,"2871-01-4","2871-01-4","hc red no. 3; 2-(4-amino-2-nitroanilino)-ethanol",-2.32271042397763,-2.59228729395719,0.269576869979559,0.269576869979559
"null_mean",98,"29122-68-7","29122-68-7","atenolol",-3.96657624451305,-2.58426990563593,-1.38230633887712,1.38230633887712
"null_mean",99,"31005-02-4","31005-02-4","7-ethoxycoumarin",-0.781780143112531,-2.59947339181164,1.81769324869911,1.81769324869911
"null_mean",100,"31005-02-4","31005-02-4","7-ethoxycoumarin",-0.919153916982604,-2.59947339181164,1.68031947482904,1.68031947482904
"null_mean",101,"333-41-5","333-41-5","diazinon",-2.06048074738138,-2.59022645406446,0.529745706683082,0.529745706683082
"null_mean",102,"3360-41-6","3360-41-6","4-phenylbutanol",-1.08092190762393,-2.5932875754387,1.51236566781477,1.51236566781477
"null_mean",103,"3593-96-2","3593-96-2","hydrocortisone-21-hexanoate; hydrocortisone caproate",-2,-2.59041545640003,0.59041545640003,0.59041545640003
"null_mean",104,"3930-20-9","3930-20-9","sotalol",-4.31984585826563,-2.57404796417305,-1.74579789409258,1.74579789409258
"null_mean",105,"3930-20-9","3930-20-9","sotalol",-3.88598470867013,-2.57404796417305,-1.31193674449708,1.31193674449708
"null_mean",106,"3930-20-9","3930-20-9","sotalol",-4.17986287404271,-2.57404796417305,-1.60581490986966,1.60581490986966
"null_mean",107,"42200-33-9","42200-33-9","nadolol",-4.10127481841051,-2.5838489725925,-1.51742584581801,1.51742584581801
"null_mean",108,"437-38-7","437-38-7","fentanyl base",-1.96286612872332,-2.59053149974777,0.627665371024449,0.627665371024449
"null_mean",109,"463-40-1","463-40-1","linolenic acid",-2.431798275933,-2.58906608678774,0.157267810854739,0.157267810854739
"null_mean",110,"499-75-2","499-75-2","iso-thymol; carvacrol",-1.25336580106242,-2.59274868827171,1.33938288720929,1.33938288720929
"null_mean",111,"50-2-2","50-2-2","dexamethasone",-4.19382002601611,-2.58355976881873,-1.61026025719738,1.61026025719738
"null_mean",112,"50-22-6","50-22-6","corticosterone",-2.24178591486039,-2.55457054594998,0.312784631089587,0.312784631089587
"null_mean",113,"50-22-6","50-22-6","corticosterone",-2.35454840605954,-2.55457054594998,0.200022139890437,0.200022139890437
"null_mean",114,"50-22-6","50-22-6","corticosterone",-3.16494389827988,-2.55457054594998,-0.610373352329903,0.610373352329903
"null_mean",115,"50-22-6","50-22-6","corticosterone",-4,-2.55457054594998,-1.44542945405002,1.44542945405002
"null_mean",116,"50-22-6","50-22-6","corticosterone",-3.33468369530231,-2.55457054594998,-0.780113149352333,0.780113149352333
"null_mean",117,"50-22-6","50-22-6","corticosterone",-3.52287874528034,-2.55457054594998,-0.968308199330363,0.968308199330363
"null_mean",118,"50-22-6","50-22-6","corticosterone",-3.52287874528034,-2.55457054594998,-0.968308199330363,0.968308199330363
"null_mean",119,"50-22-6","50-22-6","corticosterone",-4,-2.55457054594998,-1.44542945405002,1.44542945405002
"null_mean",120,"50-22-6","50-22-6","corticosterone",-3.26587485567249,-2.55457054594998,-0.711304309722513,0.711304309722513
"null_mean",121,"50-22-6","50-22-6","corticosterone",-2.58587485567249,-2.55457054594998,-0.031304309722513,0.031304309722513
"null_mean",122,"50-22-6","50-22-6","corticosterone",-4.22184874961636,-2.55457054594998,-1.66727820366638,1.66727820366638
"null_mean",123,"50-22-6","50-22-6","corticosterone",-4.67571754470231,-2.55457054594998,-2.12114699875233,2.12114699875233
"null_mean",124,"50-22-6","50-22-6","corticosterone",-3.23418248469008,-2.55457054594998,-0.679611938740103,0.679611938740103
"null_mean",125,"50-23-7","50-23-7","hydrocortisone",-2.01894154396037,-2.56477864616354,0.545837102203171,0.545837102203171
"null_mean",126,"50-23-7","50-23-7","hydrocortisone",-2.68163603566894,-2.56477864616354,-0.116857389505399,0.116857389505399
"null_mean",127,"50-23-7","50-23-7","hydrocortisone",-3.63827216398241,-2.56477864616354,-1.07349351781887,1.07349351781887
"null_mean",128,"50-23-7","50-23-7","hydrocortisone",-3.63870046691906,-2.56477864616354,-1.07392182075552,1.07392182075552
"null_mean",129,"50-23-7","50-23-7","hydrocortisone",-5.52287874528034,-2.56477864616354,-2.9581000991168,2.9581000991168
"null_mean",130,"50-23-7","50-23-7","hydrocortisone",-5.52724355068279,-2.56477864616354,-2.96246490451925,2.96246490451925
"null_mean",131,"50-24-8","50-24-8","prednisolone",-4.32790214206428,-2.58314076220608,-1.7447613798582,1.7447613798582
"null_mean",132,"50-27-1","50-27-1","estriol",-4.39794000867204,-2.58292189387293,-1.81501811479911,1.81501811479911
"null_mean",133,"50-28-2","50-28-2","beta-estradiol",-2.38721614328026,-2.59043518053914,0.203219037258883,0.203219037258883
"null_mean",134,"50-28-2","50-28-2","beta-estradiol",-2.01233373507373,-2.59043518053914,0.578101445465413,0.578101445465413
"null_mean",135,"50-28-2","50-28-2","beta-estradiol",-3.52287874528034,-2.59043518053914,-0.932443564741197,0.932443564741197
"null_mean",136,"50-28-2","50-28-2","beta-estradiol",-2.28149831113273,-2.59043518053914,0.308936869406413,0.308936869406413
"null_mean",137,"50-28-2","50-28-2","estradiol",-1.98581560249872,-2.59043518053914,0.604619578040423,0.604619578040423
"null_mean",138,"50-28-2","50-28-2","estradiol",-4.69680394257951,-2.59043518053914,-2.10636876204037,2.10636876204037
"null_mean",139,"50-28-2","50-28-2","estradiol",-2.36451625318509,-2.59043518053914,0.225918927354053,0.225918927354053
"null_mean",140,"50-28-2","50-28-2","estradiol",-2.38090666937326,-2.59043518053914,0.209528511165883,0.209528511165883
"null_mean",141,"50-28-2","50-28-2","estradiol",-2.21324857785444,-2.59043518053914,0.377186602684703,0.377186602684703
"null_mean",142,"50-28-2","50-28-2","estradiol",-2.49485002168009,-2.59043518053914,0.0955851588590528,0.0955851588590528
"null_mean",143,"50-28-2","50-28-2","estradiol",-2.52287874528034,-2.59043518053914,0.067556435258803,0.067556435258803
"null_mean",144,"50-28-2","50-28-2","estradiol",-2.52287874528034,-2.59043518053914,0.067556435258803,0.067556435258803
"null_mean",145,"50-28-2","50-28-2","estradiol",-2.52287874528034,-2.59043518053914,0.067556435258803,0.067556435258803
"null_mean",146,"50-28-2","50-28-2","estradiol",-2.08008551934057,-2.59043518053914,0.510349661198573,0.510349661198573
"null_mean",147,"50-28-2","50-28-2","estradiol",-2.34969247686806,-2.59043518053914,0.240742703671083,0.240742703671083
"null_mean",148,"50-28-2","50-28-2","estradiol",-2.51173374958299,-2.59043518053914,0.0787014309561531,0.0787014309561531
"null_mean",149,"51-21-8","51-21-8","5-fluorouracil",-4.52574969288748,-2.56385234849153,-1.96189734439595,1.96189734439595
"null_mean",150,"51-21-8","51-21-8","5-fluorouracil",-4.72894468964132,-2.56385234849153,-2.16509234114979,2.16509234114979
"null_mean",151,"51-21-8","51-21-8","5-fluorouracil",-4.47108329972234,-2.56385234849153,-1.90723095123081,1.90723095123081
"null_mean",152,"51-21-8","51-21-8","5-fluorouracil (+ - + -)",-4.46597389394386,-2.56385234849153,-1.90212154545233,1.90212154545233
"null_mean",153,"512-69-6","512-69-6","raffinose",-4.85472588171206,-2.57611489248509,-2.27861098922697,2.27861098922697
"null_mean",154,"512-69-6","512-69-6","raffinose",-4.29756946355447,-2.57611489248509,-1.72145457106938,1.72145457106938
"null_mean",155,"513-85-9","513-85-9","2,3-butanediol",-4.30102999566398,-2.58322473766358,-1.7178052580004,1.7178052580004
"null_mean",156,"51384-51-1","51384-51-1","metoprolol",-3.52461940685664,-2.5856510207536,-0.938968386103037,0.938968386103037
"null_mean",157,"52-39-1","52-39-1","aldosterone",-4.23657200643706,-2.55425046003624,-1.68232154640082,1.68232154640082
"null_mean",158,"52-39-1","52-39-1","aldosterone",-4.74835790885864,-2.55425046003624,-2.1941074488224,2.1941074488224
"null_mean",159,"52-39-1","52-39-1","aldosterone",-4.30102999566398,-2.55425046003624,-1.74677953562774,1.74677953562774
"null_mean",160,"52-39-1","52-39-1","aldosterone",-4.52287874528034,-2.55425046003624,-1.9686282852441,1.9686282852441
"null_mean",161,"52-39-1","52-39-1","aldosterone",-4.52287874528034,-2.55425046003624,-1.9686282852441,1.9686282852441
"null_mean",162,"52-39-1","52-39-1","aldosterone",-4.01233373507373,-2.55425046003624,-1.45808327503749,1.45808327503749
"null_mean",163,"53-06-5","53-06-5","cortisone",-3.82390874094432,-2.57714431757701,-1.24676442336731,1.24676442336731
"null_mean",164,"53-06-5","53-06-5","cortisone",-5,-2.57714431757701,-2.42285568242299,2.42285568242299
"null_mean",165,"53-16-7","53-16-7","estrone",-2.44369749923271,-2.58902890171493,0.145331402482217,0.145331402482217
"null_mean",166,"53-96-3","53-96-3","2-(acetylamino)fluorene",-1.16052197602182,-2.59769547776665,1.43717350174483,1.43717350174483
"null_mean",167,"53-96-3","53-96-3","2-(acetylamino)fluorene",-1.10756666442663,-2.59769547776665,1.49012881334002,1.49012881334002
"null_mean",168,"533-73-3","533-73-3","1,2,4-benzenetriol",-3.9,-2.58447795640003,-1.31552204359997,1.31552204359997
"null_mean",169,"53535-33-4","53535-33-4","heptanol",-1.42481215507234,-2.59911457185402,1.17430241678168,1.17430241678168
"null_mean",170,"53535-33-4","53535-33-4","heptanol",-1.49485002168009,-2.59911457185402,1.10426455017393,1.10426455017393
"null_mean",171,"53535-33-4","53535-33-4","n-heptanol",-1.49485002168009,-2.59911457185402,1.10426455017393,1.10426455017393
"null_mean",172,"554-84-7","554-84-7","m-nitrophenol; 3-nitrophenol",-2.24848294855394,-2.5896389471858,0.341155998631859,0.341155998631859
"null_mean",173,"56-81-5","56-81-5","glycerol",-4.56863623584101,-2.58106069867008,-1.98757553717093,1.98757553717093
"null_mean",174,"56-81-5","56-81-5","glycerol",-3.00594693641232,-2.58106069867008,-0.424886237742237,0.424886237742237
"null_mean",175,"56030-54-7","56030-54-7","sufentanil base",-1.81815641205523,-2.59098371761236,0.772827305557127,0.772827305557127
"null_mean",176,"57-13-6","57-13-6","urea",-3.82973828460504,-2.56312443289896,-1.26661385170608,1.26661385170608
"null_mean",177,"57-13-6","57-13-6","urea",-3.95233580539844,-2.56312443289896,-1.38921137249948,1.38921137249948
"null_mean",178,"57-13-6","57-13-6","urea",-3.92564441915299,-2.56312443289896,-1.36251998625403,1.36251998625403
"null_mean",179,"57-13-6","57-13-6","urea",-3.69494112531286,-2.56312443289896,-1.1318166924139,1.1318166924139
"null_mean",180,"57-13-6","57-13-6","urea",-3.55495653854982,-2.56312443289896,-0.991832105650857,0.991832105650857
"null_mean",181,"57-13-6","57-13-6","urea",-3.5970511706556,-2.56312443289896,-1.03392673775664,1.03392673775664
"null_mean",182,"57-13-6","57-13-6","urea",-3.55720677406023,-2.56312443289896,-0.994082341161266,0.994082341161266
"null_mean",183,"57-50-1","57-50-1","sucrose",-5.0268721464003,-2.55267439424434,-2.47419775215596,2.47419775215596
"null_mean",184,"57-50-1","57-50-1","sucrose",-5.2839966563652,-2.55267439424434,-2.73132226212086,2.73132226212086
"null_mean",185,"57-50-1","57-50-1","sucrose",-4.76200316671127,-2.55267439424434,-2.20932877246693,2.20932877246693
"null_mean",186,"57-50-1","57-50-1","sucrose",-4.26905630657226,-2.55267439424434,-1.71638191232792,1.71638191232792
"null_mean",187,"57-50-1","57-50-1","sucrose",-4.36451625318509,-2.55267439424434,-1.81184185894075,1.81184185894075
"null_mean",188,"57-50-1","57-50-1","sucrose",-3.13406733180681,-2.55267439424434,-0.581392937562466,0.581392937562466
"null_mean",189,"57-83-0","57-83-0","progesterone",-1.52287874528034,-2.59904332779393,1.07616458251359,1.07616458251359
"null_mean",190,"57-83-0","57-83-0","progesterone",-1.70344032687277,-2.59904332779393,0.895603000921163,0.895603000921163
"null_mean",191,"57-83-0","57-83-0","progesterone",-1.88605664769316,-2.59904332779393,0.712986680100773,0.712986680100773
"null_mean",192,"57-83-0","57-83-0","progesterone",-1.69897000433602,-2.59904332779393,0.900073323457913,0.900073323457913
"null_mean",193,"57-83-0","57-83-0","progesterone",-2.82390874094432,-2.59904332779393,-0.224865413150387,0.224865413150387
"null_mean",194,"58-08-2","58-08-2","caffeine",-3.80687540164554,-2.57294543224995,-1.23392996939559,1.23392996939559
"null_mean",195,"58-08-2","58-08-2","caffeine",-4.58586563707645,-2.57294543224995,-2.0129202048265,2.0129202048265
"null_mean",196,"58-08-2","58-08-2","caffeine",-1.60220380347052,-2.57294543224995,0.970741628779426,0.970741628779426
"null_mean",197,"58-08-2","58-08-2","caffeine",-2.60631808276205,-2.57294543224995,-0.0333726505121037,0.0333726505121037
"null_mean",198,"58-08-2","58-08-2","caffeine",-4.15490195998574,-2.57294543224995,-1.58195652773579,1.58195652773579
"null_mean",199,"58-08-2","58-08-2","caffeine",-3.69897000433602,-2.57294543224995,-1.12602457208607,1.12602457208607
"null_mean",200,"58-22-0","58-22-0","testosterone",-2.0571655062299,-2.59720727630329,0.540041770073391,0.540041770073391
"null_mean",201,"58-22-0","58-22-0","testosterone",-2.04694894237348,-2.59720727630329,0.550258333929811,0.550258333929811
"null_mean",202,"58-22-0","58-22-0","testosterone",-1.64633962279966,-2.59720727630329,0.950867653503631,0.950867653503631
"null_mean",203,"58-22-0","58-22-0","testosterone",-1.41570671752568,-2.59720727630329,1.18150055877761,1.18150055877761
"null_mean",204,"58-22-0","58-22-0","testosterone",-2.27083521030723,-2.59720727630329,0.326372065996061,0.326372065996061
"null_mean",205,"58-22-0","58-22-0","testosterone",-2.38875983135141,-2.59720727630329,0.208447444951881,0.208447444951881
"null_mean",206,"58-22-0","58-22-0","testosterone",-2.65757731917779,-2.59720727630329,-0.0603700428744989,0.0603700428744989
"null_mean",207,"58-22-0","58-22-0","testosterone",-2.65757731917779,-2.59720727630329,-0.0603700428744989,0.0603700428744989
"null_mean",208,"58-22-0","58-22-0","testosterone",-2.65757731917779,-2.59720727630329,-0.0603700428744989,0.0603700428744989
"null_mean",209,"58-22-0","58-22-0","testosterone",-3.39794000867204,-2.59720727630329,-0.800732732368749,0.800732732368749
"null_mean",210,"58-22-0","58-22-0","testosterone",-3.06752623532285,-2.59720727630329,-0.470318959019559,0.470318959019559
"null_mean",211,"58-22-0","58-22-0","testosterone",-2.13194363817696,-2.59720727630329,0.465263638126331,0.465263638126331
"null_mean",212,"58-54-8","58-54-8","ethacrynic acid",-3.82390874094432,-2.58471574158458,-1.23919299935974,1.23919299935974
"null_mean",213,"59-05-2","59-05-2","methotrexate",-3.40160112979023,-2.58603545286944,-0.815565676920795,0.815565676920795
"null_mean",214,"59-50-7","59-50-7","chlorocresol",-1.26406804435028,-2.59566245076716,1.33159440641688,1.33159440641688
"null_mean",215,"59-50-7","59-50-7","chlorocresol",-1.65255620893436,-2.59566245076716,0.943106241832803,0.943106241832803
"null_mean",216,"60-12-8","60-12-8","2-phenylethanol",-1.25963731050576,-2.59422581891035,1.33458850840459,1.33458850840459
"null_mean",217,"60-12-8","60-12-8","2-phenylethanol",-2.11527250510331,-2.59422581891035,0.478953313807037,0.478953313807037
"null_mean",218,"610-81-1","610-81-1","4-amino-3-nitrophenol",-2.1297393876227,-2.5910234715457,0.461284083923001,0.461284083923001
"null_mean",219,"610-81-1","610-81-1","4-amino-3-nitrophenol",-2.26671923730847,-2.5910234715457,0.324304234237231,0.324304234237231
"null_mean",220,"614-18-6","614-18-6","nicotinate, ethyl",-3.10790539730952,-2.58538825863036,-0.522517138679163,0.522517138679163
"null_mean",221,"614-18-6","614-18-6","nicotinate, ethyl",-3.08618614761628,-2.58538825863036,-0.500797888985923,0.500797888985923
"null_mean",222,"623-05-2","623-05-2","4-hydroxybenzyl alcohol",-2.69897000433602,-2.58823117513648,-0.110738829199541,0.110738829199541
"null_mean",223,"63-36-5","63-36-5","salicylate",-3.96686900819185,-2.58426899074943,-1.38260001744242,1.38260001744242
"null_mean",224,"64-17-5","64-17-5","ethanol",-2.72124639904717,-2.58496188560675,-0.13628451344042,0.13628451344042
"null_mean",225,"64-17-5","64-17-5","ethanol",-3.09691001300806,-2.58496188560675,-0.51194812740131,0.51194812740131
"null_mean",226,"64-17-5","64-17-5","ethanol",-3.09691001300806,-2.58496188560675,-0.51194812740131,0.51194812740131
"null_mean",227,"64-19-7","64-19-7","acetic acid",-2.77786589964853,-2.58798462546363,-0.189881274184903,0.189881274184903
"null_mean",228,"64-85-7","64-85-7","cortexone",-3.34678748622466,-2.58620674550558,-0.760580740719083,0.760580740719083
"null_mean",229,"65-85-0","65-85-0","benzoic acid",-2.11918640771921,-2.59684428625144,0.477657878532233,0.477657878532233
"null_mean",230,"65-85-0","65-85-0","benzoic acid",-1.50863830616573,-2.59684428625144,1.08820598008571,1.08820598008571
"null_mean",231,"65-85-0","65-85-0","benzoic acid",-1.50863830616573,-2.59684428625144,1.08820598008571,1.08820598008571
"null_mean",232,"66-27-3","66-27-3","methyl methanesulfonate",-1.91205408690953,-2.59232954332072,0.680275456411185,0.680275456411185
"null_mean",233,"66-27-3","66-27-3","methyl methanesulfonate",-2.06776764179179,-2.59232954332072,0.524561901528926,0.524561901528926
"null_mean",234,"6677-98-1","6677-98-1","hydrocortisone-21-propionate",-2.46852108295775,-2.58895132801579,0.120430245058037,0.120430245058037
"null_mean",235,"67-56-1","67-56-1","methanol",-3.30102999566398,-2.58344341521804,-0.717586580445937,0.717586580445937
"null_mean",236,"67-56-1","67-56-1","methanol",-3.30102999566398,-2.58344341521804,-0.717586580445937,0.717586580445937
"null_mean",237,"67-56-1","67-56-1","methanol",-2.79588001734407,-2.58344341521804,-0.212436602126027,0.212436602126027
"null_mean",238,"68-96-2","68-96-2","17-alfa-hydroxyprogesterone",-3.22184874961636,-2.58659717905748,-0.635251570558882,0.635251570558882
"null_mean",239,"69-29-7","69-29-7","ethyl ether",-1.79588001734408,-2.59105333134583,0.795173314001749,0.795173314001749
"null_mean",240,"69-65-8","69-65-8","mannitol",-4.72681868815271,-2.53548861887556,-2.19133006927715,2.19133006927715
"null_mean",241,"69-65-8","69-65-8","mannitol",-4,-2.53548861887556,-1.46451138112444,1.46451138112444
"null_mean",242,"69-65-8","69-65-8","mannitol",-4.68257958814785,-2.53548861887556,-2.14709096927229,2.14709096927229
"null_mean",243,"69-65-8","69-65-8","mannitol",-4.45692576496647,-2.53548861887556,-1.92143714609091,1.92143714609091
"null_mean",244,"69-65-8","69-65-8","mannitol",-4.77257756999574,-2.53548861887556,-2.23708895112018,2.23708895112018
"null_mean",245,"69-65-8","69-65-8","mannitol",-4.43830246734601,-2.53548861887556,-1.90281384847045,1.90281384847045
"null_mean",246,"69-65-8","69-65-8","mannitol",-4.18810341360238,-2.53548861887556,-1.65261479472682,1.65261479472682
"null_mean",247,"69-65-8","69-65-8","mannitol",-4.00436480540245,-2.53548861887556,-1.46887618652689,1.46887618652689
"null_mean",248,"69-65-8","69-65-8","mannitol",-3.97265039222524,-2.53548861887556,-1.43716177334968,1.43716177334968
"null_mean",249,"69-65-8","69-65-8","mannitol",-3.1536628878702,-2.53548861887556,-0.618174268994636,0.618174268994636
"null_mean",250,"69-72-7","69-72-7","salicylic acid",-3.03151705144606,-2.59108038091015,-0.440436670535907,0.440436670535907
"null_mean",251,"69-72-7","69-72-7","salicylic acid",-1.34678748622466,-2.59108038091015,1.24429289468549,1.24429289468549
"null_mean",252,"71-23-8","71-23-8","n-propanol",-2.92081875395238,-2.58591747629397,-0.334901277658408,0.334901277658408
"null_mean",253,"71-23-8","71-23-8","propanol",-2.76955107862173,-2.58591747629397,-0.183633602327757,0.183633602327757
"null_mean",254,"71-23-8","71-23-8","propanol",-2.92081875395238,-2.58591747629397,-0.334901277658408,0.334901277658408
"null_mean",255,"71-36-3","71-36-3","butanol",-2.52287874528034,-2.5898045072159,0.0669257619355581,0.0669257619355581
"null_mean",256,"71-36-3","71-36-3","butanol",-2.10237290870956,-2.5898045072159,0.487431598506338,0.487431598506338
"null_mean",257,"71-36-3","71-36-3","butanol",-2.65757731917779,-2.5898045072159,-0.0677728119618917,0.0677728119618917
"null_mean",258,"71-36-3","71-36-3","butanol",-2.65757731917779,-2.5898045072159,-0.0677728119618917,0.0677728119618917
"null_mean",259,"71-36-3","71-36-3","butanol",-2.60205999132796,-2.5898045072159,-0.0122554841120617,0.0122554841120617
"null_mean",260,"71-36-3","71-36-3","n-butanol",-2.60205999132796,-2.5898045072159,-0.0122554841120617,0.0122554841120617
"null_mean",261,"71-41-0","71-41-0","n-pentanol",-2.22184874961636,-2.59087538730024,0.369026637683881,0.369026637683881
"null_mean",262,"71-41-0","71-41-0","pentanol",-2.22184874961636,-2.59087538730024,0.369026637683881,0.369026637683881
"null_mean",263,"71-43-0","71-43-0","benzene",-0.954285941059132,-2.59931905984203,1.64503311878289,1.64503311878289
"null_mean",264,"71-43-0","71-43-0","benzene",-0.795880017344075,-2.59931905984203,1.80343904249795,1.80343904249795
"null_mean",265,"71-91-0","71-91-0","tetraethylammonium",-3.25387553642834,-2.58404677107756,-0.669828765350782,0.669828765350782
"null_mean",266,"71-91-0","71-91-0","tetraethylammonium bromide (+)",-3.36815053784018,-2.58404677107756,-0.784103766762622,0.784103766762622
"null_mean",267,"76-25-5","76-25-5","triamcinolone acetonide",-3.40230481407449,-2.57938559181394,-0.822919222260551,0.822919222260551
"null_mean",268,"76-25-5","76-25-5","triamcinolone acetonide",-4.70663744528855,-2.57938559181394,-2.12725185347461,2.12725185347461
"null_mean",269,"76180-96-6","76180-96-6","3-methyl-3h-imidazo[4,5-f]quinolin-2-amine",-2.07218350508968,-2.59069027883197,0.518506773742287,0.518506773742287
"null_mean",270,"76180-96-6","76180-96-6","3-methyl-3h-imidazo[4,5-f]quinolin-2-amine",-2.43056359552234,-2.59069027883197,0.160126683309628,0.160126683309628
"null_mean",271,"7732-18-5","7732-18-5","water",-2.80687540164554,-2.56762223785896,-0.23925316378658,0.23925316378658
"null_mean",272,"7732-18-5","7732-18-5","water",-2.98540960554622,-2.56762223785896,-0.417787367687259,0.417787367687259
"null_mean",273,"7732-18-5","7732-18-5","water",-2.80966830182971,-2.56762223785896,-0.242046063970749,0.242046063970749
"null_mean",274,"7732-18-5","7732-18-5","water",-3.14997431819434,-2.56762223785896,-0.58235208033538,0.58235208033538
"null_mean",275,"7732-18-5","7732-18-5","water",-3.07058107428571,-2.56762223785896,-0.502958836426749,0.502958836426749
"null_mean",276,"7732-18-5","7732-18-5","water",-3.24233473501217,-2.56762223785896,-0.674712497153209,0.674712497153209
"null_mean",277,"7732-18-5","7732-18-5","water",-3.45621525646938,-2.56762223785896,-0.88859301861042,0.88859301861042
"null_mean",278,"7732-18-5","7732-18-5","water",-3.27134965805094,-2.56762223785896,-0.703727420191979,0.703727420191979
"null_mean",279,"7732-18-5","7732-18-5","water",-3.15476521541715,-2.56762223785896,-0.58714297755819,0.58714297755819
"null_mean",280,"7732-18-5","7732-18-5","water",-3.52287874528034,-2.56762223785896,-0.95525650742138,0.95525650742138
"null_mean",281,"7732-18-5","7732-18-5","water",-3.5,-2.56762223785896,-0.932377762141039,0.932377762141039
"null_mean",282,"78-93-3","78-93-3","2-butanone",-2.34678748622466,-2.58933174550558,0.242544259280917,0.242544259280917
"null_mean",283,"84-66-2","84-66-2","diethyl phthalate",-1.70509308939481,-2.59133704049567,0.886243951100861,0.886243951100861
"null_mean",284,"87-66-1","87-66-1","pyrogallol",-2.81,-2.58788420640003,-0.222115793599971,0.222115793599971
"null_mean",285,"88-04-0","88-04-0","chloroxylenol",-1.22875360095283,-2.59752178211851,1.36876818116568,1.36876818116568
"null_mean",286,"88-04-0","88-04-0","chloroxylenol",-1.09474395125155,-2.59752178211851,1.50277783086696,1.50277783086696
"null_mean",287,"88-06-2","88-06-2","2,4,6-trichlorophenol",-1.23275783168158,-2.59281308817602,1.36005525649444,1.36005525649444
"null_mean",288,"88-18-6","88-18-6","o-t-butylphenol",-1.12842706445412,-2.59313912182361,1.46471205736949,1.46471205736949
"null_mean",289,"89-83-8","89-83-8","thymol; 2-isopropyl-5-methylphenol",-1.27607480270083,-2.59700195193559,1.32092714923476,1.32092714923476
"null_mean",290,"89-83-8","89-83-8","thymol; 2-isopropyl-5-methylphenol",-1.21324857785444,-2.59700195193559,1.38375337408115,1.38375337408115
"null_mean",291,"90-15-3","90-15-3","naphthol",-1.58502665202918,-2.59506282335643,1.01003617132725,1.01003617132725
"null_mean",292,"90-15-3","90-15-3","naphthol",-1.52287874528034,-2.59506282335643,1.07218407807609,1.07218407807609
"null_mean",293,"91-20-3","91-20-3","naphthalene",-1.55111528700206,-2.59435620256587,1.04324091556381,1.04324091556381
"null_mean",294,"91-20-3","91-20-3","naphthalene",-1.78220214249451,-2.59435620256587,0.812154060071361,0.812154060071361
"null_mean",295,"92-48-8","92-48-8","6-methylcoumarin",-1.18136926112576,-2.59692677249449,1.41555751136873,1.41555751136873
"null_mean",296,"92-48-8","92-48-8","6-methylcoumarin",-1.331936361143,-2.59692677249449,1.26499041135149,1.26499041135149
"null_mean",297,"93-60-7","93-60-7","nicotinate, methyl",-3.30980391997149,-2.58416118494558,-0.725642735025914,0.725642735025914
"null_mean",298,"93-60-7","93-60-7","nicotinate, methyl",-3.27572413039921,-2.58416118494558,-0.691562945453634,0.691562945453634
"null_mean",299,"937-20-2","937-20-2","2,4-dichloroacetophenone",-0.743772935647774,-2.59664152672652,1.85286859107874,1.85286859107874
"null_mean",300,"937-20-2","937-20-2","2,4-dichloroacetophenone",-1.86052608660328,-2.59664152672652,0.736115440123236,0.736115440123236
"null_mean",301,"94-13-3","94-13-3","propylparaben",-1.67615465544754,-2.59996169228831,0.923807036840772,0.923807036840772
"null_mean",302,"94-13-3","94-13-3","propylparaben",-1.26606734367858,-2.59996169228831,1.33389434860973,1.33389434860973
"null_mean",303,"94-13-3","94-13-3","propylparaben",-1.20290590120029,-2.59996169228831,1.39705579108802,1.39705579108802
"null_mean",304,"94-26-8","94-26-8","butylparaben",-0.981299501333757,-2.59811667462639,1.61681717329263,1.61681717329263
"null_mean",305,"94-26-8","94-26-8","butylparaben",-1.15242734085789,-2.59811667462639,1.4456893337685,1.4456893337685
"null_mean",306,"95-48-7","95-48-7","o-cresol",-1.80172783601759,-2.59103505691247,0.789307220894885,0.789307220894885
"null_mean",307,"95-54-5","95-54-5","o-phenylenediamine",-3.34678748622466,-2.58620674550558,-0.760580740719083,0.760580740719083
"null_mean",308,"95-57-8","95-57-8","o-chlorophenol",-1.48044892137827,-2.59203905352072,1.11159013214245,1.11159013214245
"null_mean",309,"95-65-8","95-65-8","3,4-xylenol",-1.44278385671974,-2.59215675684778,1.14937290012804,1.14937290012804
"null_mean",310,"97-00-7","97-00-7","2,4-dinitrochlorobenzene",-1.57500847696703,-2.59516556403545,1.02015708706842,1.02015708706842
"null_mean",311,"97-00-7","97-00-7","2,4-dinitrochlorobenzene",-1.50012264373278,-2.59516556403545,1.09504292030267,1.09504292030267
"null_mean",312,"97-53-0","97-53-0","eugenol",-1.592980675785,-2.59493643074167,1.00195575495667,1.00195575495667
"null_mean",313,"97-53-0","97-53-0","eugenol",-1.555243965633,-2.59493643074167,1.03969246510867,1.03969246510867
"null_mean",314,"97-54-1","97-54-1","isoeugenol",-1.74568406057766,-2.59490361407623,0.849219553498575,0.849219553498575
"null_mean",315,"97-54-1","97-54-1","isoeugenol",-1.41300909711301,-2.59490361407623,1.18189451696322,1.18189451696322
"null_mean",316,"98-86-2","98-86-2","acetophenone",-1.62740828480895,-2.59481306056908,0.967404775760131,0.967404775760131
"null_mean",317,"98-86-2","98-86-2","acetophenone",-1.56017144166374,-2.59481306056908,1.03464161890534,1.03464161890534
"null_mean",318,"99-76-3","99-76-3","methylparaben",-1.67358220444561,-2.59680481474845,0.923222610302842,0.923222610302842
"null_mean",319,"99-76-3","99-76-3","methylparaben",-1.96257350205938,-2.59680481474845,0.634231312689072,0.634231312689072
"null_mean",320,"99-76-3","99-76-3","methylparaben",-2.03394335230684,-2.59680481474845,0.562861462441612,0.562861462441612
"null_mean",321,"99-76-3","99-76-3","methylparaben",-2.07572071393812,-2.59680481474845,0.521084100810332,0.521084100810332
"potts_guy",1,"100-02-7","100-02-7","p-nitrophenol; 4-nitrophenol",-2.25,-2.14069152164045,-0.109308478359552,0.109308478359552
"potts_guy",2,"100-39-0","100-39-0","benzyl bromide",-1.54511979359646,-1.93887534149828,0.393755547901822,0.393755547901822
"potts_guy",3,"100-39-0","100-39-0","benzyl bromide",-1.89202735976865,-1.93887534149828,0.0468479817296314,0.0468479817296314
"potts_guy",4,"100-51-6","100-51-6","benzyl alcohol",-2.22205999132796,-2.30001035678799,0.0779503654600342,0.0779503654600342
"potts_guy",5,"1002-62-6","1002-62-6","sodium caprate; decanoic acid soap (c10:0)",-2.95233580539844,-1.74497477860137,-1.20736102679707,1.20736102679707
"potts_guy",6,"103-11-7","103-11-7","2-ethylhexyl acrylate",-2.11289007326765,-1.72843755621604,-0.384452517051605,0.384452517051605
"potts_guy",7,"103-11-7","103-11-7","2-ethylhexyl acrylate",-1.82434537155519,-1.72843755621604,-0.0959078153391453,0.0959078153391453
"potts_guy",8,"104-54-1","104-54-1","cinnamyl alcohol",-1.54329916349423,-2.16516366243867,0.621864498944444,0.621864498944444
"potts_guy",9,"104-54-1","104-54-1","cinnamyl alcohol",-1.47890341621095,-2.16516366243867,0.686260246227724,0.686260246227724
"potts_guy",10,"104-85-8","104-85-8","p-tolunitrile",-1.34336049829281,-2.05090265468422,0.707542156391407,0.707542156391407
"potts_guy",11,"104-85-8","104-85-8","p-tolunitrile",-1.51076062352006,-2.05090265468422,0.540142031164157,0.540142031164157
"potts_guy",12,"10521-91-2","10521-91-2","5-phenylpentanol",-0.94692155651658,-1.91810511191455,0.971183555397968,0.971183555397968
"potts_guy",13,"106-24-1","106-24-1","geraniol",-0.986619380204979,-1.62858273360572,0.641963353400737,0.641963353400737
"potts_guy",14,"106-24-1","106-24-1","geraniol",-1.01401437058883,-1.62858273360572,0.614568363016886,0.614568363016886
"potts_guy",15,"106-41-3","106-41-3","p-bromophenol",-1.43951925261862,-2.10541300779748,0.665893755178861,0.665893755178861
"potts_guy",16,"106-44-5","106-44-5","p-cresol",-0.920818753952375,-1.97692157568981,1.05610282173743,1.05610282173743
"potts_guy",17,"106-44-5","106-44-5","p-cresol",-1.74875360095283,-1.98054127901803,0.231787678065201,0.231787678065201
"potts_guy",18,"106-48-9","106-48-9","p-chlorophenol",-1.44875360095283,-1.90177417427234,0.453020573319507,0.453020573319507
"potts_guy",19,"106-50-3","106-50-3","p-phenylenediamine",-3.61978875828839,-2.76203367440934,-0.857755083879052,0.857755083879052
"potts_guy",20,"108-39-4","108-39-4","m-cresol",-1.81172783601759,-1.96674417342989,0.155016337412299,0.155016337412299
"potts_guy",21,"108-46-3","108-46-3","resorcinol",-2.42023266087399,-2.38695391056139,-0.0332787503126006,0.0332787503126006
"potts_guy",22,"108-46-3","108-46-3","resorcinol",-2.35642808060813,-2.38695391056139,0.0305258299532594,0.0305258299532594
"potts_guy",23,"108-46-3","108-46-3","resorcinol",-3.07,-2.38695391056139,-0.68304608943861,0.68304608943861
"potts_guy",24,"108-46-3","108-46-3","resorcinol; 1,3-benzenediol",-3.62291335664286,-2.40139735220311,-1.22151600443975,1.22151600443975
"potts_guy",25,"108-73-6","108-73-6","phloroglucinol",-2.51,-2.71120139496919,0.201201394969194,0.201201394969194
"potts_guy",26,"108-88-3","108-88-3","toluene",-0.0809219076239261,-1.63612034071388,1.55519843308996,1.55519843308996
"potts_guy",27,"108-95-2","108-95-2","phenol",-2.03,-2.06768356830997,0.0376835683099652,0.0376835683099652
"potts_guy",28,"108-95-2","108-95-2","phenol",-2.08907809237607,-2.06036732044707,-0.0287107719290032,0.0287107719290032
"potts_guy",29,"108-95-2","108-95-2","phenol",-1.70996538863748,-2.06036732044707,0.350401931809587,0.350401931809587
"potts_guy",30,"108-95-2","108-95-2","phenol",-3.82792274303052,-2.06036732044707,-1.76755542258345,1.76755542258345
"potts_guy",31,"110-80-5","110-80-5","2-ethoxy ethanol",-3.60205999132796,-2.67679435483072,-0.925265636497242,0.925265636497242
"potts_guy",32,"111-27-3","111-27-3","hexanol",-1.49485002168009,-1.92871886302446,0.433868841344373,0.433868841344373
"potts_guy",33,"111-27-3","111-27-3","hexanol",-1.88605664769316,-1.94647736554348,0.0604207178503204,0.0604207178503204
"potts_guy",34,"111-27-3","111-27-3","n-hexanol",-1.88605664769316,-1.92871886302446,0.042662215331303,0.042662215331303
"potts_guy",35,"111-76-2","111-76-2","butoxyethanol",-2.25698018593163,-2.42766885443558,0.17068866850395,0.17068866850395
"potts_guy",36,"111-87-5","111-87-5","n-octanol",-1.2839966563652,-1.71764515368449,0.43364849731929,0.43364849731929
"potts_guy",37,"111-87-5","111-87-5","octanol",-1.0301183562535,-1.66368915383699,0.633570797583487,0.633570797583487
"potts_guy",38,"111-87-5","111-87-5","octanol",-1.15490195998574,-1.66368915383699,0.508787193851247,0.508787193851247
"potts_guy",39,"111-87-5","111-87-5","octanol",-1.2839966563652,-1.71764515368449,0.43364849731929,0.43364849731929
"potts_guy",40,"111-87-5","111-87-5","octanol",-1.21467016498923,-1.71764515368449,0.50297498869526,0.50297498869526
"potts_guy",41,"112-30-1","112-30-1","decanol",-1.833220851329,-1.5220539700425,-0.311166881286502,0.311166881286502
"potts_guy",42,"112-30-1","112-30-1","decanol",-1.95860731484178,-1.5220539700425,-0.436553344799282,0.436553344799282
"potts_guy",43,"112-30-1","112-30-1","decanol",-1.14508697769214,-1.39926577232404,0.254178794631902,0.254178794631902
"potts_guy",44,"112-30-1","112-30-1","decanol",-1.04575749056068,-1.39926577232404,0.353508281763362,0.353508281763362
"potts_guy",45,"112-30-1","112-30-1","decanol",-1.09691001300806,-1.46432481172334,0.367414798715279,0.367414798715279
"potts_guy",46,"112-30-1","112-30-1","n-decanol",-1.09691001300806,-1.46422364625746,0.367313633249399,0.367313633249399
"potts_guy",47,"112-34-5","112-34-5","diethylene glycol monobutyl ether",-2.23600035701585,-2.73773825499511,0.501737897979261,0.501737897979261
"potts_guy",48,"112-34-5","112-34-5","diethylene glycol monobutyl ether",-2.16688305055618,-2.73773825499511,0.570855204438931,0.570855204438931
"potts_guy",49,"112-80-1","112-80-1","oleic acid",-2.88605664769316,-0.690867038904981,-2.19518960878818,2.19518960878818
"potts_guy",50,"117-81-7","117-81-7","bis(2-ethylhexyl)phthalate",-4.09691001300806,-2.24916196214144,-1.84774805086662,1.84774805086662
"potts_guy",51,"119-34-6","119-34-6","4-amino-2-nitrophenol",-4.06550154875643,-2.5563458199021,-1.50915572885433,1.50915572885433
"potts_guy",52,"119-36-8","119-36-8","methyl salicylate",-1.44369749923271,-2.09327665487495,0.649579155642237,0.649579155642237
"potts_guy",53,"119-61-9","119-61-9","benzophenone",-1.24920613319746,-1.90679627655293,0.657590143355466,0.657590143355466
"potts_guy",54,"119-61-9","119-61-9","benzophenone",-1.13822159828622,-1.90679627655293,0.768574678266706,0.768574678266706
"potts_guy",55,"120-80-9","120-80-9","catechol",-2.51,-2.36710116896839,-0.142898831031605,0.142898831031605
"potts_guy",56,"120-83-2","120-83-2","2,4-dichlorophenol",-1.14874021557127,-1.83810976060192,0.689369545030646,0.689369545030646
"potts_guy",57,"120-83-2","120-83-2","2,4-dichlorophenol",-1.22136169383427,-1.85255424532758,0.631192551493315,0.631192551493315
"potts_guy",58,"1219-38-1","1219-38-1","octylparaben",-1.90585161784792,-1.47325861106378,-0.43259300678414,0.43259300678414
"potts_guy",59,"122-57-6","122-57-6","benzylideneacetone",-1.40794873077454,-2.09771009658126,0.689761365806723,0.689761365806723
"potts_guy",60,"122-57-6","122-57-6","benzylideneacetone",-1.11863375864077,-2.09771009658126,0.979076337940493,0.979076337940493
"potts_guy",61,"123-07-9 ","123-07-9 ","p-ethylphenol",-1.46278385671974,-1.85462384261752,0.391839985897782,0.391839985897782
"potts_guy",62,"123-31-9","123-31-9","hydroquinone",-5.0301183562535,-2.44898031074162,-2.58113804551188,2.58113804551188
"potts_guy",63,"123-31-9","123-31-9","hydroquinone",-1.90385139213331,-2.44898031074162,0.545128918608312,0.545128918608312
"potts_guy",64,"123-31-9","123-31-9","hydroquinone",-2.41644259377425,-2.44898031074162,0.0325377169673722,0.0325377169673722
"potts_guy",65,"123-31-9","123-31-9","hydroquinone",-2.95,-2.45983884369185,-0.490161156308153,0.490161156308153
"potts_guy",66,"124-94-7","124-94-7","triamcinolone",-5.40011692792631,-3.72950125299256,-1.67061567493375,1.67061567493375
"potts_guy",67,"131-11-3","131-11-3","dimethyl phthalate",-1.55258483591006,-2.50596967118989,0.953384835279827,0.953384835279827
"potts_guy",68,"131-11-3","131-11-3","dimethyl phthalate",-1.64782103953418,-2.50596967118989,0.858148631655707,0.858148631655707
"potts_guy",69,"135-19-3","135-19-3","beta-naphthol; 2-naphthol",-1.5543957967264,-1.88225220396825,0.327856407241849,0.327856407241849
"potts_guy",70,"135-19-3","135-19-3","beta-naphthol; 2-naphthol",-1.20065945054642,-1.88124195945569,0.680582508909268,0.680582508909268
"potts_guy",71,"13523-86-9","13523-86-9","pindolol",-3.70333480973847,-3.50622928897731,-0.197105520761162,0.197105520761162
"potts_guy",72,"13655-52-2","13655-52-2","alprenolol",-2.78664164637561,-3.157251589664,0.370609943288388,0.370609943288388
"potts_guy",73,"137-58-6","137-58-6","lidocaine",-2.40120949323688,-2.41641869595534,0.0152092027184594,0.0152092027184594
"potts_guy",74,"137-58-6","137-58-6","lidocaine",-2.52287874528034,-2.41474349436404,-0.108135250916298,0.108135250916298
"potts_guy",75,"137-58-6","137-58-6","lidocaine",-2.52287874528034,-2.41474349436404,-0.108135250916298,0.108135250916298
"potts_guy",76,"141-05-9","141-05-9","diethyl maleate",-1.66740097646667,-2.6194838338503,0.952082857383633,0.952082857383633
"potts_guy",77,"141-05-9","141-05-9","diethyl maleate",-1.58608416024509,-2.6194838338503,1.03339967360521,1.03339967360521
"potts_guy",78,"14199-15-6","14199-15-6","methyl 4-hydroxyphenylacetate",-1.69897000433602,-2.38233201424779,0.683362009911769,0.683362009911769
"potts_guy",79,"143-08-8","143-08-8","n-nonanol",-1.22184874961636,-1.58515180660676,0.3633030569904,0.3633030569904
"potts_guy",80,"143-08-8","143-08-8","nonanol",-1.22184874961636,-1.58383758132741,0.361988831711054,0.361988831711054
"potts_guy",81,"14371-10-9","14371-10-9","trans-cinnamaldehyde",-1.55307871254876,-2.0342037488866,0.481125036337842,0.481125036337842
"potts_guy",82,"14371-10-9","14371-10-9","trans-cinnamaldehyde",-1.38433498624321,-2.0342037488866,0.649868762643392,0.649868762643392
"potts_guy",83,"145-13-1","145-13-1","hydroxypregnenolone",-3.22184874961636,-2.43802607071297,-0.783822678903394,0.783822678903394
"potts_guy",84,"145-13-1","145-13-1","pregnenolone",-2.82390874094432,-2.07652522163379,-0.747383519310525,0.747383519310525
"potts_guy",85,"146-72-5","146-72-5","methylglucose",-3.68026950566978,-4.0252327144231,0.344963208753316,0.344963208753316
"potts_guy",86,"1638-22-8","1638-22-8","p-n-butylphenol; 4-butylphenol",-1.11463877996849,-1.6087642111193,0.494125431150812,0.494125431150812
"potts_guy",87,"16590-41-3","16590-41-3","naltrexone",-2.6664407795091,-3.16785688335266,0.501416103843564,0.501416103843564
"potts_guy",88,"17194-82-0","17194-82-0","alfa-(4-hydroxyphenyl) acetamide",-3.34678748622466,-2.92598910525387,-0.420798380970793,0.420798380970793
"potts_guy",89,"18979-50-5","18979-50-5","4-propoxyphenol",-1.82490330536304,-2.04163407538194,0.216730770018901,0.216730770018901
"potts_guy",90,"2152-44-5","2152-44-5","betamethasone-17-valerate",-2.88041422503822,-3.10746799966071,0.227053774622493,0.227053774622493
"potts_guy",91,"2203-97-6","2203-97-6","hydrocortisone-21-hemisuccinate",-3.20065945054642,-3.71903951823442,0.518380067688005,0.518380067688005
"potts_guy",92,"2493-02-9","2493-02-9","4-bromophenyl isocyanate",-1.84100559902551,-1.87125031236689,0.0302447133413766,0.0302447133413766
"potts_guy",93,"2493-02-9","2493-02-9","4-bromophenyl isocyanate",-1.75134980127003,-1.87125031236689,0.119900511096857,0.119900511096857
"potts_guy",94,"26839-75-8","26839-75-8","timolol",-3.57016261901271,-3.06214677776786,-0.508015841244854,0.508015841244854
"potts_guy",95,"26839-75-8","26839-75-8","timolol",-3.53521248035406,-3.06214677776786,-0.473065702586204,0.473065702586204
"potts_guy",96,"2871-01-4","2871-01-4","hc red no. 3; 2-(4-amino-2-nitroanilino)-ethanol",-1.67058885168866,-2.89525961778543,1.22467076609677,1.22467076609677
"potts_guy",97,"2871-01-4","2871-01-4","hc red no. 3; 2-(4-amino-2-nitroanilino)-ethanol",-2.32271042397763,-2.89525961778543,0.5725491938078,0.5725491938078
"potts_guy",98,"29122-68-7","29122-68-7","atenolol",-3.96657624451305,-4.12172253419515,0.155146289682098,0.155146289682098
"potts_guy",99,"31005-02-4","31005-02-4","7-ethoxycoumarin",-0.781780143112531,-2.56911784729379,1.78733770418126,1.78733770418126
"potts_guy",100,"31005-02-4","31005-02-4","7-ethoxycoumarin",-0.919153916982604,-2.56911784729379,1.64996393031119,1.64996393031119
"potts_guy",101,"333-41-5","333-41-5","diazinon",-2.06048074738138,-2.30644941256171,0.245968665180333,0.245968665180333
"potts_guy",102,"3360-41-6","3360-41-6","4-phenylbutanol",-1.08092190762393,-2.04953932057281,0.968617412948875,0.968617412948875
"potts_guy",103,"3593-96-2","3593-96-2","hydrocortisone-21-hexanoate; hydrocortisone caproate",-2,-2.86068350571906,0.860683505719058,0.860683505719058
"potts_guy",104,"3930-20-9","3930-20-9","sotalol",-4.31984585826563,-3.40856404442749,-0.911281813838139,0.911281813838139
"potts_guy",105,"3930-20-9","3930-20-9","sotalol",-3.88598470867013,-3.40856404442749,-0.477420664242639,0.477420664242639
"potts_guy",106,"3930-20-9","3930-20-9","sotalol",-4.17986287404271,-3.40856404442749,-0.77129882961522,0.77129882961522
"potts_guy",107,"42200-33-9","42200-33-9","nadolol",-4.10127481841051,-4.08184749751154,-0.0194273208989735,0.0194273208989735
"potts_guy",108,"437-38-7","437-38-7","fentanyl base",-1.96286612872332,-2.41426947647158,0.451403347748263,0.451403347748263
"potts_guy",109,"463-40-1","463-40-1","linolenic acid",-2.431798275933,-1.1485437780893,-1.2832544978437,1.2832544978437
"potts_guy",110,"499-75-2","499-75-2","iso-thymol; carvacrol",-1.25336580106242,-1.70239323416664,0.449027433104222,0.449027433104222
"potts_guy",111,"50-2-2","50-2-2","dexamethasone",-4.19382002601611,-3.3596576061638,-0.834162419852313,0.834162419852313
"potts_guy",112,"50-22-6","50-22-6","corticosterone",-2.24178591486039,-3.22354432963524,0.981758414774846,0.981758414774846
"potts_guy",113,"50-22-6","50-22-6","corticosterone",-2.35454840605954,-3.22354432963524,0.868995923575696,0.868995923575696
"potts_guy",114,"50-22-6","50-22-6","corticosterone",-3.16494389827988,-3.17281631369818,0.00787241541829653,0.00787241541829653
"potts_guy",115,"50-22-6","50-22-6","corticosterone",-4,-3.15832259485902,-0.841677405140984,0.841677405140984
"potts_guy",116,"50-22-6","50-22-6","corticosterone",-3.33468369530231,-3.22716775934503,-0.107515935957284,0.107515935957284
"potts_guy",117,"50-22-6","50-22-6","corticosterone",-3.52287874528034,-3.22354432963524,-0.299334415645104,0.299334415645104
"potts_guy",118,"50-22-6","50-22-6","corticosterone",-3.52287874528034,-3.22106225757358,-0.301816487706761,0.301816487706761
"potts_guy",119,"50-22-6","50-22-6","corticosterone",-4,-3.15601471823182,-0.843985281768181,0.843985281768181
"potts_guy",120,"50-22-6","50-22-6","corticosterone",-3.26587485567249,-3.22354432963524,-0.042330526037254,0.042330526037254
"potts_guy",121,"50-22-6","50-22-6","corticosterone",-2.58587485567249,-3.22354432963524,0.637669473962746,0.637669473962746
"potts_guy",122,"50-22-6","50-22-6","corticosterone",-4.22184874961636,-3.22354432963524,-0.998304419981124,0.998304419981124
"potts_guy",123,"50-22-6","50-22-6","corticosterone",-4.67571754470231,-3.22354432963524,-1.45217321506707,1.45217321506707
"potts_guy",124,"50-22-6","50-22-6","corticosterone",-3.23418248469008,-3.16080466692067,-0.0733778177694067,0.0733778177694067
"potts_guy",125,"50-23-7","50-23-7","hydrocortisone",-2.01894154396037,-3.4180161201934,1.39907457623303,1.39907457623303
"potts_guy",126,"50-23-7","50-23-7","hydrocortisone",-2.68163603566894,-3.4180161201934,0.736380084524464,0.736380084524464
"potts_guy",127,"50-23-7","50-23-7","hydrocortisone",-3.63827216398241,-3.29855907060877,-0.339713093373638,0.339713093373638
"potts_guy",128,"50-23-7","50-23-7","hydrocortisone",-3.63870046691906,-3.4180161201934,-0.220684346725656,0.220684346725656
"potts_guy",129,"50-23-7","50-23-7","hydrocortisone",-5.52287874528034,-3.4180161201934,-2.10486262508694,2.10486262508694
"potts_guy",130,"50-23-7","50-23-7","hydrocortisone",-5.52724355068279,-3.4180161201934,-2.10922743048939,2.10922743048939
"potts_guy",131,"50-24-8","50-24-8","prednisolone",-4.32790214206428,-3.33214804273189,-0.995754099332387,0.995754099332387
"potts_guy",132,"50-27-1","50-27-1","estriol",-4.39794000867204,-2.51251344187963,-1.88542656679241,1.88542656679241
"potts_guy",133,"50-28-2","50-28-2","beta-estradiol",-2.38721614328026,-1.97920012307622,-0.408016020204043,0.408016020204043
"potts_guy",134,"50-28-2","50-28-2","beta-estradiol",-2.01233373507373,-1.97929885138563,-0.0330348836881031,0.0330348836881031
"potts_guy",135,"50-28-2","50-28-2","beta-estradiol",-3.52287874528034,-1.97929885138563,-1.54357989389471,1.54357989389471
"potts_guy",136,"50-28-2","50-28-2","beta-estradiol",-2.28149831113273,-1.97929885138563,-0.302199459747103,0.302199459747103
"potts_guy",137,"50-28-2","50-28-2","estradiol",-1.98581560249872,-1.97929885138563,-0.00651675111309324,0.00651675111309324
"potts_guy",138,"50-28-2","50-28-2","estradiol",-4.69680394257951,-1.97929885138563,-2.71750509119388,2.71750509119388
"potts_guy",139,"50-28-2","50-28-2","estradiol",-2.36451625318509,-1.97929885138563,-0.385217401799463,0.385217401799463
"potts_guy",140,"50-28-2","50-28-2","estradiol",-2.38090666937326,-1.97920012307622,-0.401706546297043,0.401706546297043
"potts_guy",141,"50-28-2","50-28-2","estradiol",-2.21324857785444,-1.97920012307622,-0.234048454778223,0.234048454778223
"potts_guy",142,"50-28-2","50-28-2","estradiol",-2.49485002168009,-1.97929885138563,-0.515551170294464,0.515551170294464
"potts_guy",143,"50-28-2","50-28-2","estradiol",-2.52287874528034,-1.97920012307622,-0.543678622204123,0.543678622204123
"potts_guy",144,"50-28-2","50-28-2","estradiol",-2.52287874528034,-1.97929885138563,-0.543579893894713,0.543579893894713
"potts_guy",145,"50-28-2","50-28-2","estradiol",-2.52287874528034,-1.97929885138563,-0.543579893894713,0.543579893894713
"potts_guy",146,"50-28-2","50-28-2","estradiol",-2.08008551934057,-1.97929885138563,-0.100786667954943,0.100786667954943
"potts_guy",147,"50-28-2","50-28-2","estradiol",-2.34969247686806,-1.97929885138563,-0.370393625482433,0.370393625482433
"potts_guy",148,"50-28-2","50-28-2","estradiol",-2.51173374958299,-1.97929885138563,-0.532434898197363,0.532434898197363
"potts_guy",149,"51-21-8","51-21-8","5-fluorouracil",-4.52574969288748,-3.028819633076,-1.49693005981148,1.49693005981148
"potts_guy",150,"51-21-8","51-21-8","5-fluorouracil",-4.72894468964132,-3.028819633076,-1.70012505656532,1.70012505656532
"potts_guy",151,"51-21-8","51-21-8","5-fluorouracil",-4.47108329972234,-3.028819633076,-1.44226366664634,1.44226366664634
"potts_guy",152,"51-21-8","51-21-8","5-fluorouracil (+ - + -)",-4.46597389394386,-3.028819633076,-1.43715426086786,1.43715426086786
"potts_guy",153,"512-69-6","512-69-6","raffinose",-4.85472588171206,-6.23876600586382,1.38404012415176,1.38404012415176
"potts_guy",154,"512-69-6","512-69-6","raffinose",-4.29756946355447,-6.47839487520555,2.18082541165108,2.18082541165108
"potts_guy",155,"513-85-9","513-85-9","2,3-butanediol",-4.30102999566398,-2.93246428254468,-1.3685657131193,1.3685657131193
"potts_guy",156,"51384-51-1","51384-51-1","metoprolol",-3.52461940685664,-3.47133305761586,-0.0532863492407838,0.0532863492407838
"potts_guy",157,"52-39-1","52-39-1","aldosterone",-4.23657200643706,-3.50910456604345,-0.727467440393605,0.727467440393605
"potts_guy",158,"52-39-1","52-39-1","aldosterone",-4.74835790885864,-3.63418558323653,-1.11417232562211,1.11417232562211
"potts_guy",159,"52-39-1","52-39-1","aldosterone",-4.30102999566398,-3.63418558323653,-0.666844412427452,0.666844412427452
"potts_guy",160,"52-39-1","52-39-1","aldosterone",-4.52287874528034,-3.63442725740598,-0.888451487874363,0.888451487874363
"potts_guy",161,"52-39-1","52-39-1","aldosterone",-4.52287874528034,-3.63442725740598,-0.888451487874363,0.888451487874363
"potts_guy",162,"52-39-1","52-39-1","aldosterone",-4.01233373507373,-3.63442725740598,-0.377906477667753,0.377906477667753
"potts_guy",163,"53-06-5","53-06-5","cortisone",-3.82390874094432,-3.48562937215323,-0.338279368791089,0.338279368791089
"potts_guy",164,"53-06-5","53-06-5","cortisone",-5,-3.48562937215323,-1.51437062784677,1.51437062784677
"potts_guy",165,"53-16-7","53-16-7","estrone",-2.44369749923271,-2.15909038675318,-0.284607112479528,0.284607112479528
"potts_guy",166,"53-96-3","53-96-3","2-(acetylamino)fluorene",-1.16052197602182,-2.13907438374117,0.978552407719353,0.978552407719353
"potts_guy",167,"53-96-3","53-96-3","2-(acetylamino)fluorene",-1.10756666442663,-2.13907438374117,1.03150771931454,1.03150771931454
"potts_guy",168,"533-73-3","533-73-3","1,2,4-benzenetriol",-3.9,-2.47151265587488,-1.42848734412512,1.42848734412512
"potts_guy",169,"53535-33-4","53535-33-4","heptanol",-1.42481215507234,-1.82822234488235,0.403410189810014,0.403410189810014
"potts_guy",170,"53535-33-4","53535-33-4","heptanol",-1.49485002168009,-1.82822234488235,0.333372323202264,0.333372323202264
"potts_guy",171,"53535-33-4","53535-33-4","n-heptanol",-1.49485002168009,-1.77395856407369,0.279108542393598,0.279108542393598
"potts_guy",172,"554-84-7","554-84-7","m-nitrophenol; 3-nitrophenol",-2.24848294855394,-2.13340854936546,-0.115074399188484,0.115074399188484
"potts_guy",173,"56-81-5","56-81-5","glycerol",-4.56863623584101,-3.23666976207243,-1.33196647376858,1.33196647376858
"potts_guy",174,"56-81-5","56-81-5","glycerol",-3.00594693641232,-3.29387636917726,0.287929432764938,0.287929432764938
"potts_guy",175,"56030-54-7","56030-54-7","sufentanil base",-1.81815641205523,-2.86266009746572,1.04450368541048,1.04450368541048
"potts_guy",176,"57-13-6","57-13-6","urea",-3.82973828460504,-3.13897886453811,-0.690759420066928,0.690759420066928
"potts_guy",177,"57-13-6","57-13-6","urea",-3.95233580539844,-3.13897886453811,-0.813356940860328,0.813356940860328
"potts_guy",178,"57-13-6","57-13-6","urea",-3.92564441915299,-3.13897886453811,-0.786665554614878,0.786665554614878
"potts_guy",179,"57-13-6","57-13-6","urea",-3.69494112531286,-3.13897886453811,-0.555962260774748,0.555962260774748
"potts_guy",180,"57-13-6","57-13-6","urea",-3.55495653854982,-3.13897886453811,-0.415977674011708,0.415977674011708
"potts_guy",181,"57-13-6","57-13-6","urea",-3.5970511706556,-3.13897886453811,-0.458072306117488,0.458072306117488
"potts_guy",182,"57-13-6","57-13-6","urea",-3.55720677406023,-3.13897886453811,-0.418227909522118,0.418227909522118
"potts_guy",183,"57-50-1","57-50-1","sucrose",-5.0268721464003,-5.46778287817903,0.440910731778729,0.440910731778729
"potts_guy",184,"57-50-1","57-50-1","sucrose",-5.2839966563652,-5.46778287817903,0.183786221813829,0.183786221813829
"potts_guy",185,"57-50-1","57-50-1","sucrose",-4.76200316671127,-5.46778287817903,0.705779711467759,0.705779711467759
"potts_guy",186,"57-50-1","57-50-1","sucrose",-4.26905630657226,-5.46778287817903,1.19872657160677,1.19872657160677
"potts_guy",187,"57-50-1","57-50-1","sucrose",-4.36451625318509,-5.46778287817903,1.10326662499394,1.10326662499394
"potts_guy",188,"57-50-1","57-50-1","sucrose",-3.13406733180681,-5.46778287817903,2.33371554637222,2.33371554637222
"potts_guy",189,"57-83-0","57-83-0","progesterone",-1.52287874528034,-2.37387590445722,0.850997159176881,0.850997159176881
"potts_guy",190,"57-83-0","57-83-0","progesterone",-1.70344032687277,-2.27681887986987,0.573378552997098,0.573378552997098
"potts_guy",191,"57-83-0","57-83-0","progesterone",-1.88605664769316,-2.27681887986987,0.390762232176708,0.390762232176708
"potts_guy",192,"57-83-0","57-83-0","progesterone",-1.69897000433602,-2.37388750337619,0.674917499040169,0.674917499040169
"potts_guy",193,"57-83-0","57-83-0","progesterone",-2.82390874094432,-2.27681887986987,-0.547089861074452,0.547089861074452
"potts_guy",194,"58-08-2","58-08-2","caffeine",-3.80687540164554,-3.1309461126053,-0.675929289040239,0.675929289040239
"potts_guy",195,"58-08-2","58-08-2","caffeine",-4.58586563707645,-3.1345558307079,-1.45130980636855,1.45130980636855
"potts_guy",196,"58-08-2","58-08-2","caffeine",-1.60220380347052,-3.1345558307079,1.53235202723738,1.53235202723738
"potts_guy",197,"58-08-2","58-08-2","caffeine",-2.60631808276205,-3.1345558307079,0.528237747945848,0.528237747945848
"potts_guy",198,"58-08-2","58-08-2","caffeine",-4.15490195998574,-3.13452545461253,-1.02037650537321,1.02037650537321
"potts_guy",199,"58-08-2","58-08-2","caffeine",-3.69897000433602,-3.1345558307079,-0.564414173628122,0.564414173628122
"potts_guy",200,"58-22-0","58-22-0","testosterone",-2.0571655062299,-2.32579897256144,0.268633466331539,0.268633466331539
"potts_guy",201,"58-22-0","58-22-0","testosterone",-2.04694894237348,-2.32579902319199,0.278850080818508,0.278850080818508
"potts_guy",202,"58-22-0","58-22-0","testosterone",-1.64633962279966,-2.3839280571712,0.737588434371537,0.737588434371537
"potts_guy",203,"58-22-0","58-22-0","testosterone",-1.41570671752568,-2.32579897256144,0.910092255035759,0.910092255035759
"potts_guy",204,"58-22-0","58-22-0","testosterone",-2.27083521030723,-2.38756112495931,0.116725914652077,0.116725914652077
"potts_guy",205,"58-22-0","58-22-0","testosterone",-2.38875983135141,-2.32569771146269,-0.0630621198887233,0.0630621198887233
"potts_guy",206,"58-22-0","58-22-0","testosterone",-2.65757731917779,-2.32569771146269,-0.331879607715103,0.331879607715103
"potts_guy",207,"58-22-0","58-22-0","testosterone",-2.65757731917779,-2.32367248948764,-0.333904829690146,0.333904829690146
"potts_guy",208,"58-22-0","58-22-0","testosterone",-2.65757731917779,-2.32367248948764,-0.333904829690146,0.333904829690146
"potts_guy",209,"58-22-0","58-22-0","testosterone",-3.39794000867204,-2.32569771146269,-1.07224229720935,1.07224229720935
"potts_guy",210,"58-22-0","58-22-0","testosterone",-3.06752623532285,-2.32569771146269,-0.741828523860164,0.741828523860164
"potts_guy",211,"58-22-0","58-22-0","testosterone",-2.13194363817696,-2.32367248948764,0.191728851310684,0.191728851310684
"potts_guy",212,"58-54-8","58-54-8","ethacrynic acid",-3.82390874094432,-2.62719552819975,-1.19671321274457,1.19671321274457
"potts_guy",213,"59-05-2","59-05-2","methotrexate",-3.40160112979023,-5.16810041048723,1.766499280697,1.766499280697
"potts_guy",214,"59-50-7","59-50-7","chlorocresol",-1.26406804435028,-1.73115229764239,0.467084253292108,0.467084253292108
"potts_guy",215,"59-50-7","59-50-7","chlorocresol",-1.65255620893436,-1.80918829200655,0.156632083072191,0.156632083072191
"potts_guy",216,"60-12-8","60-12-8","2-phenylethanol",-1.25963731050576,-2.26739884615097,1.00776153564521,1.00776153564521
"potts_guy",217,"60-12-8","60-12-8","2-phenylethanol",-2.11527250510331,-2.26034856290148,0.145076057798174,0.145076057798174
"potts_guy",218,"610-81-1","610-81-1","4-amino-3-nitrophenol",-2.1297393876227,-2.43377767959964,0.304038291976941,0.304038291976941
"potts_guy",219,"610-81-1","610-81-1","4-amino-3-nitrophenol",-2.26671923730847,-2.43377767959964,0.167058442291171,0.167058442291171
"potts_guy",220,"614-18-6","614-18-6","nicotinate, ethyl",-3.10790539730952,-2.37863640500273,-0.72926899230679,0.72926899230679
"potts_guy",221,"614-18-6","614-18-6","nicotinate, ethyl",-3.08618614761628,-2.37863640500273,-0.70754974261355,0.70754974261355
"potts_guy",222,"623-05-2","623-05-2","4-hydroxybenzyl alcohol",-2.69897000433602,-2.64164290310852,-0.057327101227501,0.057327101227501
"potts_guy",223,"63-36-5","63-36-5","salicylate",-3.96686900819185,-2.06795490369969,-1.89891410449216,1.89891410449216
"potts_guy",224,"64-17-5","64-17-5","ethanol",-2.72124639904717,-2.45916060789588,-0.262085791151287,0.262085791151287
"potts_guy",225,"64-17-5","64-17-5","ethanol",-3.09691001300806,-2.45916060789588,-0.637749405112177,0.637749405112177
"potts_guy",226,"64-17-5","64-17-5","ethanol",-3.09691001300806,-2.45880157260123,-0.638108440406831,0.638108440406831
"potts_guy",227,"64-19-7","64-19-7","acetic acid",-2.77786589964853,-2.49237463748396,-0.285491262164575,0.285491262164575
"potts_guy",228,"64-85-7","64-85-7","cortexone",-3.34678748622466,-2.55995806399283,-0.786829422231826,0.786829422231826
"potts_guy",229,"65-85-0","65-85-0","benzoic acid",-2.11918640771921,-2.18764623918123,0.0684598314620226,0.0684598314620226
"potts_guy",230,"65-85-0","65-85-0","benzoic acid",-1.50863830616573,-2.06451586592011,0.55587755975438,0.55587755975438
"potts_guy",231,"65-85-0","65-85-0","benzoic acid",-1.50863830616573,-2.06451586592011,0.55587755975438,0.55587755975438
"potts_guy",232,"66-27-3","66-27-3","methyl methanesulfonate",-1.91205408690953,-2.44894563668117,0.536891549771641,0.536891549771641
"potts_guy",233,"66-27-3","66-27-3","methyl methanesulfonate",-2.06776764179179,-2.44894563668117,0.381177994889381,0.381177994889381
"potts_guy",234,"6677-98-1","6677-98-1","hydrocortisone-21-propionate",-2.46852108295775,-3.17461383718006,0.706092754222306,0.706092754222306
"potts_guy",235,"67-56-1","67-56-1","methanol",-3.30102999566398,-2.54890040348524,-0.752129592178745,0.752129592178745
"potts_guy",236,"67-56-1","67-56-1","methanol",-3.30102999566398,-2.53064967319499,-0.77038032246899,0.77038032246899
"potts_guy",237,"67-56-1","67-56-1","methanol",-2.79588001734407,-2.53064967319499,-0.26523034414908,0.26523034414908
"potts_guy",238,"68-96-2","68-96-2","17-alfa-hydroxyprogesterone",-3.22184874961636,-2.75200799410482,-0.469840755511542,0.469840755511542
"potts_guy",239,"69-29-7","69-29-7","ethyl ether",-1.79588001734408,-2.15154105429797,0.35566103695389,0.35566103695389
"potts_guy",240,"69-65-8","69-65-8","mannitol",-4.72681868815271,-4.31431578196514,-0.41250290618757,0.41250290618757
"potts_guy",241,"69-65-8","69-65-8","mannitol",-4,-4.84668778815752,0.846687788157523,0.846687788157523
"potts_guy",242,"69-65-8","69-65-8","mannitol",-4.68257958814785,-4.31344474170591,-0.369134846441938,0.369134846441938
"potts_guy",243,"69-65-8","69-65-8","mannitol",-4.45692576496647,-4.31446949495206,-0.142456270014408,0.142456270014408
"potts_guy",244,"69-65-8","69-65-8","mannitol",-4.77257756999574,-4.84668778815752,0.074110218161783,0.074110218161783
"potts_guy",245,"69-65-8","69-65-8","mannitol",-4.43830246734601,-4.31446949495206,-0.123832972393949,0.123832972393949
"potts_guy",246,"69-65-8","69-65-8","mannitol",-4.18810341360238,-4.84668778815752,0.658584374555143,0.658584374555143
"potts_guy",247,"69-65-8","69-65-8","mannitol",-4.00436480540245,-4.84668778815752,0.842322982755072,0.842322982755072
"potts_guy",248,"69-65-8","69-65-8","mannitol",-3.97265039222524,-4.84668778815752,0.874037395932282,0.874037395932282
"potts_guy",249,"69-65-8","69-65-8","mannitol",-3.1536628878702,-4.31344474170591,1.15978185383571,1.15978185383571
"potts_guy",250,"69-72-7","69-72-7","salicylic acid",-3.03151705144606,-2.08069270167496,-0.950824349771104,0.950824349771104
"potts_guy",251,"69-72-7","69-72-7","salicylic acid",-1.34678748622466,-2.08069270167496,0.733905215450296,0.733905215450296
"potts_guy",252,"71-23-8","71-23-8","n-propanol",-2.92081875395238,-2.29562272302232,-0.625196030930065,0.625196030930065
"potts_guy",253,"71-23-8","71-23-8","propanol",-2.76955107862173,-2.29516077897277,-0.474390299648963,0.474390299648963
"potts_guy",254,"71-23-8","71-23-8","propanol",-2.92081875395238,-2.29516077897277,-0.625657974979613,0.625657974979613
"potts_guy",255,"71-36-3","71-36-3","butanol",-2.52287874528034,-2.16993839885957,-0.352940346420765,0.352940346420765
"potts_guy",256,"71-36-3","71-36-3","butanol",-2.10237290870956,-2.16993839885957,0.0675654901500149,0.0675654901500149
"potts_guy",257,"71-36-3","71-36-3","butanol",-2.65757731917779,-2.16993839885957,-0.487638920318215,0.487638920318215
"potts_guy",258,"71-36-3","71-36-3","butanol",-2.65757731917779,-2.17004123921052,-0.487536079967269,0.487536079967269
"potts_guy",259,"71-36-3","71-36-3","butanol",-2.60205999132796,-2.16993839885957,-0.432121592468385,0.432121592468385
"potts_guy",260,"71-36-3","71-36-3","n-butanol",-2.60205999132796,-2.17004123921052,-0.432018752117439,0.432018752117439
"potts_guy",261,"71-41-0","71-41-0","n-pentanol",-2.22184874961636,-2.0621639719572,-0.159684777659161,0.159684777659161
"potts_guy",262,"71-41-0","71-41-0","pentanol",-2.22184874961636,-2.06241798992,-0.159430759696359,0.159430759696359
"potts_guy",263,"71-43-0","71-43-0","benzene",-0.954285941059132,-1.73335253710324,0.779066596044104,0.779066596044104
"potts_guy",264,"71-43-0","71-43-0","benzene",-0.795880017344075,-1.73335253710324,0.937472519759161,0.937472519759161
"potts_guy",265,"71-91-0","71-91-0","tetraethylammonium",-3.25387553642834,-3.82871055480507,0.574835018376732,0.574835018376732
"potts_guy",266,"71-91-0","71-91-0","tetraethylammonium bromide (+)",-3.36815053784018,-3.82845731335074,0.460306775510559,0.460306775510559
"potts_guy",267,"76-25-5","76-25-5","triamcinolone acetonide",-3.40230481407449,-3.36210236540639,-0.0402024486681043,0.0402024486681043
"potts_guy",268,"76-25-5","76-25-5","triamcinolone acetonide",-4.70663744528855,-3.36210236540639,-1.34453507988216,1.34453507988216
"potts_guy",269,"76180-96-6","76180-96-6","3-methyl-3h-imidazo[4,5-f]quinolin-2-amine",-2.07218350508968,-2.50310734465589,0.430923839566206,0.430923839566206
"potts_guy",270,"76180-96-6","76180-96-6","3-methyl-3h-imidazo[4,5-f]quinolin-2-amine",-2.43056359552234,-2.50310734465589,0.0725437491335459,0.0725437491335459
"potts_guy",271,"7732-18-5","7732-18-5","water",-2.80687540164554,-2.63096951317354,-0.175905888472003,0.175905888472003
"potts_guy",272,"7732-18-5","7732-18-5","water",-2.98540960554622,-2.63096951317354,-0.354440092372683,0.354440092372683
"potts_guy",273,"7732-18-5","7732-18-5","water",-2.80966830182971,-2.63096951317354,-0.178698788656173,0.178698788656173
"potts_guy",274,"7732-18-5","7732-18-5","water",-3.14997431819434,-2.63107610470701,-0.518898213487333,0.518898213487333
"potts_guy",275,"7732-18-5","7732-18-5","water",-3.07058107428571,-2.63096951317354,-0.439611561112173,0.439611561112173
"potts_guy",276,"7732-18-5","7732-18-5","water",-3.24233473501217,-2.63096951317354,-0.611365221838633,0.611365221838633
"potts_guy",277,"7732-18-5","7732-18-5","water",-3.45621525646938,-2.63096951317354,-0.825245743295843,0.825245743295843
"potts_guy",278,"7732-18-5","7732-18-5","water",-3.27134965805094,-2.63096951317354,-0.640380144877403,0.640380144877403
"potts_guy",279,"7732-18-5","7732-18-5","water",-3.15476521541715,-2.63096951317354,-0.523795702243613,0.523795702243613
"potts_guy",280,"7732-18-5","7732-18-5","water",-3.52287874528034,-2.63096951317354,-0.891909232106803,0.891909232106803
"potts_guy",281,"7732-18-5","7732-18-5","water",-3.5,-2.63096951317354,-0.869030486826463,0.869030486826463
"potts_guy",282,"78-93-3","78-93-3","2-butanone",-2.34678748622466,-2.36023273260009,0.0134452463754311,0.0134452463754311
"potts_guy",283,"84-66-2","84-66-2","diethyl phthalate",-1.70509308939481,-2.36191194325253,0.65681885385772,0.65681885385772
"potts_guy",284,"87-66-1","87-66-1","pyrogallol",-2.81,-2.41454782549564,-0.395452174504357,0.395452174504357
"potts_guy",285,"88-04-0","88-04-0","chloroxylenol",-1.22875360095283,-1.71475205048291,0.48599844953008,0.48599844953008
"potts_guy",286,"88-04-0","88-04-0","chloroxylenol",-1.09474395125155,-1.71172137477784,0.616977423526295,0.616977423526295
"potts_guy",287,"88-06-2","88-06-2","2,4,6-trichlorophenol",-1.23275783168158,-1.83523141783423,0.602473586152648,0.602473586152648
"potts_guy",288,"88-18-6","88-18-6","o-t-butylphenol",-1.12842706445412,-1.74320410773113,0.614777043277014,0.614777043277014
"potts_guy",289,"89-83-8","89-83-8","thymol; 2-isopropyl-5-methylphenol",-1.27607480270083,-1.7065378002529,0.430462997552075,0.430462997552075
"potts_guy",290,"89-83-8","89-83-8","thymol; 2-isopropyl-5-methylphenol",-1.21324857785444,-1.7065378002529,0.493289222398465,0.493289222398465
"potts_guy",291,"90-15-3","90-15-3","naphthol",-1.58502665202918,-1.83262142369799,0.247594771668808,0.247594771668808
"potts_guy",292,"90-15-3","90-15-3","naphthol",-1.52287874528034,-1.83262142369799,0.309742678417648,0.309742678417648
"potts_guy",293,"91-20-3","91-20-3","naphthalene",-1.55111528700206,-1.58016138854296,0.0290461015408954,0.0290461015408954
"potts_guy",294,"91-20-3","91-20-3","naphthalene",-1.78220214249451,-1.58016138854296,-0.202040753951555,0.202040753951555
"potts_guy",295,"92-48-8","92-48-8","6-methylcoumarin",-1.18136926112576,-2.43610988093384,1.25474061980808,1.25474061980808
"potts_guy",296,"92-48-8","92-48-8","6-methylcoumarin",-1.331936361143,-2.43610988093384,1.10417351979084,1.10417351979084
"potts_guy",297,"93-60-7","93-60-7","nicotinate, methyl",-3.30980391997149,-2.49812852083211,-0.811675399139377,0.811675399139377
"potts_guy",298,"93-60-7","93-60-7","nicotinate, methyl",-3.27572413039921,-2.49812852083211,-0.777595609567097,0.777595609567097
"potts_guy",299,"937-20-2","937-20-2","2,4-dichloroacetophenone",-0.743772935647774,-2.57830590890508,1.8345329732573,1.8345329732573
"potts_guy",300,"937-20-2","937-20-2","2,4-dichloroacetophenone",-1.86052608660328,-2.57830590890508,0.717779822301798,0.717779822301798
"potts_guy",301,"94-13-3","94-13-3","propylparaben",-1.67615465544754,-1.99930545399443,0.323150798546895,0.323150798546895
"potts_guy",302,"94-13-3","94-13-3","propylparaben",-1.26606734367858,-1.99930545399443,0.733238110315855,0.733238110315855
"potts_guy",303,"94-13-3","94-13-3","propylparaben",-1.20290590120029,-1.99930545399443,0.796399552794145,0.796399552794145
"potts_guy",304,"94-26-8","94-26-8","butylparaben",-0.981299501333757,-1.82809490835553,0.84679540702177,0.84679540702177
"potts_guy",305,"94-26-8","94-26-8","butylparaben",-1.15242734085789,-1.8279431165167,0.675515775658811,0.675515775658811
"potts_guy",306,"95-48-7","95-48-7","o-cresol",-1.80172783601759,-1.97044928118103,0.168721445163435,0.168721445163435
"potts_guy",307,"95-54-5","95-54-5","o-phenylenediamine",-3.34678748622466,-2.61822514264497,-0.728562343579688,0.728562343579688
"potts_guy",308,"95-57-8","95-57-8","o-chlorophenol",-1.48044892137827,-2.00350128364065,0.523052362262376,0.523052362262376
"potts_guy",309,"95-65-8","95-65-8","3,4-xylenol",-1.44278385671974,-1.94211417430027,0.499330317580528,0.499330317580528
"potts_guy",310,"97-00-7","97-00-7","2,4-dinitrochlorobenzene",-1.57500847696703,-2.41799783029344,0.842989353326413,0.842989353326413
"potts_guy",311,"97-00-7","97-00-7","2,4-dinitrochlorobenzene",-1.50012264373278,-2.41799783029344,0.917875186560664,0.917875186560664
"potts_guy",312,"97-53-0","97-53-0","eugenol",-1.592980675785,-2.16789909870014,0.574918422915144,0.574918422915144
"potts_guy",313,"97-53-0","97-53-0","eugenol",-1.555243965633,-2.16789909870014,0.612655133067144,0.612655133067144
"potts_guy",314,"97-54-1","97-54-1","isoeugenol",-1.74568406057766,-2.11177253212561,0.366088471547954,0.366088471547954
"potts_guy",315,"97-54-1","97-54-1","isoeugenol",-1.41300909711301,-2.11177253212561,0.698763435012604,0.698763435012604
"potts_guy",316,"98-86-2","98-86-2","acetophenone",-1.62740828480895,-2.17037369255602,0.542965407747065,0.542965407747065
"potts_guy",317,"98-86-2","98-86-2","acetophenone",-1.56017144166374,-2.17037369255602,0.610202250892275,0.610202250892275
"potts_guy",318,"99-76-3","99-76-3","methylparaben",-1.67358220444561,-2.22599493035479,0.552412725909177,0.552412725909177
"potts_guy",319,"99-76-3","99-76-3","methylparaben",-1.96257350205938,-2.19389533594579,0.231321833886415,0.231321833886415
"potts_guy",320,"99-76-3","99-76-3","methylparaben",-2.03394335230684,-2.22599493035479,0.192051578047947,0.192051578047947
"potts_guy",321,"99-76-3","99-76-3","methylparaben",-2.07572071393812,-2.22911225664305,0.153391542704928,0.153391542704928
"linear_selected_predictors",1,"100-02-7","100-02-7","p-nitrophenol; 4-nitrophenol",-2.25,-2.50789521861012,0.25789521861012,0.25789521861012
"linear_selected_predictors",2,"100-39-0","100-39-0","benzyl bromide",-1.54511979359646,-1.73421179851225,0.189092004915794,0.189092004915794
"linear_selected_predictors",3,"100-39-0","100-39-0","benzyl bromide",-1.89202735976865,-1.73421179851225,-0.157815561256397,0.157815561256397
"linear_selected_predictors",4,"100-51-6","100-51-6","benzyl alcohol",-2.22205999132796,-2.35133524278762,0.12927525145966,0.12927525145966
"linear_selected_predictors",5,"1002-62-6","1002-62-6","sodium caprate; decanoic acid soap (c10:0)",-2.95233580539844,-2.22644871653753,-0.725887088860914,0.725887088860914
"linear_selected_predictors",6,"103-11-7","103-11-7","2-ethylhexyl acrylate",-2.11289007326765,-1.27064254389185,-0.842247529375795,0.842247529375795
"linear_selected_predictors",7,"103-11-7","103-11-7","2-ethylhexyl acrylate",-1.82434537155519,-1.27064254389185,-0.553702827663336,0.553702827663336
"linear_selected_predictors",8,"104-54-1","104-54-1","cinnamyl alcohol",-1.54329916349423,-2.06613909386206,0.522839930367827,0.522839930367827
"linear_selected_predictors",9,"104-54-1","104-54-1","cinnamyl alcohol",-1.47890341621095,-2.06613909386206,0.587235677651107,0.587235677651107
"linear_selected_predictors",10,"104-85-8","104-85-8","p-tolunitrile",-1.34336049829281,-1.9460305706433,0.60267007235049,0.60267007235049
"linear_selected_predictors",11,"104-85-8","104-85-8","p-tolunitrile",-1.51076062352006,-1.9460305706433,0.43526994712324,0.43526994712324
"linear_selected_predictors",12,"10521-91-2","10521-91-2","5-phenylpentanol",-0.94692155651658,-1.71486244935329,0.767940892836711,0.767940892836711
"linear_selected_predictors",13,"106-24-1","106-24-1","geraniol",-0.986619380204979,-1.40640113471281,0.419781754507835,0.419781754507835
"linear_selected_predictors",14,"106-24-1","106-24-1","geraniol",-1.01401437058883,-1.40640113471281,0.392386764123984,0.392386764123984
"linear_selected_predictors",15,"106-41-3","106-41-3","p-bromophenol",-1.43951925261862,-2.36417662853141,0.924657375912793,0.924657375912793
"linear_selected_predictors",16,"106-44-5","106-44-5","p-cresol",-0.920818753952375,-1.89365118175082,0.97283242779844,0.97283242779844
"linear_selected_predictors",17,"106-44-5","106-44-5","p-cresol",-1.74875360095283,-2.19460963180592,0.445856030853092,0.445856030853092
"linear_selected_predictors",18,"106-48-9","106-48-9","p-chlorophenol",-1.44875360095283,-2.16325935888973,0.7145057579369,0.7145057579369
"linear_selected_predictors",19,"106-50-3","106-50-3","p-phenylenediamine",-3.61978875828839,-2.95252529899372,-0.667263459294674,0.667263459294674
"linear_selected_predictors",20,"108-39-4","108-39-4","m-cresol",-1.81172783601759,-2.1310349982372,0.319307162219613,0.319307162219613
"linear_selected_predictors",21,"108-46-3","108-46-3","resorcinol",-2.42023266087399,-2.65706714854328,0.236834487669293,0.236834487669293
"linear_selected_predictors",22,"108-46-3","108-46-3","resorcinol",-2.35642808060813,-2.65706714854328,0.300639067935153,0.300639067935153
"linear_selected_predictors",23,"108-46-3","108-46-3","resorcinol",-3.07,-2.53338530679619,-0.536614693203811,0.536614693203811
"linear_selected_predictors",24,"108-46-3","108-46-3","resorcinol; 1,3-benzenediol",-3.62291335664286,-2.84182460538854,-0.781088751254325,0.781088751254325
"linear_selected_predictors",25,"108-73-6","108-73-6","phloroglucinol",-2.51,-2.93632393317773,0.42632393317773,0.42632393317773
"linear_selected_predictors",26,"108-88-3","108-88-3","toluene",-0.0809219076239261,-1.15461165740491,1.07368974978099,1.07368974978099
"linear_selected_predictors",27,"108-95-2","108-95-2","phenol",-2.03,-2.03596386683665,0.00596386683664907,0.00596386683664907
"linear_selected_predictors",28,"108-95-2","108-95-2","phenol",-2.08907809237607,-2.30477758086767,0.215699488491601,0.215699488491601
"linear_selected_predictors",29,"108-95-2","108-95-2","phenol",-1.70996538863748,-2.02998174148646,0.320016352848984,0.320016352848984
"linear_selected_predictors",30,"108-95-2","108-95-2","phenol",-3.82792274303052,-2.37623128628785,-1.45169145674266,1.45169145674266
"linear_selected_predictors",31,"110-80-5","110-80-5","2-ethoxy ethanol",-3.60205999132796,-2.43478530882069,-1.16727468250727,1.16727468250727
"linear_selected_predictors",32,"111-27-3","111-27-3","hexanol",-1.49485002168009,-1.63669853122088,0.141848509540787,0.141848509540787
"linear_selected_predictors",33,"111-27-3","111-27-3","hexanol",-1.88605664769316,-1.91278483865237,0.0267281909592052,0.0267281909592052
"linear_selected_predictors",34,"111-27-3","111-27-3","n-hexanol",-1.88605664769316,-1.59419623997378,-0.291860407719382,0.291860407719382
"linear_selected_predictors",35,"111-76-2","111-76-2","butoxyethanol",-2.25698018593163,-2.0936007090431,-0.163379476888533,0.163379476888533
"linear_selected_predictors",36,"111-87-5","111-87-5","n-octanol",-1.2839966563652,-1.40244597758246,0.118449321217257,0.118449321217257
"linear_selected_predictors",37,"111-87-5","111-87-5","octanol",-1.0301183562535,-1.41135251831517,0.381234162061673,0.381234162061673
"linear_selected_predictors",38,"111-87-5","111-87-5","octanol",-1.15490195998574,-1.67789688107757,0.522994921091825,0.522994921091825
"linear_selected_predictors",39,"111-87-5","111-87-5","octanol",-1.2839966563652,-1.72229921289733,0.438302556532128,0.438302556532128
"linear_selected_predictors",40,"111-87-5","111-87-5","octanol",-1.21467016498923,-1.58902703151613,0.374356866526902,0.374356866526902
"linear_selected_predictors",41,"112-30-1","112-30-1","decanol",-1.833220851329,-1.17266140977099,-0.660559441558012,0.660559441558012
"linear_selected_predictors",42,"112-30-1","112-30-1","decanol",-1.95860731484178,-1.17327958435167,-0.785327730490112,0.785327730490112
"linear_selected_predictors",43,"112-30-1","112-30-1","decanol",-1.14508697769214,-1.12878638410745,-0.0163005935846892,0.0163005935846892
"linear_selected_predictors",44,"112-30-1","112-30-1","decanol",-1.04575749056068,-1.40863328000011,0.362875789439426,0.362875789439426
"linear_selected_predictors",45,"112-30-1","112-30-1","decanol",-1.09691001300806,-1.46153846343599,0.364628450427925,0.364628450427925
"linear_selected_predictors",46,"112-30-1","112-30-1","n-decanol",-1.09691001300806,-1.12563452593974,0.0287245129316758,0.0287245129316758
"linear_selected_predictors",47,"112-34-5","112-34-5","diethylene glycol monobutyl ether",-2.23600035701585,-2.40516963147176,0.169169274455915,0.169169274455915
"linear_selected_predictors",48,"112-34-5","112-34-5","diethylene glycol monobutyl ether",-2.16688305055618,-2.40516963147176,0.238286580915585,0.238286580915585
"linear_selected_predictors",49,"112-80-1","112-80-1","oleic acid",-2.88605664769316,-0.219847689225716,-2.66620895846744,2.66620895846744
"linear_selected_predictors",50,"117-81-7","117-81-7","bis(2-ethylhexyl)phthalate",-4.09691001300806,-1.39520386134987,-2.70170615165819,2.70170615165819
"linear_selected_predictors",51,"119-34-6","119-34-6","4-amino-2-nitrophenol",-4.06550154875643,-2.68570997186092,-1.37979157689551,1.37979157689551
"linear_selected_predictors",52,"119-36-8","119-36-8","methyl salicylate",-1.44369749923271,-1.89311729008064,0.449419790847933,0.449419790847933
"linear_selected_predictors",53,"119-61-9","119-61-9","benzophenone",-1.24920613319746,-1.80977453484951,0.560568401652046,0.560568401652046
"linear_selected_predictors",54,"119-61-9","119-61-9","benzophenone",-1.13822159828622,-1.80977453484951,0.671552936563286,0.671552936563286
"linear_selected_predictors",55,"120-80-9","120-80-9","catechol",-2.51,-2.49319338418762,-0.0168066158123814,0.0168066158123814
"linear_selected_predictors",56,"120-83-2","120-83-2","2,4-dichlorophenol",-1.14874021557127,-1.72853119548282,0.579790979911546,0.579790979911546
"linear_selected_predictors",57,"120-83-2","120-83-2","2,4-dichlorophenol",-1.22136169383427,-2.06723495801536,0.845873264181085,0.845873264181085
"linear_selected_predictors",58,"1219-38-1","1219-38-1","octylparaben",-1.90585161784792,-1.25966335992165,-0.646188257926269,0.646188257926269
"linear_selected_predictors",59,"122-57-6","122-57-6","benzylideneacetone",-1.40794873077454,-2.02315580994257,0.615207079168034,0.615207079168034
"linear_selected_predictors",60,"122-57-6","122-57-6","benzylideneacetone",-1.11863375864077,-2.02315580994257,0.904522051301804,0.904522051301804
"linear_selected_predictors",61,"123-07-9 ","123-07-9 ","p-ethylphenol",-1.46278385671974,-2.06595523120362,0.603171374483877,0.603171374483877
"linear_selected_predictors",62,"123-31-9","123-31-9","hydroquinone",-5.0301183562535,-2.75060920729887,-2.27950914895463,2.27950914895463
"linear_selected_predictors",63,"123-31-9","123-31-9","hydroquinone",-1.90385139213331,-2.69920398548453,0.795352593351217,0.795352593351217
"linear_selected_predictors",64,"123-31-9","123-31-9","hydroquinone",-2.41644259377425,-2.69920398548453,0.282761391710276,0.282761391710276
"linear_selected_predictors",65,"123-31-9","123-31-9","hydroquinone",-2.95,-2.66771985395595,-0.282280146044054,0.282280146044054
"linear_selected_predictors",66,"124-94-7","124-94-7","triamcinolone",-5.40011692792631,-4.00936110588462,-1.39075582204169,1.39075582204169
"linear_selected_predictors",67,"131-11-3","131-11-3","dimethyl phthalate",-1.55258483591006,-2.30957849768286,0.756993661772803,0.756993661772803
"linear_selected_predictors",68,"131-11-3","131-11-3","dimethyl phthalate",-1.64782103953418,-2.30957849768286,0.661757458148684,0.661757458148684
"linear_selected_predictors",69,"135-19-3","135-19-3","beta-naphthol; 2-naphthol",-1.5543957967264,-2.23206296491383,0.677667168187426,0.677667168187426
"linear_selected_predictors",70,"135-19-3","135-19-3","beta-naphthol; 2-naphthol",-1.20065945054642,-2.05213317371936,0.851473723172945,0.851473723172945
"linear_selected_predictors",71,"13523-86-9","13523-86-9","pindolol",-3.70333480973847,-3.22518125805644,-0.478153551682027,0.478153551682027
"linear_selected_predictors",72,"13655-52-2","13655-52-2","alprenolol",-2.78664164637561,-3.16691459070938,0.38027294433377,0.38027294433377
"linear_selected_predictors",73,"137-58-6","137-58-6","lidocaine",-2.40120949323688,-2.57397130586084,0.172761812623956,0.172761812623956
"linear_selected_predictors",74,"137-58-6","137-58-6","lidocaine",-2.52287874528034,-2.58204417303294,0.059165427752601,0.059165427752601
"linear_selected_predictors",75,"137-58-6","137-58-6","lidocaine",-2.52287874528034,-2.58204417303294,0.059165427752601,0.059165427752601
"linear_selected_predictors",76,"141-05-9","141-05-9","diethyl maleate",-1.66740097646667,-2.31771330279981,0.650312326333141,0.650312326333141
"linear_selected_predictors",77,"141-05-9","141-05-9","diethyl maleate",-1.58608416024509,-2.31771330279981,0.731629142554721,0.731629142554721
"linear_selected_predictors",78,"14199-15-6","14199-15-6","methyl 4-hydroxyphenylacetate",-1.69897000433602,-2.24571857889039,0.546748574554374,0.546748574554374
"linear_selected_predictors",79,"143-08-8","143-08-8","n-nonanol",-1.22184874961636,-1.26976360427762,0.0479148546612584,0.0479148546612584
"linear_selected_predictors",80,"143-08-8","143-08-8","nonanol",-1.22184874961636,-1.58460058683117,0.362751837214815,0.362751837214815
"linear_selected_predictors",81,"14371-10-9","14371-10-9","trans-cinnamaldehyde",-1.55307871254876,-1.85005285023714,0.296974137688376,0.296974137688376
"linear_selected_predictors",82,"14371-10-9","14371-10-9","trans-cinnamaldehyde",-1.38433498624321,-1.85005285023714,0.465717863993926,0.465717863993926
"linear_selected_predictors",83,"145-13-1","145-13-1","hydroxypregnenolone",-3.22184874961636,-3.08005850187813,-0.141790247738228,0.141790247738228
"linear_selected_predictors",84,"145-13-1","145-13-1","pregnenolone",-2.82390874094432,-2.3493384504111,-0.474570290533221,0.474570290533221
"linear_selected_predictors",85,"146-72-5","146-72-5","methylglucose",-3.68026950566978,-4.01518205224002,0.334912546570242,0.334912546570242
"linear_selected_predictors",86,"1638-22-8","1638-22-8","p-n-butylphenol; 4-butylphenol",-1.11463877996849,-1.51023207390835,0.395593293939855,0.395593293939855
"linear_selected_predictors",87,"16590-41-3","16590-41-3","naltrexone",-2.6664407795091,-3.08465277172013,0.418211992211029,0.418211992211029
"linear_selected_predictors",88,"17194-82-0","17194-82-0","alfa-(4-hydroxyphenyl) acetamide",-3.34678748622466,-3.00076955048572,-0.34601793573894,0.34601793573894
"linear_selected_predictors",89,"18979-50-5","18979-50-5","4-propoxyphenol",-1.82490330536304,-2.04060967434257,0.215706368979528,0.215706368979528
"linear_selected_predictors",90,"2152-44-5","2152-44-5","betamethasone-17-valerate",-2.88041422503822,-3.24014040217898,0.359726177140758,0.359726177140758
"linear_selected_predictors",91,"2203-97-6","2203-97-6","hydrocortisone-21-hemisuccinate",-3.20065945054642,-3.4618448871111,0.261185436564683,0.261185436564683
"linear_selected_predictors",92,"2493-02-9","2493-02-9","4-bromophenyl isocyanate",-1.84100559902551,-1.79945112072254,-0.0415544783029711,0.0415544783029711
"linear_selected_predictors",93,"2493-02-9","2493-02-9","4-bromophenyl isocyanate",-1.75134980127003,-1.79945112072254,0.0481013194525091,0.0481013194525091
"linear_selected_predictors",94,"26839-75-8","26839-75-8","timolol",-3.57016261901271,-2.82668991124663,-0.74347270776608,0.74347270776608
"linear_selected_predictors",95,"26839-75-8","26839-75-8","timolol",-3.53521248035406,-2.69934414665238,-0.835868333701682,0.835868333701682
"linear_selected_predictors",96,"2871-01-4","2871-01-4","hc red no. 3; 2-(4-amino-2-nitroanilino)-ethanol",-1.67058885168866,-2.83105456818786,1.1604657164992,1.1604657164992
"linear_selected_predictors",97,"2871-01-4","2871-01-4","hc red no. 3; 2-(4-amino-2-nitroanilino)-ethanol",-2.32271042397763,-2.83105456818786,0.508344144210226,0.508344144210226
"linear_selected_predictors",98,"29122-68-7","29122-68-7","atenolol",-3.96657624451305,-3.85111194780265,-0.115464296710404,0.115464296710404
"linear_selected_predictors",99,"31005-02-4","31005-02-4","7-ethoxycoumarin",-0.781780143112531,-2.57297960950791,1.79119946639537,1.79119946639537
"linear_selected_predictors",100,"31005-02-4","31005-02-4","7-ethoxycoumarin",-0.919153916982604,-2.57297960950791,1.6538256925253,1.6538256925253
"linear_selected_predictors",101,"333-41-5","333-41-5","diazinon",-2.06048074738138,-2.14915297907786,0.088672231696481,0.088672231696481
"linear_selected_predictors",102,"3360-41-6","3360-41-6","4-phenylbutanol",-1.08092190762393,-1.84741332557208,0.766491417948146,0.766491417948146
"linear_selected_predictors",103,"3593-96-2","3593-96-2","hydrocortisone-21-hexanoate; hydrocortisone caproate",-2,-2.49573095794363,0.495730957943633,0.495730957943633
"linear_selected_predictors",104,"3930-20-9","3930-20-9","sotalol",-4.31984585826563,-3.49010539364107,-0.829740464624562,0.829740464624562
"linear_selected_predictors",105,"3930-20-9","3930-20-9","sotalol",-3.88598470867013,-3.49010539364107,-0.395879315029062,0.395879315029062
"linear_selected_predictors",106,"3930-20-9","3930-20-9","sotalol",-4.17986287404271,-3.49010539364107,-0.689757480401642,0.689757480401642
"linear_selected_predictors",107,"42200-33-9","42200-33-9","nadolol",-4.10127481841051,-3.81181575213389,-0.289459066276617,0.289459066276617
"linear_selected_predictors",108,"437-38-7","437-38-7","fentanyl base",-1.96286612872332,-2.21971567237441,0.256849543651094,0.256849543651094
"linear_selected_predictors",109,"463-40-1","463-40-1","linolenic acid",-2.431798275933,-0.601052749062884,-1.83074552687012,1.83074552687012
"linear_selected_predictors",110,"499-75-2","499-75-2","iso-thymol; carvacrol",-1.25336580106242,-1.60005333439863,0.346687533336214,0.346687533336214
"linear_selected_predictors",111,"50-2-2","50-2-2","dexamethasone",-4.19382002601611,-3.70677767645816,-0.487042349557953,0.487042349557953
"linear_selected_predictors",112,"50-22-6","50-22-6","corticosterone",-2.24178591486039,-3.14142674901554,0.89964083415515,0.89964083415515
"linear_selected_predictors",113,"50-22-6","50-22-6","corticosterone",-2.35454840605954,-3.14142674901554,0.786878342955999,0.786878342955999
"linear_selected_predictors",114,"50-22-6","50-22-6","corticosterone",-3.16494389827988,-3.06782979304956,-0.0971141052303208,0.0971141052303208
"linear_selected_predictors",115,"50-22-6","50-22-6","corticosterone",-4,-3.3071738070062,-0.692826192993803,0.692826192993803
"linear_selected_predictors",116,"50-22-6","50-22-6","corticosterone",-3.33468369530231,-3.1841162553948,-0.150567439907506,0.150567439907506
"linear_selected_predictors",117,"50-22-6","50-22-6","corticosterone",-3.52287874528034,-3.38095654457626,-0.14192220070408,0.14192220070408
"linear_selected_predictors",118,"50-22-6","50-22-6","corticosterone",-3.52287874528034,-3.37578017339213,-0.147098571888208,0.147098571888208
"linear_selected_predictors",119,"50-22-6","50-22-6","corticosterone",-4,-3.30518844183437,-0.694811558165633,0.694811558165633
"linear_selected_predictors",120,"50-22-6","50-22-6","corticosterone",-3.26587485567249,-3.33911700248887,0.073242146816384,0.073242146816384
"linear_selected_predictors",121,"50-22-6","50-22-6","corticosterone",-2.58587485567249,-3.10201658920688,0.51614173353439,0.51614173353439
"linear_selected_predictors",122,"50-22-6","50-22-6","corticosterone",-4.22184874961636,-3.35823542001961,-0.863613329596745,0.863613329596745
"linear_selected_predictors",123,"50-22-6","50-22-6","corticosterone",-4.67571754470231,-3.37790265828635,-1.29781488641596,1.29781488641596
"linear_selected_predictors",124,"50-22-6","50-22-6","corticosterone",-3.23418248469008,-3.05825558017794,-0.175926904512137,0.175926904512137
"linear_selected_predictors",125,"50-23-7","50-23-7","hydrocortisone",-2.01894154396037,-3.51583285513198,1.49689131117161,1.49689131117161
"linear_selected_predictors",126,"50-23-7","50-23-7","hydrocortisone",-2.68163603566894,-3.51583285513198,0.834196819463041,0.834196819463041
"linear_selected_predictors",127,"50-23-7","50-23-7","hydrocortisone",-3.63827216398241,-3.29482071500726,-0.34345144897515,0.34345144897515
"linear_selected_predictors",128,"50-23-7","50-23-7","hydrocortisone",-3.63870046691906,-3.45094939477976,-0.187751072139299,0.187751072139299
"linear_selected_predictors",129,"50-23-7","50-23-7","hydrocortisone",-5.52287874528034,-3.64582949399348,-1.87704925128686,1.87704925128686
"linear_selected_predictors",130,"50-23-7","50-23-7","hydrocortisone",-5.52724355068279,-3.66719039236511,-1.86005315831768,1.86005315831768
"linear_selected_predictors",131,"50-24-8","50-24-8","prednisolone",-4.32790214206428,-3.65400519281409,-0.67389694925019,0.67389694925019
"linear_selected_predictors",132,"50-27-1","50-27-1","estriol",-4.39794000867204,-2.96481267803747,-1.43312733063457,1.43312733063457
"linear_selected_predictors",133,"50-28-2","50-28-2","beta-estradiol",-2.38721614328026,-2.20092516333395,-0.186290979946313,0.186290979946313
"linear_selected_predictors",134,"50-28-2","50-28-2","beta-estradiol",-2.01233373507373,-1.88237813222461,-0.129955602849122,0.129955602849122
"linear_selected_predictors",135,"50-28-2","50-28-2","beta-estradiol",-3.52287874528034,-2.17311790688808,-1.34976083839226,1.34976083839226
"linear_selected_predictors",136,"50-28-2","50-28-2","beta-estradiol",-2.28149831113273,-2.01602906900804,-0.265469242124686,0.265469242124686
"linear_selected_predictors",137,"50-28-2","50-28-2","estradiol",-1.98581560249872,-2.01602906900804,0.0302134665093239,0.0302134665093239
"linear_selected_predictors",138,"50-28-2","50-28-2","estradiol",-4.69680394257951,-1.86710917450091,-2.8296947680786,2.8296947680786
"linear_selected_predictors",139,"50-28-2","50-28-2","estradiol",-2.36451625318509,-1.86710917450091,-0.497407078684178,0.497407078684178
"linear_selected_predictors",140,"50-28-2","50-28-2","estradiol",-2.38090666937326,-2.20092516333395,-0.179981506039313,0.179981506039313
"linear_selected_predictors",141,"50-28-2","50-28-2","estradiol",-2.21324857785444,-1.88228543631834,-0.330963141536098,0.330963141536098
"linear_selected_predictors",142,"50-28-2","50-28-2","estradiol",-2.49485002168009,-2.20101785924021,-0.293832162439877,0.293832162439877
"linear_selected_predictors",143,"50-28-2","50-28-2","estradiol",-2.52287874528034,-2.20092516333395,-0.321953581946393,0.321953581946393
"linear_selected_predictors",144,"50-28-2","50-28-2","estradiol",-2.52287874528034,-2.20190860272654,-0.320970142553802,0.320970142553802
"linear_selected_predictors",145,"50-28-2","50-28-2","estradiol",-2.52287874528034,-2.20190860272654,-0.320970142553802,0.320970142553802
"linear_selected_predictors",146,"50-28-2","50-28-2","estradiol",-2.08008551934057,-1.86710917450091,-0.212976344839658,0.212976344839658
"linear_selected_predictors",147,"50-28-2","50-28-2","estradiol",-2.34969247686806,-2.01602906900804,-0.333663407860016,0.333663407860016
"linear_selected_predictors",148,"50-28-2","50-28-2","estradiol",-2.51173374958299,-2.01602906900804,-0.495704680574946,0.495704680574946
"linear_selected_predictors",149,"51-21-8","51-21-8","5-fluorouracil",-4.52574969288748,-3.36779154384345,-1.15795814904403,1.15795814904403
"linear_selected_predictors",150,"51-21-8","51-21-8","5-fluorouracil",-4.72894468964132,-3.37114673100001,-1.35779795864131,1.35779795864131
"linear_selected_predictors",151,"51-21-8","51-21-8","5-fluorouracil",-4.47108329972234,-3.36779154384345,-1.10329175587889,1.10329175587889
"linear_selected_predictors",152,"51-21-8","51-21-8","5-fluorouracil (+ - + -)",-4.46597389394386,-3.37114673100001,-1.09482716294385,1.09482716294385
"linear_selected_predictors",153,"512-69-6","512-69-6","raffinose",-4.85472588171206,-5.62024939915398,0.76552351744192,0.76552351744192
"linear_selected_predictors",154,"512-69-6","512-69-6","raffinose",-4.29756946355447,-5.81326895975438,1.51569949619991,1.51569949619991
"linear_selected_predictors",155,"513-85-9","513-85-9","2,3-butanediol",-4.30102999566398,-2.94606691245604,-1.35496308320794,1.35496308320794
"linear_selected_predictors",156,"51384-51-1","51384-51-1","metoprolol",-3.52461940685664,-3.37368445305287,-0.150934953803774,0.150934953803774
"linear_selected_predictors",157,"52-39-1","52-39-1","aldosterone",-4.23657200643706,-3.48545841517838,-0.751113591258677,0.751113591258677
"linear_selected_predictors",158,"52-39-1","52-39-1","aldosterone",-4.74835790885864,-3.37388339890115,-1.37447450995749,1.37447450995749
"linear_selected_predictors",159,"52-39-1","52-39-1","aldosterone",-4.30102999566398,-3.58152318146689,-0.719506814197086,0.719506814197086
"linear_selected_predictors",160,"52-39-1","52-39-1","aldosterone",-4.52287874528034,-3.59689420025571,-0.925984545024634,0.925984545024634
"linear_selected_predictors",161,"52-39-1","52-39-1","aldosterone",-4.52287874528034,-3.69745205868,-0.825426686600336,0.825426686600336
"linear_selected_predictors",162,"52-39-1","52-39-1","aldosterone",-4.01233373507373,-3.4291848843683,-0.583148850705432,0.583148850705432
"linear_selected_predictors",163,"53-06-5","53-06-5","cortisone",-3.82390874094432,-3.43191046332316,-0.391998277621159,0.391998277621159
"linear_selected_predictors",164,"53-06-5","53-06-5","cortisone",-5,-3.71101402979923,-1.28898597020077,1.28898597020077
"linear_selected_predictors",165,"53-16-7","53-16-7","estrone",-2.44369749923271,-2.64105475061193,0.197357251379217,0.197357251379217
"linear_selected_predictors",166,"53-96-3","53-96-3","2-(acetylamino)fluorene",-1.16052197602182,-2.28798926770946,1.12746729168764,1.12746729168764
"linear_selected_predictors",167,"53-96-3","53-96-3","2-(acetylamino)fluorene",-1.10756666442663,-2.28798926770946,1.18042260328283,1.18042260328283
"linear_selected_predictors",168,"533-73-3","533-73-3","1,2,4-benzenetriol",-3.9,-2.63464142947961,-1.26535857052039,1.26535857052039
"linear_selected_predictors",169,"53535-33-4","53535-33-4","heptanol",-1.42481215507234,-1.66604045998829,0.241228304915946,0.241228304915946
"linear_selected_predictors",170,"53535-33-4","53535-33-4","heptanol",-1.49485002168009,-1.79818740098566,0.303337379305568,0.303337379305568
"linear_selected_predictors",171,"53535-33-4","53535-33-4","n-heptanol",-1.49485002168009,-1.44674222569943,-0.0481077959806568,0.0481077959806568
"linear_selected_predictors",172,"554-84-7","554-84-7","m-nitrophenol; 3-nitrophenol",-2.24848294855394,-2.45529129721943,0.206808348665489,0.206808348665489
"linear_selected_predictors",173,"56-81-5","56-81-5","glycerol",-4.56863623584101,-3.0445310438033,-1.52410519203771,1.52410519203771
"linear_selected_predictors",174,"56-81-5","56-81-5","glycerol",-3.00594693641232,-3.09120155911179,0.0852546226994737,0.0852546226994737
"linear_selected_predictors",175,"56030-54-7","56030-54-7","sufentanil base",-1.81815641205523,-2.58376928175324,0.765612869698014,0.765612869698014
"linear_selected_predictors",176,"57-13-6","57-13-6","urea",-3.82973828460504,-3.18139017234746,-0.648348112257577,0.648348112257577
"linear_selected_predictors",177,"57-13-6","57-13-6","urea",-3.95233580539844,-3.16752256320054,-0.784813242197896,0.784813242197896
"linear_selected_predictors",178,"57-13-6","57-13-6","urea",-3.92564441915299,-3.18427150844904,-0.741372910703948,0.741372910703948
"linear_selected_predictors",179,"57-13-6","57-13-6","urea",-3.69494112531286,-3.45185369085583,-0.24308743445703,0.24308743445703
"linear_selected_predictors",180,"57-13-6","57-13-6","urea",-3.55495653854982,-3.12782121355135,-0.427135324998474,0.427135324998474
"linear_selected_predictors",181,"57-13-6","57-13-6","urea",-3.5970511706556,-3.18427150844904,-0.412779662206558,0.412779662206558
"linear_selected_predictors",182,"57-13-6","57-13-6","urea",-3.55720677406023,-3.18427150844904,-0.372935265611188,0.372935265611188
"linear_selected_predictors",183,"57-50-1","57-50-1","sucrose",-5.0268721464003,-5.34521559583663,0.318343449436328,0.318343449436328
"linear_selected_predictors",184,"57-50-1","57-50-1","sucrose",-5.2839966563652,-5.6163381079475,0.332341451582299,0.332341451582299
"linear_selected_predictors",185,"57-50-1","57-50-1","sucrose",-4.76200316671127,-5.34521559583663,0.583212429125358,0.583212429125358
"linear_selected_predictors",186,"57-50-1","57-50-1","sucrose",-4.26905630657226,-5.34521559583663,1.07615928926437,1.07615928926437
"linear_selected_predictors",187,"57-50-1","57-50-1","sucrose",-4.36451625318509,-5.34521559583663,0.980699342651538,0.980699342651538
"linear_selected_predictors",188,"57-50-1","57-50-1","sucrose",-3.13406733180681,-5.34521559583663,2.21114826402982,2.21114826402982
"linear_selected_predictors",189,"57-83-0","57-83-0","progesterone",-1.52287874528034,-2.14594814033847,0.62306939505813,0.62306939505813
"linear_selected_predictors",190,"57-83-0","57-83-0","progesterone",-1.70344032687277,-2.12757947563871,0.424139148765945,0.424139148765945
"linear_selected_predictors",191,"57-83-0","57-83-0","progesterone",-1.88605664769316,-2.37860288591314,0.492546238219978,0.492546238219978
"linear_selected_predictors",192,"57-83-0","57-83-0","progesterone",-1.69897000433602,-2.4566961897777,0.757726185441685,0.757726185441685
"linear_selected_predictors",193,"57-83-0","57-83-0","progesterone",-2.82390874094432,-2.35260582354838,-0.471302917395941,0.471302917395941
"linear_selected_predictors",194,"58-08-2","58-08-2","caffeine",-3.80687540164554,-3.33746459421782,-0.469410807427717,0.469410807427717
"linear_selected_predictors",195,"58-08-2","58-08-2","caffeine",-4.58586563707645,-3.53178290541656,-1.05408273165989,1.05408273165989
"linear_selected_predictors",196,"58-08-2","58-08-2","caffeine",-1.60220380347052,-3.47962195143446,1.87741814796394,1.87741814796394
"linear_selected_predictors",197,"58-08-2","58-08-2","caffeine",-2.60631808276205,-3.47962195143446,0.873303868672409,0.873303868672409
"linear_selected_predictors",198,"58-08-2","58-08-2","caffeine",-4.15490195998574,-3.4934473321869,-0.661454627798838,0.661454627798838
"linear_selected_predictors",199,"58-08-2","58-08-2","caffeine",-3.69897000433602,-3.47665280206648,-0.222317202269541,0.222317202269541
"linear_selected_predictors",200,"58-22-0","58-22-0","testosterone",-2.0571655062299,-2.41887565093742,0.361710144707518,0.361710144707518
"linear_selected_predictors",201,"58-22-0","58-22-0","testosterone",-2.04694894237348,-2.23991429670083,0.192965354327354,0.192965354327354
"linear_selected_predictors",202,"58-22-0","58-22-0","testosterone",-1.64633962279966,-2.41546510658636,0.769125483786699,0.769125483786699
"linear_selected_predictors",203,"58-22-0","58-22-0","testosterone",-1.41570671752568,-2.36844004565004,0.952733328124362,0.952733328124362
"linear_selected_predictors",204,"58-22-0","58-22-0","testosterone",-2.27083521030723,-2.58169390739279,0.31085869708556,0.31085869708556
"linear_selected_predictors",205,"58-22-0","58-22-0","testosterone",-2.38875983135141,-2.29887997554599,-0.0898798558054157,0.0898798558054157
"linear_selected_predictors",206,"58-22-0","58-22-0","testosterone",-2.65757731917779,-2.5322020123545,-0.12537530682329,0.12537530682329
"linear_selected_predictors",207,"58-22-0","58-22-0","testosterone",-2.65757731917779,-2.53176774609024,-0.125809573087549,0.125809573087549
"linear_selected_predictors",208,"58-22-0","58-22-0","testosterone",-2.65757731917779,-2.53176774609024,-0.125809573087549,0.125809573087549
"linear_selected_predictors",209,"58-22-0","58-22-0","testosterone",-3.39794000867204,-2.50903078608235,-0.888909222589689,0.888909222589689
"linear_selected_predictors",210,"58-22-0","58-22-0","testosterone",-3.06752623532285,-2.5322020123545,-0.53532422296835,0.53532422296835
"linear_selected_predictors",211,"58-22-0","58-22-0","testosterone",-2.13194363817696,-2.23809137920489,0.106147741027926,0.106147741027926
"linear_selected_predictors",212,"58-54-8","58-54-8","ethacrynic acid",-3.82390874094432,-2.37005600681493,-1.45385273412939,1.45385273412939
"linear_selected_predictors",213,"59-05-2","59-05-2","methotrexate",-3.40160112979023,-5.17329215128457,1.77169102149434,1.77169102149434
"linear_selected_predictors",214,"59-50-7","59-50-7","chlorocresol",-1.26406804435028,-2.02589363851531,0.761825594165029,0.761825594165029
"linear_selected_predictors",215,"59-50-7","59-50-7","chlorocresol",-1.65255620893436,-1.90166746759846,0.2491112586641,0.2491112586641
"linear_selected_predictors",216,"60-12-8","60-12-8","2-phenylethanol",-1.25963731050576,-1.96300336025498,0.703366049749224,0.703366049749224
"linear_selected_predictors",217,"60-12-8","60-12-8","2-phenylethanol",-2.11527250510331,-2.29387281569012,0.178600310586813,0.178600310586813
"linear_selected_predictors",218,"610-81-1","610-81-1","4-amino-3-nitrophenol",-2.1297393876227,-2.64420515418066,0.514465766557955,0.514465766557955
"linear_selected_predictors",219,"610-81-1","610-81-1","4-amino-3-nitrophenol",-2.26671923730847,-2.64420515418066,0.377485916872185,0.377485916872185
"linear_selected_predictors",220,"614-18-6","614-18-6","nicotinate, ethyl",-3.10790539730952,-2.14942501350629,-0.95848038380323,0.95848038380323
"linear_selected_predictors",221,"614-18-6","614-18-6","nicotinate, ethyl",-3.08618614761628,-2.15757324659348,-0.928612901022801,0.928612901022801
"linear_selected_predictors",222,"623-05-2","623-05-2","4-hydroxybenzyl alcohol",-2.69897000433602,-2.60503967917986,-0.0939303251561641,0.0939303251561641
"linear_selected_predictors",223,"63-36-5","63-36-5","salicylate",-3.96686900819185,-2.4639131648021,-1.50295584338975,1.50295584338975
"linear_selected_predictors",224,"64-17-5","64-17-5","ethanol",-2.72124639904717,-2.05158482279219,-0.669661576254978,0.669661576254978
"linear_selected_predictors",225,"64-17-5","64-17-5","ethanol",-3.09691001300806,-1.99928281208955,-1.09762720091851,1.09762720091851
"linear_selected_predictors",226,"64-17-5","64-17-5","ethanol",-3.09691001300806,-2.31279332574784,-0.784116687260219,0.784116687260219
"linear_selected_predictors",227,"64-19-7","64-19-7","acetic acid",-2.77786589964853,-2.39647271145153,-0.381393188197,0.381393188197
"linear_selected_predictors",228,"64-85-7","64-85-7","cortexone",-3.34678748622466,-2.68772842798161,-0.659059058243047,0.659059058243047
"linear_selected_predictors",229,"65-85-0","65-85-0","benzoic acid",-2.11918640771921,-2.22475089458888,0.105564486869673,0.105564486869673
"linear_selected_predictors",230,"65-85-0","65-85-0","benzoic acid",-1.50863830616573,-2.17575345436866,0.667115148202926,0.667115148202926
"linear_selected_predictors",231,"65-85-0","65-85-0","benzoic acid",-1.50863830616573,-2.17575345436866,0.667115148202926,0.667115148202926
"linear_selected_predictors",232,"66-27-3","66-27-3","methyl methanesulfonate",-1.91205408690953,-2.50999330370534,0.597939216795812,0.597939216795812
"linear_selected_predictors",233,"66-27-3","66-27-3","methyl methanesulfonate",-2.06776764179179,-2.50999330370534,0.442225661913553,0.442225661913553
"linear_selected_predictors",234,"6677-98-1","6677-98-1","hydrocortisone-21-propionate",-2.46852108295775,-3.01676753588598,0.548246452928228,0.548246452928228
"linear_selected_predictors",235,"67-56-1","67-56-1","methanol",-3.30102999566398,-2.14107430597992,-1.15995568968406,1.15995568968406
"linear_selected_predictors",236,"67-56-1","67-56-1","methanol",-3.30102999566398,-2.43413409541664,-0.86689590024734,0.86689590024734
"linear_selected_predictors",237,"67-56-1","67-56-1","methanol",-2.79588001734407,-2.30588216113923,-0.489997856204836,0.489997856204836
"linear_selected_predictors",238,"68-96-2","68-96-2","17-alfa-hydroxyprogesterone",-3.22184874961636,-2.98190686681848,-0.23994188279788,0.23994188279788
"linear_selected_predictors",239,"69-29-7","69-29-7","ethyl ether",-1.79588001734408,-1.8606352873072,0.0647552699631233,0.0647552699631233
"linear_selected_predictors",240,"69-65-8","69-65-8","mannitol",-4.72681868815271,-4.37189602918849,-0.35492265896422,0.35492265896422
"linear_selected_predictors",241,"69-65-8","69-65-8","mannitol",-4,-4.89395488296044,0.893954882960439,0.893954882960439
"linear_selected_predictors",242,"69-65-8","69-65-8","mannitol",-4.68257958814785,-4.23196380254312,-0.450615785604727,0.450615785604727
"linear_selected_predictors",243,"69-65-8","69-65-8","mannitol",-4.45692576496647,-4.23278687516995,-0.224138889796523,0.224138889796523
"linear_selected_predictors",244,"69-65-8","69-65-8","mannitol",-4.77257756999574,-4.86610835997793,0.0935307899821867,0.0935307899821867
"linear_selected_predictors",245,"69-65-8","69-65-8","mannitol",-4.43830246734601,-4.23278687516995,-0.205515592176063,0.205515592176063
"linear_selected_predictors",246,"69-65-8","69-65-8","mannitol",-4.18810341360238,-4.97361309794616,0.785509684343783,0.785509684343783
"linear_selected_predictors",247,"69-65-8","69-65-8","mannitol",-4.00436480540245,-4.65196792340765,0.647603118005203,0.647603118005203
"linear_selected_predictors",248,"69-65-8","69-65-8","mannitol",-3.97265039222524,-5.02729841023535,1.05464801801011,1.05464801801011
"linear_selected_predictors",249,"69-65-8","69-65-8","mannitol",-3.1536628878702,-4.23196380254312,1.07830091467292,1.07830091467292
"linear_selected_predictors",250,"69-72-7","69-72-7","salicylic acid",-3.03151705144606,-2.19084929993887,-0.840667751507194,0.840667751507194
"linear_selected_predictors",251,"69-72-7","69-72-7","salicylic acid",-1.34678748622466,-2.20653766824441,0.859750182019746,0.859750182019746
"linear_selected_predictors",252,"71-23-8","71-23-8","n-propanol",-2.92081875395238,-1.82428957783104,-1.09652917612134,1.09652917612134
"linear_selected_predictors",253,"71-23-8","71-23-8","propanol",-2.76955107862173,-2.00350406573606,-0.766047012885672,0.766047012885672
"linear_selected_predictors",254,"71-23-8","71-23-8","propanol",-2.92081875395238,-2.13178741315892,-0.789031340793459,0.789031340793459
"linear_selected_predictors",255,"71-36-3","71-36-3","butanol",-2.52287874528034,-1.90482010587688,-0.618058639403462,0.618058639403462
"linear_selected_predictors",256,"71-36-3","71-36-3","butanol",-2.10237290870956,-1.78101867366814,-0.321354235041424,0.321354235041424
"linear_selected_predictors",257,"71-36-3","71-36-3","butanol",-2.65757731917779,-2.02862153808562,-0.628955781092169,0.628955781092169
"linear_selected_predictors",258,"71-36-3","71-36-3","butanol",-2.65757731917779,-2.02870834924825,-0.628868969929541,0.628868969929541
"linear_selected_predictors",259,"71-36-3","71-36-3","butanol",-2.60205999132796,-2.02862153808562,-0.573438453242339,0.573438453242339
"linear_selected_predictors",260,"71-36-3","71-36-3","n-butanol",-2.60205999132796,-1.73158491194727,-0.870475079380692,0.870475079380692
"linear_selected_predictors",261,"71-41-0","71-41-0","n-pentanol",-2.22184874961636,-1.6506777666481,-0.571170982968255,0.571170982968255
"linear_selected_predictors",262,"71-41-0","71-41-0","pentanol",-2.22184874961636,-1.96574981790405,-0.256098931712305,0.256098931712305
"linear_selected_predictors",263,"71-43-0","71-43-0","benzene",-0.954285941059132,-1.68253593299117,0.72824999193204,0.72824999193204
"linear_selected_predictors",264,"71-43-0","71-43-0","benzene",-0.795880017344075,-1.84472778809951,1.04884777075543,1.04884777075543
"linear_selected_predictors",265,"71-91-0","71-91-0","tetraethylammonium",-3.25387553642834,-4.53189490192758,1.27801936549924,1.27801936549924
"linear_selected_predictors",266,"71-91-0","71-91-0","tetraethylammonium bromide (+)",-3.36815053784018,-4.23049977202235,0.86234923418217,0.86234923418217
"linear_selected_predictors",267,"76-25-5","76-25-5","triamcinolone acetonide",-3.40230481407449,-3.43021313719358,0.0279083231190906,0.0279083231190906
"linear_selected_predictors",268,"76-25-5","76-25-5","triamcinolone acetonide",-4.70663744528855,-3.72698034614664,-0.97965709914191,0.97965709914191
"linear_selected_predictors",269,"76180-96-6","76180-96-6","3-methyl-3h-imidazo[4,5-f]quinolin-2-amine",-2.07218350508968,-2.98144290811316,0.909259403023483,0.909259403023483
"linear_selected_predictors",270,"76180-96-6","76180-96-6","3-methyl-3h-imidazo[4,5-f]quinolin-2-amine",-2.43056359552234,-2.98144290811316,0.550879312590823,0.550879312590823
"linear_selected_predictors",271,"7732-18-5","7732-18-5","water",-2.80687540164554,-2.66721867858498,-0.139656723060561,0.139656723060561
"linear_selected_predictors",272,"7732-18-5","7732-18-5","water",-2.98540960554622,-2.66721867858498,-0.318190926961241,0.318190926961241
"linear_selected_predictors",273,"7732-18-5","7732-18-5","water",-2.80966830182971,-2.61966747674564,-0.190000825084067,0.190000825084067
"linear_selected_predictors",274,"7732-18-5","7732-18-5","water",-3.14997431819434,-2.61975771506344,-0.530216603130901,0.530216603130901
"linear_selected_predictors",275,"7732-18-5","7732-18-5","water",-3.07058107428571,-2.66721867858498,-0.403362395700731,0.403362395700731
"linear_selected_predictors",276,"7732-18-5","7732-18-5","water",-3.24233473501217,-2.61966747674564,-0.622667258266527,0.622667258266527
"linear_selected_predictors",277,"7732-18-5","7732-18-5","water",-3.45621525646938,-2.61966747674564,-0.836547779723738,0.836547779723738
"linear_selected_predictors",278,"7732-18-5","7732-18-5","water",-3.27134965805094,-2.61966747674564,-0.651682181305297,0.651682181305297
"linear_selected_predictors",279,"7732-18-5","7732-18-5","water",-3.15476521541715,-2.64344307766531,-0.511322137751839,0.511322137751839
"linear_selected_predictors",280,"7732-18-5","7732-18-5","water",-3.52287874528034,-2.78609668318332,-0.73678206209702,0.73678206209702
"linear_selected_predictors",281,"7732-18-5","7732-18-5","water",-3.5,-2.78609668318332,-0.71390331681668,0.71390331681668
"linear_selected_predictors",282,"78-93-3","78-93-3","2-butanone",-2.34678748622466,-2.15174621306812,-0.195041273156542,0.195041273156542
"linear_selected_predictors",283,"84-66-2","84-66-2","diethyl phthalate",-1.70509308939481,-1.89991720768349,0.194824118288677,0.194824118288677
"linear_selected_predictors",284,"87-66-1","87-66-1","pyrogallol",-2.81,-2.59237390841125,-0.217626091588751,0.217626091588751
"linear_selected_predictors",285,"88-04-0","88-04-0","chloroxylenol",-1.22875360095283,-2.03435504226922,0.80560144131639,0.80560144131639
"linear_selected_predictors",286,"88-04-0","88-04-0","chloroxylenol",-1.09474395125155,-1.85864581426508,0.763901863013525,0.763901863013525
"linear_selected_predictors",287,"88-06-2","88-06-2","2,4,6-trichlorophenol",-1.23275783168158,-2.05146239579609,0.818704564114507,0.818704564114507
"linear_selected_predictors",288,"88-18-6","88-18-6","o-t-butylphenol",-1.12842706445412,-1.5803049760435,0.451877911589383,0.451877911589383
"linear_selected_predictors",289,"89-83-8","89-83-8","thymol; 2-isopropyl-5-methylphenol",-1.27607480270083,-1.90422540447386,0.628150601773029,0.628150601773029
"linear_selected_predictors",290,"89-83-8","89-83-8","thymol; 2-isopropyl-5-methylphenol",-1.21324857785444,-1.71550513929504,0.502256561440596,0.502256561440596
"linear_selected_predictors",291,"90-15-3","90-15-3","naphthol",-1.58502665202918,-2.11702913157524,0.532002479546057,0.532002479546057
"linear_selected_predictors",292,"90-15-3","90-15-3","naphthol",-1.52287874528034,-2.11702913157524,0.594150386294897,0.594150386294897
"linear_selected_predictors",293,"91-20-3","91-20-3","naphthalene",-1.55111528700206,-1.56492556991692,0.0138102829148563,0.0138102829148563
"linear_selected_predictors",294,"91-20-3","91-20-3","naphthalene",-1.78220214249451,-1.56492556991692,-0.217276572577594,0.217276572577594
"linear_selected_predictors",295,"92-48-8","92-48-8","6-methylcoumarin",-1.18136926112576,-2.51386349632899,1.33249423520323,1.33249423520323
"linear_selected_predictors",296,"92-48-8","92-48-8","6-methylcoumarin",-1.331936361143,-2.51386349632899,1.18192713518599,1.18192713518599
"linear_selected_predictors",297,"93-60-7","93-60-7","nicotinate, methyl",-3.30980391997149,-2.34411625784682,-0.965687662124666,0.965687662124666
"linear_selected_predictors",298,"93-60-7","93-60-7","nicotinate, methyl",-3.27572413039921,-2.34808429831773,-0.927639832081484,0.927639832081484
"linear_selected_predictors",299,"937-20-2","937-20-2","2,4-dichloroacetophenone",-0.743772935647774,-2.51860211643436,1.77482918078659,1.77482918078659
"linear_selected_predictors",300,"937-20-2","937-20-2","2,4-dichloroacetophenone",-1.86052608660328,-2.51860211643436,0.658076029831084,0.658076029831084
"linear_selected_predictors",301,"94-13-3","94-13-3","propylparaben",-1.67615465544754,-1.93225565662136,0.256101001173816,0.256101001173816
"linear_selected_predictors",302,"94-13-3","94-13-3","propylparaben",-1.26606734367858,-2.05547191604003,0.789404572361453,0.789404572361453
"linear_selected_predictors",303,"94-13-3","94-13-3","propylparaben",-1.20290590120029,-2.05547191604003,0.852566014839743,0.852566014839743
"linear_selected_predictors",304,"94-26-8","94-26-8","butylparaben",-0.981299501333757,-1.68290560627403,0.701606104940276,0.701606104940276
"linear_selected_predictors",305,"94-26-8","94-26-8","butylparaben",-1.15242734085789,-1.80803614120731,0.655608800349417,0.655608800349417
"linear_selected_predictors",306,"95-48-7","95-48-7","o-cresol",-1.80172783601759,-2.18038584042567,0.378658004408084,0.378658004408084
"linear_selected_predictors",307,"95-54-5","95-54-5","o-phenylenediamine",-3.34678748622466,-2.72465229251085,-0.622135193713814,0.622135193713814
"linear_selected_predictors",308,"95-57-8","95-57-8","o-chlorophenol",-1.48044892137827,-2.15076158161492,0.670312660236647,0.670312660236647
"linear_selected_predictors",309,"95-65-8","95-65-8","3,4-xylenol",-1.44278385671974,-2.17854542788122,0.73576157116148,0.73576157116148
"linear_selected_predictors",310,"97-00-7","97-00-7","2,4-dinitrochlorobenzene",-1.57500847696703,-2.21728967655255,0.64228119958552,0.64228119958552
"linear_selected_predictors",311,"97-00-7","97-00-7","2,4-dinitrochlorobenzene",-1.50012264373278,-2.21728967655255,0.71716703281977,0.71716703281977
"linear_selected_predictors",312,"97-53-0","97-53-0","eugenol",-1.592980675785,-1.97513117281179,0.382150497026795,0.382150497026795
"linear_selected_predictors",313,"97-53-0","97-53-0","eugenol",-1.555243965633,-1.97513117281179,0.419887207178795,0.419887207178795
"linear_selected_predictors",314,"97-54-1","97-54-1","isoeugenol",-1.74568406057766,-1.88674166936679,0.141057608789133,0.141057608789133
"linear_selected_predictors",315,"97-54-1","97-54-1","isoeugenol",-1.41300909711301,-1.88674166936679,0.473732572253783,0.473732572253783
"linear_selected_predictors",316,"98-86-2","98-86-2","acetophenone",-1.62740828480895,-2.08512819561608,0.457719910807135,0.457719910807135
"linear_selected_predictors",317,"98-86-2","98-86-2","acetophenone",-1.56017144166374,-2.08512819561608,0.524956753952345,0.524956753952345
"linear_selected_predictors",318,"99-76-3","99-76-3","methylparaben",-1.67358220444561,-2.24010830986999,0.56652610542438,0.56652610542438
"linear_selected_predictors",319,"99-76-3","99-76-3","methylparaben",-1.96257350205938,-2.34334803740825,0.380774535348872,0.380774535348872
"linear_selected_predictors",320,"99-76-3","99-76-3","methylparaben",-2.03394335230684,-2.54445253342682,0.510509181119978,0.510509181119978
"linear_selected_predictors",321,"99-76-3","99-76-3","methylparaben",-2.07572071393812,-2.37542961750473,0.299708903566606,0.299708903566606
"selected_model",1,"100-02-7","100-02-7","p-nitrophenol; 4-nitrophenol",-2.25,-2.15637977246728,-0.0936202275327211,0.0936202275327211
"selected_model",2,"100-39-0","100-39-0","benzyl bromide",-1.54511979359646,-1.42764738293859,-0.117472410657872,0.117472410657872
"selected_model",3,"100-39-0","100-39-0","benzyl bromide",-1.89202735976865,-1.42764738293859,-0.464379976830062,0.464379976830062
"selected_model",4,"100-51-6","100-51-6","benzyl alcohol",-2.22205999132796,-2.1805029410248,-0.0415570503031635,0.0415570503031635
"selected_model",5,"1002-62-6","1002-62-6","sodium caprate; decanoic acid soap (c10:0)",-2.95233580539844,-2.32127260648657,-0.631063198911867,0.631063198911867
"selected_model",6,"103-11-7","103-11-7","2-ethylhexyl acrylate",-2.11289007326765,-1.33224015553996,-0.780649917727685,0.780649917727685
"selected_model",7,"103-11-7","103-11-7","2-ethylhexyl acrylate",-1.82434537155519,-1.33224015553996,-0.492105216015225,0.492105216015225
"selected_model",8,"104-54-1","104-54-1","cinnamyl alcohol",-1.54329916349423,-1.69269300077371,0.149393837279476,0.149393837279476
"selected_model",9,"104-54-1","104-54-1","cinnamyl alcohol",-1.47890341621095,-1.69269300077371,0.213789584562756,0.213789584562756
"selected_model",10,"104-85-8","104-85-8","p-tolunitrile",-1.34336049829281,-1.57289532091324,0.229534822620429,0.229534822620429
"selected_model",11,"104-85-8","104-85-8","p-tolunitrile",-1.51076062352006,-1.57289532091324,0.0621346973931793,0.0621346973931793
"selected_model",12,"10521-91-2","10521-91-2","5-phenylpentanol",-0.94692155651658,-1.3671031305649,0.42018157404832,0.42018157404832
"selected_model",13,"106-24-1","106-24-1","geraniol",-0.986619380204979,-1.16374621074364,0.177126830538657,0.177126830538657
"selected_model",14,"106-24-1","106-24-1","geraniol",-1.01401437058883,-1.16374621074364,0.149731840154806,0.149731840154806
"selected_model",15,"106-41-3","106-41-3","p-bromophenol",-1.43951925261862,-1.94582252918194,0.506303276563322,0.506303276563322
"selected_model",16,"106-44-5","106-44-5","p-cresol",-0.920818753952375,-1.67517712165152,0.754358367699142,0.754358367699142
"selected_model",17,"106-44-5","106-44-5","p-cresol",-1.74875360095283,-1.89823708228052,0.149483481327689,0.149483481327689
"selected_model",18,"106-48-9","106-48-9","p-chlorophenol",-1.44875360095283,-1.83347363836078,0.384720037407954,0.384720037407954
"selected_model",19,"106-50-3","106-50-3","p-phenylenediamine",-3.61978875828839,-2.80542225505943,-0.81436650322896,0.81436650322896
"selected_model",20,"108-39-4","108-39-4","m-cresol",-1.81172783601759,-1.8732003517278,0.061472515710205,0.061472515710205
"selected_model",21,"108-46-3","108-46-3","resorcinol",-2.42023266087399,-2.73057015665995,0.310337495785956,0.310337495785956
"selected_model",22,"108-46-3","108-46-3","resorcinol",-2.35642808060813,-2.73057015665995,0.374142076051816,0.374142076051816
"selected_model",23,"108-46-3","108-46-3","resorcinol",-3.07,-2.64960765777654,-0.420392342223458,0.420392342223458
"selected_model",24,"108-46-3","108-46-3","resorcinol; 1,3-benzenediol",-3.62291335664286,-2.85753272577599,-0.765380630866873,0.765380630866873
"selected_model",25,"108-73-6","108-73-6","phloroglucinol",-2.51,-2.92799465198569,0.417994651985686,0.417994651985686
"selected_model",26,"108-88-3","108-88-3","toluene",-0.0809219076239261,-1.22798306640332,1.1470611587794,1.1470611587794
"selected_model",27,"108-95-2","108-95-2","phenol",-2.03,-1.95208161568471,-0.0779183843152877,0.0779183843152877
"selected_model",28,"108-95-2","108-95-2","phenol",-2.08907809237607,-2.12327056985495,0.0341924774788787,0.0341924774788787
"selected_model",29,"108-95-2","108-95-2","phenol",-1.70996538863748,-1.94618451065644,0.236219122018957,0.236219122018957
"selected_model",30,"108-95-2","108-95-2","phenol",-3.82792274303052,-2.17884604833462,-1.6490766946959,1.6490766946959
"selected_model",31,"110-80-5","110-80-5","2-ethoxy ethanol",-3.60205999132796,-2.93477164940437,-0.667288341923594,0.667288341923594
"selected_model",32,"111-27-3","111-27-3","hexanol",-1.49485002168009,-1.4973875559039,0.00253753422381053,0.00253753422381053
"selected_model",33,"111-27-3","111-27-3","hexanol",-1.88605664769316,-1.72619518309639,-0.159861464596768,0.159861464596768
"selected_model",34,"111-27-3","111-27-3","n-hexanol",-1.88605664769316,-1.4784734796698,-0.40758316802336,0.40758316802336
"selected_model",35,"111-76-2","111-76-2","butoxyethanol",-2.25698018593163,-2.44907006128278,0.19208987535115,0.19208987535115
"selected_model",36,"111-87-5","111-87-5","n-octanol",-1.2839966563652,-1.12422340341303,-0.159773252952166,0.159773252952166
"selected_model",37,"111-87-5","111-87-5","octanol",-1.0301183562535,-1.12282631321861,0.0927079569651057,0.0927079569651057
"selected_model",38,"111-87-5","111-87-5","octanol",-1.15490195998574,-1.3380956802691,0.183193720283361,0.183193720283361
"selected_model",39,"111-87-5","111-87-5","octanol",-1.2839966563652,-1.38170696138899,0.097710305023788,0.097710305023788
"selected_model",40,"111-87-5","111-87-5","octanol",-1.21467016498923,-1.27318416260758,0.0585139976183497,0.0585139976183497
"selected_model",41,"112-30-1","112-30-1","decanol",-1.833220851329,-0.952133803305275,-0.881087048023725,0.881087048023725
"selected_model",42,"112-30-1","112-30-1","decanol",-1.95860731484178,-0.951886164521662,-1.00672115032012,1.00672115032012
"selected_model",43,"112-30-1","112-30-1","decanol",-1.14508697769214,-0.899238068245933,-0.245848909446207,0.245848909446207
"selected_model",44,"112-30-1","112-30-1","decanol",-1.04575749056068,-1.13043747334694,0.0846799827862619,0.0846799827862619
"selected_model",45,"112-30-1","112-30-1","decanol",-1.09691001300806,-1.18250549553125,0.0855954825231897,0.0855954825231897
"selected_model",46,"112-30-1","112-30-1","n-decanol",-1.09691001300806,-0.905851063664985,-0.191058949343075,0.191058949343075
"selected_model",47,"112-34-5","112-34-5","diethylene glycol monobutyl ether",-2.23600035701585,-2.8482693483344,0.612268991318547,0.612268991318547
"selected_model",48,"112-34-5","112-34-5","diethylene glycol monobutyl ether",-2.16688305055618,-2.8482693483344,0.681386297778217,0.681386297778217
"selected_model",49,"112-80-1","112-80-1","oleic acid",-2.88605664769316,-1.30652483827863,-1.57953180941452,1.57953180941452
"selected_model",50,"117-81-7","117-81-7","bis(2-ethylhexyl)phthalate",-4.09691001300806,-2.66151020715117,-1.43539980585689,1.43539980585689
"selected_model",51,"119-34-6","119-34-6","4-amino-2-nitrophenol",-4.06550154875643,-2.3587603237446,-1.70674122501183,1.70674122501183
"selected_model",52,"119-36-8","119-36-8","methyl salicylate",-1.44369749923271,-1.5766129495368,0.132915450304085,0.132915450304085
"selected_model",53,"119-61-9","119-61-9","benzophenone",-1.24920613319746,-1.49170543223228,0.242499299034818,0.242499299034818
"selected_model",54,"119-61-9","119-61-9","benzophenone",-1.13822159828622,-1.49170543223228,0.353483833946058,0.353483833946058
"selected_model",55,"120-80-9","120-80-9","catechol",-2.51,-2.5500916877118,0.0400916877118052,0.0400916877118052
"selected_model",56,"120-83-2","120-83-2","2,4-dichlorophenol",-1.14874021557127,-1.36933491718222,0.220594701610952,0.220594701610952
"selected_model",57,"120-83-2","120-83-2","2,4-dichlorophenol",-1.22136169383427,-1.64718724701505,0.425825553180784,0.425825553180784
"selected_model",58,"1219-38-1","1219-38-1","octylparaben",-1.90585161784792,-1.22617573419773,-0.679675883650186,0.679675883650186
"selected_model",59,"122-57-6","122-57-6","benzylideneacetone",-1.40794873077454,-1.64013327166092,0.232184540886379,0.232184540886379
"selected_model",60,"122-57-6","122-57-6","benzylideneacetone",-1.11863375864077,-1.64013327166092,0.521499513020149,0.521499513020149
"selected_model",61,"123-07-9 ","123-07-9 ","p-ethylphenol",-1.46278385671974,-1.67873237343693,0.21594851671719,0.21594851671719
"selected_model",62,"123-31-9","123-31-9","hydroquinone",-5.0301183562535,-2.54768669604696,-2.48243166020654,2.48243166020654
"selected_model",63,"123-31-9","123-31-9","hydroquinone",-1.90385139213331,-2.5060731551359,0.602221763002591,0.602221763002591
"selected_model",64,"123-31-9","123-31-9","hydroquinone",-2.41644259377425,-2.5060731551359,0.089630561361651,0.089630561361651
"selected_model",65,"123-31-9","123-31-9","hydroquinone",-2.95,-2.66282658233404,-0.287173417665965,0.287173417665965
"selected_model",66,"124-94-7","124-94-7","triamcinolone",-5.40011692792631,-4.52512264395988,-0.874994283966434,0.874994283966434
"selected_model",67,"131-11-3","131-11-3","dimethyl phthalate",-1.55258483591006,-1.9461949920076,0.393610156097544,0.393610156097544
"selected_model",68,"131-11-3","131-11-3","dimethyl phthalate",-1.64782103953418,-1.9461949920076,0.298373952473424,0.298373952473424
"selected_model",69,"135-19-3","135-19-3","beta-naphthol; 2-naphthol",-1.5543957967264,-1.84655322182032,0.292157425093925,0.292157425093925
"selected_model",70,"135-19-3","135-19-3","beta-naphthol; 2-naphthol",-1.20065945054642,-1.70156233118278,0.50090288063636,0.50090288063636
"selected_model",71,"13523-86-9","13523-86-9","pindolol",-3.70333480973847,-3.21685700464755,-0.48647780509092,0.48647780509092
"selected_model",72,"13655-52-2","13655-52-2","alprenolol",-2.78664164637561,-2.81148659786318,0.0248449514875708,0.0248449514875708
"selected_model",73,"137-58-6","137-58-6","lidocaine",-2.40120949323688,-2.09134586696591,-0.30986362627097,0.30986362627097
"selected_model",74,"137-58-6","137-58-6","lidocaine",-2.52287874528034,-2.09239596164061,-0.430482783639725,0.430482783639725
"selected_model",75,"137-58-6","137-58-6","lidocaine",-2.52287874528034,-2.09239596164061,-0.430482783639725,0.430482783639725
"selected_model",76,"141-05-9","141-05-9","diethyl maleate",-1.66740097646667,-1.9974562840506,0.330055307583934,0.330055307583934
"selected_model",77,"141-05-9","141-05-9","diethyl maleate",-1.58608416024509,-1.9974562840506,0.411372123805514,0.411372123805514
"selected_model",78,"14199-15-6","14199-15-6","methyl 4-hydroxyphenylacetate",-1.69897000433602,-1.8928158923403,0.193845888004279,0.193845888004279
"selected_model",79,"143-08-8","143-08-8","n-nonanol",-1.22184874961636,-1.01135662139936,-0.210492128217,0.210492128217
"selected_model",80,"143-08-8","143-08-8","nonanol",-1.22184874961636,-1.26581045367156,0.0439617040551996,0.0439617040551996
"selected_model",81,"14371-10-9","14371-10-9","trans-cinnamaldehyde",-1.55307871254876,-1.53579788632666,-0.0172808262221,0.0172808262221
"selected_model",82,"14371-10-9","14371-10-9","trans-cinnamaldehyde",-1.38433498624321,-1.53579788632666,0.15146290008345,0.15146290008345
"selected_model",83,"145-13-1","145-13-1","hydroxypregnenolone",-3.22184874961636,-3.1058793024465,-0.11596944716986,0.11596944716986
"selected_model",84,"145-13-1","145-13-1","pregnenolone",-2.82390874094432,-2.86049875014035,0.0365900091960283,0.0365900091960283
"selected_model",85,"146-72-5","146-72-5","methylglucose",-3.68026950566978,-3.96197904918985,0.281709543520069,0.281709543520069
"selected_model",86,"1638-22-8","1638-22-8","p-n-butylphenol; 4-butylphenol",-1.11463877996849,-1.17272932217171,0.0580905422032232,0.0580905422032232
"selected_model",87,"16590-41-3","16590-41-3","naltrexone",-2.6664407795091,-2.92009080570181,0.253650026192709,0.253650026192709
"selected_model",88,"17194-82-0","17194-82-0","alfa-(4-hydroxyphenyl) acetamide",-3.34678748622466,-2.82556022545096,-0.521227260773698,0.521227260773698
"selected_model",89,"18979-50-5","18979-50-5","4-propoxyphenol",-1.82490330536304,-1.65213187352553,-0.172771431837514,0.172771431837514
"selected_model",90,"2152-44-5","2152-44-5","betamethasone-17-valerate",-2.88041422503822,-4.11849840855214,1.23808418351392,1.23808418351392
"selected_model",91,"2203-97-6","2203-97-6","hydrocortisone-21-hemisuccinate",-3.20065945054642,-3.80666788566221,0.60600843511579,0.60600843511579
"selected_model",92,"2493-02-9","2493-02-9","4-bromophenyl isocyanate",-1.84100559902551,-1.44752897996257,-0.39347661906294,0.39347661906294
"selected_model",93,"2493-02-9","2493-02-9","4-bromophenyl isocyanate",-1.75134980127003,-1.44752897996257,-0.30382082130746,0.30382082130746
"selected_model",94,"26839-75-8","26839-75-8","timolol",-3.57016261901271,-2.56694579835125,-1.00321682066145,1.00321682066145
"selected_model",95,"26839-75-8","26839-75-8","timolol",-3.53521248035406,-2.44745889751665,-1.08775358283741,1.08775358283741
"selected_model",96,"2871-01-4","2871-01-4","hc red no. 3; 2-(4-amino-2-nitroanilino)-ethanol",-1.67058885168866,-2.57270089522959,0.902112043540932,0.902112043540932
"selected_model",97,"2871-01-4","2871-01-4","hc red no. 3; 2-(4-amino-2-nitroanilino)-ethanol",-2.32271042397763,-2.57270089522959,0.249990471251961,0.249990471251961
"selected_model",98,"29122-68-7","29122-68-7","atenolol",-3.96657624451305,-3.52760236270195,-0.438973881811099,0.438973881811099
"selected_model",99,"31005-02-4","31005-02-4","7-ethoxycoumarin",-0.781780143112531,-2.17922904387525,1.39744890076272,1.39744890076272
"selected_model",100,"31005-02-4","31005-02-4","7-ethoxycoumarin",-0.919153916982604,-2.17922904387525,1.26007512689264,1.26007512689264
"selected_model",101,"333-41-5","333-41-5","diazinon",-2.06048074738138,-2.16148883195349,0.101008084572112,0.101008084572112
"selected_model",102,"3360-41-6","3360-41-6","4-phenylbutanol",-1.08092190762393,-1.50449709400771,0.423575186383784,0.423575186383784
"selected_model",103,"3593-96-2","3593-96-2","hydrocortisone-21-hexanoate; hydrocortisone caproate",-2,-3.57806567676154,1.57806567676154,1.57806567676154
"selected_model",104,"3930-20-9","3930-20-9","sotalol",-4.31984585826563,-3.35628997546031,-0.963555882805322,0.963555882805322
"selected_model",105,"3930-20-9","3930-20-9","sotalol",-3.88598470867013,-3.35628997546031,-0.529694733209822,0.529694733209822
"selected_model",106,"3930-20-9","3930-20-9","sotalol",-4.17986287404271,-3.35628997546031,-0.823572898582402,0.823572898582402
"selected_model",107,"42200-33-9","42200-33-9","nadolol",-4.10127481841051,-3.36632456505581,-0.734950253354703,0.734950253354703
"selected_model",108,"437-38-7","437-38-7","fentanyl base",-1.96286612872332,-2.06116409583117,0.0982979671078512,0.0982979671078512
"selected_model",109,"463-40-1","463-40-1","linolenic acid",-2.431798275933,-1.54095401180161,-0.890844264131395,0.890844264131395
"selected_model",110,"499-75-2","499-75-2","iso-thymol; carvacrol",-1.25336580106242,-1.26524179693334,0.0118759958709242,0.0118759958709242
"selected_model",111,"50-2-2","50-2-2","dexamethasone",-4.19382002601611,-4.16225263394399,-0.0315673920721222,0.0315673920721222
"selected_model",112,"50-22-6","50-22-6","corticosterone",-2.24178591486039,-3.14065487435751,0.898868959497116,0.898868959497116
"selected_model",113,"50-22-6","50-22-6","corticosterone",-2.35454840605954,-3.14065487435751,0.786106468297966,0.786106468297966
"selected_model",114,"50-22-6","50-22-6","corticosterone",-3.16494389827988,-3.17581427289346,0.0108703746135848,0.0108703746135848
"selected_model",115,"50-22-6","50-22-6","corticosterone",-4,-3.3542186717984,-0.645781328201597,0.645781328201597
"selected_model",116,"50-22-6","50-22-6","corticosterone",-3.33468369530231,-3.17909348258238,-0.155590212719933,0.155590212719933
"selected_model",117,"50-22-6","50-22-6","corticosterone",-3.52287874528034,-3.35575103281864,-0.167127712461702,0.167127712461702
"selected_model",118,"50-22-6","50-22-6","corticosterone",-3.52287874528034,-3.36010037073972,-0.162778374540615,0.162778374540615
"selected_model",119,"50-22-6","50-22-6","corticosterone",-4,-3.351682121422,-0.648317878578005,0.648317878578005
"selected_model",120,"50-22-6","50-22-6","corticosterone",-3.26587485567249,-3.32357400520273,0.0576991495302379,0.0576991495302379
"selected_model",121,"50-22-6","50-22-6","corticosterone",-2.58587485567249,-3.10459478884297,0.518719933170476,0.518719933170476
"selected_model",122,"50-22-6","50-22-6","corticosterone",-4.22184874961636,-3.34371429147266,-0.878134458143703,0.878134458143703
"selected_model",123,"50-22-6","50-22-6","corticosterone",-4.67571754470231,-3.36268746182787,-1.31303008287444,1.31303008287444
"selected_model",124,"50-22-6","50-22-6","corticosterone",-3.23418248469008,-3.16699991121283,-0.0671825734772535,0.0671825734772535
"selected_model",125,"50-23-7","50-23-7","hydrocortisone",-2.01894154396037,-3.59316948293568,1.57422793897531,1.57422793897531
"selected_model",126,"50-23-7","50-23-7","hydrocortisone",-2.68163603566894,-3.59316948293568,0.911533447266737,0.911533447266737
"selected_model",127,"50-23-7","50-23-7","hydrocortisone",-3.63827216398241,-3.42945815365118,-0.208814010331229,0.208814010331229
"selected_model",128,"50-23-7","50-23-7","hydrocortisone",-3.63870046691906,-3.53070196884366,-0.107998498075402,0.107998498075402
"selected_model",129,"50-23-7","50-23-7","hydrocortisone",-5.52287874528034,-3.71970074295503,-1.80317800232531,1.80317800232531
"selected_model",130,"50-23-7","50-23-7","hydrocortisone",-5.52724355068279,-3.74181603018058,-1.78542752050221,1.78542752050221
"selected_model",131,"50-24-8","50-24-8","prednisolone",-4.32790214206428,-3.85056872193989,-0.477333420124388,0.477333420124388
"selected_model",132,"50-27-1","50-27-1","estriol",-4.39794000867204,-3.49216580670573,-0.905774201966308,0.905774201966308
"selected_model",133,"50-28-2","50-28-2","beta-estradiol",-2.38721614328026,-2.6527613046293,0.265545161349043,0.265545161349043
"selected_model",134,"50-28-2","50-28-2","beta-estradiol",-2.01233373507373,-2.34728585067828,0.334952115604551,0.334952115604551
"selected_model",135,"50-28-2","50-28-2","beta-estradiol",-3.52287874528034,-2.62985471636607,-0.893024028914274,0.893024028914274
"selected_model",136,"50-28-2","50-28-2","beta-estradiol",-2.28149831113273,-2.47128300244426,0.189784691311528,0.189784691311528
"selected_model",137,"50-28-2","50-28-2","estradiol",-1.98581560249872,-2.47128300244426,0.485467399945538,0.485467399945538
"selected_model",138,"50-28-2","50-28-2","estradiol",-4.69680394257951,-2.37943056900076,-2.31737337357875,2.31737337357875
"selected_model",139,"50-28-2","50-28-2","estradiol",-2.36451625318509,-2.37943056900076,0.0149143158156733,0.0149143158156733
"selected_model",140,"50-28-2","50-28-2","estradiol",-2.38090666937326,-2.6527613046293,0.271854635256044,0.271854635256044
"selected_model",141,"50-28-2","50-28-2","estradiol",-2.21324857785444,-2.34715188624047,0.133903308386032,0.133903308386032
"selected_model",142,"50-28-2","50-28-2","estradiol",-2.49485002168009,-2.65289784553941,0.158047823859315,0.158047823859315
"selected_model",143,"50-28-2","50-28-2","estradiol",-2.52287874528034,-2.6527613046293,0.129882559348963,0.129882559348963
"selected_model",144,"50-28-2","50-28-2","estradiol",-2.52287874528034,-2.65098034428433,0.128101599003992,0.128101599003992
"selected_model",145,"50-28-2","50-28-2","estradiol",-2.52287874528034,-2.65098034428433,0.128101599003992,0.128101599003992
"selected_model",146,"50-28-2","50-28-2","estradiol",-2.08008551934057,-2.37943056900076,0.299345049660193,0.299345049660193
"selected_model",147,"50-28-2","50-28-2","estradiol",-2.34969247686806,-2.47128300244426,0.121590525576198,0.121590525576198
"selected_model",148,"50-28-2","50-28-2","estradiol",-2.51173374958299,-2.47128300244426,-0.0404507471387316,0.0404507471387316
"selected_model",149,"51-21-8","51-21-8","5-fluorouracil",-4.52574969288748,-3.53017247518546,-0.995577217702018,0.995577217702018
"selected_model",150,"51-21-8","51-21-8","5-fluorouracil",-4.72894468964132,-3.5372968729947,-1.19164781664662,1.19164781664662
"selected_model",151,"51-21-8","51-21-8","5-fluorouracil",-4.47108329972234,-3.53017247518546,-0.940910824536878,0.940910824536878
"selected_model",152,"51-21-8","51-21-8","5-fluorouracil (+ - + -)",-4.46597389394386,-3.5372968729947,-0.928677020949162,0.928677020949162
"selected_model",153,"512-69-6","512-69-6","raffinose",-4.85472588171206,-4.52587448012249,-0.328851401589565,0.328851401589565
"selected_model",154,"512-69-6","512-69-6","raffinose",-4.29756946355447,-4.70947247646389,0.411903012909415,0.411903012909415
"selected_model",155,"513-85-9","513-85-9","2,3-butanediol",-4.30102999566398,-3.0845648442014,-1.21646515146258,1.21646515146258
"selected_model",156,"51384-51-1","51384-51-1","metoprolol",-3.52461940685664,-2.94034375505434,-0.584275651802297,0.584275651802297
"selected_model",157,"52-39-1","52-39-1","aldosterone",-4.23657200643706,-3.65847745372436,-0.578094552712703,0.578094552712703
"selected_model",158,"52-39-1","52-39-1","aldosterone",-4.74835790885864,-3.48554378840102,-1.26281412045762,1.26281412045762
"selected_model",159,"52-39-1","52-39-1","aldosterone",-4.30102999566398,-3.75263418296831,-0.548395812695667,0.548395812695667
"selected_model",160,"52-39-1","52-39-1","aldosterone",-4.52287874528034,-3.71769630290055,-0.805182442379785,0.805182442379785
"selected_model",161,"52-39-1","52-39-1","aldosterone",-4.52287874528034,-3.53241435091803,-0.990464394362314,0.990464394362314
"selected_model",162,"52-39-1","52-39-1","aldosterone",-4.01233373507373,-3.27156167671475,-0.740772058358983,0.740772058358983
"selected_model",163,"53-06-5","53-06-5","cortisone",-3.82390874094432,-3.57699870087543,-0.246910040068891,0.246910040068891
"selected_model",164,"53-06-5","53-06-5","cortisone",-5,-3.79865170938602,-1.20134829061398,1.20134829061398
"selected_model",165,"53-16-7","53-16-7","estrone",-2.44369749923271,-3.0077711596139,0.564073660381195,0.564073660381195
"selected_model",166,"53-96-3","53-96-3","2-(acetylamino)fluorene",-1.16052197602182,-2.52263156713607,1.36210959111425,1.36210959111425
"selected_model",167,"53-96-3","53-96-3","2-(acetylamino)fluorene",-1.10756666442663,-2.52263156713607,1.41506490270944,1.41506490270944
"selected_model",168,"533-73-3","533-73-3","1,2,4-benzenetriol",-3.9,-2.6714238341152,-1.2285761658848,1.2285761658848
"selected_model",169,"53535-33-4","53535-33-4","heptanol",-1.42481215507234,-1.41765692005557,-0.00715523501676718,0.00715523501676718
"selected_model",170,"53535-33-4","53535-33-4","heptanol",-1.49485002168009,-1.52562038319934,0.0307703615192481,0.0307703615192481
"selected_model",171,"53535-33-4","53535-33-4","n-heptanol",-1.49485002168009,-1.24650914520682,-0.248340876473267,0.248340876473267
"selected_model",172,"554-84-7","554-84-7","m-nitrophenol; 3-nitrophenol",-2.24848294855394,-2.08367370236634,-0.164809246187604,0.164809246187604
"selected_model",173,"56-81-5","56-81-5","glycerol",-4.56863623584101,-3.45866441335173,-1.10997182248928,1.10997182248928
"selected_model",174,"56-81-5","56-81-5","glycerol",-3.00594693641232,-3.50506685546262,0.499119919050299,0.499119919050299
"selected_model",175,"56030-54-7","56030-54-7","sufentanil base",-1.81815641205523,-2.6382445095488,0.820088097493568,0.820088097493568
"selected_model",176,"57-13-6","57-13-6","urea",-3.82973828460504,-3.54351024004457,-0.286228044560473,0.286228044560473
"selected_model",177,"57-13-6","57-13-6","urea",-3.95233580539844,-3.4812993110079,-0.471036494390539,0.471036494390539
"selected_model",178,"57-13-6","57-13-6","urea",-3.92564441915299,-3.55667294241533,-0.368971476737665,0.368971476737665
"selected_model",179,"57-13-6","57-13-6","urea",-3.69494112531286,-3.70922680822579,0.0142856829129299,0.0142856829129299
"selected_model",180,"57-13-6","57-13-6","urea",-3.55495653854982,-3.51377689405209,-0.0411796444977321,0.0411796444977321
"selected_model",181,"57-13-6","57-13-6","urea",-3.5970511706556,-3.55667294241533,-0.0403782282402747,0.0403782282402747
"selected_model",182,"57-13-6","57-13-6","urea",-3.55720677406023,-3.55667294241533,-0.000533831644904836,0.000533831644904836
"selected_model",183,"57-50-1","57-50-1","sucrose",-5.0268721464003,-5.02014803617898,-0.00672411022131847,0.00672411022131847
"selected_model",184,"57-50-1","57-50-1","sucrose",-5.2839966563652,-5.22640155278589,-0.0575951035793105,0.0575951035793105
"selected_model",185,"57-50-1","57-50-1","sucrose",-4.76200316671127,-5.02014803617898,0.258144869467712,0.258144869467712
"selected_model",186,"57-50-1","57-50-1","sucrose",-4.26905630657226,-5.02014803617898,0.751091729606721,0.751091729606721
"selected_model",187,"57-50-1","57-50-1","sucrose",-4.36451625318509,-5.02014803617898,0.655631782993892,0.655631782993892
"selected_model",188,"57-50-1","57-50-1","sucrose",-3.13406733180681,-5.02014803617898,1.88608070437217,1.88608070437217
"selected_model",189,"57-83-0","57-83-0","progesterone",-1.52287874528034,-2.4581536371126,0.935274891832263,0.935274891832263
"selected_model",190,"57-83-0","57-83-0","progesterone",-1.70344032687277,-2.39116356874148,0.687723241868712,0.687723241868712
"selected_model",191,"57-83-0","57-83-0","progesterone",-1.88605664769316,-2.63639264008928,0.750335992396124,0.750335992396124
"selected_model",192,"57-83-0","57-83-0","progesterone",-1.69897000433602,-2.71869702862965,1.01972702429363,1.01972702429363
"selected_model",193,"57-83-0","57-83-0","progesterone",-2.82390874094432,-2.61465181140791,-0.20925692953641,0.20925692953641
"selected_model",194,"58-08-2","58-08-2","caffeine",-3.80687540164554,-3.30673366772218,-0.500141733923358,0.500141733923358
"selected_model",195,"58-08-2","58-08-2","caffeine",-4.58586563707645,-3.47507654253157,-1.11078909454488,1.11078909454488
"selected_model",196,"58-08-2","58-08-2","caffeine",-1.60220380347052,-3.43288283386371,1.83067903039319,1.83067903039319
"selected_model",197,"58-08-2","58-08-2","caffeine",-2.60631808276205,-3.43288283386371,0.826564751101665,0.826564751101665
"selected_model",198,"58-08-2","58-08-2","caffeine",-4.15490195998574,-3.45606710126443,-0.698834858721307,0.698834858721307
"selected_model",199,"58-08-2","58-08-2","caffeine",-3.69897000433602,-3.42819066263004,-0.270779341705979,0.270779341705979
"selected_model",200,"58-22-0","58-22-0","testosterone",-2.0571655062299,-2.51486409991486,0.457698593684963,0.457698593684963
"selected_model",201,"58-22-0","58-22-0","testosterone",-2.04694894237348,-2.39780536262904,0.350856420255556,0.350856420255556
"selected_model",202,"58-22-0","58-22-0","testosterone",-1.64633962279966,-2.52549272640382,0.879153103604161,0.879153103604161
"selected_model",203,"58-22-0","58-22-0","testosterone",-1.41570671752568,-2.47930366502274,1.06359694749706,1.06359694749706
"selected_model",204,"58-22-0","58-22-0","testosterone",-2.27083521030723,-2.68709418867856,0.416258978371325,0.416258978371325
"selected_model",205,"58-22-0","58-22-0","testosterone",-2.38875983135141,-2.41112618851146,0.0223663571600463,0.0223663571600463
"selected_model",206,"58-22-0","58-22-0","testosterone",-2.65757731917779,-2.63646147454928,-0.0211158446285049,0.0211158446285049
"selected_model",207,"58-22-0","58-22-0","testosterone",-2.65757731917779,-2.63070125101005,-0.0268760681677396,0.0268760681677396
"selected_model",208,"58-22-0","58-22-0","testosterone",-2.65757731917779,-2.63070125101005,-0.0268760681677396,0.0268760681677396
"selected_model",209,"58-22-0","58-22-0","testosterone",-3.39794000867204,-2.61315462402513,-0.784785384646907,0.784785384646907
"selected_model",210,"58-22-0","58-22-0","testosterone",-3.06752623532285,-2.63646147454928,-0.431064760773565,0.431064760773565
"selected_model",211,"58-22-0","58-22-0","testosterone",-2.13194363817696,-2.39525041682697,0.263306778650007,0.263306778650007
"selected_model",212,"58-54-8","58-54-8","ethacrynic acid",-3.82390874094432,-2.51762097815599,-1.30628776278833,1.30628776278833
"selected_model",213,"59-05-2","59-05-2","methotrexate",-3.40160112979023,-4.94861206407697,1.54701093428674,1.54701093428674
"selected_model",214,"59-50-7","59-50-7","chlorocresol",-1.26406804435028,-1.6117425476436,0.347674503293317,0.347674503293317
"selected_model",215,"59-50-7","59-50-7","chlorocresol",-1.65255620893436,-1.52266894631937,-0.12988726261499,0.12988726261499
"selected_model",216,"60-12-8","60-12-8","2-phenylethanol",-1.25963731050576,-1.82207393799273,0.562436627486965,0.562436627486965
"selected_model",217,"60-12-8","60-12-8","2-phenylethanol",-2.11527250510331,-2.05094167931466,-0.0643308257886464,0.0643308257886464
"selected_model",218,"610-81-1","610-81-1","4-amino-3-nitrophenol",-2.1297393876227,-2.35720320061807,0.22746381299537,0.22746381299537
"selected_model",219,"610-81-1","610-81-1","4-amino-3-nitrophenol",-2.26671923730847,-2.35720320061807,0.0904839633096,0.0904839633096
"selected_model",220,"614-18-6","614-18-6","nicotinate, ethyl",-3.10790539730952,-1.90989044146818,-1.19801495584134,1.19801495584134
"selected_model",221,"614-18-6","614-18-6","nicotinate, ethyl",-3.08618614761628,-1.93176314860407,-1.15442299901221,1.15442299901221
"selected_model",222,"623-05-2","623-05-2","4-hydroxybenzyl alcohol",-2.69897000433602,-2.32572508837309,-0.373244915962929,0.373244915962929
"selected_model",223,"63-36-5","63-36-5","salicylate",-3.96686900819185,-2.55691210911189,-1.40995689907996,1.40995689907996
"selected_model",224,"64-17-5","64-17-5","ethanol",-2.72124639904717,-2.98323757736137,0.261991178314202,0.261991178314202
"selected_model",225,"64-17-5","64-17-5","ethanol",-3.09691001300806,-2.94158151066088,-0.155328502347184,0.155328502347184
"selected_model",226,"64-17-5","64-17-5","ethanol",-3.09691001300806,-3.19557506780952,0.0986650548014607,0.0986650548014607
"selected_model",227,"64-19-7","64-19-7","acetic acid",-2.77786589964853,-2.75460325008483,-0.0232626495637014,0.0232626495637014
"selected_model",228,"64-85-7","64-85-7","cortexone",-3.34678748622466,-2.76259966461044,-0.58418782161422,0.58418782161422
"selected_model",229,"65-85-0","65-85-0","benzoic acid",-2.11918640771921,-1.9225387126989,-0.196647695020308,0.196647695020308
"selected_model",230,"65-85-0","65-85-0","benzoic acid",-1.50863830616573,-1.86513703490186,0.356498728736125,0.356498728736125
"selected_model",231,"65-85-0","65-85-0","benzoic acid",-1.50863830616573,-1.86513703490186,0.356498728736125,0.356498728736125
"selected_model",232,"66-27-3","66-27-3","methyl methanesulfonate",-1.91205408690953,-2.62706227706299,0.715008190153463,0.715008190153463
"selected_model",233,"66-27-3","66-27-3","methyl methanesulfonate",-2.06776764179179,-2.62706227706299,0.559294635271203,0.559294635271203
"selected_model",234,"6677-98-1","6677-98-1","hydrocortisone-21-propionate",-2.46852108295775,-3.68255439171407,1.21403330875632,1.21403330875632
"selected_model",235,"67-56-1","67-56-1","methanol",-3.30102999566398,-3.11835702584876,-0.182672969815225,0.182672969815225
"selected_model",236,"67-56-1","67-56-1","methanol",-3.30102999566398,-3.3606759357619,0.0596459400979175,0.0596459400979175
"selected_model",237,"67-56-1","67-56-1","methanol",-2.79588001734407,-3.25239951428875,0.456519496944685,0.456519496944685
"selected_model",238,"68-96-2","68-96-2","17-alfa-hydroxyprogesterone",-3.22184874961636,-3.58516439713337,0.363315647517011,0.363315647517011
"selected_model",239,"69-29-7","69-29-7","ethyl ether",-1.79588001734408,-2.30515035874908,0.509270341404995,0.509270341404995
"selected_model",240,"69-65-8","69-65-8","mannitol",-4.72681868815271,-4.10691390524189,-0.61990478291082,0.61990478291082
"selected_model",241,"69-65-8","69-65-8","mannitol",-4,-4.57642016742893,0.576420167428933,0.576420167428933
"selected_model",242,"69-65-8","69-65-8","mannitol",-4.68257958814785,-3.99477022880481,-0.687809359343038,0.687809359343038
"selected_model",243,"69-65-8","69-65-8","mannitol",-4.45692576496647,-3.99520956745957,-0.4617161975069,0.4617161975069
"selected_model",244,"69-65-8","69-65-8","mannitol",-4.77257756999574,-4.55377198147024,-0.218805588525499,0.218805588525499
"selected_model",245,"69-65-8","69-65-8","mannitol",-4.43830246734601,-3.99520956745957,-0.44309289988644,0.44309289988644
"selected_model",246,"69-65-8","69-65-8","mannitol",-4.18810341360238,-4.62882065618841,0.440717242586026,0.440717242586026
"selected_model",247,"69-65-8","69-65-8","mannitol",-4.00436480540245,-4.41256080286104,0.408195997458594,0.408195997458594
"selected_model",248,"69-65-8","69-65-8","mannitol",-3.97265039222524,-4.66671811083877,0.694067718613535,0.694067718613535
"selected_model",249,"69-65-8","69-65-8","mannitol",-3.1536628878702,-3.99477022880481,0.841107340934612,0.841107340934612
"selected_model",250,"69-72-7","69-72-7","salicylic acid",-3.03151705144606,-1.93073886568508,-1.10077818576098,1.10077818576098
"selected_model",251,"69-72-7","69-72-7","salicylic acid",-1.34678748622466,-1.95266388603487,0.605876399810211,0.605876399810211
"selected_model",252,"71-23-8","71-23-8","n-propanol",-2.92081875395238,-2.77328264007926,-0.147536113873117,0.147536113873117
"selected_model",253,"71-23-8","71-23-8","propanol",-2.76955107862173,-2.92138716921954,0.151836090597813,0.151836090597813
"selected_model",254,"71-23-8","71-23-8","propanol",-2.92081875395238,-3.02937414215437,0.108555388201991,0.108555388201991
"selected_model",255,"71-36-3","71-36-3","butanol",-2.52287874528034,-2.1659467484459,-0.356931996834441,0.356931996834441
"selected_model",256,"71-36-3","71-36-3","butanol",-2.10237290870956,-2.06333836404764,-0.0390345446619182,0.0390345446619182
"selected_model",257,"71-36-3","71-36-3","butanol",-2.65757731917779,-2.27026250523227,-0.387314813945523,0.387314813945523
"selected_model",258,"71-36-3","71-36-3","butanol",-2.65757731917779,-2.27031134724212,-0.387265971935667,0.387265971935667
"selected_model",259,"71-36-3","71-36-3","butanol",-2.60205999132796,-2.27026250523227,-0.331797486095693,0.331797486095693
"selected_model",260,"71-36-3","71-36-3","n-butanol",-2.60205999132796,-2.02280950880898,-0.579250482518975,0.579250482518975
"selected_model",261,"71-41-0","71-41-0","n-pentanol",-2.22184874961636,-1.7666735765855,-0.455175173030862,0.455175173030862
"selected_model",262,"71-41-0","71-41-0","pentanol",-2.22184874961636,-2.02294968179682,-0.198899067819535,0.198899067819535
"selected_model",263,"71-43-0","71-43-0","benzene",-0.954285941059132,-1.37409008364527,0.419804142586141,0.419804142586141
"selected_model",264,"71-43-0","71-43-0","benzene",-0.795880017344075,-1.50592385932501,0.710043841980931,0.710043841980931
"selected_model",265,"71-91-0","71-91-0","tetraethylammonium",-3.25387553642834,-5.16278578932675,1.90891025289841,1.90891025289841
"selected_model",266,"71-91-0","71-91-0","tetraethylammonium bromide (+)",-3.36815053784018,-4.99100614388188,1.6228556060417,1.6228556060417
"selected_model",267,"76-25-5","76-25-5","triamcinolone acetonide",-3.40230481407449,-4.54211781598617,1.13981300191168,1.13981300191168
"selected_model",268,"76-25-5","76-25-5","triamcinolone acetonide",-4.70663744528855,-4.80020233603216,0.0935648907436128,0.0935648907436128
"selected_model",269,"76180-96-6","76180-96-6","3-methyl-3h-imidazo[4,5-f]quinolin-2-amine",-2.07218350508968,-3.40362152188824,1.33143801679856,1.33143801679856
"selected_model",270,"76180-96-6","76180-96-6","3-methyl-3h-imidazo[4,5-f]quinolin-2-amine",-2.43056359552234,-3.40362152188824,0.973057926365898,0.973057926365898
"selected_model",271,"7732-18-5","7732-18-5","water",-2.80687540164554,-3.61380263485852,0.806927233212975,0.806927233212975
"selected_model",272,"7732-18-5","7732-18-5","water",-2.98540960554622,-3.61380263485852,0.628393029312295,0.628393029312295
"selected_model",273,"7732-18-5","7732-18-5","water",-2.80966830182971,-3.5688523871341,0.759184085304389,0.759184085304389
"selected_model",274,"7732-18-5","7732-18-5","water",-3.14997431819434,-3.56885354517751,0.418879226983168,0.418879226983168
"selected_model",275,"7732-18-5","7732-18-5","water",-3.07058107428571,-3.61380263485852,0.543221560572805,0.543221560572805
"selected_model",276,"7732-18-5","7732-18-5","water",-3.24233473501217,-3.5688523871341,0.326517652121929,0.326517652121929
"selected_model",277,"7732-18-5","7732-18-5","water",-3.45621525646938,-3.5688523871341,0.112637130664718,0.112637130664718
"selected_model",278,"7732-18-5","7732-18-5","water",-3.27134965805094,-3.5688523871341,0.297502729083159,0.297502729083159
"selected_model",279,"7732-18-5","7732-18-5","water",-3.15476521541715,-3.59129054526539,0.436525329848243,0.436525329848243
"selected_model",280,"7732-18-5","7732-18-5","water",-3.52287874528034,-3.72748933450313,0.204610589222785,0.204610589222785
"selected_model",281,"7732-18-5","7732-18-5","water",-3.5,-3.72748933450313,0.227489334503125,0.227489334503125
"selected_model",282,"78-93-3","78-93-3","2-butanone",-2.34678748622466,-2.54156546305468,0.194777976830023,0.194777976830023
"selected_model",283,"84-66-2","84-66-2","diethyl phthalate",-1.70509308939481,-1.69929472402201,-0.00579836537279821,0.00579836537279821
"selected_model",284,"87-66-1","87-66-1","pyrogallol",-2.81,-2.61743264423924,-0.192567355760762,0.192567355760762
"selected_model",285,"88-04-0","88-04-0","chloroxylenol",-1.22875360095283,-1.6654304518079,0.436676850855075,0.436676850855075
"selected_model",286,"88-04-0","88-04-0","chloroxylenol",-1.09474395125155,-1.51252686431719,0.417782913065639,0.417782913065639
"selected_model",287,"88-06-2","88-06-2","2,4,6-trichlorophenol",-1.23275783168158,-1.63867306144734,0.405915229765762,0.405915229765762
"selected_model",288,"88-18-6","88-18-6","o-t-butylphenol",-1.12842706445412,-1.27141221027097,0.142985145816853,0.142985145816853
"selected_model",289,"89-83-8","89-83-8","thymol; 2-isopropyl-5-methylphenol",-1.27607480270083,-1.48124488596662,0.205170083265786,0.205170083265786
"selected_model",290,"89-83-8","89-83-8","thymol; 2-isopropyl-5-methylphenol",-1.21324857785444,-1.32872543115987,0.115476853305429,0.115476853305429
"selected_model",291,"90-15-3","90-15-3","naphthol",-1.58502665202918,-1.69877132780725,0.113744675778071,0.113744675778071
"selected_model",292,"90-15-3","90-15-3","naphthol",-1.52287874528034,-1.69877132780725,0.175892582526911,0.175892582526911
"selected_model",293,"91-20-3","91-20-3","naphthalene",-1.55111528700206,-1.23074675975421,-0.320368527247848,0.320368527247848
"selected_model",294,"91-20-3","91-20-3","naphthalene",-1.78220214249451,-1.23074675975421,-0.551455382740298,0.551455382740298
"selected_model",295,"92-48-8","92-48-8","6-methylcoumarin",-1.18136926112576,-2.18573013505591,1.00436087393015,1.00436087393015
"selected_model",296,"92-48-8","92-48-8","6-methylcoumarin",-1.331936361143,-2.18573013505591,0.853793773912915,0.853793773912915
"selected_model",297,"93-60-7","93-60-7","nicotinate, methyl",-3.30980391997149,-2.09825613082223,-1.21154778914926,1.21154778914926
"selected_model",298,"93-60-7","93-60-7","nicotinate, methyl",-3.27572413039921,-2.10961838550592,-1.16610574489329,1.16610574489329
"selected_model",299,"937-20-2","937-20-2","2,4-dichloroacetophenone",-0.743772935647774,-2.19356569824529,1.44979276259752,1.44979276259752
"selected_model",300,"937-20-2","937-20-2","2,4-dichloroacetophenone",-1.86052608660328,-2.19356569824529,0.333039611642014,0.333039611642014
"selected_model",301,"94-13-3","94-13-3","propylparaben",-1.67615465544754,-1.59012700880816,-0.0860276466393759,0.0860276466393759
"selected_model",302,"94-13-3","94-13-3","propylparaben",-1.26606734367858,-1.69306134034042,0.42699399666184,0.42699399666184
"selected_model",303,"94-13-3","94-13-3","propylparaben",-1.20290590120029,-1.69306134034042,0.49015543914013,0.49015543914013
"selected_model",304,"94-26-8","94-26-8","butylparaben",-0.981299501333757,-1.37632789288859,0.395028391554833,0.395028391554833
"selected_model",305,"94-26-8","94-26-8","butylparaben",-1.15242734085789,-1.47906202631849,0.326634685460597,0.326634685460597
"selected_model",306,"95-48-7","95-48-7","o-cresol",-1.80172783601759,-1.89954037081306,0.0978125347954735,0.0978125347954735
"selected_model",307,"95-54-5","95-54-5","o-phenylenediamine",-3.34678748622466,-2.502886858071,-0.843900628153665,0.843900628153665
"selected_model",308,"95-57-8","95-57-8","o-chlorophenol",-1.48044892137827,-1.85363632301409,0.373187401635823,0.373187401635823
"selected_model",309,"95-65-8","95-65-8","3,4-xylenol",-1.44278385671974,-1.78533349234903,0.342549635629294,0.342549635629294
"selected_model",310,"97-00-7","97-00-7","2,4-dinitrochlorobenzene",-1.57500847696703,-1.94695827809164,0.371949801124606,0.371949801124606
"selected_model",311,"97-00-7","97-00-7","2,4-dinitrochlorobenzene",-1.50012264373278,-1.94695827809164,0.446835634358856,0.446835634358856
"selected_model",312,"97-53-0","97-53-0","eugenol",-1.592980675785,-1.65575560855564,0.0627749327706375,0.0627749327706375
"selected_model",313,"97-53-0","97-53-0","eugenol",-1.555243965633,-1.65575560855564,0.100511642922638,0.100511642922638
"selected_model",314,"97-54-1","97-54-1","isoeugenol",-1.74568406057766,-1.57555574673498,-0.170128313842677,0.170128313842677
"selected_model",315,"97-54-1","97-54-1","isoeugenol",-1.41300909711301,-1.57555574673498,0.162546649621973,0.162546649621973
"selected_model",316,"98-86-2","98-86-2","acetophenone",-1.62740828480895,-1.76699296905664,0.139584684247689,0.139584684247689
"selected_model",317,"98-86-2","98-86-2","acetophenone",-1.56017144166374,-1.76699296905664,0.206821527392899,0.206821527392899
"selected_model",318,"99-76-3","99-76-3","methylparaben",-1.67358220444561,-1.91536081017711,0.241778605731505,0.241778605731505
"selected_model",319,"99-76-3","99-76-3","methylparaben",-1.96257350205938,-1.99269040693088,0.0301169048715031,0.0301169048715031
"selected_model",320,"99-76-3","99-76-3","methylparaben",-2.03394335230684,-2.15906037733609,0.125117025029253,0.125117025029253
"selected_model",321,"99-76-3","99-76-3","methylparaben",-2.07572071393812,-2.02854749767413,-0.0471732162639866,0.0471732162639866
"extended_descriptor",1,"100-02-7","100-02-7","p-nitrophenol; 4-nitrophenol",-2.25,-2.35572190531888,0.105721905318882,0.105721905318882
"extended_descriptor",2,"100-39-0","100-39-0","benzyl bromide",-1.54511979359646,-1.02993530921991,-0.515184484376549,0.515184484376549
"extended_descriptor",3,"100-39-0","100-39-0","benzyl bromide",-1.89202735976865,-1.13284321636582,-0.759184143402828,0.759184143402828
"extended_descriptor",4,"100-51-6","100-51-6","benzyl alcohol",-2.22205999132796,-2.32564645920302,0.103586467875061,0.103586467875061
"extended_descriptor",5,"1002-62-6","1002-62-6","sodium caprate; decanoic acid soap (c10:0)",-2.95233580539844,-2.11232227781718,-0.84001352758126,0.84001352758126
"extended_descriptor",6,"103-11-7","103-11-7","2-ethylhexyl acrylate",-2.11289007326765,-1.09266895384918,-1.02022111941847,1.02022111941847
"extended_descriptor",7,"103-11-7","103-11-7","2-ethylhexyl acrylate",-1.82434537155519,-1.1988746903754,-0.625470681179793,0.625470681179793
"extended_descriptor",8,"104-54-1","104-54-1","cinnamyl alcohol",-1.54329916349423,-1.56137515461268,0.0180759911184452,0.0180759911184452
"extended_descriptor",9,"104-54-1","104-54-1","cinnamyl alcohol",-1.47890341621095,-1.66679124127968,0.187887825068734,0.187887825068734
"extended_descriptor",10,"104-85-8","104-85-8","p-tolunitrile",-1.34336049829281,-1.40214100420457,0.0587805059117616,0.0587805059117616
"extended_descriptor",11,"104-85-8","104-85-8","p-tolunitrile",-1.51076062352006,-1.50574290494872,-0.00501771857134403,0.00501771857134403
"extended_descriptor",12,"10521-91-2","10521-91-2","5-phenylpentanol",-0.94692155651658,-1.46246019920928,0.515538642692704,0.515538642692704
"extended_descriptor",13,"106-24-1","106-24-1","geraniol",-0.986619380204979,-1.10061604678451,0.113996666579533,0.113996666579533
"extended_descriptor",14,"106-24-1","106-24-1","geraniol",-1.01401437058883,-1.20535837653584,0.191344005947007,0.191344005947007
"extended_descriptor",15,"106-41-3","106-41-3","p-bromophenol",-1.43951925261862,-1.9109530494953,0.47143379687668,0.47143379687668
"extended_descriptor",16,"106-44-5","106-44-5","p-cresol",-0.920818753952375,-1.5725586818356,0.651739927883224,0.651739927883224
"extended_descriptor",17,"106-44-5","106-44-5","p-cresol",-1.74875360095283,-2.01023804778197,0.261484446829144,0.261484446829144
"extended_descriptor",18,"106-48-9","106-48-9","p-chlorophenol",-1.44875360095283,-1.86404253207971,0.415288931126881,0.415288931126881
"extended_descriptor",19,"106-50-3","106-50-3","p-phenylenediamine",-3.61978875828839,-2.85852372546021,-0.761265032828183,0.761265032828183
"extended_descriptor",20,"108-39-4","108-39-4","m-cresol",-1.81172783601759,-1.98847393202405,0.176746096006456,0.176746096006456
"extended_descriptor",21,"108-46-3","108-46-3","resorcinol",-2.42023266087399,-2.68783051750172,0.267597856627729,0.267597856627729
"extended_descriptor",22,"108-46-3","108-46-3","resorcinol",-2.35642808060813,-2.79252309523901,0.436095014630876,0.436095014630876
"extended_descriptor",23,"108-46-3","108-46-3","resorcinol",-3.07,-2.89008300839498,-0.179916991605024,0.179916991605024
"extended_descriptor",24,"108-46-3","108-46-3","resorcinol; 1,3-benzenediol",-3.62291335664286,-3.12724058017908,-0.495672776463781,0.495672776463781
"extended_descriptor",25,"108-73-6","108-73-6","phloroglucinol",-2.51,-3.24747200866118,0.737472008661176,0.737472008661176
"extended_descriptor",26,"108-88-3","108-88-3","toluene",-0.0809219076239261,-1.24242177171117,1.16149986408724,1.16149986408724
"extended_descriptor",27,"108-95-2","108-95-2","phenol",-2.03,-1.99939893813933,-0.0306010618606689,0.0306010618606689
"extended_descriptor",28,"108-95-2","108-95-2","phenol",-2.08907809237607,-2.23305411992754,0.143976027551474,0.143976027551474
"extended_descriptor",29,"108-95-2","108-95-2","phenol",-1.70996538863748,-1.99299635053301,0.283030961895534,0.283030961895534
"extended_descriptor",30,"108-95-2","108-95-2","phenol",-3.82792274303052,-2.60348514547382,-1.2244375975567,1.2244375975567
"extended_descriptor",31,"110-80-5","110-80-5","2-ethoxy ethanol",-3.60205999132796,3.28951287752128,-6.89157286884924,6.89157286884924
"extended_descriptor",32,"111-27-3","111-27-3","hexanol",-1.49485002168009,-1.52361554353214,0.0287655218520548,0.0287655218520548
"extended_descriptor",33,"111-27-3","111-27-3","hexanol",-1.88605664769316,-1.95093839215836,0.0648817444652003,0.0648817444652003
"extended_descriptor",34,"111-27-3","111-27-3","n-hexanol",-1.88605664769316,-1.62978055788724,-0.256276089805918,0.256276089805918
"extended_descriptor",35,"111-76-2","111-76-2","butoxyethanol",-2.25698018593163,-2.71459110977477,0.457610923843137,0.457610923843137
"extended_descriptor",36,"111-87-5","111-87-5","n-octanol",-1.2839966563652,-1.3382613956272,0.0542647392619964,0.0542647392619964
"extended_descriptor",37,"111-87-5","111-87-5","octanol",-1.0301183562535,-1.1701448937196,0.140026537466105,0.140026537466105
"extended_descriptor",38,"111-87-5","111-87-5","octanol",-1.15490195998574,-1.58926954069122,0.434367580705484,0.434367580705484
"extended_descriptor",39,"111-87-5","111-87-5","octanol",-1.2839966563652,-1.6556837736766,0.371687117311404,0.371687117311404
"extended_descriptor",40,"111-87-5","111-87-5","octanol",-1.21467016498923,-1.25403668316626,0.0393665181770306,0.0393665181770306
"extended_descriptor",41,"112-30-1","112-30-1","decanol",-1.833220851329,-1.28136304564841,-0.551857805680587,0.551857805680587
"extended_descriptor",42,"112-30-1","112-30-1","decanol",-1.95860731484178,-1.27871745199141,-0.679889862850374,0.679889862850374
"extended_descriptor",43,"112-30-1","112-30-1","decanol",-1.14508697769214,-1.00295760140574,-0.142129376286403,0.142129376286403
"extended_descriptor",44,"112-30-1","112-30-1","decanol",-1.04575749056068,-1.42800268943465,0.382245198873971,0.382245198873971
"extended_descriptor",45,"112-30-1","112-30-1","decanol",-1.09691001300806,-1.52267131780507,0.425761304797005,0.425761304797005
"extended_descriptor",46,"112-30-1","112-30-1","n-decanol",-1.09691001300806,-1.19168327253842,0.094773259530361,0.094773259530361
"extended_descriptor",47,"112-34-5","112-34-5","diethylene glycol monobutyl ether",-2.23600035701585,-2.8205366520597,0.584536295043851,0.584536295043851
"extended_descriptor",48,"112-34-5","112-34-5","diethylene glycol monobutyl ether",-2.16688305055618,-2.92844822583121,0.761565175275032,0.761565175275032
"extended_descriptor",49,"112-80-1","112-80-1","oleic acid",-2.88605664769316,-0.968651285684172,-1.91740536200899,1.91740536200899
"extended_descriptor",50,"117-81-7","117-81-7","bis(2-ethylhexyl)phthalate",-4.09691001300806,-2.39181573152699,-1.70509428148107,1.70509428148107
"extended_descriptor",51,"119-34-6","119-34-6","4-amino-2-nitrophenol",-4.06550154875643,-2.47149575872595,-1.59400579003048,1.59400579003048
"extended_descriptor",52,"119-36-8","119-36-8","methyl salicylate",-1.44369749923271,-1.56255846894552,0.11886096971281,0.11886096971281
"extended_descriptor",53,"119-61-9","119-61-9","benzophenone",-1.24920613319746,-1.22700611201234,-0.0222000211851239,0.0222000211851239
"extended_descriptor",54,"119-61-9","119-61-9","benzophenone",-1.13822159828622,-1.33277424492141,0.194552646635191,0.194552646635191
"extended_descriptor",55,"120-80-9","120-80-9","catechol",-2.51,-2.76938301686461,0.259383016864614,0.259383016864614
"extended_descriptor",56,"120-83-2","120-83-2","2,4-dichlorophenol",-1.14874021557127,-1.28926583783439,0.140525622263117,0.140525622263117
"extended_descriptor",57,"120-83-2","120-83-2","2,4-dichlorophenol",-1.22136169383427,-1.5999371487846,0.378575454950326,0.378575454950326
"extended_descriptor",58,"1219-38-1","1219-38-1","octylparaben",-1.90585161784792,-0.938936535906426,-0.966915081941494,0.966915081941494
"extended_descriptor",59,"122-57-6","122-57-6","benzylideneacetone",-1.40794873077454,-1.37938871987906,-0.0285600108954787,0.0285600108954787
"extended_descriptor",60,"122-57-6","122-57-6","benzylideneacetone",-1.11863375864077,-1.48637457798104,0.367740819340274,0.367740819340274
"extended_descriptor",61,"123-07-9 ","123-07-9 ","p-ethylphenol",-1.46278385671974,-1.7919097268002,0.329125870080462,0.329125870080462
"extended_descriptor",62,"123-31-9","123-31-9","hydroquinone",-5.0301183562535,-2.53043887403829,-2.49967948221521,2.49967948221521
"extended_descriptor",63,"123-31-9","123-31-9","hydroquinone",-1.90385139213331,-2.43267570066104,0.528824308527726,0.528824308527726
"extended_descriptor",64,"123-31-9","123-31-9","hydroquinone",-2.41644259377425,-2.53406969009502,0.117627096320769,0.117627096320769
"extended_descriptor",65,"123-31-9","123-31-9","hydroquinone",-2.95,-2.82481051359508,-0.125189486404918,0.125189486404918
"extended_descriptor",66,"124-94-7","124-94-7","triamcinolone",-5.40011692792631,-4.58042691736646,-0.819690010559847,0.819690010559847
"extended_descriptor",67,"131-11-3","131-11-3","dimethyl phthalate",-1.55258483591006,-1.73378077669743,0.181195940787373,0.181195940787373
"extended_descriptor",68,"131-11-3","131-11-3","dimethyl phthalate",-1.64782103953418,-1.83815060445602,0.190329564921843,0.190329564921843
"extended_descriptor",69,"135-19-3","135-19-3","beta-naphthol; 2-naphthol",-1.5543957967264,-1.96631760577181,0.411921809045406,0.411921809045406
"extended_descriptor",70,"135-19-3","135-19-3","beta-naphthol; 2-naphthol",-1.20065945054642,-1.52215677522186,0.321497324675441,0.321497324675441
"extended_descriptor",71,"13523-86-9","13523-86-9","pindolol",-3.70333480973847,-3.70864566599681,0.0053108562583426,0.0053108562583426
"extended_descriptor",72,"13655-52-2","13655-52-2","alprenolol",-2.78664164637561,-3.14806558734634,0.361423940970735,0.361423940970735
"extended_descriptor",73,"137-58-6","137-58-6","lidocaine",-2.40120949323688,-2.10399433885381,-0.297215154383067,0.297215154383067
"extended_descriptor",74,"137-58-6","137-58-6","lidocaine",-2.52287874528034,-2.09944011460688,-0.423438630673458,0.423438630673458
"extended_descriptor",75,"137-58-6","137-58-6","lidocaine",-2.52287874528034,-2.09944011460688,-0.423438630673458,0.423438630673458
"extended_descriptor",76,"141-05-9","141-05-9","diethyl maleate",-1.66740097646667,-1.94657827255276,0.279177296086089,0.279177296086089
"extended_descriptor",77,"141-05-9","141-05-9","diethyl maleate",-1.58608416024509,-2.05244004151822,0.466355881273125,0.466355881273125
"extended_descriptor",78,"14199-15-6","14199-15-6","methyl 4-hydroxyphenylacetate",-1.69897000433602,-1.83611729648668,0.13714729215066,0.13714729215066
"extended_descriptor",79,"143-08-8","143-08-8","n-nonanol",-1.22184874961636,-1.24630457639741,0.0244558267810526,0.0244558267810526
"extended_descriptor",80,"143-08-8","143-08-8","nonanol",-1.22184874961636,-1.55940672532508,0.337557975708723,0.337557975708723
"extended_descriptor",81,"14371-10-9","14371-10-9","trans-cinnamaldehyde",-1.55307871254876,-1.31150623557438,-0.241572476974375,0.241572476974375
"extended_descriptor",82,"14371-10-9","14371-10-9","trans-cinnamaldehyde",-1.38433498624321,-1.41794251906942,0.0336075328262098,0.0336075328262098
"extended_descriptor",83,"145-13-1","145-13-1","hydroxypregnenolone",-3.22184874961636,-2.75480182160676,-0.467046928009602,0.467046928009602
"extended_descriptor",84,"145-13-1","145-13-1","pregnenolone",-2.82390874094432,-2.65555540996503,-0.168353330979291,0.168353330979291
"extended_descriptor",85,"146-72-5","146-72-5","methylglucose",-3.68026950566978,-4.13899095710009,0.458721451430313,0.458721451430313
"extended_descriptor",86,"1638-22-8","1638-22-8","p-n-butylphenol; 4-butylphenol",-1.11463877996849,-1.0490930007138,-0.0655457792546881,0.0655457792546881
"extended_descriptor",87,"16590-41-3","16590-41-3","naltrexone",-2.6664407795091,-2.89808656551133,0.231645786002229,0.231645786002229
"extended_descriptor",88,"17194-82-0","17194-82-0","alfa-(4-hydroxyphenyl) acetamide",-3.34678748622466,-2.86452008681126,-0.482267399413403,0.482267399413403
"extended_descriptor",89,"18979-50-5","18979-50-5","4-propoxyphenol",-1.82490330536304,-1.50863519912095,-0.316268106242094,0.316268106242094
"extended_descriptor",90,"2152-44-5","2152-44-5","betamethasone-17-valerate",-2.88041422503822,-3.41463152085325,0.534217295815028,0.534217295815028
"extended_descriptor",91,"2203-97-6","2203-97-6","hydrocortisone-21-hemisuccinate",-3.20065945054642,-3.52775141552042,0.327091964973999,0.327091964973999
"extended_descriptor",92,"2493-02-9","2493-02-9","4-bromophenyl isocyanate",-1.84100559902551,-0.961336085618237,-0.879669513407273,0.879669513407273
"extended_descriptor",93,"2493-02-9","2493-02-9","4-bromophenyl isocyanate",-1.75134980127003,-1.06753086670671,-0.683818934563323,0.683818934563323
"extended_descriptor",94,"26839-75-8","26839-75-8","timolol",-3.57016261901271,-2.53977446543428,-1.03038815357843,1.03038815357843
"extended_descriptor",95,"26839-75-8","26839-75-8","timolol",-3.53521248035406,-2.65807909022708,-0.877133390126982,0.877133390126982
"extended_descriptor",96,"2871-01-4","2871-01-4","hc red no. 3; 2-(4-amino-2-nitroanilino)-ethanol",-1.67058885168866,-2.99473557292017,1.32414672123151,1.32414672123151
"extended_descriptor",97,"2871-01-4","2871-01-4","hc red no. 3; 2-(4-amino-2-nitroanilino)-ethanol",-2.32271042397763,-3.09981146743165,0.777101043454024,0.777101043454024
"extended_descriptor",98,"29122-68-7","29122-68-7","atenolol",-3.96657624451305,-3.584558583662,-0.382017660851047,0.382017660851047
"extended_descriptor",99,"31005-02-4","31005-02-4","7-ethoxycoumarin",-0.781780143112531,-1.91940954592363,1.1376294028111,1.1376294028111
"extended_descriptor",100,"31005-02-4","31005-02-4","7-ethoxycoumarin",-0.919153916982604,-2.0231675294792,1.10401361249659,1.10401361249659
"extended_descriptor",101,"333-41-5","333-41-5","diazinon",-2.06048074738138,-2.05838208581057,-0.00209866157081029,0.00209866157081029
"extended_descriptor",102,"3360-41-6","3360-41-6","4-phenylbutanol",-1.08092190762393,-1.5906718379651,0.509749930341175,0.509749930341175
"extended_descriptor",103,"3593-96-2","3593-96-2","hydrocortisone-21-hexanoate; hydrocortisone caproate",-2,-2.88812042126352,0.888120421263524,0.888120421263524
"extended_descriptor",104,"3930-20-9","3930-20-9","sotalol",-4.31984585826563,-3.37478770067308,-0.945058157592553,0.945058157592553
"extended_descriptor",105,"3930-20-9","3930-20-9","sotalol",-3.88598470867013,-3.37478770067308,-0.511197007997053,0.511197007997053
"extended_descriptor",106,"3930-20-9","3930-20-9","sotalol",-4.17986287404271,-3.37478770067308,-0.805075173369633,0.805075173369633
"extended_descriptor",107,"42200-33-9","42200-33-9","nadolol",-4.10127481841051,-3.49706933249883,-0.60420548591168,0.60420548591168
"extended_descriptor",108,"437-38-7","437-38-7","fentanyl base",-1.96286612872332,-1.53694052186003,-0.425925606863294,0.425925606863294
"extended_descriptor",109,"463-40-1","463-40-1","linolenic acid",-2.431798275933,-1.61685090626618,-0.814947369666825,0.814947369666825
"extended_descriptor",110,"499-75-2","499-75-2","iso-thymol; carvacrol",-1.25336580106242,-1.04424450496088,-0.209121296101544,0.209121296101544
"extended_descriptor",111,"50-2-2","50-2-2","dexamethasone",-4.19382002601611,-4.25117204391597,0.0573520178998592,0.0573520178998592
"extended_descriptor",112,"50-22-6","50-22-6","corticosterone",-2.24178591486039,-3.1409726599529,0.899186745092509,0.899186745092509
"extended_descriptor",113,"50-22-6","50-22-6","corticosterone",-2.35454840605954,-3.1409726599529,0.786424253893359,0.786424253893359
"extended_descriptor",114,"50-22-6","50-22-6","corticosterone",-3.16494389827988,-3.21367638529157,0.0487324870116885,0.0487324870116885
"extended_descriptor",115,"50-22-6","50-22-6","corticosterone",-4,-3.43870925617424,-0.561290743825756,0.561290743825756
"extended_descriptor",116,"50-22-6","50-22-6","corticosterone",-3.33468369530231,-3.03198465072406,-0.302699044578249,0.302699044578249
"extended_descriptor",117,"50-22-6","50-22-6","corticosterone",-3.52287874528034,-3.41929587268923,-0.103582872591112,0.103582872591112
"extended_descriptor",118,"50-22-6","50-22-6","corticosterone",-3.52287874528034,-3.42953011267495,-0.0933486326053914,0.0933486326053914
"extended_descriptor",119,"50-22-6","50-22-6","corticosterone",-4,-3.43811324479194,-0.561886755208055,0.561886755208055
"extended_descriptor",120,"50-22-6","50-22-6","corticosterone",-3.26587485567249,-3.22044643404127,-0.0454284216312222,0.0454284216312222
"extended_descriptor",121,"50-22-6","50-22-6","corticosterone",-2.58587485567249,-3.3158995115002,0.730024655827707,0.730024655827707
"extended_descriptor",122,"50-22-6","50-22-6","corticosterone",-4.22184874961636,-3.31838708108614,-0.903461668530222,0.903461668530222
"extended_descriptor",123,"50-22-6","50-22-6","corticosterone",-4.67571754470231,-3.19564364137141,-1.4800739033309,1.4800739033309
"extended_descriptor",124,"50-22-6","50-22-6","corticosterone",-3.23418248469008,-3.20050874063063,-0.0336737440594508,0.0336737440594508
"extended_descriptor",125,"50-23-7","50-23-7","hydrocortisone",-2.01894154396037,-3.40386533158148,1.38492378762111,1.38492378762111
"extended_descriptor",126,"50-23-7","50-23-7","hydrocortisone",-2.68163603566894,-3.54306998595196,0.861433950283021,0.861433950283021
"extended_descriptor",127,"50-23-7","50-23-7","hydrocortisone",-3.63827216398241,-3.59491946440854,-0.0433526995738744,0.0433526995738744
"extended_descriptor",128,"50-23-7","50-23-7","hydrocortisone",-3.63870046691906,-3.49239715417769,-0.146303312741368,0.146303312741368
"extended_descriptor",129,"50-23-7","50-23-7","hydrocortisone",-5.52287874528034,-3.79129578995438,-1.73158295532596,1.73158295532596
"extended_descriptor",130,"50-23-7","50-23-7","hydrocortisone",-5.52724355068279,-3.65730211804359,-1.8699414326392,1.8699414326392
"extended_descriptor",131,"50-24-8","50-24-8","prednisolone",-4.32790214206428,-3.8255118076139,-0.502390334450384,0.502390334450384
"extended_descriptor",132,"50-27-1","50-27-1","estriol",-4.39794000867204,-3.79947299902472,-0.598467009647318,0.598467009647318
"extended_descriptor",133,"50-28-2","50-28-2","beta-estradiol",-2.38721614328026,-3.12217174533192,0.734955602051657,0.734955602051657
"extended_descriptor",134,"50-28-2","50-28-2","beta-estradiol",-2.01233373507373,-2.51244946364292,0.500115728569195,0.500115728569195
"extended_descriptor",135,"50-28-2","50-28-2","beta-estradiol",-3.52287874528034,-3.00736914629813,-0.51550959898221,0.51550959898221
"extended_descriptor",136,"50-28-2","50-28-2","beta-estradiol",-2.28149831113273,-2.59441972500624,0.312921413873514,0.312921413873514
"extended_descriptor",137,"50-28-2","50-28-2","estradiol",-1.98581560249872,-2.59441972500624,0.608604122507524,0.608604122507524
"extended_descriptor",138,"50-28-2","50-28-2","estradiol",-4.69680394257951,-2.77788530112273,-1.91891864145678,1.91891864145678
"extended_descriptor",139,"50-28-2","50-28-2","estradiol",-2.36451625318509,-2.77788530112273,0.413369047937644,0.413369047937644
"extended_descriptor",140,"50-28-2","50-28-2","estradiol",-2.38090666937326,-3.12028929461633,0.739382625243073,0.739382625243073
"extended_descriptor",141,"50-28-2","50-28-2","estradiol",-2.21324857785444,-2.69094560369602,0.47769702584158,0.47769702584158
"extended_descriptor",142,"50-28-2","50-28-2","estradiol",-2.49485002168009,-3.12031786450178,0.625467842821687,0.625467842821687
"extended_descriptor",143,"50-28-2","50-28-2","estradiol",-2.52287874528034,-3.12028929461633,0.597410549335993,0.597410549335993
"extended_descriptor",144,"50-28-2","50-28-2","estradiol",-2.52287874528034,-3.11514049938001,0.59226175409967,0.59226175409967
"extended_descriptor",145,"50-28-2","50-28-2","estradiol",-2.52287874528034,-3.11514049938001,0.59226175409967,0.59226175409967
"extended_descriptor",146,"50-28-2","50-28-2","estradiol",-2.08008551934057,-2.77788530112273,0.697799781782164,0.697799781782164
"extended_descriptor",147,"50-28-2","50-28-2","estradiol",-2.34969247686806,-2.41589501506771,0.0662025381996454,0.0662025381996454
"extended_descriptor",148,"50-28-2","50-28-2","estradiol",-2.51173374958299,-2.59441972500624,0.0826859754232543,0.0826859754232543
"extended_descriptor",149,"51-21-8","51-21-8","5-fluorouracil",-4.52574969288748,-3.35731233012195,-1.16843736276553,1.16843736276553
"extended_descriptor",150,"51-21-8","51-21-8","5-fluorouracil",-4.72894468964132,-3.36234851723356,-1.36659617240776,1.36659617240776
"extended_descriptor",151,"51-21-8","51-21-8","5-fluorouracil",-4.47108329972234,-3.35731233012195,-1.11377096960039,1.11377096960039
"extended_descriptor",152,"51-21-8","51-21-8","5-fluorouracil (+ - + -)",-4.46597389394386,-3.36234851723356,-1.1036253767103,1.1036253767103
"extended_descriptor",153,"512-69-6","512-69-6","raffinose",-4.85472588171206,-5.369693153265,0.514967271552937,0.514967271552937
"extended_descriptor",154,"512-69-6","512-69-6","raffinose",-4.29756946355447,-5.30032720916214,1.00275774560767,1.00275774560767
"extended_descriptor",155,"513-85-9","513-85-9","2,3-butanediol",-4.30102999566398,-2.94212390661646,-1.35890608904752,1.35890608904752
"extended_descriptor",156,"51384-51-1","51384-51-1","metoprolol",-3.52461940685664,-3.08981197834298,-0.434807428513655,0.434807428513655
"extended_descriptor",157,"52-39-1","52-39-1","aldosterone",-4.23657200643706,-3.76737896127093,-0.469193045166126,0.469193045166126
"extended_descriptor",158,"52-39-1","52-39-1","aldosterone",-4.74835790885864,-3.34367291925722,-1.40468498960142,1.40468498960142
"extended_descriptor",159,"52-39-1","52-39-1","aldosterone",-4.30102999566398,-3.84948247309734,-0.451547522566643,0.451547522566643
"extended_descriptor",160,"52-39-1","52-39-1","aldosterone",-4.52287874528034,-3.79271504319359,-0.730163702086747,0.730163702086747
"extended_descriptor",161,"52-39-1","52-39-1","aldosterone",-4.52287874528034,-3.51176884932687,-1.01110989595347,1.01110989595347
"extended_descriptor",162,"52-39-1","52-39-1","aldosterone",-4.01233373507373,-3.17368220038317,-0.838651534690557,0.838651534690557
"extended_descriptor",163,"53-06-5","53-06-5","cortisone",-3.82390874094432,-3.57857241560221,-0.245336325342113,0.245336325342113
"extended_descriptor",164,"53-06-5","53-06-5","cortisone",-5,-3.76925234829772,-1.23074765170228,1.23074765170228
"extended_descriptor",165,"53-16-7","53-16-7","estrone",-2.44369749923271,-2.96358242724175,0.519884928009038,0.519884928009038
"extended_descriptor",166,"53-96-3","53-96-3","2-(acetylamino)fluorene",-1.16052197602182,-2.61541059876867,1.45488862274685,1.45488862274685
"extended_descriptor",167,"53-96-3","53-96-3","2-(acetylamino)fluorene",-1.10756666442663,-2.72661494459361,1.61904828016698,1.61904828016698
"extended_descriptor",168,"533-73-3","533-73-3","1,2,4-benzenetriol",-3.9,-3.01170464966714,-0.888295350332863,0.888295350332863
"extended_descriptor",169,"53535-33-4","53535-33-4","heptanol",-1.42481215507234,-1.38446014210375,-0.0403520129685928,0.0403520129685928
"extended_descriptor",170,"53535-33-4","53535-33-4","heptanol",-1.49485002168009,-1.78040471736221,0.285554695682124,0.285554695682124
"extended_descriptor",171,"53535-33-4","53535-33-4","n-heptanol",-1.49485002168009,-1.4021708497132,-0.0926791719668931,0.0926791719668931
"extended_descriptor",172,"554-84-7","554-84-7","m-nitrophenol; 3-nitrophenol",-2.24848294855394,-2.28657492912259,0.038091980568653,0.038091980568653
"extended_descriptor",173,"56-81-5","56-81-5","glycerol",-4.56863623584101,-3.65741679593,-0.911219439911014,0.911219439911014
"extended_descriptor",174,"56-81-5","56-81-5","glycerol",-3.00594693641232,-3.66691217094401,0.660965234531689,0.660965234531689
"extended_descriptor",175,"56030-54-7","56030-54-7","sufentanil base",-1.81815641205523,-2.08355706230827,0.265400650253038,0.265400650253038
"extended_descriptor",176,"57-13-6","57-13-6","urea",-3.82973828460504,-3.6203858383038,-0.209352446301235,0.209352446301235
"extended_descriptor",177,"57-13-6","57-13-6","urea",-3.95233580539844,-3.54706885824973,-0.405266947148709,0.405266947148709
"extended_descriptor",178,"57-13-6","57-13-6","urea",-3.92564441915299,-3.6361656065022,-0.289478812650786,0.289478812650786
"extended_descriptor",179,"57-13-6","57-13-6","urea",-3.69494112531286,-3.66703881631999,-0.0279023089928723,0.0279023089928723
"extended_descriptor",180,"57-13-6","57-13-6","urea",-3.55495653854982,-3.79463764326178,0.239681104711959,0.239681104711959
"extended_descriptor",181,"57-13-6","57-13-6","urea",-3.5970511706556,-3.6361656065022,0.0391144358466042,0.0391144358466042
"extended_descriptor",182,"57-13-6","57-13-6","urea",-3.55720677406023,-3.6361656065022,0.0789588324419741,0.0789588324419741
"extended_descriptor",183,"57-50-1","57-50-1","sucrose",-5.0268721464003,-5.37158784220627,0.344715695805974,0.344715695805974
"extended_descriptor",184,"57-50-1","57-50-1","sucrose",-5.2839966563652,-5.77628179406323,0.492285137698034,0.492285137698034
"extended_descriptor",185,"57-50-1","57-50-1","sucrose",-4.76200316671127,-5.58288422541684,0.820881058705568,0.820881058705568
"extended_descriptor",186,"57-50-1","57-50-1","sucrose",-4.26905630657226,-5.58288422541684,1.31382791884458,1.31382791884458
"extended_descriptor",187,"57-50-1","57-50-1","sucrose",-4.36451625318509,-5.58288422541684,1.21836797223175,1.21836797223175
"extended_descriptor",188,"57-50-1","57-50-1","sucrose",-3.13406733180681,-5.58288422541684,2.44881689361003,2.44881689361003
"extended_descriptor",189,"57-83-0","57-83-0","progesterone",-1.52287874528034,-2.31248335612949,0.78960461084915,0.78960461084915
"extended_descriptor",190,"57-83-0","57-83-0","progesterone",-1.70344032687277,-2.00964310167421,0.306202774801436,0.306202774801436
"extended_descriptor",191,"57-83-0","57-83-0","progesterone",-1.88605664769316,-2.48427003682303,0.598213389129866,0.598213389129866
"extended_descriptor",192,"57-83-0","57-83-0","progesterone",-1.69897000433602,-2.63099644663185,0.932026442295827,0.932026442295827
"extended_descriptor",193,"57-83-0","57-83-0","progesterone",-2.82390874094432,-2.37270860650693,-0.451200134437391,0.451200134437391
"extended_descriptor",194,"58-08-2","58-08-2","caffeine",-3.80687540164554,-3.23155865716719,-0.575316744478353,0.575316744478353
"extended_descriptor",195,"58-08-2","58-08-2","caffeine",-4.58586563707645,-3.29995532248533,-1.28591031459112,1.28591031459112
"extended_descriptor",196,"58-08-2","58-08-2","caffeine",-1.60220380347052,-3.20196783172628,1.59976402825576,1.59976402825576
"extended_descriptor",197,"58-08-2","58-08-2","caffeine",-2.60631808276205,-3.29801973784461,0.691701655082555,0.691701655082555
"extended_descriptor",198,"58-08-2","58-08-2","caffeine",-4.15490195998574,-3.15596126638346,-0.998940693602282,0.998940693602282
"extended_descriptor",199,"58-08-2","58-08-2","caffeine",-3.69897000433602,-3.12627404269327,-0.57269596164275,0.57269596164275
"extended_descriptor",200,"58-22-0","58-22-0","testosterone",-2.0571655062299,-2.24848878280812,0.191323276578222,0.191323276578222
"extended_descriptor",201,"58-22-0","58-22-0","testosterone",-2.04694894237348,-2.3710263138094,0.324077371435924,0.324077371435924
"extended_descriptor",202,"58-22-0","58-22-0","testosterone",-1.64633962279966,-2.22455475373795,0.578215130938292,0.578215130938292
"extended_descriptor",203,"58-22-0","58-22-0","testosterone",-1.41570671752568,-2.27384271608379,0.85813599855811,0.85813599855811
"extended_descriptor",204,"58-22-0","58-22-0","testosterone",-2.27083521030723,-2.75181421118865,0.480979000881416,0.480979000881416
"extended_descriptor",205,"58-22-0","58-22-0","testosterone",-2.38875983135141,-2.22164260106786,-0.167117230283553,0.167117230283553
"extended_descriptor",206,"58-22-0","58-22-0","testosterone",-2.65757731917779,-2.66878192491996,0.011204605742166,0.011204605742166
"extended_descriptor",207,"58-22-0","58-22-0","testosterone",-2.65757731917779,-2.66088010706406,0.00330278788627059,0.00330278788627059
"extended_descriptor",208,"58-22-0","58-22-0","testosterone",-2.65757731917779,-2.66088010706406,0.00330278788627059,0.00330278788627059
"extended_descriptor",209,"58-22-0","58-22-0","testosterone",-3.39794000867204,-2.55864189380801,-0.839298114864028,0.839298114864028
"extended_descriptor",210,"58-22-0","58-22-0","testosterone",-3.06752623532285,-2.45732479371096,-0.610201441611885,0.610201441611885
"extended_descriptor",211,"58-22-0","58-22-0","testosterone",-2.13194363817696,-2.37034009997233,0.238396461795373,0.238396461795373
"extended_descriptor",212,"58-54-8","58-54-8","ethacrynic acid",-3.82390874094432,-2.66036162875953,-1.16354711218479,1.16354711218479
"extended_descriptor",213,"59-05-2","59-05-2","methotrexate",-3.40160112979023,-5.14672500059183,1.7451238708016,1.7451238708016
"extended_descriptor",214,"59-50-7","59-50-7","chlorocresol",-1.26406804435028,-1.58560081301261,0.321532768662325,0.321532768662325
"extended_descriptor",215,"59-50-7","59-50-7","chlorocresol",-1.65255620893436,-1.23476708935256,-0.417789119581797,0.417789119581797
"extended_descriptor",216,"60-12-8","60-12-8","2-phenylethanol",-1.25963731050576,-1.92896377857901,0.669326468073252,0.669326468073252
"extended_descriptor",217,"60-12-8","60-12-8","2-phenylethanol",-2.11527250510331,-2.20615469954538,0.0908821944420675,0.0908821944420675
"extended_descriptor",218,"610-81-1","610-81-1","4-amino-3-nitrophenol",-2.1297393876227,-2.5024532781464,0.372713890523699,0.372713890523699
"extended_descriptor",219,"610-81-1","610-81-1","4-amino-3-nitrophenol",-2.26671923730847,-2.6077269676792,0.341007730370729,0.341007730370729
"extended_descriptor",220,"614-18-6","614-18-6","nicotinate, ethyl",-3.10790539730952,-1.92008880226271,-1.18781659504681,1.18781659504681
"extended_descriptor",221,"614-18-6","614-18-6","nicotinate, ethyl",-3.08618614761628,-1.94313029664212,-1.14305585097416,1.14305585097416
"extended_descriptor",222,"623-05-2","623-05-2","4-hydroxybenzyl alcohol",-2.69897000433602,-2.30179964385979,-0.397170360476233,0.397170360476233
"extended_descriptor",223,"63-36-5","63-36-5","salicylate",-3.96686900819185,-2.4272612228091,-1.53960778538274,1.53960778538274
"extended_descriptor",224,"64-17-5","64-17-5","ethanol",-2.72124639904717,-2.87067570954335,0.149429310496185,0.149429310496185
"extended_descriptor",225,"64-17-5","64-17-5","ethanol",-3.09691001300806,-2.96943533913493,-0.127474673873129,0.127474673873129
"extended_descriptor",226,"64-17-5","64-17-5","ethanol",-3.09691001300806,-3.28103792289036,0.184127909882301,0.184127909882301
"extended_descriptor",227,"64-19-7","64-19-7","acetic acid",-2.77786589964853,-2.85761622799971,0.0797503283511793,0.0797503283511793
"extended_descriptor",228,"64-85-7","64-85-7","cortexone",-3.34678748622466,-2.5554423155935,-0.791345170631161,0.791345170631161
"extended_descriptor",229,"65-85-0","65-85-0","benzoic acid",-2.11918640771921,-2.05301504789246,-0.0661713598267455,0.0661713598267455
"extended_descriptor",230,"65-85-0","65-85-0","benzoic acid",-1.50863830616573,-1.6694216211526,0.160783314986867,0.160783314986867
"extended_descriptor",231,"65-85-0","65-85-0","benzoic acid",-1.50863830616573,-1.83903404316324,0.330395736997507,0.330395736997507
"extended_descriptor",232,"66-27-3","66-27-3","methyl methanesulfonate",-1.91205408690953,-2.46174121921317,0.549687132303642,0.549687132303642
"extended_descriptor",233,"66-27-3","66-27-3","methyl methanesulfonate",-2.06776764179179,-2.56518511898859,0.497417477196795,0.497417477196795
"extended_descriptor",234,"6677-98-1","6677-98-1","hydrocortisone-21-propionate",-2.46852108295775,-3.53517476746757,1.06665368450982,1.06665368450982
"extended_descriptor",235,"67-56-1","67-56-1","methanol",-3.30102999566398,-3.09827414964844,-0.202755846015538,0.202755846015538
"extended_descriptor",236,"67-56-1","67-56-1","methanol",-3.30102999566398,-3.40404263007137,0.103012634407387,0.103012634407387
"extended_descriptor",237,"67-56-1","67-56-1","methanol",-2.79588001734407,-3.01262817302494,0.216748155680868,0.216748155680868
"extended_descriptor",238,"68-96-2","68-96-2","17-alfa-hydroxyprogesterone",-3.22184874961636,-3.68340650966172,0.461557760045358,0.461557760045358
"extended_descriptor",239,"69-29-7","69-29-7","ethyl ether",-1.79588001734408,-2.05564135616408,0.25976133882,0.25976133882
"extended_descriptor",240,"69-65-8","69-65-8","mannitol",-4.72681868815271,-3.51773900539841,-1.2090796827543,1.2090796827543
"extended_descriptor",241,"69-65-8","69-65-8","mannitol",-4,-3.15738031565441,-0.842619684345587,0.842619684345587
"extended_descriptor",242,"69-65-8","69-65-8","mannitol",-4.68257958814785,-3.6901416941512,-0.992437893996654,0.992437893996654
"extended_descriptor",243,"69-65-8","69-65-8","mannitol",-4.45692576496647,-3.69049908679337,-0.766426678173102,0.766426678173102
"extended_descriptor",244,"69-65-8","69-65-8","mannitol",-4.77257756999574,-3.12514586081758,-1.64743170917816,1.64743170917816
"extended_descriptor",245,"69-65-8","69-65-8","mannitol",-4.43830246734601,-3.69049908679337,-0.747803380552642,0.747803380552642
"extended_descriptor",246,"69-65-8","69-65-8","mannitol",-4.18810341360238,-3.32641028917952,-0.861693124422864,0.861693124422864
"extended_descriptor",247,"69-65-8","69-65-8","mannitol",-4.00436480540245,-3.53477743433496,-0.469587371067491,0.469587371067491
"extended_descriptor",248,"69-65-8","69-65-8","mannitol",-3.97265039222524,-3.52723080139404,-0.445419590831205,0.445419590831205
"extended_descriptor",249,"69-65-8","69-65-8","mannitol",-3.1536628878702,-3.6901416941512,0.536478806280996,0.536478806280996
"extended_descriptor",250,"69-72-7","69-72-7","salicylic acid",-3.03151705144606,-2.20490517558647,-0.826611875859591,0.826611875859591
"extended_descriptor",251,"69-72-7","69-72-7","salicylic acid",-1.34678748622466,-2.2004129469513,0.853625460726636,0.853625460726636
"extended_descriptor",252,"71-23-8","71-23-8","n-propanol",-2.92081875395238,-2.84939489602978,-0.071423857922603,0.071423857922603
"extended_descriptor",253,"71-23-8","71-23-8","propanol",-2.76955107862173,-2.7670172368668,-0.00253384175492544,0.00253384175492544
"extended_descriptor",254,"71-23-8","71-23-8","propanol",-2.92081875395238,-3.16186336324602,0.241044609293636,0.241044609293636
"extended_descriptor",255,"71-36-3","71-36-3","butanol",-2.52287874528034,-2.05889000728388,-0.463988737996459,0.463988737996459
"extended_descriptor",256,"71-36-3","71-36-3","butanol",-2.10237290870956,-2.04144397004568,-0.0609289386638774,0.0609289386638774
"extended_descriptor",257,"71-36-3","71-36-3","butanol",-2.65757731917779,-2.44600429799109,-0.2115730211867,0.2115730211867
"extended_descriptor",258,"71-36-3","71-36-3","butanol",-2.65757731917779,-2.44603350142747,-0.211543817750316,0.211543817750316
"extended_descriptor",259,"71-36-3","71-36-3","butanol",-2.60205999132796,-2.44600429799109,-0.15605569333687,0.15605569333687
"extended_descriptor",260,"71-36-3","71-36-3","n-butanol",-2.60205999132796,-2.13800186955802,-0.464058121769941,0.464058121769941
"extended_descriptor",261,"71-41-0","71-41-0","n-pentanol",-2.22184874961636,-1.90561427336896,-0.316234476247398,0.316234476247398
"extended_descriptor",262,"71-41-0","71-41-0","pentanol",-2.22184874961636,-2.21855914915435,-0.00328960046201354,0.00328960046201354
"extended_descriptor",263,"71-43-0","71-43-0","benzene",-0.954285941059132,-1.19432290797334,0.240036966914209,0.240036966914209
"extended_descriptor",264,"71-43-0","71-43-0","benzene",-0.795880017344075,-1.63098070902874,0.835100691684663,0.835100691684663
"extended_descriptor",265,"71-91-0","71-91-0","tetraethylammonium",-3.25387553642834,-5.14778681589549,1.89391127946715,1.89391127946715
"extended_descriptor",266,"71-91-0","71-91-0","tetraethylammonium bromide (+)",-3.36815053784018,-4.95162021041165,1.58346967257147,1.58346967257147
"extended_descriptor",267,"76-25-5","76-25-5","triamcinolone acetonide",-3.40230481407449,-4.56861805139146,1.16631323731697,1.16631323731697
"extended_descriptor",268,"76-25-5","76-25-5","triamcinolone acetonide",-4.70663744528855,-4.50267564909908,-0.203961796189471,0.203961796189471
"extended_descriptor",269,"76180-96-6","76180-96-6","3-methyl-3h-imidazo[4,5-f]quinolin-2-amine",-2.07218350508968,-3.66095814895876,1.58877464386908,1.58877464386908
"extended_descriptor",270,"76180-96-6","76180-96-6","3-methyl-3h-imidazo[4,5-f]quinolin-2-amine",-2.43056359552234,-3.77426626018452,1.34370266466218,1.34370266466218
"extended_descriptor",271,"7732-18-5","7732-18-5","water",-2.80687540164554,-3.21878159151262,0.411906189867085,0.411906189867085
"extended_descriptor",272,"7732-18-5","7732-18-5","water",-2.98540960554622,-3.21878159151262,0.233371985966405,0.233371985966405
"extended_descriptor",273,"7732-18-5","7732-18-5","water",-2.80966830182971,-3.16609524289671,0.356426941067004,0.356426941067004
"extended_descriptor",274,"7732-18-5","7732-18-5","water",-3.14997431819434,-3.16572267236344,0.0157483541691015,0.0157483541691015
"extended_descriptor",275,"7732-18-5","7732-18-5","water",-3.07058107428571,-3.21878159151262,0.148200517226915,0.148200517226915
"extended_descriptor",276,"7732-18-5","7732-18-5","water",-3.24233473501217,-3.16609524289671,-0.0762394921154557,0.0762394921154557
"extended_descriptor",277,"7732-18-5","7732-18-5","water",-3.45621525646938,-3.16609524289671,-0.290120013572666,0.290120013572666
"extended_descriptor",278,"7732-18-5","7732-18-5","water",-3.27134965805094,-3.16609524289671,-0.105254415154226,0.105254415154226
"extended_descriptor",279,"7732-18-5","7732-18-5","water",-3.15476521541715,-3.18507310543757,0.030307890020417,0.030307890020417
"extended_descriptor",280,"7732-18-5","7732-18-5","water",-3.52287874528034,-3.6082833749011,0.085404629620756,0.085404629620756
"extended_descriptor",281,"7732-18-5","7732-18-5","water",-3.5,-3.6082833749011,0.108283374901096,0.108283374901096
"extended_descriptor",282,"78-93-3","78-93-3","2-butanone",-2.34678748622466,-2.29451201519561,-0.0522754710290454,0.0522754710290454
"extended_descriptor",283,"84-66-2","84-66-2","diethyl phthalate",-1.70509308939481,-1.74086604865851,0.0357729592637033,0.0357729592637033
"extended_descriptor",284,"87-66-1","87-66-1","pyrogallol",-2.81,-2.97480232776699,0.164802327766993,0.164802327766993
"extended_descriptor",285,"88-04-0","88-04-0","chloroxylenol",-1.22875360095283,-1.77789080754357,0.549137206590738,0.549137206590738
"extended_descriptor",286,"88-04-0","88-04-0","chloroxylenol",-1.09474395125155,-1.29846667302099,0.203722721769435,0.203722721769435
"extended_descriptor",287,"88-06-2","88-06-2","2,4,6-trichlorophenol",-1.23275783168158,-1.51723155567119,0.284473723989606,0.284473723989606
"extended_descriptor",288,"88-18-6","88-18-6","o-t-butylphenol",-1.12842706445412,-1.13644130924009,0.00801424478596613,0.00801424478596613
"extended_descriptor",289,"89-83-8","89-83-8","thymol; 2-isopropyl-5-methylphenol",-1.27607480270083,-1.55127836565212,0.275203562951288,0.275203562951288
"extended_descriptor",290,"89-83-8","89-83-8","thymol; 2-isopropyl-5-methylphenol",-1.21324857785444,-1.11604925545582,-0.097199322398621,0.097199322398621
"extended_descriptor",291,"90-15-3","90-15-3","naphthol",-1.58502665202918,-1.83530544153515,0.250278789505965,0.250278789505965
"extended_descriptor",292,"90-15-3","90-15-3","naphthol",-1.52287874528034,-1.83530544153515,0.312426696254805,0.312426696254805
"extended_descriptor",293,"91-20-3","91-20-3","naphthalene",-1.55111528700206,-1.2141054339319,-0.33700985307016,0.33700985307016
"extended_descriptor",294,"91-20-3","91-20-3","naphthalene",-1.78220214249451,-1.31799920911299,-0.464202933381522,0.464202933381522
"extended_descriptor",295,"92-48-8","92-48-8","6-methylcoumarin",-1.18136926112576,-1.86232531299794,0.680956051872182,0.680956051872182
"extended_descriptor",296,"92-48-8","92-48-8","6-methylcoumarin",-1.331936361143,-1.96541089475683,0.633474533613832,0.633474533613832
"extended_descriptor",297,"93-60-7","93-60-7","nicotinate, methyl",-3.30980391997149,-2.08722602043223,-1.22257789953926,1.22257789953926
"extended_descriptor",298,"93-60-7","93-60-7","nicotinate, methyl",-3.27572413039921,-2.09884348219201,-1.1768806482072,1.1768806482072
"extended_descriptor",299,"937-20-2","937-20-2","2,4-dichloroacetophenone",-0.743772935647774,-2.03656884188537,1.29279590623759,1.29279590623759
"extended_descriptor",300,"937-20-2","937-20-2","2,4-dichloroacetophenone",-1.86052608660328,-2.13256274446406,0.27203665786078,0.27203665786078
"extended_descriptor",301,"94-13-3","94-13-3","propylparaben",-1.67615465544754,-1.70838259887317,0.0322279434256294,0.0322279434256294
"extended_descriptor",302,"94-13-3","94-13-3","propylparaben",-1.26606734367858,-1.53821620131211,0.272148857633527,0.272148857633527
"extended_descriptor",303,"94-13-3","94-13-3","propylparaben",-1.20290590120029,-1.64402699879379,0.441121097593503,0.441121097593503
"extended_descriptor",304,"94-26-8","94-26-8","butylparaben",-0.981299501333757,-1.45417570019778,0.472876198864025,0.472876198864025
"extended_descriptor",305,"94-26-8","94-26-8","butylparaben",-1.15242734085789,-1.31984816522638,0.167420824368486,0.167420824368486
"extended_descriptor",306,"95-48-7","95-48-7","o-cresol",-1.80172783601759,-2.00767416446645,0.205946328448859,0.205946328448859
"extended_descriptor",307,"95-54-5","95-54-5","o-phenylenediamine",-3.34678748622466,-2.59875652093934,-0.748030965285322,0.748030965285322
"extended_descriptor",308,"95-57-8","95-57-8","o-chlorophenol",-1.48044892137827,-1.9290226205985,0.448573699220229,0.448573699220229
"extended_descriptor",309,"95-65-8","95-65-8","3,4-xylenol",-1.44278385671974,-1.91464678973037,0.471862933010632,0.471862933010632
"extended_descriptor",310,"97-00-7","97-00-7","2,4-dinitrochlorobenzene",-1.57500847696703,-2.12356639897771,0.548557922010677,0.548557922010677
"extended_descriptor",311,"97-00-7","97-00-7","2,4-dinitrochlorobenzene",-1.50012264373278,-2.2308013955763,0.730678751843516,0.730678751843516
"extended_descriptor",312,"97-53-0","97-53-0","eugenol",-1.592980675785,-1.50106052564583,-0.0919201501391675,0.0919201501391675
"extended_descriptor",313,"97-53-0","97-53-0","eugenol",-1.555243965633,-1.60631596749747,0.051072001864467,0.051072001864467
"extended_descriptor",314,"97-54-1","97-54-1","isoeugenol",-1.74568406057766,-1.47633474525496,-0.269349315322701,0.269349315322701
"extended_descriptor",315,"97-54-1","97-54-1","isoeugenol",-1.41300909711301,-1.58388682158075,0.170877724467745,0.170877724467745
"extended_descriptor",316,"98-86-2","98-86-2","acetophenone",-1.62740828480895,-1.49116690492302,-0.136241379885934,0.136241379885934
"extended_descriptor",317,"98-86-2","98-86-2","acetophenone",-1.56017144166374,-1.59676605232296,0.0365946106592159,0.0365946106592159
"extended_descriptor",318,"99-76-3","99-76-3","methylparaben",-1.67358220444561,-2.08453658035697,0.410954375911357,0.410954375911357
"extended_descriptor",319,"99-76-3","99-76-3","methylparaben",-1.96257350205938,-1.9099433476958,-0.0526301543635777,0.0526301543635777
"extended_descriptor",320,"99-76-3","99-76-3","methylparaben",-2.03394335230684,-2.39901418482225,0.365070832515412,0.365070832515412
"extended_descriptor",321,"99-76-3","99-76-3","methylparaben",-2.07572071393812,-1.96859748918946,-0.107123224748656,0.107123224748656
"random_forest_selected_predictors",1,"100-02-7","100-02-7","p-nitrophenol; 4-nitrophenol",-2.25,-2.10712076058158,-0.142879239418424,0.142879239418424
"random_forest_selected_predictors",2,"100-39-0","100-39-0","benzyl bromide",-1.54511979359646,-1.411206090261,-0.13391370333546,0.13391370333546
"random_forest_selected_predictors",3,"100-39-0","100-39-0","benzyl bromide",-1.89202735976865,-1.411206090261,-0.480821269507651,0.480821269507651
"random_forest_selected_predictors",4,"100-51-6","100-51-6","benzyl alcohol",-2.22205999132796,-2.96885454500062,0.746794553672664,0.746794553672664
"random_forest_selected_predictors",5,"1002-62-6","1002-62-6","sodium caprate; decanoic acid soap (c10:0)",-2.95233580539844,-3.21077540288202,0.25843959748358,0.25843959748358
"random_forest_selected_predictors",6,"103-11-7","103-11-7","2-ethylhexyl acrylate",-2.11289007326765,-1.03348276933105,-1.0794073039366,1.0794073039366
"random_forest_selected_predictors",7,"103-11-7","103-11-7","2-ethylhexyl acrylate",-1.82434537155519,-1.03348276933105,-0.790862602224145,0.790862602224145
"random_forest_selected_predictors",8,"104-54-1","104-54-1","cinnamyl alcohol",-1.54329916349423,-1.49744606424816,-0.0458530992460693,0.0458530992460693
"random_forest_selected_predictors",9,"104-54-1","104-54-1","cinnamyl alcohol",-1.47890341621095,-1.49744606424816,0.0185426480372106,0.0185426480372106
"random_forest_selected_predictors",10,"104-85-8","104-85-8","p-tolunitrile",-1.34336049829281,-1.4995628808831,0.156202382590293,0.156202382590293
"random_forest_selected_predictors",11,"104-85-8","104-85-8","p-tolunitrile",-1.51076062352006,-1.4995628808831,-0.0111977426369567,0.0111977426369567
"random_forest_selected_predictors",12,"10521-91-2","10521-91-2","5-phenylpentanol",-0.94692155651658,-1.41118584876534,0.464264292248761,0.464264292248761
"random_forest_selected_predictors",13,"106-24-1","106-24-1","geraniol",-0.986619380204979,-1.42330391868992,0.436684538484944,0.436684538484944
"random_forest_selected_predictors",14,"106-24-1","106-24-1","geraniol",-1.01401437058883,-1.42330391868992,0.409289548101093,0.409289548101093
"random_forest_selected_predictors",15,"106-41-3","106-41-3","p-bromophenol",-1.43951925261862,-1.63346954734979,0.193950294731171,0.193950294731171
"random_forest_selected_predictors",16,"106-44-5","106-44-5","p-cresol",-0.920818753952375,-1.8866695116344,0.965850757682023,0.965850757682023
"random_forest_selected_predictors",17,"106-44-5","106-44-5","p-cresol",-1.74875360095283,-1.81077263512243,0.0620190341695952,0.0620190341695952
"random_forest_selected_predictors",18,"106-48-9","106-48-9","p-chlorophenol",-1.44875360095283,-1.67491544873986,0.226161847787032,0.226161847787032
"random_forest_selected_predictors",19,"106-50-3","106-50-3","p-phenylenediamine",-3.61978875828839,-3.30130339171588,-0.318485366572511,0.318485366572511
"random_forest_selected_predictors",20,"108-39-4","108-39-4","m-cresol",-1.81172783601759,-1.66962888728455,-0.142098948733035,0.142098948733035
"random_forest_selected_predictors",21,"108-46-3","108-46-3","resorcinol",-2.42023266087399,-2.44982139030046,0.029588729426465,0.029588729426465
"random_forest_selected_predictors",22,"108-46-3","108-46-3","resorcinol",-2.35642808060813,-2.44982139030046,0.093393309692325,0.093393309692325
"random_forest_selected_predictors",23,"108-46-3","108-46-3","resorcinol",-3.07,-2.51763638492489,-0.552363615075106,0.552363615075106
"random_forest_selected_predictors",24,"108-46-3","108-46-3","resorcinol; 1,3-benzenediol",-3.62291335664286,-2.44502563304402,-1.17788772359884,1.17788772359884
"random_forest_selected_predictors",25,"108-73-6","108-73-6","phloroglucinol",-2.51,-3.18122789826975,0.671227898269748,0.671227898269748
"random_forest_selected_predictors",26,"108-88-3","108-88-3","toluene",-0.0809219076239261,-1.91337571351858,1.83245380589465,1.83245380589465
"random_forest_selected_predictors",27,"108-95-2","108-95-2","phenol",-2.03,-2.81373934593672,0.783739345936719,0.783739345936719
"random_forest_selected_predictors",28,"108-95-2","108-95-2","phenol",-2.08907809237607,-2.67439111134017,0.5853130189641,0.5853130189641
"random_forest_selected_predictors",29,"108-95-2","108-95-2","phenol",-1.70996538863748,-2.80123440050967,1.09126901187219,1.09126901187219
"random_forest_selected_predictors",30,"108-95-2","108-95-2","phenol",-3.82792274303052,-2.67439111134017,-1.15353163169035,1.15353163169035
"random_forest_selected_predictors",31,"110-80-5","110-80-5","2-ethoxy ethanol",-3.60205999132796,-2.73979992315944,-0.862260068168516,0.862260068168516
"random_forest_selected_predictors",32,"111-27-3","111-27-3","hexanol",-1.49485002168009,-1.46905357833589,-0.0257964433442013,0.0257964433442013
"random_forest_selected_predictors",33,"111-27-3","111-27-3","hexanol",-1.88605664769316,-1.57954845553224,-0.30650819216092,0.30650819216092
"random_forest_selected_predictors",34,"111-27-3","111-27-3","n-hexanol",-1.88605664769316,-1.60704246112739,-0.27901418656577,0.27901418656577
"random_forest_selected_predictors",35,"111-76-2","111-76-2","butoxyethanol",-2.25698018593163,-2.37271035380324,0.11573016787161,0.11573016787161
"random_forest_selected_predictors",36,"111-87-5","111-87-5","n-octanol",-1.2839966563652,-1.37922550553626,0.0952288491710558,0.0952288491710558
"random_forest_selected_predictors",37,"111-87-5","111-87-5","octanol",-1.0301183562535,-1.33571438392382,0.305596027670317,0.305596027670317
"random_forest_selected_predictors",38,"111-87-5","111-87-5","octanol",-1.15490195998574,-1.38541908150763,0.230517121521886,0.230517121521886
"random_forest_selected_predictors",39,"111-87-5","111-87-5","octanol",-1.2839966563652,-1.41444855089327,0.130451894528074,0.130451894528074
"random_forest_selected_predictors",40,"111-87-5","111-87-5","octanol",-1.21467016498923,-1.38301300305728,0.168342838068049,0.168342838068049
"random_forest_selected_predictors",41,"112-30-1","112-30-1","decanol",-1.833220851329,-1.53655131107348,-0.296669540255523,0.296669540255523
"random_forest_selected_predictors",42,"112-30-1","112-30-1","decanol",-1.95860731484178,-1.53655131107348,-0.422056003768303,0.422056003768303
"random_forest_selected_predictors",43,"112-30-1","112-30-1","decanol",-1.14508697769214,-1.39783069188474,0.252743714192595,0.252743714192595
"random_forest_selected_predictors",44,"112-30-1","112-30-1","decanol",-1.04575749056068,-1.41645433944934,0.370696848888658,0.370696848888658
"random_forest_selected_predictors",45,"112-30-1","112-30-1","decanol",-1.09691001300806,-1.43046002218499,0.333550009176927,0.333550009176927
"random_forest_selected_predictors",46,"112-30-1","112-30-1","n-decanol",-1.09691001300806,-1.43596658314879,0.339056570140727,0.339056570140727
"random_forest_selected_predictors",47,"112-34-5","112-34-5","diethylene glycol monobutyl ether",-2.23600035701585,-2.56642023534405,0.330419878328202,0.330419878328202
"random_forest_selected_predictors",48,"112-34-5","112-34-5","diethylene glycol monobutyl ether",-2.16688305055618,-2.56642023534405,0.399537184787872,0.399537184787872
"random_forest_selected_predictors",49,"112-80-1","112-80-1","oleic acid",-2.88605664769316,-2.21644686168128,-0.669609786011884,0.669609786011884
"random_forest_selected_predictors",50,"117-81-7","117-81-7","bis(2-ethylhexyl)phthalate",-4.09691001300806,-2.39906521836217,-1.69784479464589,1.69784479464589
"random_forest_selected_predictors",51,"119-34-6","119-34-6","4-amino-2-nitrophenol",-4.06550154875643,-2.14911017299825,-1.91639137575818,1.91639137575818
"random_forest_selected_predictors",52,"119-36-8","119-36-8","methyl salicylate",-1.44369749923271,-1.45093500381609,0.00723750458338324,0.00723750458338324
"random_forest_selected_predictors",53,"119-61-9","119-61-9","benzophenone",-1.24920613319746,-1.50187341938462,0.252667286187162,0.252667286187162
"random_forest_selected_predictors",54,"119-61-9","119-61-9","benzophenone",-1.13822159828622,-1.50187341938462,0.363651821098402,0.363651821098402
"random_forest_selected_predictors",55,"120-80-9","120-80-9","catechol",-2.51,-2.67108229684887,0.161082296848869,0.161082296848869
"random_forest_selected_predictors",56,"120-83-2","120-83-2","2,4-dichlorophenol",-1.14874021557127,-1.41377602952424,0.265035813952968,0.265035813952968
"random_forest_selected_predictors",57,"120-83-2","120-83-2","2,4-dichlorophenol",-1.22136169383427,-1.43374262245809,0.212380928623817,0.212380928623817
"random_forest_selected_predictors",58,"1219-38-1","1219-38-1","octylparaben",-1.90585161784792,-2.19305331356408,0.287201695716159,0.287201695716159
"random_forest_selected_predictors",59,"122-57-6","122-57-6","benzylideneacetone",-1.40794873077454,-1.48139156431038,0.0734428335358399,0.0734428335358399
"random_forest_selected_predictors",60,"122-57-6","122-57-6","benzylideneacetone",-1.11863375864077,-1.48139156431038,0.36275780566961,0.36275780566961
"random_forest_selected_predictors",61,"123-07-9 ","123-07-9 ","p-ethylphenol",-1.46278385671974,-1.49003751661786,0.0272536598981161,0.0272536598981161
"random_forest_selected_predictors",62,"123-31-9","123-31-9","hydroquinone",-5.0301183562535,-2.86507991928112,-2.16503843697238,2.16503843697238
"random_forest_selected_predictors",63,"123-31-9","123-31-9","hydroquinone",-1.90385139213331,-2.78483418330575,0.880982791172439,0.880982791172439
"random_forest_selected_predictors",64,"123-31-9","123-31-9","hydroquinone",-2.41644259377425,-2.78483418330575,0.368391589531499,0.368391589531499
"random_forest_selected_predictors",65,"123-31-9","123-31-9","hydroquinone",-2.95,-3.25995731594194,0.309957315941936,0.309957315941936
"random_forest_selected_predictors",66,"124-94-7","124-94-7","triamcinolone",-5.40011692792631,-4.41881765649841,-0.981299271427904,0.981299271427904
"random_forest_selected_predictors",67,"131-11-3","131-11-3","dimethyl phthalate",-1.55258483591006,-1.32987798934332,-0.222706846566744,0.222706846566744
"random_forest_selected_predictors",68,"131-11-3","131-11-3","dimethyl phthalate",-1.64782103953418,-1.32987798934332,-0.317943050190864,0.317943050190864
"random_forest_selected_predictors",69,"135-19-3","135-19-3","beta-naphthol; 2-naphthol",-1.5543957967264,-1.60223404429378,0.0478382475673762,0.0478382475673762
"random_forest_selected_predictors",70,"135-19-3","135-19-3","beta-naphthol; 2-naphthol",-1.20065945054642,-1.57859092494107,0.377931474394651,0.377931474394651
"random_forest_selected_predictors",71,"13523-86-9","13523-86-9","pindolol",-3.70333480973847,-3.63900479402055,-0.0643300157179163,0.0643300157179163
"random_forest_selected_predictors",72,"13655-52-2","13655-52-2","alprenolol",-2.78664164637561,-2.84728230179956,0.0606406554239491,0.0606406554239491
"random_forest_selected_predictors",73,"137-58-6","137-58-6","lidocaine",-2.40120949323688,-1.63275689759732,-0.768452595639559,0.768452595639559
"random_forest_selected_predictors",74,"137-58-6","137-58-6","lidocaine",-2.52287874528034,-1.61668011876575,-0.906198626514594,0.906198626514594
"random_forest_selected_predictors",75,"137-58-6","137-58-6","lidocaine",-2.52287874528034,-1.61668011876575,-0.906198626514594,0.906198626514594
"random_forest_selected_predictors",76,"141-05-9","141-05-9","diethyl maleate",-1.66740097646667,-2.02238655397348,0.354985577506809,0.354985577506809
"random_forest_selected_predictors",77,"141-05-9","141-05-9","diethyl maleate",-1.58608416024509,-2.02238655397348,0.436302393728389,0.436302393728389
"random_forest_selected_predictors",78,"14199-15-6","14199-15-6","methyl 4-hydroxyphenylacetate",-1.69897000433602,-1.63299380631171,-0.0659761980243139,0.0659761980243139
"random_forest_selected_predictors",79,"143-08-8","143-08-8","n-nonanol",-1.22184874961636,-1.25900778526318,0.0371590356468177,0.0371590356468177
"random_forest_selected_predictors",80,"143-08-8","143-08-8","nonanol",-1.22184874961636,-1.21034056993094,-0.0115081796854155,0.0115081796854155
"random_forest_selected_predictors",81,"14371-10-9","14371-10-9","trans-cinnamaldehyde",-1.55307871254876,-1.4657952224741,-0.0872834900746577,0.0872834900746577
"random_forest_selected_predictors",82,"14371-10-9","14371-10-9","trans-cinnamaldehyde",-1.38433498624321,-1.4657952224741,0.0814602362308923,0.0814602362308923
"random_forest_selected_predictors",83,"145-13-1","145-13-1","hydroxypregnenolone",-3.22184874961636,-3.0234276860842,-0.198421063532164,0.198421063532164
"random_forest_selected_predictors",84,"145-13-1","145-13-1","pregnenolone",-2.82390874094432,-2.76306336756426,-0.0608453733800554,0.0608453733800554
"random_forest_selected_predictors",85,"146-72-5","146-72-5","methylglucose",-3.68026950566978,-3.75053685759463,0.0702673519248496,0.0702673519248496
"random_forest_selected_predictors",86,"1638-22-8","1638-22-8","p-n-butylphenol; 4-butylphenol",-1.11463877996849,-1.18157247552948,0.0669336955609929,0.0669336955609929
"random_forest_selected_predictors",87,"16590-41-3","16590-41-3","naltrexone",-2.6664407795091,-2.62762816234844,-0.0388126171606586,0.0388126171606586
"random_forest_selected_predictors",88,"17194-82-0","17194-82-0","alfa-(4-hydroxyphenyl) acetamide",-3.34678748622466,-3.29408700289919,-0.0527004833254678,0.0527004833254678
"random_forest_selected_predictors",89,"18979-50-5","18979-50-5","4-propoxyphenol",-1.82490330536304,-1.27085081709568,-0.554052488267361,0.554052488267361
"random_forest_selected_predictors",90,"2152-44-5","2152-44-5","betamethasone-17-valerate",-2.88041422503822,-2.89579391901763,0.0153796939794093,0.0153796939794093
"random_forest_selected_predictors",91,"2203-97-6","2203-97-6","hydrocortisone-21-hemisuccinate",-3.20065945054642,-3.81075809403108,0.610098643484655,0.610098643484655
"random_forest_selected_predictors",92,"2493-02-9","2493-02-9","4-bromophenyl isocyanate",-1.84100559902551,-1.25203838742442,-0.588967211601087,0.588967211601087
"random_forest_selected_predictors",93,"2493-02-9","2493-02-9","4-bromophenyl isocyanate",-1.75134980127003,-1.25203838742442,-0.499311413845607,0.499311413845607
"random_forest_selected_predictors",94,"26839-75-8","26839-75-8","timolol",-3.57016261901271,-2.12701200243291,-1.4431506165798,1.4431506165798
"random_forest_selected_predictors",95,"26839-75-8","26839-75-8","timolol",-3.53521248035406,-2.23819611356256,-1.2970163667915,1.2970163667915
"random_forest_selected_predictors",96,"2871-01-4","2871-01-4","hc red no. 3; 2-(4-amino-2-nitroanilino)-ethanol",-1.67058885168866,-3.49458587576524,1.82399702407658,1.82399702407658
"random_forest_selected_predictors",97,"2871-01-4","2871-01-4","hc red no. 3; 2-(4-amino-2-nitroanilino)-ethanol",-2.32271042397763,-3.49458587576524,1.17187545178761,1.17187545178761
"random_forest_selected_predictors",98,"29122-68-7","29122-68-7","atenolol",-3.96657624451305,-3.87262423716409,-0.0939520073489581,0.0939520073489581
"random_forest_selected_predictors",99,"31005-02-4","31005-02-4","7-ethoxycoumarin",-0.781780143112531,-1.65430494562374,0.87252480251121,0.87252480251121
"random_forest_selected_predictors",100,"31005-02-4","31005-02-4","7-ethoxycoumarin",-0.919153916982604,-1.65430494562374,0.735151028641137,0.735151028641137
"random_forest_selected_predictors",101,"333-41-5","333-41-5","diazinon",-2.06048074738138,-2.01962028312747,-0.0408604642539148,0.0408604642539148
"random_forest_selected_predictors",102,"3360-41-6","3360-41-6","4-phenylbutanol",-1.08092190762393,-1.39972812048136,0.318806212857428,0.318806212857428
"random_forest_selected_predictors",103,"3593-96-2","3593-96-2","hydrocortisone-21-hexanoate; hydrocortisone caproate",-2,-2.72563365759478,0.725633657594781,0.725633657594781
"random_forest_selected_predictors",104,"3930-20-9","3930-20-9","sotalol",-4.31984585826563,-3.64682098162585,-0.673024876639776,0.673024876639776
"random_forest_selected_predictors",105,"3930-20-9","3930-20-9","sotalol",-3.88598470867013,-3.64682098162585,-0.239163727044276,0.239163727044276
"random_forest_selected_predictors",106,"3930-20-9","3930-20-9","sotalol",-4.17986287404271,-3.64682098162585,-0.533041892416856,0.533041892416856
"random_forest_selected_predictors",107,"42200-33-9","42200-33-9","nadolol",-4.10127481841051,-3.27576237732558,-0.825512441084929,0.825512441084929
"random_forest_selected_predictors",108,"437-38-7","437-38-7","fentanyl base",-1.96286612872332,-2.38822787709098,0.425361748367658,0.425361748367658
"random_forest_selected_predictors",109,"463-40-1","463-40-1","linolenic acid",-2.431798275933,-2.50031557357056,0.0685172976375616,0.0685172976375616
"random_forest_selected_predictors",110,"499-75-2","499-75-2","iso-thymol; carvacrol",-1.25336580106242,-1.31309574230128,0.0597299412388645,0.0597299412388645
"random_forest_selected_predictors",111,"50-2-2","50-2-2","dexamethasone",-4.19382002601611,-4.400669437157,0.206849411140891,0.206849411140891
"random_forest_selected_predictors",112,"50-22-6","50-22-6","corticosterone",-2.24178591486039,-3.26863797483248,1.02685205997209,1.02685205997209
"random_forest_selected_predictors",113,"50-22-6","50-22-6","corticosterone",-2.35454840605954,-3.26863797483248,0.914089568772938,0.914089568772938
"random_forest_selected_predictors",114,"50-22-6","50-22-6","corticosterone",-3.16494389827988,-3.7695794658651,0.604635567585218,0.604635567585218
"random_forest_selected_predictors",115,"50-22-6","50-22-6","corticosterone",-4,-3.9594638850055,-0.0405361149944983,0.0405361149944983
"random_forest_selected_predictors",116,"50-22-6","50-22-6","corticosterone",-3.33468369530231,-3.23143330436849,-0.103250390933822,0.103250390933822
"random_forest_selected_predictors",117,"50-22-6","50-22-6","corticosterone",-3.52287874528034,-3.3482340754568,-0.174644669823543,0.174644669823543
"random_forest_selected_predictors",118,"50-22-6","50-22-6","corticosterone",-3.52287874528034,-3.48665324011455,-0.0362255051657927,0.0362255051657927
"random_forest_selected_predictors",119,"50-22-6","50-22-6","corticosterone",-4,-3.95709634820227,-0.0429036517977281,0.0429036517977281
"random_forest_selected_predictors",120,"50-22-6","50-22-6","corticosterone",-3.26587485567249,-3.36796719636255,0.102092340690055,0.102092340690055
"random_forest_selected_predictors",121,"50-22-6","50-22-6","corticosterone",-2.58587485567249,-3.2706070675395,0.684732211867009,0.684732211867009
"random_forest_selected_predictors",122,"50-22-6","50-22-6","corticosterone",-4.22184874961636,-3.49925983498955,-0.722588914626808,0.722588914626808
"random_forest_selected_predictors",123,"50-22-6","50-22-6","corticosterone",-4.67571754470231,-3.49110858134717,-1.18460896335514,1.18460896335514
"random_forest_selected_predictors",124,"50-22-6","50-22-6","corticosterone",-3.23418248469008,-3.59752571275568,0.363343228065604,0.363343228065604
"random_forest_selected_predictors",125,"50-23-7","50-23-7","hydrocortisone",-2.01894154396037,-4.03895748651922,2.02001594255885,2.02001594255885
"random_forest_selected_predictors",126,"50-23-7","50-23-7","hydrocortisone",-2.68163603566894,-4.03895748651922,1.35732145085028,1.35732145085028
"random_forest_selected_predictors",127,"50-23-7","50-23-7","hydrocortisone",-3.63827216398241,-2.70988629607986,-0.928385867902552,0.928385867902552
"random_forest_selected_predictors",128,"50-23-7","50-23-7","hydrocortisone",-3.63870046691906,-3.45013713667697,-0.188563330242089,0.188563330242089
"random_forest_selected_predictors",129,"50-23-7","50-23-7","hydrocortisone",-5.52287874528034,-4.35090084209302,-1.17197790318732,1.17197790318732
"random_forest_selected_predictors",130,"50-23-7","50-23-7","hydrocortisone",-5.52724355068279,-4.35749816888992,-1.16974538179287,1.16974538179287
"random_forest_selected_predictors",131,"50-24-8","50-24-8","prednisolone",-4.32790214206428,-4.07643872785115,-0.251463414213135,0.251463414213135
"random_forest_selected_predictors",132,"50-27-1","50-27-1","estriol",-4.39794000867204,-2.98019084738781,-1.41774916128423,1.41774916128423
"random_forest_selected_predictors",133,"50-28-2","50-28-2","beta-estradiol",-2.38721614328026,-2.75220566760702,0.364989524326758,0.364989524326758
"random_forest_selected_predictors",134,"50-28-2","50-28-2","beta-estradiol",-2.01233373507373,-2.19875202301297,0.186418287939241,0.186418287939241
"random_forest_selected_predictors",135,"50-28-2","50-28-2","beta-estradiol",-3.52287874528034,-2.81243021090929,-0.710448534371049,0.710448534371049
"random_forest_selected_predictors",136,"50-28-2","50-28-2","beta-estradiol",-2.28149831113273,-2.0489695634625,-0.232528747670234,0.232528747670234
"random_forest_selected_predictors",137,"50-28-2","50-28-2","estradiol",-1.98581560249872,-2.0489695634625,0.0631539609637755,0.0631539609637755
"random_forest_selected_predictors",138,"50-28-2","50-28-2","estradiol",-4.69680394257951,-2.30741364943101,-2.3893902931485,2.3893902931485
"random_forest_selected_predictors",139,"50-28-2","50-28-2","estradiol",-2.36451625318509,-2.30741364943101,-0.0571026037540805,0.0571026037540805
"random_forest_selected_predictors",140,"50-28-2","50-28-2","estradiol",-2.38090666937326,-2.75220566760702,0.371298998233758,0.371298998233758
"random_forest_selected_predictors",141,"50-28-2","50-28-2","estradiol",-2.21324857785444,-2.19875202301297,-0.0144965548414695,0.0144965548414695
"random_forest_selected_predictors",142,"50-28-2","50-28-2","estradiol",-2.49485002168009,-2.75220566760702,0.257355645926928,0.257355645926928
"random_forest_selected_predictors",143,"50-28-2","50-28-2","estradiol",-2.52287874528034,-2.75220566760702,0.229326922326678,0.229326922326678
"random_forest_selected_predictors",144,"50-28-2","50-28-2","estradiol",-2.52287874528034,-2.75234521155024,0.229466466269895,0.229466466269895
"random_forest_selected_predictors",145,"50-28-2","50-28-2","estradiol",-2.52287874528034,-2.75234521155024,0.229466466269895,0.229466466269895
"random_forest_selected_predictors",146,"50-28-2","50-28-2","estradiol",-2.08008551934057,-2.30741364943101,0.227328130090439,0.227328130090439
"random_forest_selected_predictors",147,"50-28-2","50-28-2","estradiol",-2.34969247686806,-2.0489695634625,-0.300722913405564,0.300722913405564
"random_forest_selected_predictors",148,"50-28-2","50-28-2","estradiol",-2.51173374958299,-2.0489695634625,-0.462764186120495,0.462764186120495
"random_forest_selected_predictors",149,"51-21-8","51-21-8","5-fluorouracil",-4.52574969288748,-3.38432406215713,-1.14142563073035,1.14142563073035
"random_forest_selected_predictors",150,"51-21-8","51-21-8","5-fluorouracil",-4.72894468964132,-3.40801504578962,-1.3209296438517,1.3209296438517
"random_forest_selected_predictors",151,"51-21-8","51-21-8","5-fluorouracil",-4.47108329972234,-3.38432406215713,-1.08675923756521,1.08675923756521
"random_forest_selected_predictors",152,"51-21-8","51-21-8","5-fluorouracil (+ - + -)",-4.46597389394386,-3.40801504578962,-1.05795884815424,1.05795884815424
"random_forest_selected_predictors",153,"512-69-6","512-69-6","raffinose",-4.85472588171206,-3.40397899519988,-1.45074688651218,1.45074688651218
"random_forest_selected_predictors",154,"512-69-6","512-69-6","raffinose",-4.29756946355447,-3.40771399031209,-0.889855473242384,0.889855473242384
"random_forest_selected_predictors",155,"513-85-9","513-85-9","2,3-butanediol",-4.30102999566398,-3.25088356020709,-1.05014643545689,1.05014643545689
"random_forest_selected_predictors",156,"51384-51-1","51384-51-1","metoprolol",-3.52461940685664,-3.17957313747841,-0.345046269378231,0.345046269378231
"random_forest_selected_predictors",157,"52-39-1","52-39-1","aldosterone",-4.23657200643706,-4.09266634214463,-0.143905664292425,0.143905664292425
"random_forest_selected_predictors",158,"52-39-1","52-39-1","aldosterone",-4.74835790885864,-3.76778617991747,-0.980571728941171,0.980571728941171
"random_forest_selected_predictors",159,"52-39-1","52-39-1","aldosterone",-4.30102999566398,-4.09373330651956,-0.207296689144425,0.207296689144425
"random_forest_selected_predictors",160,"52-39-1","52-39-1","aldosterone",-4.52287874528034,-4.16125449355006,-0.361624251730279,0.361624251730279
"random_forest_selected_predictors",161,"52-39-1","52-39-1","aldosterone",-4.52287874528034,-4.29480791640985,-0.228070828870493,0.228070828870493
"random_forest_selected_predictors",162,"52-39-1","52-39-1","aldosterone",-4.01233373507373,-3.79521461286426,-0.217119122209471,0.217119122209471
"random_forest_selected_predictors",163,"53-06-5","53-06-5","cortisone",-3.82390874094432,-3.95975868674707,0.135849945802748,0.135849945802748
"random_forest_selected_predictors",164,"53-06-5","53-06-5","cortisone",-5,-4.60234090357162,-0.397659096428378,0.397659096428378
"random_forest_selected_predictors",165,"53-16-7","53-16-7","estrone",-2.44369749923271,-3.07513342145065,0.631435922217937,0.631435922217937
"random_forest_selected_predictors",166,"53-96-3","53-96-3","2-(acetylamino)fluorene",-1.16052197602182,-2.75968789856332,1.5991659225415,1.5991659225415
"random_forest_selected_predictors",167,"53-96-3","53-96-3","2-(acetylamino)fluorene",-1.10756666442663,-2.75968789856332,1.65212123413669,1.65212123413669
"random_forest_selected_predictors",168,"533-73-3","533-73-3","1,2,4-benzenetriol",-3.9,-2.96891829844553,-0.931081701554468,0.931081701554468
"random_forest_selected_predictors",169,"53535-33-4","53535-33-4","heptanol",-1.42481215507234,-1.46094088615394,0.0361287310816001,0.0361287310816001
"random_forest_selected_predictors",170,"53535-33-4","53535-33-4","heptanol",-1.49485002168009,-1.49968866783706,0.0048386461569685,0.0048386461569685
"random_forest_selected_predictors",171,"53535-33-4","53535-33-4","n-heptanol",-1.49485002168009,-1.50972345424527,0.0148734325651834,0.0148734325651834
"random_forest_selected_predictors",172,"554-84-7","554-84-7","m-nitrophenol; 3-nitrophenol",-2.24848294855394,-1.92404143833517,-0.324441510218773,0.324441510218773
"random_forest_selected_predictors",173,"56-81-5","56-81-5","glycerol",-4.56863623584101,-3.372808808352,-1.19582742748901,1.19582742748901
"random_forest_selected_predictors",174,"56-81-5","56-81-5","glycerol",-3.00594693641232,-3.36036347519448,0.35441653878216,0.35441653878216
"random_forest_selected_predictors",175,"56030-54-7","56030-54-7","sufentanil base",-1.81815641205523,-2.37604780820652,0.557891396151291,0.557891396151291
"random_forest_selected_predictors",176,"57-13-6","57-13-6","urea",-3.82973828460504,-3.49945378425957,-0.330284500345472,0.330284500345472
"random_forest_selected_predictors",177,"57-13-6","57-13-6","urea",-3.95233580539844,-3.47126120190594,-0.481074603492501,0.481074603492501
"random_forest_selected_predictors",178,"57-13-6","57-13-6","urea",-3.92564441915299,-3.49832266350455,-0.427321755648438,0.427321755648438
"random_forest_selected_predictors",179,"57-13-6","57-13-6","urea",-3.69494112531286,-3.71685889412253,0.0219177688096743,0.0219177688096743
"random_forest_selected_predictors",180,"57-13-6","57-13-6","urea",-3.55495653854982,-3.49391193192003,-0.0610446066297867,0.0610446066297867
"random_forest_selected_predictors",181,"57-13-6","57-13-6","urea",-3.5970511706556,-3.49832266350455,-0.0987285071510478,0.0987285071510478
"random_forest_selected_predictors",182,"57-13-6","57-13-6","urea",-3.55720677406023,-3.49832266350455,-0.0588841105556779,0.0588841105556779
"random_forest_selected_predictors",183,"57-50-1","57-50-1","sucrose",-5.0268721464003,-3.88622819822348,-1.14064394817682,1.14064394817682
"random_forest_selected_predictors",184,"57-50-1","57-50-1","sucrose",-5.2839966563652,-3.94102971097538,-1.34296694538982,1.34296694538982
"random_forest_selected_predictors",185,"57-50-1","57-50-1","sucrose",-4.76200316671127,-3.88622819822348,-0.87577496848779,0.87577496848779
"random_forest_selected_predictors",186,"57-50-1","57-50-1","sucrose",-4.26905630657226,-3.88622819822348,-0.38282810834878,0.38282810834878
"random_forest_selected_predictors",187,"57-50-1","57-50-1","sucrose",-4.36451625318509,-3.88622819822348,-0.47828805496161,0.47828805496161
"random_forest_selected_predictors",188,"57-50-1","57-50-1","sucrose",-3.13406733180681,-3.88622819822348,0.75216086641667,0.75216086641667
"random_forest_selected_predictors",189,"57-83-0","57-83-0","progesterone",-1.52287874528034,-2.51973489648391,0.996856151203565,0.996856151203565
"random_forest_selected_predictors",190,"57-83-0","57-83-0","progesterone",-1.70344032687277,-2.41663356194186,0.713193235069086,0.713193235069086
"random_forest_selected_predictors",191,"57-83-0","57-83-0","progesterone",-1.88605664769316,-2.61589098242684,0.72983433473368,0.72983433473368
"random_forest_selected_predictors",192,"57-83-0","57-83-0","progesterone",-1.69897000433602,-2.65431640068992,0.955346396353896,0.955346396353896
"random_forest_selected_predictors",193,"57-83-0","57-83-0","progesterone",-2.82390874094432,-2.65606341122867,-0.167845329715652,0.167845329715652
"random_forest_selected_predictors",194,"58-08-2","58-08-2","caffeine",-3.80687540164554,-3.09418972523616,-0.712685676409376,0.712685676409376
"random_forest_selected_predictors",195,"58-08-2","58-08-2","caffeine",-4.58586563707645,-3.39685370347096,-1.18901193360549,1.18901193360549
"random_forest_selected_predictors",196,"58-08-2","58-08-2","caffeine",-1.60220380347052,-3.06202348095692,1.4598196774864,1.4598196774864
"random_forest_selected_predictors",197,"58-08-2","58-08-2","caffeine",-2.60631808276205,-3.06202348095692,0.455705398194866,0.455705398194866
"random_forest_selected_predictors",198,"58-08-2","58-08-2","caffeine",-4.15490195998574,-2.92445346808573,-1.23044849190001,1.23044849190001
"random_forest_selected_predictors",199,"58-08-2","58-08-2","caffeine",-3.69897000433602,-3.03883536972637,-0.660134634609647,0.660134634609647
"random_forest_selected_predictors",200,"58-22-0","58-22-0","testosterone",-2.0571655062299,-2.95343238519649,0.896266878966591,0.896266878966591
"random_forest_selected_predictors",201,"58-22-0","58-22-0","testosterone",-2.04694894237348,-2.71298365705224,0.666034714678763,0.666034714678763
"random_forest_selected_predictors",202,"58-22-0","58-22-0","testosterone",-1.64633962279966,-2.64940550540316,1.0030658826035,1.0030658826035
"random_forest_selected_predictors",203,"58-22-0","58-22-0","testosterone",-1.41570671752568,-2.6676023580757,1.25189564055002,1.25189564055002
"random_forest_selected_predictors",204,"58-22-0","58-22-0","testosterone",-2.27083521030723,-2.96717566319243,0.696340452885199,0.696340452885199
"random_forest_selected_predictors",205,"58-22-0","58-22-0","testosterone",-2.38875983135141,-2.71199282632203,0.323232994970623,0.323232994970623
"random_forest_selected_predictors",206,"58-22-0","58-22-0","testosterone",-2.65757731917779,-2.95234210867202,0.294764789494232,0.294764789494232
"random_forest_selected_predictors",207,"58-22-0","58-22-0","testosterone",-2.65757731917779,-2.95934620185572,0.301768882677931,0.301768882677931
"random_forest_selected_predictors",208,"58-22-0","58-22-0","testosterone",-2.65757731917779,-2.95934620185572,0.301768882677931,0.301768882677931
"random_forest_selected_predictors",209,"58-22-0","58-22-0","testosterone",-3.39794000867204,-3.04651550297407,-0.351424505697972,0.351424505697972
"random_forest_selected_predictors",210,"58-22-0","58-22-0","testosterone",-3.06752623532285,-2.95234210867202,-0.115184126650828,0.115184126650828
"random_forest_selected_predictors",211,"58-22-0","58-22-0","testosterone",-2.13194363817696,-2.71355143603621,0.581607797859252,0.581607797859252
"random_forest_selected_predictors",212,"58-54-8","58-54-8","ethacrynic acid",-3.82390874094432,-2.44552483964979,-1.37838390129453,1.37838390129453
"random_forest_selected_predictors",213,"59-05-2","59-05-2","methotrexate",-3.40160112979023,-4.75328372920738,1.35168259941715,1.35168259941715
"random_forest_selected_predictors",214,"59-50-7","59-50-7","chlorocresol",-1.26406804435028,-1.43788121892157,0.173813174571286,0.173813174571286
"random_forest_selected_predictors",215,"59-50-7","59-50-7","chlorocresol",-1.65255620893436,-1.38254921299361,-0.27000699594075,0.27000699594075
"random_forest_selected_predictors",216,"60-12-8","60-12-8","2-phenylethanol",-1.25963731050576,-1.85887358686188,0.59923627635612,0.59923627635612
"random_forest_selected_predictors",217,"60-12-8","60-12-8","2-phenylethanol",-2.11527250510331,-1.82273040277069,-0.292542102332619,0.292542102332619
"random_forest_selected_predictors",218,"610-81-1","610-81-1","4-amino-3-nitrophenol",-2.1297393876227,-2.41564689700603,0.28590750938333,0.28590750938333
"random_forest_selected_predictors",219,"610-81-1","610-81-1","4-amino-3-nitrophenol",-2.26671923730847,-2.41564689700603,0.14892765969756,0.14892765969756
"random_forest_selected_predictors",220,"614-18-6","614-18-6","nicotinate, ethyl",-3.10790539730952,-2.24876717747048,-0.859138219839039,0.859138219839039
"random_forest_selected_predictors",221,"614-18-6","614-18-6","nicotinate, ethyl",-3.08618614761628,-2.41318016116799,-0.673005986448294,0.673005986448294
"random_forest_selected_predictors",222,"623-05-2","623-05-2","4-hydroxybenzyl alcohol",-2.69897000433602,-2.33185835229067,-0.36711165204535,0.36711165204535
"random_forest_selected_predictors",223,"63-36-5","63-36-5","salicylate",-3.96686900819185,-3.0310842573367,-0.935784750855151,0.935784750855151
"random_forest_selected_predictors",224,"64-17-5","64-17-5","ethanol",-2.72124639904717,-2.78710798057991,0.0658615815327432,0.0658615815327432
"random_forest_selected_predictors",225,"64-17-5","64-17-5","ethanol",-3.09691001300806,-2.80188150883546,-0.295028504172598,0.295028504172598
"random_forest_selected_predictors",226,"64-17-5","64-17-5","ethanol",-3.09691001300806,-2.92175263422111,-0.175157378786952,0.175157378786952
"random_forest_selected_predictors",227,"64-19-7","64-19-7","acetic acid",-2.77786589964853,-2.94608308939959,0.16821718975106,0.16821718975106
"random_forest_selected_predictors",228,"64-85-7","64-85-7","cortexone",-3.34678748622466,-2.84157122038494,-0.505216265839716,0.505216265839716
"random_forest_selected_predictors",229,"65-85-0","65-85-0","benzoic acid",-2.11918640771921,-1.77772807910551,-0.341458328613698,0.341458328613698
"random_forest_selected_predictors",230,"65-85-0","65-85-0","benzoic acid",-1.50863830616573,-1.65418932472925,0.145551018563518,0.145551018563518
"random_forest_selected_predictors",231,"65-85-0","65-85-0","benzoic acid",-1.50863830616573,-1.65418932472925,0.145551018563518,0.145551018563518
"random_forest_selected_predictors",232,"66-27-3","66-27-3","methyl methanesulfonate",-1.91205408690953,-2.7657186375766,0.853664550667074,0.853664550667074
"random_forest_selected_predictors",233,"66-27-3","66-27-3","methyl methanesulfonate",-2.06776764179179,-2.7657186375766,0.697950995784814,0.697950995784814
"random_forest_selected_predictors",234,"6677-98-1","6677-98-1","hydrocortisone-21-propionate",-2.46852108295775,-3.0480404828872,0.579519399929446,0.579519399929446
"random_forest_selected_predictors",235,"67-56-1","67-56-1","methanol",-3.30102999566398,-3.05745636922298,-0.243573626441002,0.243573626441002
"random_forest_selected_predictors",236,"67-56-1","67-56-1","methanol",-3.30102999566398,-3.02790853371156,-0.273121461952416,0.273121461952416
"random_forest_selected_predictors",237,"67-56-1","67-56-1","methanol",-2.79588001734407,-2.94501772568753,0.149137708343455,0.149137708343455
"random_forest_selected_predictors",238,"68-96-2","68-96-2","17-alfa-hydroxyprogesterone",-3.22184874961636,-4.10650731090796,0.884658561291595,0.884658561291595
"random_forest_selected_predictors",239,"69-29-7","69-29-7","ethyl ether",-1.79588001734408,-2.67533017785527,0.879450160511191,0.879450160511191
"random_forest_selected_predictors",240,"69-65-8","69-65-8","mannitol",-4.72681868815271,-3.94005632154563,-0.786762366607081,0.786762366607081
"random_forest_selected_predictors",241,"69-65-8","69-65-8","mannitol",-4,-3.95539408608734,-0.0446059139126582,0.0446059139126582
"random_forest_selected_predictors",242,"69-65-8","69-65-8","mannitol",-4.68257958814785,-3.91229092647946,-0.770288661668394,0.770288661668394
"random_forest_selected_predictors",243,"69-65-8","69-65-8","mannitol",-4.45692576496647,-3.91229092647946,-0.544634838487013,0.544634838487013
"random_forest_selected_predictors",244,"69-65-8","69-65-8","mannitol",-4.77257756999574,-3.9550160300731,-0.817561539922637,0.817561539922637
"random_forest_selected_predictors",245,"69-65-8","69-65-8","mannitol",-4.43830246734601,-3.91229092647946,-0.526011540866554,0.526011540866554
"random_forest_selected_predictors",246,"69-65-8","69-65-8","mannitol",-4.18810341360238,-3.96645742433498,-0.221645989267397,0.221645989267397
"random_forest_selected_predictors",247,"69-65-8","69-65-8","mannitol",-4.00436480540245,-3.86174638086756,-0.142618424534894,0.142618424534894
"random_forest_selected_predictors",248,"69-65-8","69-65-8","mannitol",-3.97265039222524,-3.96760244755979,-0.00504794466544967,0.00504794466544967
"random_forest_selected_predictors",249,"69-65-8","69-65-8","mannitol",-3.1536628878702,-3.91229092647946,0.758628038609256,0.758628038609256
"random_forest_selected_predictors",250,"69-72-7","69-72-7","salicylic acid",-3.03151705144606,-2.25866933727698,-0.772847714169082,0.772847714169082
"random_forest_selected_predictors",251,"69-72-7","69-72-7","salicylic acid",-1.34678748622466,-2.20875650212438,0.861969015899724,0.861969015899724
"random_forest_selected_predictors",252,"71-23-8","71-23-8","n-propanol",-2.92081875395238,-2.70074992889728,-0.2200688250551,0.2200688250551
"random_forest_selected_predictors",253,"71-23-8","71-23-8","propanol",-2.76955107862173,-2.71315941948349,-0.0563916591382387,0.0563916591382387
"random_forest_selected_predictors",254,"71-23-8","71-23-8","propanol",-2.92081875395238,-2.81582797557957,-0.104990778372815,0.104990778372815
"random_forest_selected_predictors",255,"71-36-3","71-36-3","butanol",-2.52287874528034,-2.42430483915688,-0.0985739061234572,0.0985739061234572
"random_forest_selected_predictors",256,"71-36-3","71-36-3","butanol",-2.10237290870956,-2.43994171131899,0.337568802609425,0.337568802609425
"random_forest_selected_predictors",257,"71-36-3","71-36-3","butanol",-2.65757731917779,-2.46936710603616,-0.188210213141629,0.188210213141629
"random_forest_selected_predictors",258,"71-36-3","71-36-3","butanol",-2.65757731917779,-2.46936710603616,-0.188210213141629,0.188210213141629
"random_forest_selected_predictors",259,"71-36-3","71-36-3","butanol",-2.60205999132796,-2.46936710603616,-0.132692885291799,0.132692885291799
"random_forest_selected_predictors",260,"71-36-3","71-36-3","n-butanol",-2.60205999132796,-2.45433760002622,-0.147722391301736,0.147722391301736
"random_forest_selected_predictors",261,"71-41-0","71-41-0","n-pentanol",-2.22184874961636,-1.54978839651536,-0.672060353101,0.672060353101
"random_forest_selected_predictors",262,"71-41-0","71-41-0","pentanol",-2.22184874961636,-1.65867315434388,-0.563175595272481,0.563175595272481
"random_forest_selected_predictors",263,"71-43-0","71-43-0","benzene",-0.954285941059132,-1.75733973929362,0.803053798234488,0.803053798234488
"random_forest_selected_predictors",264,"71-43-0","71-43-0","benzene",-0.795880017344075,-1.78662712546949,0.990747108125412,0.990747108125412
"random_forest_selected_predictors",265,"71-91-0","71-91-0","tetraethylammonium",-3.25387553642834,-4.45334033133643,1.19946479490809,1.19946479490809
"random_forest_selected_predictors",266,"71-91-0","71-91-0","tetraethylammonium bromide (+)",-3.36815053784018,-4.19968615990491,0.83153562206473,0.83153562206473
"random_forest_selected_predictors",267,"76-25-5","76-25-5","triamcinolone acetonide",-3.40230481407449,-3.67504304919363,0.27273823511914,0.27273823511914
"random_forest_selected_predictors",268,"76-25-5","76-25-5","triamcinolone acetonide",-4.70663744528855,-4.04850471185332,-0.658132733435232,0.658132733435232
"random_forest_selected_predictors",269,"76180-96-6","76180-96-6","3-methyl-3h-imidazo[4,5-f]quinolin-2-amine",-2.07218350508968,-2.96915146413312,0.896967959043439,0.896967959043439
"random_forest_selected_predictors",270,"76180-96-6","76180-96-6","3-methyl-3h-imidazo[4,5-f]quinolin-2-amine",-2.43056359552234,-2.96915146413312,0.538587868610779,0.538587868610779
"random_forest_selected_predictors",271,"7732-18-5","7732-18-5","water",-2.80687540164554,-3.21153625750069,0.404660855855151,0.404660855855151
"random_forest_selected_predictors",272,"7732-18-5","7732-18-5","water",-2.98540960554622,-3.21153625750069,0.226126651954471,0.226126651954471
"random_forest_selected_predictors",273,"7732-18-5","7732-18-5","water",-2.80966830182971,-3.18714659560583,0.377478293776115,0.377478293776115
"random_forest_selected_predictors",274,"7732-18-5","7732-18-5","water",-3.14997431819434,-3.18714659560583,0.0371722774114853,0.0371722774114853
"random_forest_selected_predictors",275,"7732-18-5","7732-18-5","water",-3.07058107428571,-3.21153625750069,0.140955183214981,0.140955183214981
"random_forest_selected_predictors",276,"7732-18-5","7732-18-5","water",-3.24233473501217,-3.18714659560583,-0.0551881394063445,0.0551881394063445
"random_forest_selected_predictors",277,"7732-18-5","7732-18-5","water",-3.45621525646938,-3.18714659560583,-0.269068660863555,0.269068660863555
"random_forest_selected_predictors",278,"7732-18-5","7732-18-5","water",-3.27134965805094,-3.18714659560583,-0.0842030624451144,0.0842030624451144
"random_forest_selected_predictors",279,"7732-18-5","7732-18-5","water",-3.15476521541715,-3.20729213098972,0.0525269155725696,0.0525269155725696
"random_forest_selected_predictors",280,"7732-18-5","7732-18-5","water",-3.52287874528034,-3.20579647163053,-0.31708227364981,0.31708227364981
"random_forest_selected_predictors",281,"7732-18-5","7732-18-5","water",-3.5,-3.20579647163053,-0.29420352836947,0.29420352836947
"random_forest_selected_predictors",282,"78-93-3","78-93-3","2-butanone",-2.34678748622466,-2.543690165741,0.196902679516339,0.196902679516339
"random_forest_selected_predictors",283,"84-66-2","84-66-2","diethyl phthalate",-1.70509308939481,-2.11172675742398,0.406633668029171,0.406633668029171
"random_forest_selected_predictors",284,"87-66-1","87-66-1","pyrogallol",-2.81,-3.45147859850849,0.641478598508485,0.641478598508485
"random_forest_selected_predictors",285,"88-04-0","88-04-0","chloroxylenol",-1.22875360095283,-1.48235787059458,0.253604269641755,0.253604269641755
"random_forest_selected_predictors",286,"88-04-0","88-04-0","chloroxylenol",-1.09474395125155,-1.51288812416613,0.418144172914576,0.418144172914576
"random_forest_selected_predictors",287,"88-06-2","88-06-2","2,4,6-trichlorophenol",-1.23275783168158,-1.67124999733915,0.438492165657571,0.438492165657571
"random_forest_selected_predictors",288,"88-18-6","88-18-6","o-t-butylphenol",-1.12842706445412,-1.2245626072442,0.0961355427900834,0.0961355427900834
"random_forest_selected_predictors",289,"89-83-8","89-83-8","thymol; 2-isopropyl-5-methylphenol",-1.27607480270083,-1.40183366411966,0.125758861418833,0.125758861418833
"random_forest_selected_predictors",290,"89-83-8","89-83-8","thymol; 2-isopropyl-5-methylphenol",-1.21324857785444,-1.4005734281905,0.187324850336065,0.187324850336065
"random_forest_selected_predictors",291,"90-15-3","90-15-3","naphthol",-1.58502665202918,-1.36370787895104,-0.221318773078144,0.221318773078144
"random_forest_selected_predictors",292,"90-15-3","90-15-3","naphthol",-1.52287874528034,-1.36370787895104,-0.159170866329304,0.159170866329304
"random_forest_selected_predictors",293,"91-20-3","91-20-3","naphthalene",-1.55111528700206,-1.51671042235096,-0.0344048646510962,0.0344048646510962
"random_forest_selected_predictors",294,"91-20-3","91-20-3","naphthalene",-1.78220214249451,-1.51671042235096,-0.265491720143546,0.265491720143546
"random_forest_selected_predictors",295,"92-48-8","92-48-8","6-methylcoumarin",-1.18136926112576,-1.9981736984244,0.81680443729864,0.81680443729864
"random_forest_selected_predictors",296,"92-48-8","92-48-8","6-methylcoumarin",-1.331936361143,-1.9981736984244,0.6662373372814,0.6662373372814
"random_forest_selected_predictors",297,"93-60-7","93-60-7","nicotinate, methyl",-3.30980391997149,-2.70027261194895,-0.609531308022537,0.609531308022537
"random_forest_selected_predictors",298,"93-60-7","93-60-7","nicotinate, methyl",-3.27572413039921,-2.69416692367487,-0.581557206724345,0.581557206724345
"random_forest_selected_predictors",299,"937-20-2","937-20-2","2,4-dichloroacetophenone",-0.743772935647774,-2.22229991516311,1.47852697951534,1.47852697951534
"random_forest_selected_predictors",300,"937-20-2","937-20-2","2,4-dichloroacetophenone",-1.86052608660328,-2.22229991516311,0.361773828559829,0.361773828559829
"random_forest_selected_predictors",301,"94-13-3","94-13-3","propylparaben",-1.67615465544754,-1.33962770078153,-0.336526954666009,0.336526954666009
"random_forest_selected_predictors",302,"94-13-3","94-13-3","propylparaben",-1.26606734367858,-1.29213888242208,0.0260715387434978,0.0260715387434978
"random_forest_selected_predictors",303,"94-13-3","94-13-3","propylparaben",-1.20290590120029,-1.29213888242208,0.0892329812217878,0.0892329812217878
"random_forest_selected_predictors",304,"94-26-8","94-26-8","butylparaben",-0.981299501333757,-1.56057506483731,0.579275563503549,0.579275563503549
"random_forest_selected_predictors",305,"94-26-8","94-26-8","butylparaben",-1.15242734085789,-1.51019800454139,0.357770663683502,0.357770663683502
"random_forest_selected_predictors",306,"95-48-7","95-48-7","o-cresol",-1.80172783601759,-1.66553292287614,-0.136194913141454,0.136194913141454
"random_forest_selected_predictors",307,"95-54-5","95-54-5","o-phenylenediamine",-3.34678748622466,-3.08127144283153,-0.265516043393125,0.265516043393125
"random_forest_selected_predictors",308,"95-57-8","95-57-8","o-chlorophenol",-1.48044892137827,-1.6699679827101,0.189519061331828,0.189519061331828
"random_forest_selected_predictors",309,"95-65-8","95-65-8","3,4-xylenol",-1.44278385671974,-1.5732372160471,0.130453359327358,0.130453359327358
"random_forest_selected_predictors",310,"97-00-7","97-00-7","2,4-dinitrochlorobenzene",-1.57500847696703,-1.84328667532135,0.268278198354316,0.268278198354316
"random_forest_selected_predictors",311,"97-00-7","97-00-7","2,4-dinitrochlorobenzene",-1.50012264373278,-1.84328667532135,0.343164031588566,0.343164031588566
"random_forest_selected_predictors",312,"97-53-0","97-53-0","eugenol",-1.592980675785,-1.34639649470096,-0.246584181084038,0.246584181084038
"random_forest_selected_predictors",313,"97-53-0","97-53-0","eugenol",-1.555243965633,-1.34639649470096,-0.208847470932038,0.208847470932038
"random_forest_selected_predictors",314,"97-54-1","97-54-1","isoeugenol",-1.74568406057766,-1.51884791772087,-0.226836142856793,0.226836142856793
"random_forest_selected_predictors",315,"97-54-1","97-54-1","isoeugenol",-1.41300909711301,-1.51884791772087,0.105838820607857,0.105838820607857
"random_forest_selected_predictors",316,"98-86-2","98-86-2","acetophenone",-1.62740828480895,-1.6175658907641,-0.00984239404484621,0.00984239404484621
"random_forest_selected_predictors",317,"98-86-2","98-86-2","acetophenone",-1.56017144166374,-1.6175658907641,0.0573944491003637,0.0573944491003637
"random_forest_selected_predictors",318,"99-76-3","99-76-3","methylparaben",-1.67358220444561,-2.51608021205949,0.842498007613881,0.842498007613881
"random_forest_selected_predictors",319,"99-76-3","99-76-3","methylparaben",-1.96257350205938,-2.39481098015444,0.43223747809506,0.43223747809506
"random_forest_selected_predictors",320,"99-76-3","99-76-3","methylparaben",-2.03394335230684,-2.66980647345504,0.635863121148198,0.635863121148198
"random_forest_selected_predictors",321,"99-76-3","99-76-3","methylparaben",-2.07572071393812,-2.44044710185236,0.364726387914242,0.364726387914242
